image_path,label
Alternaria Leaf Spot/Alternaria Leaf Spot_1.jpeg,Alternaria Leaf Spot
Alternaria Leaf Spot/Alternaria Leaf Spot_1.jpg,Alternaria Leaf Spot
Alternaria Leaf Spot/Alternaria Leaf Spot_10.jpeg,Alternaria Leaf Spot
Alternaria Leaf Spot/Alternaria Leaf Spot_10.jpg,Alternaria Leaf Spot
Alternaria Leaf Spot/Alternaria Leaf Spot_100.jpeg,Alternaria Leaf Spot
Alternaria Leaf Spot/Alternaria Leaf Spot_101.jpeg,Alternaria Leaf Spot
Alternaria Leaf Spot/Alternaria Leaf Spot_102.jpeg,Alternaria Leaf Spot
Alternaria Leaf Spot/Alternaria Leaf Spot_103.jpeg,Alternaria Leaf Spot
Alternaria Leaf Spot/Alternaria Leaf Spot_104.jpeg,Alternaria Leaf Spot
Alternaria Leaf Spot/Alternaria Leaf Spot_105.jpeg,Alternaria Leaf Spot
Alternaria Leaf Spot/Alternaria Leaf Spot_106.jpeg,Alternaria Leaf Spot
Alternaria Leaf Spot/Alternaria Leaf Spot_107.jpeg,Alternaria Leaf Spot
Alternaria Leaf Spot/Alternaria Leaf Spot_108.jpeg,Alternaria Leaf Spot
Alternaria Leaf Spot/Alternaria Leaf Spot_109.jpeg,Alternaria Leaf Spot
Alternaria Leaf Spot/Alternaria Leaf Spot_11.jpeg,Alternaria Leaf Spot
Alternaria Leaf Spot/Alternaria Leaf Spot_11.jpg,Alternaria Leaf Spot
Alternaria Leaf Spot/Alternaria Leaf Spot_110.jpeg,Alternaria Leaf Spot
Alternaria Leaf Spot/Alternaria Leaf Spot_111.jpeg,Alternaria Leaf Spot
Alternaria Leaf Spot/Alternaria Leaf Spot_112.jpeg,Alternaria Leaf Spot
Alternaria Leaf Spot/Alternaria Leaf Spot_113.jpeg,Alternaria Leaf Spot
Alternaria Leaf Spot/Alternaria Leaf Spot_114.jpeg,Alternaria Leaf Spot
Alternaria Leaf Spot/Alternaria Leaf Spot_115.jpeg,Alternaria Leaf Spot
Alternaria Leaf Spot/Alternaria Leaf Spot_116.jpeg,Alternaria Leaf Spot
Alternaria Leaf Spot/Alternaria Leaf Spot_117.jpeg,Alternaria Leaf Spot
Alternaria Leaf Spot/Alternaria Leaf Spot_118.jpeg,Alternaria Leaf Spot
Alternaria Leaf Spot/Alternaria Leaf Spot_119.jpeg,Alternaria Leaf Spot
Alternaria Leaf Spot/Alternaria Leaf Spot_12.jpeg,Alternaria Leaf Spot
Alternaria Leaf Spot/Alternaria Leaf Spot_12.jpg,Alternaria Leaf Spot
Alternaria Leaf Spot/Alternaria Leaf Spot_120.jpeg,Alternaria Leaf Spot
Alternaria Leaf Spot/Alternaria Leaf Spot_121.jpeg,Alternaria Leaf Spot
Alternaria Leaf Spot/Alternaria Leaf Spot_122.jpeg,Alternaria Leaf Spot
Alternaria Leaf Spot/Alternaria Leaf Spot_123.jpeg,Alternaria Leaf Spot
Alternaria Leaf Spot/Alternaria Leaf Spot_124.jpeg,Alternaria Leaf Spot
Alternaria Leaf Spot/Alternaria Leaf Spot_125.jpeg,Alternaria Leaf Spot
Alternaria Leaf Spot/Alternaria Leaf Spot_126.jpeg,Alternaria Leaf Spot
Alternaria Leaf Spot/Alternaria Leaf Spot_127.jpeg,Alternaria Leaf Spot
Alternaria Leaf Spot/Alternaria Leaf Spot_128.jpeg,Alternaria Leaf Spot
Alternaria Leaf Spot/Alternaria Leaf Spot_129.jpeg,Alternaria Leaf Spot
Alternaria Leaf Spot/Alternaria Leaf Spot_13.jpeg,Alternaria Leaf Spot
Alternaria Leaf Spot/Alternaria Leaf Spot_13.jpg,Alternaria Leaf Spot
Alternaria Leaf Spot/Alternaria Leaf Spot_130.jpeg,Alternaria Leaf Spot
Alternaria Leaf Spot/Alternaria Leaf Spot_131.jpeg,Alternaria Leaf Spot
Alternaria Leaf Spot/Alternaria Leaf Spot_132.jpeg,Alternaria Leaf Spot
Alternaria Leaf Spot/Alternaria Leaf Spot_133.jpeg,Alternaria Leaf Spot
Alternaria Leaf Spot/Alternaria Leaf Spot_134.jpeg,Alternaria Leaf Spot
Alternaria Leaf Spot/Alternaria Leaf Spot_135.jpeg,Alternaria Leaf Spot
Alternaria Leaf Spot/Alternaria Leaf Spot_136.jpeg,Alternaria Leaf Spot
Alternaria Leaf Spot/Alternaria Leaf Spot_137.jpeg,Alternaria Leaf Spot
Alternaria Leaf Spot/Alternaria Leaf Spot_138.jpeg,Alternaria Leaf Spot
Alternaria Leaf Spot/Alternaria Leaf Spot_139.jpeg,Alternaria Leaf Spot
Alternaria Leaf Spot/Alternaria Leaf Spot_14.jpeg,Alternaria Leaf Spot
Alternaria Leaf Spot/Alternaria Leaf Spot_14.jpg,Alternaria Leaf Spot
Alternaria Leaf Spot/Alternaria Leaf Spot_140.jpeg,Alternaria Leaf Spot
Alternaria Leaf Spot/Alternaria Leaf Spot_141.jpeg,Alternaria Leaf Spot
Alternaria Leaf Spot/Alternaria Leaf Spot_142.jpeg,Alternaria Leaf Spot
Alternaria Leaf Spot/Alternaria Leaf Spot_143.jpeg,Alternaria Leaf Spot
Alternaria Leaf Spot/Alternaria Leaf Spot_144.jpeg,Alternaria Leaf Spot
Alternaria Leaf Spot/Alternaria Leaf Spot_145.jpeg,Alternaria Leaf Spot
Alternaria Leaf Spot/Alternaria Leaf Spot_146.jpeg,Alternaria Leaf Spot
Alternaria Leaf Spot/Alternaria Leaf Spot_147.jpeg,Alternaria Leaf Spot
Alternaria Leaf Spot/Alternaria Leaf Spot_148.jpeg,Alternaria Leaf Spot
Alternaria Leaf Spot/Alternaria Leaf Spot_149.jpeg,Alternaria Leaf Spot
Alternaria Leaf Spot/Alternaria Leaf Spot_15.jpeg,Alternaria Leaf Spot
Alternaria Leaf Spot/Alternaria Leaf Spot_15.jpg,Alternaria Leaf Spot
Alternaria Leaf Spot/Alternaria Leaf Spot_150.jpeg,Alternaria Leaf Spot
Alternaria Leaf Spot/Alternaria Leaf Spot_151.jpeg,Alternaria Leaf Spot
Alternaria Leaf Spot/Alternaria Leaf Spot_152.jpeg,Alternaria Leaf Spot
Alternaria Leaf Spot/Alternaria Leaf Spot_153.jpeg,Alternaria Leaf Spot
Alternaria Leaf Spot/Alternaria Leaf Spot_154.jpeg,Alternaria Leaf Spot
Alternaria Leaf Spot/Alternaria Leaf Spot_155.jpeg,Alternaria Leaf Spot
Alternaria Leaf Spot/Alternaria Leaf Spot_156.jpeg,Alternaria Leaf Spot
Alternaria Leaf Spot/Alternaria Leaf Spot_157.jpeg,Alternaria Leaf Spot
Alternaria Leaf Spot/Alternaria Leaf Spot_158.jpeg,Alternaria Leaf Spot
Alternaria Leaf Spot/Alternaria Leaf Spot_159.jpeg,Alternaria Leaf Spot
Alternaria Leaf Spot/Alternaria Leaf Spot_16.jpeg,Alternaria Leaf Spot
Alternaria Leaf Spot/Alternaria Leaf Spot_16.jpg,Alternaria Leaf Spot
Alternaria Leaf Spot/Alternaria Leaf Spot_160.jpeg,Alternaria Leaf Spot
Alternaria Leaf Spot/Alternaria Leaf Spot_161.jpeg,Alternaria Leaf Spot
Alternaria Leaf Spot/Alternaria Leaf Spot_162.jpeg,Alternaria Leaf Spot
Alternaria Leaf Spot/Alternaria Leaf Spot_163.jpeg,Alternaria Leaf Spot
Alternaria Leaf Spot/Alternaria Leaf Spot_164.jpeg,Alternaria Leaf Spot
Alternaria Leaf Spot/Alternaria Leaf Spot_165.jpeg,Alternaria Leaf Spot
Alternaria Leaf Spot/Alternaria Leaf Spot_166.jpeg,Alternaria Leaf Spot
Alternaria Leaf Spot/Alternaria Leaf Spot_167.jpeg,Alternaria Leaf Spot
Alternaria Leaf Spot/Alternaria Leaf Spot_168.jpeg,Alternaria Leaf Spot
Alternaria Leaf Spot/Alternaria Leaf Spot_169.jpeg,Alternaria Leaf Spot
Alternaria Leaf Spot/Alternaria Leaf Spot_17.jpeg,Alternaria Leaf Spot
Alternaria Leaf Spot/Alternaria Leaf Spot_17.jpg,Alternaria Leaf Spot
Alternaria Leaf Spot/Alternaria Leaf Spot_170.jpeg,Alternaria Leaf Spot
Alternaria Leaf Spot/Alternaria Leaf Spot_171.jpeg,Alternaria Leaf Spot
Alternaria Leaf Spot/Alternaria Leaf Spot_172.jpeg,Alternaria Leaf Spot
Alternaria Leaf Spot/Alternaria Leaf Spot_173.jpeg,Alternaria Leaf Spot
Alternaria Leaf Spot/Alternaria Leaf Spot_174.jpeg,Alternaria Leaf Spot
Alternaria Leaf Spot/Alternaria Leaf Spot_175.jpeg,Alternaria Leaf Spot
Alternaria Leaf Spot/Alternaria Leaf Spot_176.jpeg,Alternaria Leaf Spot
Alternaria Leaf Spot/Alternaria Leaf Spot_177.jpeg,Alternaria Leaf Spot
Alternaria Leaf Spot/Alternaria Leaf Spot_178.jpeg,Alternaria Leaf Spot
Alternaria Leaf Spot/Alternaria Leaf Spot_179.jpeg,Alternaria Leaf Spot
Alternaria Leaf Spot/Alternaria Leaf Spot_18.jpeg,Alternaria Leaf Spot
Alternaria Leaf Spot/Alternaria Leaf Spot_18.jpg,Alternaria Leaf Spot
Alternaria Leaf Spot/Alternaria Leaf Spot_180.jpeg,Alternaria Leaf Spot
Alternaria Leaf Spot/Alternaria Leaf Spot_181.jpeg,Alternaria Leaf Spot
Alternaria Leaf Spot/Alternaria Leaf Spot_182.jpeg,Alternaria Leaf Spot
Alternaria Leaf Spot/Alternaria Leaf Spot_183.jpeg,Alternaria Leaf Spot
Alternaria Leaf Spot/Alternaria Leaf Spot_184.jpeg,Alternaria Leaf Spot
Alternaria Leaf Spot/Alternaria Leaf Spot_185.jpeg,Alternaria Leaf Spot
Alternaria Leaf Spot/Alternaria Leaf Spot_186.jpeg,Alternaria Leaf Spot
Alternaria Leaf Spot/Alternaria Leaf Spot_187.jpeg,Alternaria Leaf Spot
Alternaria Leaf Spot/Alternaria Leaf Spot_188.jpeg,Alternaria Leaf Spot
Alternaria Leaf Spot/Alternaria Leaf Spot_189.jpeg,Alternaria Leaf Spot
Alternaria Leaf Spot/Alternaria Leaf Spot_19.jpeg,Alternaria Leaf Spot
Alternaria Leaf Spot/Alternaria Leaf Spot_19.jpg,Alternaria Leaf Spot
Alternaria Leaf Spot/Alternaria Leaf Spot_190.jpeg,Alternaria Leaf Spot
Alternaria Leaf Spot/Alternaria Leaf Spot_191.jpeg,Alternaria Leaf Spot
Alternaria Leaf Spot/Alternaria Leaf Spot_192.jpeg,Alternaria Leaf Spot
Alternaria Leaf Spot/Alternaria Leaf Spot_193.jpeg,Alternaria Leaf Spot
Alternaria Leaf Spot/Alternaria Leaf Spot_194.jpeg,Alternaria Leaf Spot
Alternaria Leaf Spot/Alternaria Leaf Spot_195.jpeg,Alternaria Leaf Spot
Alternaria Leaf Spot/Alternaria Leaf Spot_196.jpeg,Alternaria Leaf Spot
Alternaria Leaf Spot/Alternaria Leaf Spot_197.jpeg,Alternaria Leaf Spot
Alternaria Leaf Spot/Alternaria Leaf Spot_198.jpeg,Alternaria Leaf Spot
Alternaria Leaf Spot/Alternaria Leaf Spot_199.jpeg,Alternaria Leaf Spot
Alternaria Leaf Spot/Alternaria Leaf Spot_2.jpeg,Alternaria Leaf Spot
Alternaria Leaf Spot/Alternaria Leaf Spot_2.jpg,Alternaria Leaf Spot
Alternaria Leaf Spot/Alternaria Leaf Spot_20.jpeg,Alternaria Leaf Spot
Alternaria Leaf Spot/Alternaria Leaf Spot_20.jpg,Alternaria Leaf Spot
Alternaria Leaf Spot/Alternaria Leaf Spot_200.jpeg,Alternaria Leaf Spot
Alternaria Leaf Spot/Alternaria Leaf Spot_201.jpeg,Alternaria Leaf Spot
Alternaria Leaf Spot/Alternaria Leaf Spot_202.jpeg,Alternaria Leaf Spot
Alternaria Leaf Spot/Alternaria Leaf Spot_203.jpeg,Alternaria Leaf Spot
Alternaria Leaf Spot/Alternaria Leaf Spot_204.jpeg,Alternaria Leaf Spot
Alternaria Leaf Spot/Alternaria Leaf Spot_205.jpeg,Alternaria Leaf Spot
Alternaria Leaf Spot/Alternaria Leaf Spot_206.jpeg,Alternaria Leaf Spot
Alternaria Leaf Spot/Alternaria Leaf Spot_207.jpeg,Alternaria Leaf Spot
Alternaria Leaf Spot/Alternaria Leaf Spot_208.jpeg,Alternaria Leaf Spot
Alternaria Leaf Spot/Alternaria Leaf Spot_209.jpeg,Alternaria Leaf Spot
Alternaria Leaf Spot/Alternaria Leaf Spot_21.jpeg,Alternaria Leaf Spot
Alternaria Leaf Spot/Alternaria Leaf Spot_21.jpg,Alternaria Leaf Spot
Alternaria Leaf Spot/Alternaria Leaf Spot_210.jpeg,Alternaria Leaf Spot
Alternaria Leaf Spot/Alternaria Leaf Spot_211.jpeg,Alternaria Leaf Spot
Alternaria Leaf Spot/Alternaria Leaf Spot_212.jpeg,Alternaria Leaf Spot
Alternaria Leaf Spot/Alternaria Leaf Spot_213.jpeg,Alternaria Leaf Spot
Alternaria Leaf Spot/Alternaria Leaf Spot_214.jpeg,Alternaria Leaf Spot
Alternaria Leaf Spot/Alternaria Leaf Spot_215.jpeg,Alternaria Leaf Spot
Alternaria Leaf Spot/Alternaria Leaf Spot_216.jpeg,Alternaria Leaf Spot
Alternaria Leaf Spot/Alternaria Leaf Spot_217.jpeg,Alternaria Leaf Spot
Alternaria Leaf Spot/Alternaria Leaf Spot_218.jpeg,Alternaria Leaf Spot
Alternaria Leaf Spot/Alternaria Leaf Spot_219.jpeg,Alternaria Leaf Spot
Alternaria Leaf Spot/Alternaria Leaf Spot_22.jpeg,Alternaria Leaf Spot
Alternaria Leaf Spot/Alternaria Leaf Spot_220.jpeg,Alternaria Leaf Spot
Alternaria Leaf Spot/Alternaria Leaf Spot_221.jpeg,Alternaria Leaf Spot
Alternaria Leaf Spot/Alternaria Leaf Spot_222.jpeg,Alternaria Leaf Spot
Alternaria Leaf Spot/Alternaria Leaf Spot_223.jpeg,Alternaria Leaf Spot
Alternaria Leaf Spot/Alternaria Leaf Spot_224.jpeg,Alternaria Leaf Spot
Alternaria Leaf Spot/Alternaria Leaf Spot_225.jpeg,Alternaria Leaf Spot
Alternaria Leaf Spot/Alternaria Leaf Spot_226.jpeg,Alternaria Leaf Spot
Alternaria Leaf Spot/Alternaria Leaf Spot_227.jpeg,Alternaria Leaf Spot
Alternaria Leaf Spot/Alternaria Leaf Spot_228.jpeg,Alternaria Leaf Spot
Alternaria Leaf Spot/Alternaria Leaf Spot_229.jpeg,Alternaria Leaf Spot
Alternaria Leaf Spot/Alternaria Leaf Spot_23.jpeg,Alternaria Leaf Spot
Alternaria Leaf Spot/Alternaria Leaf Spot_230.jpeg,Alternaria Leaf Spot
Alternaria Leaf Spot/Alternaria Leaf Spot_231.jpeg,Alternaria Leaf Spot
Alternaria Leaf Spot/Alternaria Leaf Spot_232.jpeg,Alternaria Leaf Spot
Alternaria Leaf Spot/Alternaria Leaf Spot_233.jpeg,Alternaria Leaf Spot
Alternaria Leaf Spot/Alternaria Leaf Spot_234.jpeg,Alternaria Leaf Spot
Alternaria Leaf Spot/Alternaria Leaf Spot_235.jpeg,Alternaria Leaf Spot
Alternaria Leaf Spot/Alternaria Leaf Spot_236.jpeg,Alternaria Leaf Spot
Alternaria Leaf Spot/Alternaria Leaf Spot_237.jpeg,Alternaria Leaf Spot
Alternaria Leaf Spot/Alternaria Leaf Spot_238.jpeg,Alternaria Leaf Spot
Alternaria Leaf Spot/Alternaria Leaf Spot_239.jpeg,Alternaria Leaf Spot
Alternaria Leaf Spot/Alternaria Leaf Spot_24.jpeg,Alternaria Leaf Spot
Alternaria Leaf Spot/Alternaria Leaf Spot_240.jpeg,Alternaria Leaf Spot
Alternaria Leaf Spot/Alternaria Leaf Spot_241.jpeg,Alternaria Leaf Spot
Alternaria Leaf Spot/Alternaria Leaf Spot_242.jpeg,Alternaria Leaf Spot
Alternaria Leaf Spot/Alternaria Leaf Spot_243.jpeg,Alternaria Leaf Spot
Alternaria Leaf Spot/Alternaria Leaf Spot_244.jpeg,Alternaria Leaf Spot
Alternaria Leaf Spot/Alternaria Leaf Spot_245.jpeg,Alternaria Leaf Spot
Alternaria Leaf Spot/Alternaria Leaf Spot_246.jpeg,Alternaria Leaf Spot
Alternaria Leaf Spot/Alternaria Leaf Spot_247.jpeg,Alternaria Leaf Spot
Alternaria Leaf Spot/Alternaria Leaf Spot_248.jpeg,Alternaria Leaf Spot
Alternaria Leaf Spot/Alternaria Leaf Spot_249.jpeg,Alternaria Leaf Spot
Alternaria Leaf Spot/Alternaria Leaf Spot_25.jpeg,Alternaria Leaf Spot
Alternaria Leaf Spot/Alternaria Leaf Spot_250.jpeg,Alternaria Leaf Spot
Alternaria Leaf Spot/Alternaria Leaf Spot_251.jpeg,Alternaria Leaf Spot
Alternaria Leaf Spot/Alternaria Leaf Spot_252.jpeg,Alternaria Leaf Spot
Alternaria Leaf Spot/Alternaria Leaf Spot_253.jpeg,Alternaria Leaf Spot
Alternaria Leaf Spot/Alternaria Leaf Spot_254.jpeg,Alternaria Leaf Spot
Alternaria Leaf Spot/Alternaria Leaf Spot_255.jpeg,Alternaria Leaf Spot
Alternaria Leaf Spot/Alternaria Leaf Spot_256.jpeg,Alternaria Leaf Spot
Alternaria Leaf Spot/Alternaria Leaf Spot_257.jpeg,Alternaria Leaf Spot
Alternaria Leaf Spot/Alternaria Leaf Spot_258.jpeg,Alternaria Leaf Spot
Alternaria Leaf Spot/Alternaria Leaf Spot_259.jpeg,Alternaria Leaf Spot
Alternaria Leaf Spot/Alternaria Leaf Spot_26.jpeg,Alternaria Leaf Spot
Alternaria Leaf Spot/Alternaria Leaf Spot_260.jpeg,Alternaria Leaf Spot
Alternaria Leaf Spot/Alternaria Leaf Spot_261.jpeg,Alternaria Leaf Spot
Alternaria Leaf Spot/Alternaria Leaf Spot_262.jpeg,Alternaria Leaf Spot
Alternaria Leaf Spot/Alternaria Leaf Spot_263.jpeg,Alternaria Leaf Spot
Alternaria Leaf Spot/Alternaria Leaf Spot_264.jpeg,Alternaria Leaf Spot
Alternaria Leaf Spot/Alternaria Leaf Spot_265.jpeg,Alternaria Leaf Spot
Alternaria Leaf Spot/Alternaria Leaf Spot_266.jpeg,Alternaria Leaf Spot
Alternaria Leaf Spot/Alternaria Leaf Spot_267.jpeg,Alternaria Leaf Spot
Alternaria Leaf Spot/Alternaria Leaf Spot_268.jpeg,Alternaria Leaf Spot
Alternaria Leaf Spot/Alternaria Leaf Spot_269.jpeg,Alternaria Leaf Spot
Alternaria Leaf Spot/Alternaria Leaf Spot_27.jpeg,Alternaria Leaf Spot
Alternaria Leaf Spot/Alternaria Leaf Spot_270.jpeg,Alternaria Leaf Spot
Alternaria Leaf Spot/Alternaria Leaf Spot_271.jpeg,Alternaria Leaf Spot
Alternaria Leaf Spot/Alternaria Leaf Spot_272.jpeg,Alternaria Leaf Spot
Alternaria Leaf Spot/Alternaria Leaf Spot_273.jpeg,Alternaria Leaf Spot
Alternaria Leaf Spot/Alternaria Leaf Spot_274.jpeg,Alternaria Leaf Spot
Alternaria Leaf Spot/Alternaria Leaf Spot_275.jpeg,Alternaria Leaf Spot
Alternaria Leaf Spot/Alternaria Leaf Spot_276.jpeg,Alternaria Leaf Spot
Alternaria Leaf Spot/Alternaria Leaf Spot_277.jpeg,Alternaria Leaf Spot
Alternaria Leaf Spot/Alternaria Leaf Spot_278.jpeg,Alternaria Leaf Spot
Alternaria Leaf Spot/Alternaria Leaf Spot_279.jpeg,Alternaria Leaf Spot
Alternaria Leaf Spot/Alternaria Leaf Spot_28.jpeg,Alternaria Leaf Spot
Alternaria Leaf Spot/Alternaria Leaf Spot_280.jpeg,Alternaria Leaf Spot
Alternaria Leaf Spot/Alternaria Leaf Spot_281.jpeg,Alternaria Leaf Spot
Alternaria Leaf Spot/Alternaria Leaf Spot_282.jpeg,Alternaria Leaf Spot
Alternaria Leaf Spot/Alternaria Leaf Spot_283.jpeg,Alternaria Leaf Spot
Alternaria Leaf Spot/Alternaria Leaf Spot_284.jpeg,Alternaria Leaf Spot
Alternaria Leaf Spot/Alternaria Leaf Spot_285.jpeg,Alternaria Leaf Spot
Alternaria Leaf Spot/Alternaria Leaf Spot_286.jpeg,Alternaria Leaf Spot
Alternaria Leaf Spot/Alternaria Leaf Spot_287.jpeg,Alternaria Leaf Spot
Alternaria Leaf Spot/Alternaria Leaf Spot_29.jpeg,Alternaria Leaf Spot
Alternaria Leaf Spot/Alternaria Leaf Spot_3.jpeg,Alternaria Leaf Spot
Alternaria Leaf Spot/Alternaria Leaf Spot_3.jpg,Alternaria Leaf Spot
Alternaria Leaf Spot/Alternaria Leaf Spot_30.jpeg,Alternaria Leaf Spot
Alternaria Leaf Spot/Alternaria Leaf Spot_31.jpeg,Alternaria Leaf Spot
Alternaria Leaf Spot/Alternaria Leaf Spot_32.jpeg,Alternaria Leaf Spot
Alternaria Leaf Spot/Alternaria Leaf Spot_33.jpeg,Alternaria Leaf Spot
Alternaria Leaf Spot/Alternaria Leaf Spot_34.jpeg,Alternaria Leaf Spot
Alternaria Leaf Spot/Alternaria Leaf Spot_35.jpeg,Alternaria Leaf Spot
Alternaria Leaf Spot/Alternaria Leaf Spot_36.jpeg,Alternaria Leaf Spot
Alternaria Leaf Spot/Alternaria Leaf Spot_37.jpeg,Alternaria Leaf Spot
Alternaria Leaf Spot/Alternaria Leaf Spot_38.jpeg,Alternaria Leaf Spot
Alternaria Leaf Spot/Alternaria Leaf Spot_39.jpeg,Alternaria Leaf Spot
Alternaria Leaf Spot/Alternaria Leaf Spot_4.jpeg,Alternaria Leaf Spot
Alternaria Leaf Spot/Alternaria Leaf Spot_4.jpg,Alternaria Leaf Spot
Alternaria Leaf Spot/Alternaria Leaf Spot_40.jpeg,Alternaria Leaf Spot
Alternaria Leaf Spot/Alternaria Leaf Spot_41.jpeg,Alternaria Leaf Spot
Alternaria Leaf Spot/Alternaria Leaf Spot_42.jpeg,Alternaria Leaf Spot
Alternaria Leaf Spot/Alternaria Leaf Spot_43.jpeg,Alternaria Leaf Spot
Alternaria Leaf Spot/Alternaria Leaf Spot_44.jpeg,Alternaria Leaf Spot
Alternaria Leaf Spot/Alternaria Leaf Spot_45.jpeg,Alternaria Leaf Spot
Alternaria Leaf Spot/Alternaria Leaf Spot_46.jpeg,Alternaria Leaf Spot
Alternaria Leaf Spot/Alternaria Leaf Spot_47.jpeg,Alternaria Leaf Spot
Alternaria Leaf Spot/Alternaria Leaf Spot_48.jpeg,Alternaria Leaf Spot
Alternaria Leaf Spot/Alternaria Leaf Spot_49.jpeg,Alternaria Leaf Spot
Alternaria Leaf Spot/Alternaria Leaf Spot_5.jpeg,Alternaria Leaf Spot
Alternaria Leaf Spot/Alternaria Leaf Spot_5.jpg,Alternaria Leaf Spot
Alternaria Leaf Spot/Alternaria Leaf Spot_50.jpeg,Alternaria Leaf Spot
Alternaria Leaf Spot/Alternaria Leaf Spot_51.jpeg,Alternaria Leaf Spot
Alternaria Leaf Spot/Alternaria Leaf Spot_52.jpeg,Alternaria Leaf Spot
Alternaria Leaf Spot/Alternaria Leaf Spot_53.jpeg,Alternaria Leaf Spot
Alternaria Leaf Spot/Alternaria Leaf Spot_54.jpeg,Alternaria Leaf Spot
Alternaria Leaf Spot/Alternaria Leaf Spot_55.jpeg,Alternaria Leaf Spot
Alternaria Leaf Spot/Alternaria Leaf Spot_56.jpeg,Alternaria Leaf Spot
Alternaria Leaf Spot/Alternaria Leaf Spot_57.jpeg,Alternaria Leaf Spot
Alternaria Leaf Spot/Alternaria Leaf Spot_58.jpeg,Alternaria Leaf Spot
Alternaria Leaf Spot/Alternaria Leaf Spot_59.jpeg,Alternaria Leaf Spot
Alternaria Leaf Spot/Alternaria Leaf Spot_6.jpeg,Alternaria Leaf Spot
Alternaria Leaf Spot/Alternaria Leaf Spot_6.jpg,Alternaria Leaf Spot
Alternaria Leaf Spot/Alternaria Leaf Spot_60.jpeg,Alternaria Leaf Spot
Alternaria Leaf Spot/Alternaria Leaf Spot_61.jpeg,Alternaria Leaf Spot
Alternaria Leaf Spot/Alternaria Leaf Spot_62.jpeg,Alternaria Leaf Spot
Alternaria Leaf Spot/Alternaria Leaf Spot_63.jpeg,Alternaria Leaf Spot
Alternaria Leaf Spot/Alternaria Leaf Spot_64.jpeg,Alternaria Leaf Spot
Alternaria Leaf Spot/Alternaria Leaf Spot_65.jpeg,Alternaria Leaf Spot
Alternaria Leaf Spot/Alternaria Leaf Spot_66.jpeg,Alternaria Leaf Spot
Alternaria Leaf Spot/Alternaria Leaf Spot_67.jpeg,Alternaria Leaf Spot
Alternaria Leaf Spot/Alternaria Leaf Spot_68.jpeg,Alternaria Leaf Spot
Alternaria Leaf Spot/Alternaria Leaf Spot_69.jpeg,Alternaria Leaf Spot
Alternaria Leaf Spot/Alternaria Leaf Spot_7.jpeg,Alternaria Leaf Spot
Alternaria Leaf Spot/Alternaria Leaf Spot_7.jpg,Alternaria Leaf Spot
Alternaria Leaf Spot/Alternaria Leaf Spot_70.jpeg,Alternaria Leaf Spot
Alternaria Leaf Spot/Alternaria Leaf Spot_71.jpeg,Alternaria Leaf Spot
Alternaria Leaf Spot/Alternaria Leaf Spot_72.jpeg,Alternaria Leaf Spot
Alternaria Leaf Spot/Alternaria Leaf Spot_73.jpeg,Alternaria Leaf Spot
Alternaria Leaf Spot/Alternaria Leaf Spot_74.jpeg,Alternaria Leaf Spot
Alternaria Leaf Spot/Alternaria Leaf Spot_75.jpeg,Alternaria Leaf Spot
Alternaria Leaf Spot/Alternaria Leaf Spot_76.jpeg,Alternaria Leaf Spot
Alternaria Leaf Spot/Alternaria Leaf Spot_77.jpeg,Alternaria Leaf Spot
Alternaria Leaf Spot/Alternaria Leaf Spot_78.jpeg,Alternaria Leaf Spot
Alternaria Leaf Spot/Alternaria Leaf Spot_79.jpeg,Alternaria Leaf Spot
Alternaria Leaf Spot/Alternaria Leaf Spot_8.jpeg,Alternaria Leaf Spot
Alternaria Leaf Spot/Alternaria Leaf Spot_8.jpg,Alternaria Leaf Spot
Alternaria Leaf Spot/Alternaria Leaf Spot_80.jpeg,Alternaria Leaf Spot
Alternaria Leaf Spot/Alternaria Leaf Spot_81.jpeg,Alternaria Leaf Spot
Alternaria Leaf Spot/Alternaria Leaf Spot_82.jpeg,Alternaria Leaf Spot
Alternaria Leaf Spot/Alternaria Leaf Spot_83.jpeg,Alternaria Leaf Spot
Alternaria Leaf Spot/Alternaria Leaf Spot_84.jpeg,Alternaria Leaf Spot
Alternaria Leaf Spot/Alternaria Leaf Spot_85.jpeg,Alternaria Leaf Spot
Alternaria Leaf Spot/Alternaria Leaf Spot_86.jpeg,Alternaria Leaf Spot
Alternaria Leaf Spot/Alternaria Leaf Spot_87.jpeg,Alternaria Leaf Spot
Alternaria Leaf Spot/Alternaria Leaf Spot_88.jpeg,Alternaria Leaf Spot
Alternaria Leaf Spot/Alternaria Leaf Spot_89.jpeg,Alternaria Leaf Spot
Alternaria Leaf Spot/Alternaria Leaf Spot_9.jpeg,Alternaria Leaf Spot
Alternaria Leaf Spot/Alternaria Leaf Spot_9.jpg,Alternaria Leaf Spot
Alternaria Leaf Spot/Alternaria Leaf Spot_90.jpeg,Alternaria Leaf Spot
Alternaria Leaf Spot/Alternaria Leaf Spot_91.jpeg,Alternaria Leaf Spot
Alternaria Leaf Spot/Alternaria Leaf Spot_92.jpeg,Alternaria Leaf Spot
Alternaria Leaf Spot/Alternaria Leaf Spot_93.jpeg,Alternaria Leaf Spot
Alternaria Leaf Spot/Alternaria Leaf Spot_94.jpeg,Alternaria Leaf Spot
Alternaria Leaf Spot/Alternaria Leaf Spot_95.jpeg,Alternaria Leaf Spot
Alternaria Leaf Spot/Alternaria Leaf Spot_96.jpeg,Alternaria Leaf Spot
Alternaria Leaf Spot/Alternaria Leaf Spot_97.jpeg,Alternaria Leaf Spot
Alternaria Leaf Spot/Alternaria Leaf Spot_98.jpeg,Alternaria Leaf Spot
Alternaria Leaf Spot/Alternaria Leaf Spot_99.jpeg,Alternaria Leaf Spot
Alternaria Leaf Spot/N_456AlterneriaLeafSpot_original_ALS(1).jpg_0675e5a7-27fe-4362-a1a4-082b1feeb08f.jpg,Alternaria Leaf Spot
Alternaria Leaf Spot/N_456AlterneriaLeafSpot_original_ALS(1).jpg_5102dfc7-8b84-413e-9fa1-8a66228dce63.jpg,Alternaria Leaf Spot
Alternaria Leaf Spot/N_456AlterneriaLeafSpot_original_ALS(1).jpg_6581056a-1fb8-4419-a80a-f480b238a0d6.jpg,Alternaria Leaf Spot
Alternaria Leaf Spot/N_456AlterneriaLeafSpot_original_ALS(1).jpg_7726eaba-8f23-4656-8adf-b7adbc246f3f.jpg,Alternaria Leaf Spot
Alternaria Leaf Spot/N_456AlterneriaLeafSpot_original_ALS(1).jpg_7d1cad7b-ad1b-46d0-8378-82ec6b77f5f1.jpg,Alternaria Leaf Spot
Alternaria Leaf Spot/N_456AlterneriaLeafSpot_original_ALS(1).jpg_81b7a7e9-2483-496e-80d6-ed9ff2751c87.jpg,Alternaria Leaf Spot
Alternaria Leaf Spot/N_456AlterneriaLeafSpot_original_ALS(1).jpg_90ca8cd0-2115-4dad-b0fc-e9a034fa0ab7.jpg,Alternaria Leaf Spot
Alternaria Leaf Spot/N_456AlterneriaLeafSpot_original_ALS(1).jpg_97337f20-0e18-4911-8af9-1a3c089e4c8b.jpg,Alternaria Leaf Spot
Alternaria Leaf Spot/N_456AlterneriaLeafSpot_original_ALS(1).jpg_9d87c14e-f3e6-479b-9ab7-d78a2d758a45.jpg,Alternaria Leaf Spot
Alternaria Leaf Spot/N_456AlterneriaLeafSpot_original_ALS(1).jpg_f42c0998-cee8-40ac-8df5-2b76d499032e.jpg,Alternaria Leaf Spot
Alternaria Leaf Spot/N_456AlterneriaLeafSpot_original_ALS(10).jpg_2fafa451-3d20-4635-9552-e7df9ff8ef7f.jpg,Alternaria Leaf Spot
Alternaria Leaf Spot/N_456AlterneriaLeafSpot_original_ALS(10).jpg_5835ceec-ed17-411c-9e96-611c2ee578f1.jpg,Alternaria Leaf Spot
Alternaria Leaf Spot/N_456AlterneriaLeafSpot_original_ALS(10).jpg_608d80b1-8e1f-49e0-b041-926dd09aa597.jpg,Alternaria Leaf Spot
Alternaria Leaf Spot/N_456AlterneriaLeafSpot_original_ALS(10).jpg_8d282e24-cb6e-4acd-a17d-3dcd116b2395.jpg,Alternaria Leaf Spot
Alternaria Leaf Spot/N_456AlterneriaLeafSpot_original_ALS(10).jpg_904dddfe-8196-43e5-ac49-4a8975c6a19e.jpg,Alternaria Leaf Spot
Alternaria Leaf Spot/N_456AlterneriaLeafSpot_original_ALS(10).jpg_a3409348-9b84-4d23-b99d-a274fb6e2171.jpg,Alternaria Leaf Spot
Alternaria Leaf Spot/N_456AlterneriaLeafSpot_original_ALS(10).jpg_c1058ef7-69ef-4e9b-98bc-d64ed12c53db.jpg,Alternaria Leaf Spot
Alternaria Leaf Spot/N_456AlterneriaLeafSpot_original_ALS(10).jpg_d6051bfe-8cb2-4db8-a48e-9dbb229a1261.jpg,Alternaria Leaf Spot
Alternaria Leaf Spot/N_456AlterneriaLeafSpot_original_ALS(10).jpg_e3a5b875-39ee-44ff-857b-7f95f914b725.jpg,Alternaria Leaf Spot
Alternaria Leaf Spot/N_456AlterneriaLeafSpot_original_ALS(10).jpg_f1815642-0851-4c13-98f2-8935d3346c6e.jpg,Alternaria Leaf Spot
Alternaria Leaf Spot/N_456AlterneriaLeafSpot_original_ALS(100).jpg_10f2d8e0-7f3f-4b7e-8a8b-1011a2ff885a.jpg,Alternaria Leaf Spot
Alternaria Leaf Spot/N_456AlterneriaLeafSpot_original_ALS(100).jpg_14eebc8f-a4d4-4ff2-9297-1a45351693c5.jpg,Alternaria Leaf Spot
Alternaria Leaf Spot/N_456AlterneriaLeafSpot_original_ALS(100).jpg_42459754-9367-4ef7-b428-1c1806d35314.jpg,Alternaria Leaf Spot
Alternaria Leaf Spot/N_456AlterneriaLeafSpot_original_ALS(100).jpg_52f28b51-2459-4c59-afd4-c204c321c46a.jpg,Alternaria Leaf Spot
Alternaria Leaf Spot/N_456AlterneriaLeafSpot_original_ALS(100).jpg_a910561e-06f1-4b38-adc1-282c68045bb7.jpg,Alternaria Leaf Spot
Alternaria Leaf Spot/N_456AlterneriaLeafSpot_original_ALS(100).jpg_b0aec263-07be-47ab-8b08-7adf31eef52c.jpg,Alternaria Leaf Spot
Alternaria Leaf Spot/N_456AlterneriaLeafSpot_original_ALS(100).jpg_b23abf36-4af7-4b0f-928b-f633cf324402.jpg,Alternaria Leaf Spot
Alternaria Leaf Spot/N_456AlterneriaLeafSpot_original_ALS(100).jpg_b39695d9-4fc3-41d5-a4d9-13b670fa2544.jpg,Alternaria Leaf Spot
Alternaria Leaf Spot/N_456AlterneriaLeafSpot_original_ALS(100).jpg_b72af90c-b4c0-4f0c-8277-3a7da917fa14.jpg,Alternaria Leaf Spot
Alternaria Leaf Spot/N_456AlterneriaLeafSpot_original_ALS(100).jpg_cb00eef7-5867-4516-99e9-f97cabc9f2f5.jpg,Alternaria Leaf Spot
Alternaria Leaf Spot/N_456AlterneriaLeafSpot_original_ALS(100).jpg_e5bdbb8b-2288-496a-8f13-17f4dceb809f.jpg,Alternaria Leaf Spot
Alternaria Leaf Spot/N_456AlterneriaLeafSpot_original_ALS(100).jpg_f1a19adb-f9e6-44e2-8aee-08e480e3de87.jpg,Alternaria Leaf Spot
Alternaria Leaf Spot/N_456AlterneriaLeafSpot_original_ALS(101).jpg_094ae132-5c98-462e-bc09-7dd0c0388530.jpg,Alternaria Leaf Spot
Alternaria Leaf Spot/N_456AlterneriaLeafSpot_original_ALS(101).jpg_0db7ea7d-32fe-4e71-bb89-df1008a852be.jpg,Alternaria Leaf Spot
Alternaria Leaf Spot/N_456AlterneriaLeafSpot_original_ALS(101).jpg_5743faf5-9b1f-4213-87b3-0f273fb537a7.jpg,Alternaria Leaf Spot
Alternaria Leaf Spot/N_456AlterneriaLeafSpot_original_ALS(101).jpg_60a6320a-9a85-4468-844e-bd523ce56eef.jpg,Alternaria Leaf Spot
Alternaria Leaf Spot/N_456AlterneriaLeafSpot_original_ALS(101).jpg_f6632d6f-7431-481a-8587-76501543685e.jpg,Alternaria Leaf Spot
Alternaria Leaf Spot/N_456AlterneriaLeafSpot_original_ALS(102).jpg_028d05cc-591e-402f-b85a-044cf818b307.jpg,Alternaria Leaf Spot
Alternaria Leaf Spot/N_456AlterneriaLeafSpot_original_ALS(102).jpg_4ecb4d37-b897-476b-96a1-ef5d01f380c6.jpg,Alternaria Leaf Spot
Alternaria Leaf Spot/N_456AlterneriaLeafSpot_original_ALS(102).jpg_84443746-f8a4-4167-9b65-0754bf5a265e.jpg,Alternaria Leaf Spot
Alternaria Leaf Spot/N_456AlterneriaLeafSpot_original_ALS(103).jpg_06d131c7-59a6-429b-bc23-1e96813fca82.jpg,Alternaria Leaf Spot
Alternaria Leaf Spot/N_456AlterneriaLeafSpot_original_ALS(103).jpg_0b15eebf-1b6c-4924-9266-edc2ad52343f.jpg,Alternaria Leaf Spot
Alternaria Leaf Spot/N_456AlterneriaLeafSpot_original_ALS(103).jpg_3b6f5b85-8d8a-41e3-9399-8b7d92eee8f8.jpg,Alternaria Leaf Spot
Alternaria Leaf Spot/N_456AlterneriaLeafSpot_original_ALS(103).jpg_41b696eb-7f87-4ce8-8cdd-0a45365848c5.jpg,Alternaria Leaf Spot
Alternaria Leaf Spot/N_456AlterneriaLeafSpot_original_ALS(103).jpg_4bcab9fb-9087-4e1b-b2da-0039db536eed.jpg,Alternaria Leaf Spot
Alternaria Leaf Spot/N_456AlterneriaLeafSpot_original_ALS(103).jpg_505c39fa-7d08-4ce1-a4e2-3c1f4ef493c1.jpg,Alternaria Leaf Spot
Alternaria Leaf Spot/N_456AlterneriaLeafSpot_original_ALS(103).jpg_7075ff70-752c-44a9-879f-6f44b15a3659.jpg,Alternaria Leaf Spot
Alternaria Leaf Spot/N_456AlterneriaLeafSpot_original_ALS(103).jpg_99fb93de-b388-4e3a-b83e-c197c3f7c60a.jpg,Alternaria Leaf Spot
Alternaria Leaf Spot/N_456AlterneriaLeafSpot_original_ALS(103).jpg_d5deabf8-9f3b-4737-8e67-7f663b509f8a.jpg,Alternaria Leaf Spot
Alternaria Leaf Spot/N_456AlterneriaLeafSpot_original_ALS(103).jpg_f55a6f1e-0bb3-421b-8813-dc9ffa4e7c67.jpg,Alternaria Leaf Spot
Alternaria Leaf Spot/N_456AlterneriaLeafSpot_original_ALS(104).jpg_29cbb5af-921a-48f6-ba4c-f8ec9ad18474.jpg,Alternaria Leaf Spot
Alternaria Leaf Spot/N_456AlterneriaLeafSpot_original_ALS(104).jpg_9d7c19a3-06d5-491e-ac90-1a4999b04c86.jpg,Alternaria Leaf Spot
Alternaria Leaf Spot/N_456AlterneriaLeafSpot_original_ALS(104).jpg_b35b98b4-4ac8-4513-9b42-55bbeb430d6e.jpg,Alternaria Leaf Spot
Alternaria Leaf Spot/N_456AlterneriaLeafSpot_original_ALS(104).jpg_b62a0042-4305-416c-8716-e92c0ecfac98.jpg,Alternaria Leaf Spot
Alternaria Leaf Spot/N_456AlterneriaLeafSpot_original_ALS(104).jpg_c5d657d4-fe25-44f9-8a4a-518edc287244.jpg,Alternaria Leaf Spot
Alternaria Leaf Spot/N_456AlterneriaLeafSpot_original_ALS(104).jpg_eb6c0cdb-bce5-4dd2-81d6-714cdf03c8cc.jpg,Alternaria Leaf Spot
Alternaria Leaf Spot/N_456AlterneriaLeafSpot_original_ALS(105).jpg_039741f8-b828-4b8c-80b2-d8975110faa5.jpg,Alternaria Leaf Spot
Alternaria Leaf Spot/N_456AlterneriaLeafSpot_original_ALS(105).jpg_0ecba1d7-9623-4789-820c-efdc8959df10.jpg,Alternaria Leaf Spot
Alternaria Leaf Spot/N_456AlterneriaLeafSpot_original_ALS(105).jpg_137c6610-784e-4e4e-92c1-e978f53508fa.jpg,Alternaria Leaf Spot
Alternaria Leaf Spot/N_456AlterneriaLeafSpot_original_ALS(105).jpg_63f4aa8d-c581-49cc-a7e5-774bc9f181a3.jpg,Alternaria Leaf Spot
Alternaria Leaf Spot/N_456AlterneriaLeafSpot_original_ALS(105).jpg_6dfed944-b7ee-4816-aca3-ec8e44a81b1f.jpg,Alternaria Leaf Spot
Alternaria Leaf Spot/N_456AlterneriaLeafSpot_original_ALS(105).jpg_7b922eba-1503-47f6-8d19-b560509d1783.jpg,Alternaria Leaf Spot
Alternaria Leaf Spot/N_456AlterneriaLeafSpot_original_ALS(105).jpg_870387fc-b749-4ec7-a4f7-e8b527944743.jpg,Alternaria Leaf Spot
Alternaria Leaf Spot/N_456AlterneriaLeafSpot_original_ALS(105).jpg_9eadc635-ae3f-4b6e-a60a-2aaddfe68ea2.jpg,Alternaria Leaf Spot
Alternaria Leaf Spot/N_456AlterneriaLeafSpot_original_ALS(105).jpg_c3cc9ff9-a643-4443-9f41-978a44edcd03.jpg,Alternaria Leaf Spot
Alternaria Leaf Spot/N_456AlterneriaLeafSpot_original_ALS(105).jpg_dd21d386-8ce4-484d-b359-a7dd7fc6cac4.jpg,Alternaria Leaf Spot
Alternaria Leaf Spot/N_456AlterneriaLeafSpot_original_ALS(106).jpg_31d74727-576c-4249-a189-5b296bc29e3c.jpg,Alternaria Leaf Spot
Alternaria Leaf Spot/N_456AlterneriaLeafSpot_original_ALS(106).jpg_490b8d7f-9c62-4f26-b05a-c10821e38498.jpg,Alternaria Leaf Spot
Alternaria Leaf Spot/N_456AlterneriaLeafSpot_original_ALS(106).jpg_4e414a5e-f2ac-4a23-9a3d-dff336062524.jpg,Alternaria Leaf Spot
Alternaria Leaf Spot/N_456AlterneriaLeafSpot_original_ALS(106).jpg_85b976b1-ca1c-44f9-a42b-035f83596ed8.jpg,Alternaria Leaf Spot
Alternaria Leaf Spot/N_456AlterneriaLeafSpot_original_ALS(106).jpg_a45daee5-90f9-4ade-9ad9-92c393f8d2d1.jpg,Alternaria Leaf Spot
Alternaria Leaf Spot/N_456AlterneriaLeafSpot_original_ALS(106).jpg_aca69fb8-308f-4c08-b5c7-da98eecb3bdf.jpg,Alternaria Leaf Spot
Alternaria Leaf Spot/N_456AlterneriaLeafSpot_original_ALS(106).jpg_c8647d26-87d4-42de-a6dd-4484aa8f3332.jpg,Alternaria Leaf Spot
Alternaria Leaf Spot/N_456AlterneriaLeafSpot_original_ALS(107).jpg_4236c581-b157-44ab-ba3f-3f723b2b679c.jpg,Alternaria Leaf Spot
Alternaria Leaf Spot/N_456AlterneriaLeafSpot_original_ALS(107).jpg_4aa1344c-3b97-43f1-978a-63a34ce62b3d.jpg,Alternaria Leaf Spot
Alternaria Leaf Spot/N_456AlterneriaLeafSpot_original_ALS(107).jpg_50cb299a-d9e0-4d4b-8362-c617ff80633c.jpg,Alternaria Leaf Spot
Alternaria Leaf Spot/N_456AlterneriaLeafSpot_original_ALS(107).jpg_6dc2f467-7869-412e-93ce-453fb7add172.jpg,Alternaria Leaf Spot
Alternaria Leaf Spot/N_456AlterneriaLeafSpot_original_ALS(107).jpg_99990af5-d8f3-4908-9f40-560157508358.jpg,Alternaria Leaf Spot
Alternaria Leaf Spot/N_456AlterneriaLeafSpot_original_ALS(107).jpg_ff5029fa-4d47-4cce-b3de-620b61ba9304.jpg,Alternaria Leaf Spot
Alternaria Leaf Spot/N_456AlterneriaLeafSpot_original_ALS(108).jpg_0c083a8c-1221-440c-981b-2876ae2e74a8.jpg,Alternaria Leaf Spot
Alternaria Leaf Spot/N_456AlterneriaLeafSpot_original_ALS(108).jpg_17a74656-4b46-4773-af79-fd80d2e2a298.jpg,Alternaria Leaf Spot
Alternaria Leaf Spot/N_456AlterneriaLeafSpot_original_ALS(108).jpg_3a9ce73e-8748-4533-96ea-841ed6bcfbf7.jpg,Alternaria Leaf Spot
Alternaria Leaf Spot/N_456AlterneriaLeafSpot_original_ALS(108).jpg_4fe7f37f-f11b-449f-9a35-f6082dd49fd8.jpg,Alternaria Leaf Spot
Alternaria Leaf Spot/N_456AlterneriaLeafSpot_original_ALS(108).jpg_b9bd2fd2-3431-4a34-9c21-d41c51e5dbd8.jpg,Alternaria Leaf Spot
Alternaria Leaf Spot/N_456AlterneriaLeafSpot_original_ALS(108).jpg_f7b3a5dd-d6cf-4d04-9bb2-192457075e7d.jpg,Alternaria Leaf Spot
Alternaria Leaf Spot/N_456AlterneriaLeafSpot_original_ALS(109).jpg_1022df00-4b25-405b-9400-ce2dc0cc78c9.jpg,Alternaria Leaf Spot
Alternaria Leaf Spot/N_456AlterneriaLeafSpot_original_ALS(109).jpg_50bd57a6-4765-49ba-a1e8-5e806f01e814.jpg,Alternaria Leaf Spot
Alternaria Leaf Spot/N_456AlterneriaLeafSpot_original_ALS(109).jpg_7bd9d7bf-9485-4a34-9f6e-f9eef53dcffe.jpg,Alternaria Leaf Spot
Alternaria Leaf Spot/N_456AlterneriaLeafSpot_original_ALS(109).jpg_82e5a82a-e6c6-4c67-bc14-1fedf6765cca.jpg,Alternaria Leaf Spot
Alternaria Leaf Spot/N_456AlterneriaLeafSpot_original_ALS(109).jpg_9a066825-c439-43a0-b395-0ce38d1a26d2.jpg,Alternaria Leaf Spot
Alternaria Leaf Spot/N_456AlterneriaLeafSpot_original_ALS(109).jpg_bdfd2ea7-da9a-463e-8d9c-7f2d9ff35d29.jpg,Alternaria Leaf Spot
Alternaria Leaf Spot/N_456AlterneriaLeafSpot_original_ALS(109).jpg_fc8047bb-8806-44e9-a471-31e021f63b14.jpg,Alternaria Leaf Spot
Alternaria Leaf Spot/N_456AlterneriaLeafSpot_original_ALS(109).jpg_ff1b91fc-b958-4593-8ad2-4b2a457bbb59.jpg,Alternaria Leaf Spot
Alternaria Leaf Spot/N_456AlterneriaLeafSpot_original_ALS(11).jpg_701f1b14-da62-4a20-8753-573376b0fff3.jpg,Alternaria Leaf Spot
Alternaria Leaf Spot/N_456AlterneriaLeafSpot_original_ALS(11).jpg_9f80731e-756a-4a40-adb4-0f0e4f6f2aa1.jpg,Alternaria Leaf Spot
Alternaria Leaf Spot/N_456AlterneriaLeafSpot_original_ALS(11).jpg_e1ba0d0b-7a4e-427a-b0dc-3f68c03498c9.jpg,Alternaria Leaf Spot
Alternaria Leaf Spot/N_456AlterneriaLeafSpot_original_ALS(11).jpg_faff2127-fb5c-40f2-9901-fb1cabc9a63e.jpg,Alternaria Leaf Spot
Alternaria Leaf Spot/N_456AlterneriaLeafSpot_original_ALS(110).jpg_095cb0b2-aa00-4f94-932a-500e3dbdde7d.jpg,Alternaria Leaf Spot
Alternaria Leaf Spot/N_456AlterneriaLeafSpot_original_ALS(110).jpg_3b6d5abf-13ec-4e0f-8e8f-c19d0eda2768.jpg,Alternaria Leaf Spot
Alternaria Leaf Spot/N_456AlterneriaLeafSpot_original_ALS(110).jpg_511181be-8273-4a13-b542-fc6bd85eb3d1.jpg,Alternaria Leaf Spot
Alternaria Leaf Spot/N_456AlterneriaLeafSpot_original_ALS(110).jpg_79bdf122-f2ba-46aa-91f6-4d94e0072f5f.jpg,Alternaria Leaf Spot
Alternaria Leaf Spot/N_456AlterneriaLeafSpot_original_ALS(110).jpg_bbbc376d-51f3-4bd0-a67a-9f2479c29f67.jpg,Alternaria Leaf Spot
Alternaria Leaf Spot/N_456AlterneriaLeafSpot_original_ALS(110).jpg_c9e4692c-a8ac-4dbe-b492-217c6762953e.jpg,Alternaria Leaf Spot
Alternaria Leaf Spot/N_456AlterneriaLeafSpot_original_ALS(111).jpg_292de38e-3cbc-474e-b12d-422c84cfc115.jpg,Alternaria Leaf Spot
Alternaria Leaf Spot/N_456AlterneriaLeafSpot_original_ALS(111).jpg_2b9af8a4-0e6e-4134-87a1-6f4d29788f4b.jpg,Alternaria Leaf Spot
Alternaria Leaf Spot/N_456AlterneriaLeafSpot_original_ALS(111).jpg_313feb10-56a0-4113-b3ee-013f88e6e814.jpg,Alternaria Leaf Spot
Alternaria Leaf Spot/N_456AlterneriaLeafSpot_original_ALS(111).jpg_5307cbf4-6523-4899-98e0-b719c5f1421e.jpg,Alternaria Leaf Spot
Alternaria Leaf Spot/N_456AlterneriaLeafSpot_original_ALS(111).jpg_8cfd7c6d-e1bf-4196-94ec-2402274e5534.jpg,Alternaria Leaf Spot
Alternaria Leaf Spot/N_456AlterneriaLeafSpot_original_ALS(111).jpg_929c9dca-c662-4492-be92-2646380221ec.jpg,Alternaria Leaf Spot
Alternaria Leaf Spot/N_456AlterneriaLeafSpot_original_ALS(111).jpg_ca22cd60-2553-430b-a705-f0ce5ba9485f.jpg,Alternaria Leaf Spot
Alternaria Leaf Spot/N_456AlterneriaLeafSpot_original_ALS(111).jpg_de26291b-2e92-4941-ab3b-feb5063ad01f.jpg,Alternaria Leaf Spot
Alternaria Leaf Spot/N_456AlterneriaLeafSpot_original_ALS(111).jpg_e1afa19f-defe-4e4c-89fd-0d9efbddd3b9.jpg,Alternaria Leaf Spot
Alternaria Leaf Spot/N_456AlterneriaLeafSpot_original_ALS(111).jpg_f2d7ad34-8e08-404c-b09d-9271d5c4d877.jpg,Alternaria Leaf Spot
Alternaria Leaf Spot/N_456AlterneriaLeafSpot_original_ALS(111).jpg_ff31da01-6c35-4f29-8eb0-37bacce0b406.jpg,Alternaria Leaf Spot
Alternaria Leaf Spot/N_456AlterneriaLeafSpot_original_ALS(112).jpg_04578408-79b3-4fa8-8f58-3516f47ddda7.jpg,Alternaria Leaf Spot
Alternaria Leaf Spot/N_456AlterneriaLeafSpot_original_ALS(112).jpg_1a635215-8b57-4231-80e2-f3d40785b04b.jpg,Alternaria Leaf Spot
Alternaria Leaf Spot/N_456AlterneriaLeafSpot_original_ALS(112).jpg_33c1a44c-d72c-40e1-8cef-6f149d58685b.jpg,Alternaria Leaf Spot
Alternaria Leaf Spot/N_456AlterneriaLeafSpot_original_ALS(112).jpg_7f0dc345-c37a-4e76-b77b-c547cce32170.jpg,Alternaria Leaf Spot
Alternaria Leaf Spot/N_456AlterneriaLeafSpot_original_ALS(112).jpg_b6c00fed-c51e-4de9-9c1b-4e288236d5aa.jpg,Alternaria Leaf Spot
Alternaria Leaf Spot/N_456AlterneriaLeafSpot_original_ALS(112).jpg_e4e37858-8533-49a2-b513-d3f0ed5378e1.jpg,Alternaria Leaf Spot
Alternaria Leaf Spot/N_456AlterneriaLeafSpot_original_ALS(112).jpg_f799d090-177a-440a-be21-d22bb18fb25c.jpg,Alternaria Leaf Spot
Alternaria Leaf Spot/N_456AlterneriaLeafSpot_original_ALS(112).jpg_fb31498b-9971-4059-ad16-9145fd2fc6c4.jpg,Alternaria Leaf Spot
Alternaria Leaf Spot/N_456AlterneriaLeafSpot_original_ALS(113).jpg_206f8fae-9957-4fc9-b29e-53641bbd8e38.jpg,Alternaria Leaf Spot
Alternaria Leaf Spot/N_456AlterneriaLeafSpot_original_ALS(113).jpg_64f852ee-edce-49d0-bf18-775aeed92fdd.jpg,Alternaria Leaf Spot
Alternaria Leaf Spot/N_456AlterneriaLeafSpot_original_ALS(113).jpg_68638f3f-a661-4b93-8b15-11a4e916005d.jpg,Alternaria Leaf Spot
Alternaria Leaf Spot/N_456AlterneriaLeafSpot_original_ALS(113).jpg_d24a2a70-f95c-4d21-9015-581750f0de88.jpg,Alternaria Leaf Spot
Alternaria Leaf Spot/N_456AlterneriaLeafSpot_original_ALS(113).jpg_d7fb8d17-8c6a-48f9-aa82-e70bbcce0ee3.jpg,Alternaria Leaf Spot
Alternaria Leaf Spot/N_456AlterneriaLeafSpot_original_ALS(113).jpg_fd59a0bf-43ff-4e14-a8a5-78b8ac362604.jpg,Alternaria Leaf Spot
Alternaria Leaf Spot/N_456AlterneriaLeafSpot_original_ALS(114).jpg_1d3a1d38-a456-4a7a-b260-14fb5d65f949.jpg,Alternaria Leaf Spot
Alternaria Leaf Spot/N_456AlterneriaLeafSpot_original_ALS(114).jpg_49580abe-b745-4482-a81d-2ecfcdd3d9a2.jpg,Alternaria Leaf Spot
Alternaria Leaf Spot/N_456AlterneriaLeafSpot_original_ALS(114).jpg_519f63e6-c469-48f0-8ffd-87a55f230fbe.jpg,Alternaria Leaf Spot
Alternaria Leaf Spot/N_456AlterneriaLeafSpot_original_ALS(114).jpg_6c28c7a7-2e98-4eb2-855d-36bbb0e0122b.jpg,Alternaria Leaf Spot
Alternaria Leaf Spot/N_456AlterneriaLeafSpot_original_ALS(114).jpg_797588b8-91d9-4e2f-869e-8882c8f99de3.jpg,Alternaria Leaf Spot
Alternaria Leaf Spot/N_456AlterneriaLeafSpot_original_ALS(114).jpg_8a9929d9-2e9b-41a4-aecd-9d6d418cddb6.jpg,Alternaria Leaf Spot
Alternaria Leaf Spot/N_456AlterneriaLeafSpot_original_ALS(114).jpg_9c57d427-c9da-4cbf-a1ca-95184fa41bba.jpg,Alternaria Leaf Spot
Alternaria Leaf Spot/N_456AlterneriaLeafSpot_original_ALS(114).jpg_b9ba2c1d-ce33-485b-bba9-c7f0844217cd.jpg,Alternaria Leaf Spot
Alternaria Leaf Spot/N_456AlterneriaLeafSpot_original_ALS(115).jpg_14366095-d799-4e20-8714-350dc189773f.jpg,Alternaria Leaf Spot
Alternaria Leaf Spot/N_456AlterneriaLeafSpot_original_ALS(115).jpg_2a8b25b5-6b24-4a55-8b43-4a2b9ae76f80.jpg,Alternaria Leaf Spot
Alternaria Leaf Spot/N_456AlterneriaLeafSpot_original_ALS(115).jpg_8460ad6e-da94-446a-bca4-b6990bbb12e7.jpg,Alternaria Leaf Spot
Alternaria Leaf Spot/N_456AlterneriaLeafSpot_original_ALS(115).jpg_b2a80fbe-46b6-4aec-b3b0-106f07f55a05.jpg,Alternaria Leaf Spot
Alternaria Leaf Spot/N_456AlterneriaLeafSpot_original_ALS(115).jpg_b3ea6f5e-67d5-43ed-af14-8e585a98b724.jpg,Alternaria Leaf Spot
Alternaria Leaf Spot/N_456AlterneriaLeafSpot_original_ALS(115).jpg_c5571c69-96ef-43bc-88ad-67fceff2fb6a.jpg,Alternaria Leaf Spot
Alternaria Leaf Spot/N_456AlterneriaLeafSpot_original_ALS(116).jpg_014d672b-791e-4834-aee7-41dff46bfa2c.jpg,Alternaria Leaf Spot
Alternaria Leaf Spot/N_456AlterneriaLeafSpot_original_ALS(116).jpg_022e3d77-e45f-4b3f-af22-10002b14d9ea.jpg,Alternaria Leaf Spot
Alternaria Leaf Spot/N_456AlterneriaLeafSpot_original_ALS(116).jpg_0a19b70d-5628-48df-badc-d568424224cf.jpg,Alternaria Leaf Spot
Alternaria Leaf Spot/N_456AlterneriaLeafSpot_original_ALS(116).jpg_3a15ff8b-bc6b-46b8-8f17-11dc43db0fa7.jpg,Alternaria Leaf Spot
Alternaria Leaf Spot/N_456AlterneriaLeafSpot_original_ALS(116).jpg_3f6029f6-7989-48e2-ac46-35b500ac4036.jpg,Alternaria Leaf Spot
Alternaria Leaf Spot/N_456AlterneriaLeafSpot_original_ALS(116).jpg_42c1e44a-7b21-44b6-9484-f4293a54dc86.jpg,Alternaria Leaf Spot
Alternaria Leaf Spot/N_456AlterneriaLeafSpot_original_ALS(116).jpg_98a166f8-37b9-443a-ab83-9a43f47b5dfe.jpg,Alternaria Leaf Spot
Alternaria Leaf Spot/N_456AlterneriaLeafSpot_original_ALS(116).jpg_fd58be12-540d-4e86-a86c-aead90d224d8.jpg,Alternaria Leaf Spot
Alternaria Leaf Spot/N_456AlterneriaLeafSpot_original_ALS(117).jpg_0a8420c1-e438-4e88-aec3-bb5aaa67ac70.jpg,Alternaria Leaf Spot
Alternaria Leaf Spot/N_456AlterneriaLeafSpot_original_ALS(117).jpg_18820c71-a451-4373-ba18-a9a2810554b5.jpg,Alternaria Leaf Spot
Alternaria Leaf Spot/N_456AlterneriaLeafSpot_original_ALS(117).jpg_9b5cefe3-7921-4c16-b47c-7f24e4e3fb6b.jpg,Alternaria Leaf Spot
Alternaria Leaf Spot/N_456AlterneriaLeafSpot_original_ALS(117).jpg_ce81f376-13d8-4988-b96c-945fb7273205.jpg,Alternaria Leaf Spot
Alternaria Leaf Spot/N_456AlterneriaLeafSpot_original_ALS(117).jpg_eda72b33-9907-450c-9305-b3e1252f7ee0.jpg,Alternaria Leaf Spot
Alternaria Leaf Spot/N_456AlterneriaLeafSpot_original_ALS(118).jpg_5f70c1ca-2f3a-4d03-951b-a93391164d7d.jpg,Alternaria Leaf Spot
Alternaria Leaf Spot/N_456AlterneriaLeafSpot_original_ALS(118).jpg_6a6ec876-b43c-43fa-bbe4-862bec9266ad.jpg,Alternaria Leaf Spot
Alternaria Leaf Spot/N_456AlterneriaLeafSpot_original_ALS(118).jpg_79157e70-eba6-41cc-ad44-b330f705c261.jpg,Alternaria Leaf Spot
Alternaria Leaf Spot/N_456AlterneriaLeafSpot_original_ALS(118).jpg_8f9b341a-256f-43bf-969a-2c3580e13601.jpg,Alternaria Leaf Spot
Alternaria Leaf Spot/N_456AlterneriaLeafSpot_original_ALS(118).jpg_a660ba45-71c0-40ae-bb5c-dbeea1d53b47.jpg,Alternaria Leaf Spot
Alternaria Leaf Spot/N_456AlterneriaLeafSpot_original_ALS(118).jpg_e71cbbf9-35b7-40f7-9f9c-544c91226820.jpg,Alternaria Leaf Spot
Alternaria Leaf Spot/N_456AlterneriaLeafSpot_original_ALS(118).jpg_f15916e3-e5f4-415e-90eb-2d791e9a13a5.jpg,Alternaria Leaf Spot
Alternaria Leaf Spot/N_456AlterneriaLeafSpot_original_ALS(118).jpg_f6392cbf-6a7f-4b0c-9b36-aecc1764c287.jpg,Alternaria Leaf Spot
Alternaria Leaf Spot/N_456AlterneriaLeafSpot_original_ALS(118).jpg_fdf464f3-43f1-4fdd-aa7d-020a76ae4c39.jpg,Alternaria Leaf Spot
Alternaria Leaf Spot/N_456AlterneriaLeafSpot_original_ALS(119).jpg_28b380ca-5cc2-4723-af97-44a9c89e473e.jpg,Alternaria Leaf Spot
Alternaria Leaf Spot/N_456AlterneriaLeafSpot_original_ALS(119).jpg_65e636f0-e1c3-4556-bcbe-6afa019fb1ae.jpg,Alternaria Leaf Spot
Alternaria Leaf Spot/N_456AlterneriaLeafSpot_original_ALS(119).jpg_732a2e16-ca36-4134-8eb3-e1d6fb52464c.jpg,Alternaria Leaf Spot
Alternaria Leaf Spot/N_456AlterneriaLeafSpot_original_ALS(119).jpg_81cd36b3-be37-414a-a37c-7a9e0dc57d11.jpg,Alternaria Leaf Spot
Alternaria Leaf Spot/N_456AlterneriaLeafSpot_original_ALS(119).jpg_95dbce13-1cdd-4437-b66f-794f3548137f.jpg,Alternaria Leaf Spot
Alternaria Leaf Spot/N_456AlterneriaLeafSpot_original_ALS(119).jpg_976ee74c-1cc0-4c82-b54f-4ec0d4079dff.jpg,Alternaria Leaf Spot
Alternaria Leaf Spot/N_456AlterneriaLeafSpot_original_ALS(119).jpg_a95d71b2-0db9-42dd-a101-d49ce71ff966.jpg,Alternaria Leaf Spot
Alternaria Leaf Spot/N_456AlterneriaLeafSpot_original_ALS(119).jpg_da01a53a-1875-4390-b546-d88afb111251.jpg,Alternaria Leaf Spot
Alternaria Leaf Spot/N_456AlterneriaLeafSpot_original_ALS(12).jpg_13398968-52d5-47f1-8882-9a5199166ded.jpg,Alternaria Leaf Spot
Alternaria Leaf Spot/N_456AlterneriaLeafSpot_original_ALS(12).jpg_1e5704aa-be77-4c36-9075-25413ab1ed79.jpg,Alternaria Leaf Spot
Alternaria Leaf Spot/N_456AlterneriaLeafSpot_original_ALS(12).jpg_3b4ac9c4-84e1-4539-b0f9-84006edf2894.jpg,Alternaria Leaf Spot
Alternaria Leaf Spot/N_456AlterneriaLeafSpot_original_ALS(12).jpg_715d7b08-c968-4721-b4b4-b29fe8e1b36b.jpg,Alternaria Leaf Spot
Alternaria Leaf Spot/N_456AlterneriaLeafSpot_original_ALS(12).jpg_72c8d3fb-d5bd-40f3-a7a5-7a63488d790f.jpg,Alternaria Leaf Spot
Alternaria Leaf Spot/N_456AlterneriaLeafSpot_original_ALS(12).jpg_7dafa1b4-fedd-4cf9-8b84-f1c2ab6108ee.jpg,Alternaria Leaf Spot
Alternaria Leaf Spot/N_456AlterneriaLeafSpot_original_ALS(12).jpg_bb1ac637-1f05-444b-950b-4fd97e84f1da.jpg,Alternaria Leaf Spot
Alternaria Leaf Spot/N_456AlterneriaLeafSpot_original_ALS(12).jpg_d1ab463d-64ed-47b6-94ac-59762fa55519.jpg,Alternaria Leaf Spot
Alternaria Leaf Spot/N_456AlterneriaLeafSpot_original_ALS(12).jpg_f298dd1f-6a84-4840-b445-cc8cacc78d20.jpg,Alternaria Leaf Spot
Alternaria Leaf Spot/N_456AlterneriaLeafSpot_original_ALS(12).jpg_f37093cb-3b74-41d7-b45d-0a0d3fb06593.jpg,Alternaria Leaf Spot
Alternaria Leaf Spot/N_456AlterneriaLeafSpot_original_ALS(120).jpg_13be7e0d-1d93-4bed-9c78-0d49f97680cf.jpg,Alternaria Leaf Spot
Alternaria Leaf Spot/N_456AlterneriaLeafSpot_original_ALS(120).jpg_1535b1c3-6b92-498e-a466-6d63d11207a4.jpg,Alternaria Leaf Spot
Alternaria Leaf Spot/N_456AlterneriaLeafSpot_original_ALS(120).jpg_6f94ce8d-9d5b-42ba-81bc-b24bc859f0d1.jpg,Alternaria Leaf Spot
Alternaria Leaf Spot/N_456AlterneriaLeafSpot_original_ALS(120).jpg_902eeb5b-f666-439e-8a74-78a46df8ee87.jpg,Alternaria Leaf Spot
Alternaria Leaf Spot/N_456AlterneriaLeafSpot_original_ALS(120).jpg_a2b18d09-2e2a-472f-8c39-ecfa443cd06a.jpg,Alternaria Leaf Spot
Alternaria Leaf Spot/N_456AlterneriaLeafSpot_original_ALS(120).jpg_ef235cae-b095-4d31-96b2-2c26694d722d.jpg,Alternaria Leaf Spot
Alternaria Leaf Spot/N_456AlterneriaLeafSpot_original_ALS(120).jpg_fbf0c7c3-3d37-4c74-9d1f-99a12705ee0a.jpg,Alternaria Leaf Spot
Alternaria Leaf Spot/N_456AlterneriaLeafSpot_original_ALS(121).jpg_45bb0e82-e561-4bc8-8685-c3847b9b48c1.jpg,Alternaria Leaf Spot
Alternaria Leaf Spot/N_456AlterneriaLeafSpot_original_ALS(121).jpg_52f8c7d7-7016-4dec-8fa3-196854b94638.jpg,Alternaria Leaf Spot
Alternaria Leaf Spot/N_456AlterneriaLeafSpot_original_ALS(121).jpg_5e9bbe35-b330-454c-8f5e-c4695454ab23.jpg,Alternaria Leaf Spot
Alternaria Leaf Spot/N_456AlterneriaLeafSpot_original_ALS(121).jpg_8def9fdc-524c-4a10-863a-bc5505c5c305.jpg,Alternaria Leaf Spot
Alternaria Leaf Spot/N_456AlterneriaLeafSpot_original_ALS(121).jpg_c6e00959-d852-4f87-8ad5-e8f772a3e2f7.jpg,Alternaria Leaf Spot
Alternaria Leaf Spot/N_456AlterneriaLeafSpot_original_ALS(121).jpg_cc98bc90-ab07-4a58-b24f-07b1766baefc.jpg,Alternaria Leaf Spot
Alternaria Leaf Spot/N_456AlterneriaLeafSpot_original_ALS(121).jpg_ccadfa7b-b159-423b-8ad9-73092c739bd2.jpg,Alternaria Leaf Spot
Alternaria Leaf Spot/N_456AlterneriaLeafSpot_original_ALS(121).jpg_d3bc5ba4-2cbf-453b-bde8-61659fe8d562.jpg,Alternaria Leaf Spot
Alternaria Leaf Spot/N_456AlterneriaLeafSpot_original_ALS(122).jpg_16aa0307-ee30-40c9-af68-5e1b4fe70cb2.jpg,Alternaria Leaf Spot
Alternaria Leaf Spot/N_456AlterneriaLeafSpot_original_ALS(122).jpg_1bbb5233-d481-4347-a67d-7a3d57838f07.jpg,Alternaria Leaf Spot
Alternaria Leaf Spot/N_456AlterneriaLeafSpot_original_ALS(122).jpg_21158653-9ecc-4433-9f79-05b66937eb82.jpg,Alternaria Leaf Spot
Alternaria Leaf Spot/N_456AlterneriaLeafSpot_original_ALS(122).jpg_2273ecd8-169c-409c-ab1a-dabcf7bd6137.jpg,Alternaria Leaf Spot
Alternaria Leaf Spot/N_456AlterneriaLeafSpot_original_ALS(122).jpg_384b2cac-0992-4652-b461-37803708100a.jpg,Alternaria Leaf Spot
Alternaria Leaf Spot/N_456AlterneriaLeafSpot_original_ALS(122).jpg_8b830484-e95c-43c5-975b-964f3b02a188.jpg,Alternaria Leaf Spot
Alternaria Leaf Spot/N_456AlterneriaLeafSpot_original_ALS(122).jpg_8ed4d6a2-e6d2-42ed-8dad-49bc0d3c8617.jpg,Alternaria Leaf Spot
Alternaria Leaf Spot/N_456AlterneriaLeafSpot_original_ALS(122).jpg_994fcfa6-6db5-4672-8e11-c1489f4bf253.jpg,Alternaria Leaf Spot
Alternaria Leaf Spot/N_456AlterneriaLeafSpot_original_ALS(122).jpg_da5c3fc3-8634-4268-901f-6fedd41bf0a8.jpg,Alternaria Leaf Spot
Alternaria Leaf Spot/N_456AlterneriaLeafSpot_original_ALS(123).jpg_3b5d0a98-a92f-48bf-b596-ed9b48c5827f.jpg,Alternaria Leaf Spot
Alternaria Leaf Spot/N_456AlterneriaLeafSpot_original_ALS(123).jpg_403c2772-6e4c-4cd5-a2b1-f8a38b752c85.jpg,Alternaria Leaf Spot
Alternaria Leaf Spot/N_456AlterneriaLeafSpot_original_ALS(123).jpg_493091b0-6457-4631-9262-2195a16ef68b.jpg,Alternaria Leaf Spot
Alternaria Leaf Spot/N_456AlterneriaLeafSpot_original_ALS(123).jpg_7f9ce49a-a4b5-4f11-adc9-9952605e3a57.jpg,Alternaria Leaf Spot
Alternaria Leaf Spot/N_456AlterneriaLeafSpot_original_ALS(123).jpg_813bbc01-fbde-4b82-b3f6-ec9c5da7fa82.jpg,Alternaria Leaf Spot
Alternaria Leaf Spot/N_456AlterneriaLeafSpot_original_ALS(123).jpg_b70a7ce1-2c51-46c4-94c6-ce6a547588fa.jpg,Alternaria Leaf Spot
Alternaria Leaf Spot/N_456AlterneriaLeafSpot_original_ALS(123).jpg_bbfcb284-3abf-4efe-882a-d6a1c1a6613c.jpg,Alternaria Leaf Spot
Alternaria Leaf Spot/N_456AlterneriaLeafSpot_original_ALS(123).jpg_d863a4ae-dfa9-480b-b065-62e9c58d3eb3.jpg,Alternaria Leaf Spot
Alternaria Leaf Spot/N_456AlterneriaLeafSpot_original_ALS(123).jpg_e6b57603-e59c-4ddc-960d-e236ed059313.jpg,Alternaria Leaf Spot
Alternaria Leaf Spot/N_456AlterneriaLeafSpot_original_ALS(123).jpg_ec061370-eb5f-4fb7-94df-5a24b00fb6b7.jpg,Alternaria Leaf Spot
Alternaria Leaf Spot/N_456AlterneriaLeafSpot_original_ALS(123).jpg_f3ed5bf1-526f-41e4-8b1e-7bebec6e8675.jpg,Alternaria Leaf Spot
Alternaria Leaf Spot/N_456AlterneriaLeafSpot_original_ALS(124).jpg_2c2c96d8-a6f3-4a6c-a0fa-e016f3f5aed0.jpg,Alternaria Leaf Spot
Alternaria Leaf Spot/N_456AlterneriaLeafSpot_original_ALS(124).jpg_2e24e16b-fdc6-4a2b-bedb-6145e3f8e934.jpg,Alternaria Leaf Spot
Alternaria Leaf Spot/N_456AlterneriaLeafSpot_original_ALS(124).jpg_494ebe13-8096-4264-9650-f881bd3a53fc.jpg,Alternaria Leaf Spot
Alternaria Leaf Spot/N_456AlterneriaLeafSpot_original_ALS(124).jpg_59407332-c3b8-47d3-9bbf-94019b2e5d91.jpg,Alternaria Leaf Spot
Alternaria Leaf Spot/N_456AlterneriaLeafSpot_original_ALS(124).jpg_8df14486-9cb8-4be3-9560-f5b040fde144.jpg,Alternaria Leaf Spot
Alternaria Leaf Spot/N_456AlterneriaLeafSpot_original_ALS(124).jpg_94ace0db-1dd2-4ad8-bc61-88d40c0c7545.jpg,Alternaria Leaf Spot
Alternaria Leaf Spot/N_456AlterneriaLeafSpot_original_ALS(124).jpg_c85e8474-f333-4f6e-a65b-b2eee4e06c9e.jpg,Alternaria Leaf Spot
Alternaria Leaf Spot/N_456AlterneriaLeafSpot_original_ALS(124).jpg_da92ae9f-76b7-4e9f-a0fd-e8d26d4476e6.jpg,Alternaria Leaf Spot
Alternaria Leaf Spot/N_456AlterneriaLeafSpot_original_ALS(124).jpg_f9b3bd90-b365-417f-851a-3f25524b2bd7.jpg,Alternaria Leaf Spot
Alternaria Leaf Spot/N_456AlterneriaLeafSpot_original_ALS(124).jpg_fba74517-620e-48a6-8e0a-1f83e2774e1c.jpg,Alternaria Leaf Spot
Alternaria Leaf Spot/N_456AlterneriaLeafSpot_original_ALS(125).jpg_01d93e2a-7250-4a50-b9fc-ff1af6dbff6d.jpg,Alternaria Leaf Spot
Alternaria Leaf Spot/N_456AlterneriaLeafSpot_original_ALS(125).jpg_863c2b66-0a49-4e84-aaa9-a2ce1ed7361a.jpg,Alternaria Leaf Spot
Alternaria Leaf Spot/N_456AlterneriaLeafSpot_original_ALS(125).jpg_b9b925f1-bb98-423b-a758-7dbe6c0504fe.jpg,Alternaria Leaf Spot
Alternaria Leaf Spot/N_456AlterneriaLeafSpot_original_ALS(125).jpg_e351e5e5-0e2a-4ef2-898a-0c24bb81bba9.jpg,Alternaria Leaf Spot
Alternaria Leaf Spot/N_456AlterneriaLeafSpot_original_ALS(125).jpg_fa573a7a-00f2-4db9-bd9c-ee5b6806f389.jpg,Alternaria Leaf Spot
Alternaria Leaf Spot/N_456AlterneriaLeafSpot_original_ALS(126).jpg_27845e09-4c02-431e-a206-5b55d262d6ca.jpg,Alternaria Leaf Spot
Alternaria Leaf Spot/N_456AlterneriaLeafSpot_original_ALS(126).jpg_2899490a-5f0d-447a-96b1-d7b93085e4d7.jpg,Alternaria Leaf Spot
Alternaria Leaf Spot/N_456AlterneriaLeafSpot_original_ALS(126).jpg_3b3d6959-518e-46f9-93a1-0beb4726f534.jpg,Alternaria Leaf Spot
Alternaria Leaf Spot/N_456AlterneriaLeafSpot_original_ALS(126).jpg_44893df6-53ed-4d8c-86c8-8ad85d3a03ba.jpg,Alternaria Leaf Spot
Alternaria Leaf Spot/N_456AlterneriaLeafSpot_original_ALS(126).jpg_57e357ea-dd8b-44d6-8b65-c0b09831c172.jpg,Alternaria Leaf Spot
Alternaria Leaf Spot/N_456AlterneriaLeafSpot_original_ALS(126).jpg_68371a20-e13b-412b-8afd-b039de3f4569.jpg,Alternaria Leaf Spot
Alternaria Leaf Spot/N_456AlterneriaLeafSpot_original_ALS(126).jpg_8171a10d-be5e-4fd5-b020-61a68a25906d.jpg,Alternaria Leaf Spot
Alternaria Leaf Spot/N_456AlterneriaLeafSpot_original_ALS(126).jpg_dbcecfbc-9a9d-434a-af65-af442f74ee8d.jpg,Alternaria Leaf Spot
Alternaria Leaf Spot/N_456AlterneriaLeafSpot_original_ALS(126).jpg_e45507d1-9d3f-427a-977b-079d19dc8950.jpg,Alternaria Leaf Spot
Alternaria Leaf Spot/N_456AlterneriaLeafSpot_original_ALS(126).jpg_f201638e-6bd3-4d3d-a172-a51212556f73.jpg,Alternaria Leaf Spot
Alternaria Leaf Spot/N_456AlterneriaLeafSpot_original_ALS(126).jpg_f7af123f-5b5f-4300-b557-95c5f07d6bde.jpg,Alternaria Leaf Spot
Alternaria Leaf Spot/N_456AlterneriaLeafSpot_original_ALS(127).jpg_1927ecf8-1655-496e-b97e-c67692072daf.jpg,Alternaria Leaf Spot
Alternaria Leaf Spot/N_456AlterneriaLeafSpot_original_ALS(127).jpg_4141bd20-8fc1-4bff-b55f-7c3e85b706e7.jpg,Alternaria Leaf Spot
Alternaria Leaf Spot/N_456AlterneriaLeafSpot_original_ALS(127).jpg_71874a4f-1733-4dac-9556-34ff973bb0d5.jpg,Alternaria Leaf Spot
Alternaria Leaf Spot/N_456AlterneriaLeafSpot_original_ALS(127).jpg_a75da5a8-6e9d-443d-89cf-ece29cd9d5ba.jpg,Alternaria Leaf Spot
Alternaria Leaf Spot/N_456AlterneriaLeafSpot_original_ALS(127).jpg_c0098d1e-3734-4c70-8652-975cf12b8593.jpg,Alternaria Leaf Spot
Alternaria Leaf Spot/N_456AlterneriaLeafSpot_original_ALS(127).jpg_e877391f-6cf1-45e0-a837-d773360f9f39.jpg,Alternaria Leaf Spot
Alternaria Leaf Spot/N_456AlterneriaLeafSpot_original_ALS(127).jpg_ed6a9bb1-045f-421e-a924-41266652c65a.jpg,Alternaria Leaf Spot
Alternaria Leaf Spot/N_456AlterneriaLeafSpot_original_ALS(127).jpg_f0a74f4e-3974-496b-a9c3-7a9101c951d2.jpg,Alternaria Leaf Spot
Alternaria Leaf Spot/N_456AlterneriaLeafSpot_original_ALS(128).jpg_36eef746-b2dc-4f2e-9e6e-81f29877096b.jpg,Alternaria Leaf Spot
Alternaria Leaf Spot/N_456AlterneriaLeafSpot_original_ALS(128).jpg_54b5e7b4-72dd-42a1-ab74-ab3068787f0e.jpg,Alternaria Leaf Spot
Alternaria Leaf Spot/N_456AlterneriaLeafSpot_original_ALS(128).jpg_6407df8a-4aed-41db-9f76-eb0266fe2a93.jpg,Alternaria Leaf Spot
Alternaria Leaf Spot/N_456AlterneriaLeafSpot_original_ALS(128).jpg_64285101-d0c5-43c5-ba0f-3464f160f269.jpg,Alternaria Leaf Spot
Alternaria Leaf Spot/N_456AlterneriaLeafSpot_original_ALS(128).jpg_83b05dfb-8d86-43b8-9a71-0f2113f78ee9.jpg,Alternaria Leaf Spot
Alternaria Leaf Spot/N_456AlterneriaLeafSpot_original_ALS(128).jpg_8eee07a3-4e98-421b-9ff9-0e51cf51b7d6.jpg,Alternaria Leaf Spot
Alternaria Leaf Spot/N_456AlterneriaLeafSpot_original_ALS(128).jpg_91790ea5-0168-4287-9170-53041fa8701b.jpg,Alternaria Leaf Spot
Alternaria Leaf Spot/N_456AlterneriaLeafSpot_original_ALS(128).jpg_a0923fc9-3eb8-42d6-9db2-afeb9400ae9f.jpg,Alternaria Leaf Spot
Alternaria Leaf Spot/N_456AlterneriaLeafSpot_original_ALS(128).jpg_fc170c27-9447-4308-84e5-75f837bfaa73.jpg,Alternaria Leaf Spot
Alternaria Leaf Spot/N_456AlterneriaLeafSpot_original_ALS(129).jpg_11508161-d119-435d-bc9f-abb5632f5e6d.jpg,Alternaria Leaf Spot
Alternaria Leaf Spot/N_456AlterneriaLeafSpot_original_ALS(129).jpg_2895a1c0-692e-493b-ab78-b5928103dc8d.jpg,Alternaria Leaf Spot
Alternaria Leaf Spot/N_456AlterneriaLeafSpot_original_ALS(129).jpg_3196d545-9284-421b-9db0-e898d98319a4.jpg,Alternaria Leaf Spot
Alternaria Leaf Spot/N_456AlterneriaLeafSpot_original_ALS(129).jpg_38dd6b2e-88d7-4a11-9622-67e59cbb9916.jpg,Alternaria Leaf Spot
Alternaria Leaf Spot/N_456AlterneriaLeafSpot_original_ALS(129).jpg_3cfb514a-5d14-4727-a6be-b651aa5e51cd.jpg,Alternaria Leaf Spot
Alternaria Leaf Spot/N_456AlterneriaLeafSpot_original_ALS(129).jpg_5757ab68-2cb8-414b-b264-8de862fe8542.jpg,Alternaria Leaf Spot
Alternaria Leaf Spot/N_456AlterneriaLeafSpot_original_ALS(129).jpg_7bf66ac2-2f92-4a21-9763-3d89161ac13c.jpg,Alternaria Leaf Spot
Alternaria Leaf Spot/N_456AlterneriaLeafSpot_original_ALS(129).jpg_92a8f1f6-0395-4c7c-8e06-32725cee8239.jpg,Alternaria Leaf Spot
Alternaria Leaf Spot/N_456AlterneriaLeafSpot_original_ALS(129).jpg_9ae8ff2f-929e-44d7-896f-26e294770b9e.jpg,Alternaria Leaf Spot
Alternaria Leaf Spot/N_456AlterneriaLeafSpot_original_ALS(129).jpg_bf2c2dad-bfe6-4141-b9df-2382d204b6ab.jpg,Alternaria Leaf Spot
Alternaria Leaf Spot/N_456AlterneriaLeafSpot_original_ALS(129).jpg_d71ed6a4-d559-47d6-a283-5969342c8d36.jpg,Alternaria Leaf Spot
Alternaria Leaf Spot/N_456AlterneriaLeafSpot_original_ALS(129).jpg_fe40b9b1-941e-49b0-822f-ce0dcf12085f.jpg,Alternaria Leaf Spot
Alternaria Leaf Spot/N_456AlterneriaLeafSpot_original_ALS(13).jpg_170f30b7-3b37-462d-93c1-4a2777c7a2c7.jpg,Alternaria Leaf Spot
Alternaria Leaf Spot/N_456AlterneriaLeafSpot_original_ALS(13).jpg_290c7503-7ec3-4822-9fea-fb307ceb1708.jpg,Alternaria Leaf Spot
Alternaria Leaf Spot/N_456AlterneriaLeafSpot_original_ALS(13).jpg_7c353e66-88f3-4a4a-9f5e-4688a6a3e06c.jpg,Alternaria Leaf Spot
Alternaria Leaf Spot/N_456AlterneriaLeafSpot_original_ALS(13).jpg_8e75f62c-71a1-4e18-8f57-fd6e474bbd48.jpg,Alternaria Leaf Spot
Alternaria Leaf Spot/N_456AlterneriaLeafSpot_original_ALS(13).jpg_c3dc6987-aa71-4dd6-b742-a58db6b6142b.jpg,Alternaria Leaf Spot
Alternaria Leaf Spot/N_456AlterneriaLeafSpot_original_ALS(130).jpg_12303420-210e-47e3-b955-c2af9202f10c.jpg,Alternaria Leaf Spot
Alternaria Leaf Spot/N_456AlterneriaLeafSpot_original_ALS(130).jpg_27f2d3f0-cf7e-4d7a-bd74-74c960780914.jpg,Alternaria Leaf Spot
Alternaria Leaf Spot/N_456AlterneriaLeafSpot_original_ALS(130).jpg_7a3cee98-76bb-417a-97ed-f5723b9fcbc9.jpg,Alternaria Leaf Spot
Alternaria Leaf Spot/N_456AlterneriaLeafSpot_original_ALS(130).jpg_a8ea8270-ac0f-480a-901a-733dbfc25ab6.jpg,Alternaria Leaf Spot
Alternaria Leaf Spot/N_456AlterneriaLeafSpot_original_ALS(130).jpg_d589bf2a-fb3a-4334-bdf8-806b923e0a60.jpg,Alternaria Leaf Spot
Alternaria Leaf Spot/N_456AlterneriaLeafSpot_original_ALS(130).jpg_e464e7b2-0009-4ae9-8e64-604127717bee.jpg,Alternaria Leaf Spot
Alternaria Leaf Spot/N_456AlterneriaLeafSpot_original_ALS(131).jpg_05412a55-27ca-4a79-ae21-9750eccb72fb.jpg,Alternaria Leaf Spot
Alternaria Leaf Spot/N_456AlterneriaLeafSpot_original_ALS(131).jpg_1ba35362-4184-4262-b445-ea0e94cf2e00.jpg,Alternaria Leaf Spot
Alternaria Leaf Spot/N_456AlterneriaLeafSpot_original_ALS(131).jpg_2993e03f-2cb2-4ce3-aa0e-31009585446f.jpg,Alternaria Leaf Spot
Alternaria Leaf Spot/N_456AlterneriaLeafSpot_original_ALS(131).jpg_4b82ee34-68c2-4504-a7f7-9d6975dd2bc4.jpg,Alternaria Leaf Spot
Alternaria Leaf Spot/N_456AlterneriaLeafSpot_original_ALS(131).jpg_4e49c09f-98e8-4956-8521-15c7a8800da6.jpg,Alternaria Leaf Spot
Alternaria Leaf Spot/N_456AlterneriaLeafSpot_original_ALS(131).jpg_5bdd0d62-20a8-4653-8622-fecc82fabc0c.jpg,Alternaria Leaf Spot
Alternaria Leaf Spot/N_456AlterneriaLeafSpot_original_ALS(131).jpg_6dca006b-538b-4270-a702-985bf10121ca.jpg,Alternaria Leaf Spot
Alternaria Leaf Spot/N_456AlterneriaLeafSpot_original_ALS(131).jpg_914426e3-47ce-48d0-a742-e5c358a21bcd.jpg,Alternaria Leaf Spot
Alternaria Leaf Spot/N_456AlterneriaLeafSpot_original_ALS(131).jpg_f15c69e2-c774-4c38-ae1b-7e34419cc3a1.jpg,Alternaria Leaf Spot
Alternaria Leaf Spot/N_456AlterneriaLeafSpot_original_ALS(132).jpg_0b59e113-c1fa-40d5-a277-181a436f9ed2.jpg,Alternaria Leaf Spot
Alternaria Leaf Spot/N_456AlterneriaLeafSpot_original_ALS(132).jpg_0f9c52e7-eefa-4b29-9780-971d6858f847.jpg,Alternaria Leaf Spot
Alternaria Leaf Spot/N_456AlterneriaLeafSpot_original_ALS(132).jpg_2c77a4d2-48b6-4935-bf54-4d5c423c51d5.jpg,Alternaria Leaf Spot
Alternaria Leaf Spot/N_456AlterneriaLeafSpot_original_ALS(132).jpg_471a85a2-ec16-4d04-8b86-53cb85eaef54.jpg,Alternaria Leaf Spot
Alternaria Leaf Spot/N_456AlterneriaLeafSpot_original_ALS(132).jpg_4ce15450-14aa-4520-afca-ea3c38607b3e.jpg,Alternaria Leaf Spot
Alternaria Leaf Spot/N_456AlterneriaLeafSpot_original_ALS(132).jpg_64ec0336-c749-4a8b-a8c3-be9babf4a23f.jpg,Alternaria Leaf Spot
Alternaria Leaf Spot/N_456AlterneriaLeafSpot_original_ALS(132).jpg_6d7e00c9-8ccc-4f25-920e-410488b2a62f.jpg,Alternaria Leaf Spot
Alternaria Leaf Spot/N_456AlterneriaLeafSpot_original_ALS(132).jpg_70335246-3c69-475f-ad7e-77d112dbffd5.jpg,Alternaria Leaf Spot
Alternaria Leaf Spot/N_456AlterneriaLeafSpot_original_ALS(132).jpg_c6af8ca6-1a58-42e0-be24-1a75420acd89.jpg,Alternaria Leaf Spot
Alternaria Leaf Spot/N_456AlterneriaLeafSpot_original_ALS(132).jpg_d6505138-a533-4d28-95bc-73c9556ad072.jpg,Alternaria Leaf Spot
Alternaria Leaf Spot/N_456AlterneriaLeafSpot_original_ALS(133).jpg_104240c3-f207-411c-9fdc-1e5ce1a49786.jpg,Alternaria Leaf Spot
Alternaria Leaf Spot/N_456AlterneriaLeafSpot_original_ALS(133).jpg_15fabed7-f1bf-4c64-9072-711c7f66aa85.jpg,Alternaria Leaf Spot
Alternaria Leaf Spot/N_456AlterneriaLeafSpot_original_ALS(133).jpg_68457477-7a08-4a2f-8a93-b0b6a81d4887.jpg,Alternaria Leaf Spot
Alternaria Leaf Spot/N_456AlterneriaLeafSpot_original_ALS(133).jpg_72eed2c5-e319-4493-93eb-c46f50012139.jpg,Alternaria Leaf Spot
Alternaria Leaf Spot/N_456AlterneriaLeafSpot_original_ALS(133).jpg_9194bc69-757d-4b48-85fa-ad56b1cc05ec.jpg,Alternaria Leaf Spot
Alternaria Leaf Spot/N_456AlterneriaLeafSpot_original_ALS(133).jpg_a9c3fa1e-cee3-4cb2-b331-1a487674a78e.jpg,Alternaria Leaf Spot
Alternaria Leaf Spot/N_456AlterneriaLeafSpot_original_ALS(133).jpg_e40b6dee-6c06-4497-936a-40f06d7bfbd5.jpg,Alternaria Leaf Spot
Alternaria Leaf Spot/N_456AlterneriaLeafSpot_original_ALS(133).jpg_e999ae62-e90a-4413-90ab-57bbaa399261.jpg,Alternaria Leaf Spot
Alternaria Leaf Spot/N_456AlterneriaLeafSpot_original_ALS(133).jpg_ea385d5e-8d55-4e97-8f86-bc5897037c64.jpg,Alternaria Leaf Spot
Alternaria Leaf Spot/N_456AlterneriaLeafSpot_original_ALS(134).jpg_0f1af429-c5ee-455a-918e-806186235fc0.jpg,Alternaria Leaf Spot
Alternaria Leaf Spot/N_456AlterneriaLeafSpot_original_ALS(134).jpg_1bbac548-fad4-4616-b2cc-91539851d79d.jpg,Alternaria Leaf Spot
Alternaria Leaf Spot/N_456AlterneriaLeafSpot_original_ALS(134).jpg_68dc5fcb-db0e-409e-a752-feb3d27fca35.jpg,Alternaria Leaf Spot
Alternaria Leaf Spot/N_456AlterneriaLeafSpot_original_ALS(134).jpg_7060ff1d-8645-4e5b-a449-71d2d4d28c3b.jpg,Alternaria Leaf Spot
Alternaria Leaf Spot/N_456AlterneriaLeafSpot_original_ALS(134).jpg_9299c5a1-38f4-48c8-bdd5-91d1ae1ff54c.jpg,Alternaria Leaf Spot
Alternaria Leaf Spot/N_456AlterneriaLeafSpot_original_ALS(134).jpg_dec655ea-3d75-4d10-b84b-bf630a9a620d.jpg,Alternaria Leaf Spot
Alternaria Leaf Spot/N_456AlterneriaLeafSpot_original_ALS(134).jpg_e67a9771-8cc0-4015-8fd2-81c3314bd5c5.jpg,Alternaria Leaf Spot
Alternaria Leaf Spot/N_456AlterneriaLeafSpot_original_ALS(134).jpg_f1358825-f54f-4548-97a4-c69416d079a6.jpg,Alternaria Leaf Spot
Alternaria Leaf Spot/N_456AlterneriaLeafSpot_original_ALS(134).jpg_f80c4bab-efcc-4474-bfbb-b4d7447ebb5e.jpg,Alternaria Leaf Spot
Alternaria Leaf Spot/N_456AlterneriaLeafSpot_original_ALS(135).jpg_08522141-08bf-49df-89fd-fd243bcc78a5.jpg,Alternaria Leaf Spot
Alternaria Leaf Spot/N_456AlterneriaLeafSpot_original_ALS(135).jpg_28886bbb-4201-444c-a214-f7ae0d8cb71f.jpg,Alternaria Leaf Spot
Alternaria Leaf Spot/N_456AlterneriaLeafSpot_original_ALS(135).jpg_51e9e618-a632-4bb5-a80f-c78fe31271fa.jpg,Alternaria Leaf Spot
Alternaria Leaf Spot/N_456AlterneriaLeafSpot_original_ALS(135).jpg_6aec6b02-c488-4756-b16d-f8a138d99bc7.jpg,Alternaria Leaf Spot
Alternaria Leaf Spot/N_456AlterneriaLeafSpot_original_ALS(135).jpg_727761c5-1c1a-4665-913d-144900c11dac.jpg,Alternaria Leaf Spot
Alternaria Leaf Spot/N_456AlterneriaLeafSpot_original_ALS(135).jpg_8e20b134-cd5b-4155-a964-579877e811bc.jpg,Alternaria Leaf Spot
Alternaria Leaf Spot/N_456AlterneriaLeafSpot_original_ALS(135).jpg_a728fa11-53a4-4f14-8f44-afc781d351e9.jpg,Alternaria Leaf Spot
Alternaria Leaf Spot/N_456AlterneriaLeafSpot_original_ALS(135).jpg_ac19e1e8-c3d7-49f8-9d77-0bba0fd2a0a0.jpg,Alternaria Leaf Spot
Alternaria Leaf Spot/N_456AlterneriaLeafSpot_original_ALS(135).jpg_b3943c05-6fa5-4f4c-9a00-5421628e9380.jpg,Alternaria Leaf Spot
Alternaria Leaf Spot/N_456AlterneriaLeafSpot_original_ALS(135).jpg_be102e5b-6379-4870-8dbc-25d6ebf8e375.jpg,Alternaria Leaf Spot
Alternaria Leaf Spot/N_456AlterneriaLeafSpot_original_ALS(135).jpg_be371ee5-8164-4b61-b7d6-1f18b6f32bda.jpg,Alternaria Leaf Spot
Alternaria Leaf Spot/N_456AlterneriaLeafSpot_original_ALS(135).jpg_d14dbbc4-cb5b-4403-a3db-5bfa8eb6f990.jpg,Alternaria Leaf Spot
Alternaria Leaf Spot/N_456AlterneriaLeafSpot_original_ALS(135).jpg_d2fb955f-66f5-435a-a70f-7193e849fe42.jpg,Alternaria Leaf Spot
Alternaria Leaf Spot/N_456AlterneriaLeafSpot_original_ALS(135).jpg_e38c0e17-40da-4288-8433-ce4409602e50.jpg,Alternaria Leaf Spot
Alternaria Leaf Spot/N_456AlterneriaLeafSpot_original_ALS(136).jpg_225af018-71a8-40fa-8974-a0a82ad9a082.jpg,Alternaria Leaf Spot
Alternaria Leaf Spot/N_456AlterneriaLeafSpot_original_ALS(136).jpg_256b909a-dbb5-4824-a4af-d3d112334ed2.jpg,Alternaria Leaf Spot
Alternaria Leaf Spot/N_456AlterneriaLeafSpot_original_ALS(136).jpg_351296d0-4966-4a69-be4c-6972a1ddf1d4.jpg,Alternaria Leaf Spot
Alternaria Leaf Spot/N_456AlterneriaLeafSpot_original_ALS(136).jpg_3fbba9d2-00db-43a6-9af2-2363a06073ac.jpg,Alternaria Leaf Spot
Alternaria Leaf Spot/N_456AlterneriaLeafSpot_original_ALS(136).jpg_50946967-7b22-45b5-a687-b8533d316b91.jpg,Alternaria Leaf Spot
Alternaria Leaf Spot/N_456AlterneriaLeafSpot_original_ALS(136).jpg_687d219a-a9e9-44d9-a4e4-d1ce6d76c8b6.jpg,Alternaria Leaf Spot
Alternaria Leaf Spot/N_456AlterneriaLeafSpot_original_ALS(136).jpg_872210d1-3930-4ca3-baf6-e4c03327a2e2.jpg,Alternaria Leaf Spot
Alternaria Leaf Spot/N_456AlterneriaLeafSpot_original_ALS(136).jpg_a4b33477-9d19-4e5c-87a0-a181db46d521.jpg,Alternaria Leaf Spot
Alternaria Leaf Spot/N_456AlterneriaLeafSpot_original_ALS(136).jpg_b5b1627c-93c6-40f2-99fc-445dd4862c8a.jpg,Alternaria Leaf Spot
Alternaria Leaf Spot/N_456AlterneriaLeafSpot_original_ALS(136).jpg_e33be6c3-4fe2-43bb-b107-b7da034a6e91.jpg,Alternaria Leaf Spot
Alternaria Leaf Spot/N_456AlterneriaLeafSpot_original_ALS(137).jpg_0fb32d33-d553-4034-9c2c-440a9483da5f.jpg,Alternaria Leaf Spot
Alternaria Leaf Spot/N_456AlterneriaLeafSpot_original_ALS(137).jpg_1c419e7f-0e0f-4dba-86d5-b03f0939bef6.jpg,Alternaria Leaf Spot
Alternaria Leaf Spot/N_456AlterneriaLeafSpot_original_ALS(137).jpg_1cd96f04-7c2e-400f-a1de-773e7cb13ae2.jpg,Alternaria Leaf Spot
Alternaria Leaf Spot/N_456AlterneriaLeafSpot_original_ALS(137).jpg_2e9a9b74-787b-4adb-9207-b9ec5562c3f9.jpg,Alternaria Leaf Spot
Alternaria Leaf Spot/N_456AlterneriaLeafSpot_original_ALS(137).jpg_3f8c0033-8c72-4964-8ec8-50480c19f81d.jpg,Alternaria Leaf Spot
Alternaria Leaf Spot/N_456AlterneriaLeafSpot_original_ALS(137).jpg_3f9bd0fd-6d5d-4574-85ab-69d4f7953eed.jpg,Alternaria Leaf Spot
Alternaria Leaf Spot/N_456AlterneriaLeafSpot_original_ALS(137).jpg_44bff905-a3a3-47bb-86b7-310a76b083d5.jpg,Alternaria Leaf Spot
Alternaria Leaf Spot/N_456AlterneriaLeafSpot_original_ALS(137).jpg_771b85e9-17b5-401a-b421-6b9bb8c9cd44.jpg,Alternaria Leaf Spot
Alternaria Leaf Spot/N_456AlterneriaLeafSpot_original_ALS(137).jpg_797596ca-6b0b-460f-be5b-8a12fe04205c.jpg,Alternaria Leaf Spot
Alternaria Leaf Spot/N_456AlterneriaLeafSpot_original_ALS(137).jpg_d7a1c1bd-805b-4f53-b825-439e9b8dab44.jpg,Alternaria Leaf Spot
Alternaria Leaf Spot/N_456AlterneriaLeafSpot_original_ALS(137).jpg_f0f55a9f-9b52-44f7-898c-2bef7041ed2f.jpg,Alternaria Leaf Spot
Alternaria Leaf Spot/N_456AlterneriaLeafSpot_original_ALS(137).jpg_ff53da73-18ec-4b69-bfc2-c659fcda22e5.jpg,Alternaria Leaf Spot
Alternaria Leaf Spot/N_456AlterneriaLeafSpot_original_ALS(138).jpg_01ddcc66-a622-4f3b-8be8-28d47caa83e7.jpg,Alternaria Leaf Spot
Alternaria Leaf Spot/N_456AlterneriaLeafSpot_original_ALS(138).jpg_292b90b2-b088-476f-86dd-a9d33fccc66f.jpg,Alternaria Leaf Spot
Alternaria Leaf Spot/N_456AlterneriaLeafSpot_original_ALS(138).jpg_451c4568-2bd6-4c46-ba81-29538f25d007.jpg,Alternaria Leaf Spot
Alternaria Leaf Spot/N_456AlterneriaLeafSpot_original_ALS(138).jpg_55a4f71c-994f-448e-b3f4-083585738365.jpg,Alternaria Leaf Spot
Alternaria Leaf Spot/N_456AlterneriaLeafSpot_original_ALS(138).jpg_76612c1e-883b-43e3-b5ae-e2dd4a0a6bfa.jpg,Alternaria Leaf Spot
Alternaria Leaf Spot/N_456AlterneriaLeafSpot_original_ALS(138).jpg_79c2de90-f767-4494-b97a-64e2b3134342.jpg,Alternaria Leaf Spot
Alternaria Leaf Spot/N_456AlterneriaLeafSpot_original_ALS(138).jpg_7e49ceeb-7857-4a1d-a32b-42aea79e2ec0.jpg,Alternaria Leaf Spot
Alternaria Leaf Spot/N_456AlterneriaLeafSpot_original_ALS(138).jpg_a7148520-a530-4acd-8cfa-acf27ff3b768.jpg,Alternaria Leaf Spot
Alternaria Leaf Spot/N_456AlterneriaLeafSpot_original_ALS(138).jpg_a77a8735-a02f-471c-8aa0-060bdd9c4c8e.jpg,Alternaria Leaf Spot
Alternaria Leaf Spot/N_456AlterneriaLeafSpot_original_ALS(138).jpg_b6a5a4f9-de00-4150-acc8-9ba70f4aa2e0.jpg,Alternaria Leaf Spot
Alternaria Leaf Spot/N_456AlterneriaLeafSpot_original_ALS(138).jpg_fc573365-13bd-4ec2-ba73-b4c3bb8c3f19.jpg,Alternaria Leaf Spot
Alternaria Leaf Spot/N_456AlterneriaLeafSpot_original_ALS(139).jpg_3ed27f8a-b360-4129-a815-d0023e72951a.jpg,Alternaria Leaf Spot
Alternaria Leaf Spot/N_456AlterneriaLeafSpot_original_ALS(139).jpg_b5206a53-64b3-47a9-85d3-d89ca2b63b1e.jpg,Alternaria Leaf Spot
Alternaria Leaf Spot/N_456AlterneriaLeafSpot_original_ALS(139).jpg_c0b4dd11-a521-4eb8-8c1a-a0bf8cdb7473.jpg,Alternaria Leaf Spot
Alternaria Leaf Spot/N_456AlterneriaLeafSpot_original_ALS(139).jpg_d8050dac-c570-454f-bf61-c4e3f753e730.jpg,Alternaria Leaf Spot
Alternaria Leaf Spot/N_456AlterneriaLeafSpot_original_ALS(139).jpg_d8b3fc1a-76ea-4296-88a9-08b00f67f294.jpg,Alternaria Leaf Spot
Alternaria Leaf Spot/N_456AlterneriaLeafSpot_original_ALS(139).jpg_eb87801b-429a-40b0-83b7-43f86a22ca82.jpg,Alternaria Leaf Spot
Alternaria Leaf Spot/N_456AlterneriaLeafSpot_original_ALS(14).jpg_08f4adc5-31d9-42d8-82a6-6e2f3b088baa.jpg,Alternaria Leaf Spot
Alternaria Leaf Spot/N_456AlterneriaLeafSpot_original_ALS(14).jpg_225c0e02-654d-402c-b4f2-4af07683819d.jpg,Alternaria Leaf Spot
Alternaria Leaf Spot/N_456AlterneriaLeafSpot_original_ALS(14).jpg_385d94a6-bb70-4971-9b49-5aa52291fc08.jpg,Alternaria Leaf Spot
Alternaria Leaf Spot/N_456AlterneriaLeafSpot_original_ALS(14).jpg_6b3bc93b-1835-430f-8b89-4b5396afefc7.jpg,Alternaria Leaf Spot
Alternaria Leaf Spot/N_456AlterneriaLeafSpot_original_ALS(14).jpg_df267ac7-d5c3-4010-8693-ad0ca9433c13.jpg,Alternaria Leaf Spot
Alternaria Leaf Spot/N_456AlterneriaLeafSpot_original_ALS(140).jpg_1d84c508-4fb1-416d-af8f-52d5438e51cd.jpg,Alternaria Leaf Spot
Alternaria Leaf Spot/N_456AlterneriaLeafSpot_original_ALS(140).jpg_3dd69bc5-7c50-45d3-8d75-1fe99bb3ee5a.jpg,Alternaria Leaf Spot
Alternaria Leaf Spot/N_456AlterneriaLeafSpot_original_ALS(140).jpg_534c7f08-4361-4a7a-9466-9b507ab983f1.jpg,Alternaria Leaf Spot
Alternaria Leaf Spot/N_456AlterneriaLeafSpot_original_ALS(140).jpg_9d3193e8-9cef-4cd5-8279-d346fc18577f.jpg,Alternaria Leaf Spot
Alternaria Leaf Spot/N_456AlterneriaLeafSpot_original_ALS(140).jpg_cefe5b1d-e436-4b27-a8b7-6f1aa707d53e.jpg,Alternaria Leaf Spot
Alternaria Leaf Spot/N_456AlterneriaLeafSpot_original_ALS(140).jpg_d149be02-87b8-404c-a4b7-307f48f9223f.jpg,Alternaria Leaf Spot
Alternaria Leaf Spot/N_456AlterneriaLeafSpot_original_ALS(140).jpg_d7560d77-34af-47c9-bcce-cf5c1960586f.jpg,Alternaria Leaf Spot
Alternaria Leaf Spot/N_456AlterneriaLeafSpot_original_ALS(140).jpg_d9e5a26e-b4a4-4452-8604-9442f309691a.jpg,Alternaria Leaf Spot
Alternaria Leaf Spot/N_456AlterneriaLeafSpot_original_ALS(141).jpg_1cada274-ad18-4886-91d7-314f5b1c413d.jpg,Alternaria Leaf Spot
Alternaria Leaf Spot/N_456AlterneriaLeafSpot_original_ALS(141).jpg_5546fbb8-a0cf-4d13-b8c1-a0ab67aa6de5.jpg,Alternaria Leaf Spot
Alternaria Leaf Spot/N_456AlterneriaLeafSpot_original_ALS(141).jpg_82e2e2f1-d671-411d-996a-7c0526323b9a.jpg,Alternaria Leaf Spot
Alternaria Leaf Spot/N_456AlterneriaLeafSpot_original_ALS(141).jpg_aff2488b-4053-4e8d-96c0-2ea8e56c00a4.jpg,Alternaria Leaf Spot
Alternaria Leaf Spot/N_456AlterneriaLeafSpot_original_ALS(141).jpg_bfd28d32-d1ee-43eb-8a19-7e7e6a44869e.jpg,Alternaria Leaf Spot
Alternaria Leaf Spot/N_456AlterneriaLeafSpot_original_ALS(142).jpg_50d7a3a4-316b-4caa-8018-4144a884734f.jpg,Alternaria Leaf Spot
Alternaria Leaf Spot/N_456AlterneriaLeafSpot_original_ALS(142).jpg_63eb6e6c-a7c9-4658-b695-fb3c19df17ab.jpg,Alternaria Leaf Spot
Alternaria Leaf Spot/N_456AlterneriaLeafSpot_original_ALS(142).jpg_a556aa8a-adb4-491b-8374-516c729dcea2.jpg,Alternaria Leaf Spot
Alternaria Leaf Spot/N_456AlterneriaLeafSpot_original_ALS(142).jpg_c629c67a-158e-49b4-91c7-89df59431dde.jpg,Alternaria Leaf Spot
Alternaria Leaf Spot/N_456AlterneriaLeafSpot_original_ALS(142).jpg_e3e914f8-3c7c-4f5e-a674-fd952b0fa109.jpg,Alternaria Leaf Spot
Alternaria Leaf Spot/N_456AlterneriaLeafSpot_original_ALS(142).jpg_f058bf57-953d-4a5b-b915-68e60a3ba208.jpg,Alternaria Leaf Spot
Alternaria Leaf Spot/N_456AlterneriaLeafSpot_original_ALS(143).jpg_160be3d8-1e53-4a40-94d2-9a232e864d44.jpg,Alternaria Leaf Spot
Alternaria Leaf Spot/N_456AlterneriaLeafSpot_original_ALS(143).jpg_3abfc764-bf63-4948-b919-02e9eb747af8.jpg,Alternaria Leaf Spot
Alternaria Leaf Spot/N_456AlterneriaLeafSpot_original_ALS(143).jpg_3d917f33-6a47-435b-8105-46777b226ba1.jpg,Alternaria Leaf Spot
Alternaria Leaf Spot/N_456AlterneriaLeafSpot_original_ALS(143).jpg_8660173a-5b13-4024-a87c-47dafd390368.jpg,Alternaria Leaf Spot
Alternaria Leaf Spot/N_456AlterneriaLeafSpot_original_ALS(144).jpg_396467ce-658b-407d-8c45-1171d654ba62.jpg,Alternaria Leaf Spot
Alternaria Leaf Spot/N_456AlterneriaLeafSpot_original_ALS(144).jpg_4afd4538-9c44-40fa-a6cf-1a3e34094100.jpg,Alternaria Leaf Spot
Alternaria Leaf Spot/N_456AlterneriaLeafSpot_original_ALS(144).jpg_70f6635e-33b8-4c18-bfce-5020c11611a9.jpg,Alternaria Leaf Spot
Alternaria Leaf Spot/N_456AlterneriaLeafSpot_original_ALS(144).jpg_7b886456-bffb-4b96-a4e8-0ca45410a90a.jpg,Alternaria Leaf Spot
Alternaria Leaf Spot/N_456AlterneriaLeafSpot_original_ALS(144).jpg_aeb3ea07-5e5b-49f9-9663-4983ab70a800.jpg,Alternaria Leaf Spot
Alternaria Leaf Spot/N_456AlterneriaLeafSpot_original_ALS(144).jpg_b3ae985e-73a2-4829-8d58-c43c9099cdf4.jpg,Alternaria Leaf Spot
Alternaria Leaf Spot/N_456AlterneriaLeafSpot_original_ALS(144).jpg_caa9a865-ccb8-489a-b95a-db4a40f7e327.jpg,Alternaria Leaf Spot
Alternaria Leaf Spot/N_456AlterneriaLeafSpot_original_ALS(144).jpg_f8891dfc-f4de-42bb-abe4-8bd18bad330d.jpg,Alternaria Leaf Spot
Alternaria Leaf Spot/N_456AlterneriaLeafSpot_original_ALS(145).jpg_0145769c-6ff1-4519-a33d-efa0cdab3d95.jpg,Alternaria Leaf Spot
Alternaria Leaf Spot/N_456AlterneriaLeafSpot_original_ALS(145).jpg_08c5a7a9-6239-4534-9518-bfba0b83cf49.jpg,Alternaria Leaf Spot
Alternaria Leaf Spot/N_456AlterneriaLeafSpot_original_ALS(145).jpg_1cba8042-96c2-4e81-ac1b-0f64852d0a28.jpg,Alternaria Leaf Spot
Alternaria Leaf Spot/N_456AlterneriaLeafSpot_original_ALS(145).jpg_34615fc5-b370-4b15-861a-7e97845b3be1.jpg,Alternaria Leaf Spot
Alternaria Leaf Spot/N_456AlterneriaLeafSpot_original_ALS(145).jpg_793c97d9-d8f3-4e0a-baae-c3953c19d260.jpg,Alternaria Leaf Spot
Alternaria Leaf Spot/N_456AlterneriaLeafSpot_original_ALS(145).jpg_c0e7ef9d-f847-4018-ac0e-6c2935a14a86.jpg,Alternaria Leaf Spot
Alternaria Leaf Spot/N_456AlterneriaLeafSpot_original_ALS(145).jpg_e2f682b6-7418-4bea-b8bf-33b731749ed8.jpg,Alternaria Leaf Spot
Alternaria Leaf Spot/N_456AlterneriaLeafSpot_original_ALS(145).jpg_f2bcf68a-9cd5-4654-820e-a8b8cff47f14.jpg,Alternaria Leaf Spot
Alternaria Leaf Spot/N_456AlterneriaLeafSpot_original_ALS(145).jpg_f73530b1-a662-40d3-85b5-80657153c91a.jpg,Alternaria Leaf Spot
Alternaria Leaf Spot/N_456AlterneriaLeafSpot_original_ALS(145).jpg_fa0347e5-98f1-40e5-8836-c958508f3b76.jpg,Alternaria Leaf Spot
Alternaria Leaf Spot/N_456AlterneriaLeafSpot_original_ALS(146).jpg_1e7ad58c-ff73-4c37-b332-94e731ae89cc.jpg,Alternaria Leaf Spot
Alternaria Leaf Spot/N_456AlterneriaLeafSpot_original_ALS(146).jpg_85fd5737-67bb-4bdd-b177-b6855beb9a2a.jpg,Alternaria Leaf Spot
Alternaria Leaf Spot/N_456AlterneriaLeafSpot_original_ALS(146).jpg_abc9db6a-c58f-4cf9-8126-68b64e5e6e64.jpg,Alternaria Leaf Spot
Alternaria Leaf Spot/N_456AlterneriaLeafSpot_original_ALS(146).jpg_ca747f9c-ee93-4ec1-9d99-7085832b930e.jpg,Alternaria Leaf Spot
Alternaria Leaf Spot/N_456AlterneriaLeafSpot_original_ALS(146).jpg_eedfbdea-1b27-4926-ad54-26ac76721f0f.jpg,Alternaria Leaf Spot
Alternaria Leaf Spot/N_456AlterneriaLeafSpot_original_ALS(147).jpg_3fe30915-789f-4dc7-9586-5401f653712c.jpg,Alternaria Leaf Spot
Alternaria Leaf Spot/N_456AlterneriaLeafSpot_original_ALS(147).jpg_55b23d26-9965-4c0f-ab11-774f8984a5ae.jpg,Alternaria Leaf Spot
Alternaria Leaf Spot/N_456AlterneriaLeafSpot_original_ALS(147).jpg_5f4314e5-15f1-481e-8a33-718d1f86c0ed.jpg,Alternaria Leaf Spot
Alternaria Leaf Spot/N_456AlterneriaLeafSpot_original_ALS(147).jpg_6b0d0f5f-5e90-4e0a-a9dc-6ac36e50698d.jpg,Alternaria Leaf Spot
Alternaria Leaf Spot/N_456AlterneriaLeafSpot_original_ALS(147).jpg_6f668cbd-da5e-40ee-8076-e63e9bf73b0b.jpg,Alternaria Leaf Spot
Alternaria Leaf Spot/N_456AlterneriaLeafSpot_original_ALS(147).jpg_c1868a60-0e8e-4350-8bb6-5961791d49a7.jpg,Alternaria Leaf Spot
Alternaria Leaf Spot/N_456AlterneriaLeafSpot_original_ALS(148).jpg_3920d88a-9767-450e-a28d-618e867f2acf.jpg,Alternaria Leaf Spot
Alternaria Leaf Spot/N_456AlterneriaLeafSpot_original_ALS(148).jpg_419e0383-c867-4ab7-8c97-e86aa03be919.jpg,Alternaria Leaf Spot
Alternaria Leaf Spot/N_456AlterneriaLeafSpot_original_ALS(148).jpg_429e740c-385b-4e84-8501-efbac634b374.jpg,Alternaria Leaf Spot
Alternaria Leaf Spot/N_456AlterneriaLeafSpot_original_ALS(148).jpg_6373b50f-b70b-46bc-b04a-b3d852a67fd7.jpg,Alternaria Leaf Spot
Alternaria Leaf Spot/N_456AlterneriaLeafSpot_original_ALS(148).jpg_68cc8cab-31c1-434c-af2c-fa81d2d22093.jpg,Alternaria Leaf Spot
Alternaria Leaf Spot/N_456AlterneriaLeafSpot_original_ALS(148).jpg_7017d023-964c-4a0f-91bf-460bc1c611e6.jpg,Alternaria Leaf Spot
Alternaria Leaf Spot/N_456AlterneriaLeafSpot_original_ALS(148).jpg_8605dd7d-a4bc-4310-aa04-1c8621225194.jpg,Alternaria Leaf Spot
Alternaria Leaf Spot/N_456AlterneriaLeafSpot_original_ALS(148).jpg_99286b11-b83d-4194-870f-1f8fa507f39f.jpg,Alternaria Leaf Spot
Alternaria Leaf Spot/N_456AlterneriaLeafSpot_original_ALS(148).jpg_aebb0a01-a2a2-46ff-be30-f5c0831944f3.jpg,Alternaria Leaf Spot
Alternaria Leaf Spot/N_456AlterneriaLeafSpot_original_ALS(148).jpg_bd1c2b9f-1597-4daa-9ed9-9cc319f68333.jpg,Alternaria Leaf Spot
Alternaria Leaf Spot/N_456AlterneriaLeafSpot_original_ALS(149).jpg_1936373c-33d9-4871-9341-56626380f144.jpg,Alternaria Leaf Spot
Alternaria Leaf Spot/N_456AlterneriaLeafSpot_original_ALS(149).jpg_1ae32182-45b2-4db1-a80a-5e087eb2be81.jpg,Alternaria Leaf Spot
Alternaria Leaf Spot/N_456AlterneriaLeafSpot_original_ALS(149).jpg_5749c141-9e2a-44d5-aa1d-1c757d05b9a4.jpg,Alternaria Leaf Spot
Alternaria Leaf Spot/N_456AlterneriaLeafSpot_original_ALS(149).jpg_69a646bf-af82-4379-bd48-a8452d4b3134.jpg,Alternaria Leaf Spot
Alternaria Leaf Spot/N_456AlterneriaLeafSpot_original_ALS(149).jpg_c2df5daf-257f-4876-99e8-909a09c83228.jpg,Alternaria Leaf Spot
Alternaria Leaf Spot/N_456AlterneriaLeafSpot_original_ALS(15).jpg_1f148f3b-ab2a-4960-9316-b29a6c77ab67.jpg,Alternaria Leaf Spot
Alternaria Leaf Spot/N_456AlterneriaLeafSpot_original_ALS(15).jpg_263ab430-1023-4760-a7b1-6db122fc375f.jpg,Alternaria Leaf Spot
Alternaria Leaf Spot/N_456AlterneriaLeafSpot_original_ALS(15).jpg_8c177146-ac1f-4ae7-a6b5-f2958134f184.jpg,Alternaria Leaf Spot
Alternaria Leaf Spot/N_456AlterneriaLeafSpot_original_ALS(15).jpg_a09aded5-a240-4450-b537-23a62b0987e8.jpg,Alternaria Leaf Spot
Alternaria Leaf Spot/N_456AlterneriaLeafSpot_original_ALS(15).jpg_a84264bf-4359-4d72-8801-ba220883b57b.jpg,Alternaria Leaf Spot
Alternaria Leaf Spot/N_456AlterneriaLeafSpot_original_ALS(15).jpg_b3886e45-956c-410b-904f-a09cd8392b59.jpg,Alternaria Leaf Spot
Alternaria Leaf Spot/N_456AlterneriaLeafSpot_original_ALS(150).jpg_2c4de60f-3613-4417-97a6-c5076f738f04.jpg,Alternaria Leaf Spot
Alternaria Leaf Spot/N_456AlterneriaLeafSpot_original_ALS(150).jpg_370e1509-2ead-4e44-8487-8f859430fcf4.jpg,Alternaria Leaf Spot
Alternaria Leaf Spot/N_456AlterneriaLeafSpot_original_ALS(150).jpg_41c4a4fe-ca10-42ad-bbf7-0f3e0c0a595d.jpg,Alternaria Leaf Spot
Alternaria Leaf Spot/N_456AlterneriaLeafSpot_original_ALS(150).jpg_7080a9d0-2685-4dbb-82c3-22350ab215ed.jpg,Alternaria Leaf Spot
Alternaria Leaf Spot/N_456AlterneriaLeafSpot_original_ALS(150).jpg_7bf29aff-b0ce-4ff5-a42d-cf25c2424c65.jpg,Alternaria Leaf Spot
Alternaria Leaf Spot/N_456AlterneriaLeafSpot_original_ALS(150).jpg_b2228222-5f4a-4cd3-b474-2e2ebbbe8c4d.jpg,Alternaria Leaf Spot
Alternaria Leaf Spot/N_456AlterneriaLeafSpot_original_ALS(150).jpg_b7438a8c-d216-4535-8017-bd8ee8a14e7e.jpg,Alternaria Leaf Spot
Alternaria Leaf Spot/N_456AlterneriaLeafSpot_original_ALS(150).jpg_c956233a-e0ad-40d3-a7f4-57040f337932.jpg,Alternaria Leaf Spot
Alternaria Leaf Spot/N_456AlterneriaLeafSpot_original_ALS(150).jpg_e7df11fb-8425-41e1-a455-b7880c18c973.jpg,Alternaria Leaf Spot
Alternaria Leaf Spot/N_456AlterneriaLeafSpot_original_ALS(151).jpg_39e0fa88-722e-4387-a393-554b02622e81.jpg,Alternaria Leaf Spot
Alternaria Leaf Spot/N_456AlterneriaLeafSpot_original_ALS(151).jpg_420306e2-f11f-4622-893f-b670eb85e221.jpg,Alternaria Leaf Spot
Alternaria Leaf Spot/N_456AlterneriaLeafSpot_original_ALS(151).jpg_8e436dc1-3757-454a-b253-21dca3aaeb24.jpg,Alternaria Leaf Spot
Alternaria Leaf Spot/N_456AlterneriaLeafSpot_original_ALS(151).jpg_c000aa82-45ff-4c51-b359-4eecac5cac34.jpg,Alternaria Leaf Spot
Alternaria Leaf Spot/N_456AlterneriaLeafSpot_original_ALS(151).jpg_d97b79ec-cfe0-4dd9-8e50-d76534d0b2ec.jpg,Alternaria Leaf Spot
Alternaria Leaf Spot/N_456AlterneriaLeafSpot_original_ALS(151).jpg_dbcfd56a-21af-4198-8af4-0efec1685d25.jpg,Alternaria Leaf Spot
Alternaria Leaf Spot/N_456AlterneriaLeafSpot_original_ALS(152).jpg_1327aa26-d149-42ac-a0f2-b795a53dcd3f.jpg,Alternaria Leaf Spot
Alternaria Leaf Spot/N_456AlterneriaLeafSpot_original_ALS(152).jpg_152a3289-c785-4129-8390-759ba50e1aab.jpg,Alternaria Leaf Spot
Alternaria Leaf Spot/N_456AlterneriaLeafSpot_original_ALS(152).jpg_15361242-7bf0-4790-9317-7f8cd8299b95.jpg,Alternaria Leaf Spot
Alternaria Leaf Spot/N_456AlterneriaLeafSpot_original_ALS(152).jpg_1612ba3e-4663-465e-8784-5c3081ee2350.jpg,Alternaria Leaf Spot
Alternaria Leaf Spot/N_456AlterneriaLeafSpot_original_ALS(152).jpg_1ba19792-201b-444c-a9ce-22a57e9f9cdb.jpg,Alternaria Leaf Spot
Alternaria Leaf Spot/N_456AlterneriaLeafSpot_original_ALS(152).jpg_39b5c07a-8f18-45df-88df-4abacbc74669.jpg,Alternaria Leaf Spot
Alternaria Leaf Spot/N_456AlterneriaLeafSpot_original_ALS(152).jpg_9880c46c-a767-4193-903b-a7d04c3d6778.jpg,Alternaria Leaf Spot
Alternaria Leaf Spot/N_456AlterneriaLeafSpot_original_ALS(152).jpg_b366f9fc-4941-4429-8464-3a1b4f5e2a78.jpg,Alternaria Leaf Spot
Alternaria Leaf Spot/N_456AlterneriaLeafSpot_original_ALS(152).jpg_bf052efd-2192-431d-8694-c08db31fc595.jpg,Alternaria Leaf Spot
Alternaria Leaf Spot/N_456AlterneriaLeafSpot_original_ALS(152).jpg_ec196909-be5d-49a1-a377-d005dec14d51.jpg,Alternaria Leaf Spot
Alternaria Leaf Spot/N_456AlterneriaLeafSpot_original_ALS(152).jpg_f1b14ccf-63db-4c55-afc9-fdf5f462c9ad.jpg,Alternaria Leaf Spot
Alternaria Leaf Spot/N_456AlterneriaLeafSpot_original_ALS(152).jpg_f2f0e805-f71f-4c3f-8f2d-81bba4e2024c.jpg,Alternaria Leaf Spot
Alternaria Leaf Spot/N_456AlterneriaLeafSpot_original_ALS(153).jpg_2ce85ed5-50c2-406c-b834-31c949dcdb0a.jpg,Alternaria Leaf Spot
Alternaria Leaf Spot/N_456AlterneriaLeafSpot_original_ALS(153).jpg_591ebc4b-c1bd-410d-8b89-79e3529b5e9a.jpg,Alternaria Leaf Spot
Alternaria Leaf Spot/N_456AlterneriaLeafSpot_original_ALS(153).jpg_779026dc-4bf7-4ed5-a58b-1c436f706e9d.jpg,Alternaria Leaf Spot
Alternaria Leaf Spot/N_456AlterneriaLeafSpot_original_ALS(153).jpg_8358a646-f35f-4dac-9d54-f4a3e7ec257a.jpg,Alternaria Leaf Spot
Alternaria Leaf Spot/N_456AlterneriaLeafSpot_original_ALS(153).jpg_8378bdc5-b05d-43fe-a198-0eda6c4647ae.jpg,Alternaria Leaf Spot
Alternaria Leaf Spot/N_456AlterneriaLeafSpot_original_ALS(153).jpg_9fc39bc4-551f-4e47-9a5b-0a328da74f98.jpg,Alternaria Leaf Spot
Alternaria Leaf Spot/N_456AlterneriaLeafSpot_original_ALS(153).jpg_aefa93a3-7a8f-4b95-b0ea-207132a2b638.jpg,Alternaria Leaf Spot
Alternaria Leaf Spot/N_456AlterneriaLeafSpot_original_ALS(153).jpg_c5e0d55e-0202-44ff-af2b-6edc96153dc6.jpg,Alternaria Leaf Spot
Alternaria Leaf Spot/N_456AlterneriaLeafSpot_original_ALS(154).jpg_07238d4f-a8e6-4b12-92b8-0cbec7c42776.jpg,Alternaria Leaf Spot
Alternaria Leaf Spot/N_456AlterneriaLeafSpot_original_ALS(154).jpg_705421aa-6e3d-4988-b1b9-25a6d21c26b4.jpg,Alternaria Leaf Spot
Alternaria Leaf Spot/N_456AlterneriaLeafSpot_original_ALS(154).jpg_ac935b4b-6717-430b-8f09-8f6fc324fbff.jpg,Alternaria Leaf Spot
Alternaria Leaf Spot/N_456AlterneriaLeafSpot_original_ALS(154).jpg_bc90975f-2fca-44e8-80ef-46a994a0189a.jpg,Alternaria Leaf Spot
Alternaria Leaf Spot/N_456AlterneriaLeafSpot_original_ALS(154).jpg_e169c7a0-1131-43d0-a82e-9b5239add44c.jpg,Alternaria Leaf Spot
Alternaria Leaf Spot/N_456AlterneriaLeafSpot_original_ALS(154).jpg_fe4c6cf6-4395-4f6f-ad2c-c10bc0ee6896.jpg,Alternaria Leaf Spot
Alternaria Leaf Spot/N_456AlterneriaLeafSpot_original_ALS(155).jpg_4623170f-742f-49d4-944f-902ab7b8e256.jpg,Alternaria Leaf Spot
Alternaria Leaf Spot/N_456AlterneriaLeafSpot_original_ALS(155).jpg_770d7bd7-29d5-4ba2-b67f-d0504945d03f.jpg,Alternaria Leaf Spot
Alternaria Leaf Spot/N_456AlterneriaLeafSpot_original_ALS(155).jpg_7bdb57ba-8a28-4ef4-9d58-6caaaf89bf80.jpg,Alternaria Leaf Spot
Alternaria Leaf Spot/N_456AlterneriaLeafSpot_original_ALS(155).jpg_961ae6da-5069-49f9-9dab-f7839b544c1b.jpg,Alternaria Leaf Spot
Alternaria Leaf Spot/N_456AlterneriaLeafSpot_original_ALS(155).jpg_9b9b03a5-4fb3-4e53-bf40-ab535a41bb3c.jpg,Alternaria Leaf Spot
Alternaria Leaf Spot/N_456AlterneriaLeafSpot_original_ALS(155).jpg_9c6588b6-7038-4e9a-a722-638a0e0f3e4a.jpg,Alternaria Leaf Spot
Alternaria Leaf Spot/N_456AlterneriaLeafSpot_original_ALS(155).jpg_9fa982a9-4ac2-4ee8-b291-e1905a017ac6.jpg,Alternaria Leaf Spot
Alternaria Leaf Spot/N_456AlterneriaLeafSpot_original_ALS(155).jpg_ee6442be-406f-4265-b0fb-3195b5163990.jpg,Alternaria Leaf Spot
Alternaria Leaf Spot/N_456AlterneriaLeafSpot_original_ALS(156).jpg_50d1c2f1-81b7-4e73-822f-f63955883d24.jpg,Alternaria Leaf Spot
Alternaria Leaf Spot/N_456AlterneriaLeafSpot_original_ALS(156).jpg_5d0eb181-88cf-4d69-b9ca-6b13a6904955.jpg,Alternaria Leaf Spot
Alternaria Leaf Spot/N_456AlterneriaLeafSpot_original_ALS(156).jpg_6365fbe6-dc0b-4665-b6aa-f5ad6e632c44.jpg,Alternaria Leaf Spot
Alternaria Leaf Spot/N_456AlterneriaLeafSpot_original_ALS(156).jpg_654b89a6-ad5e-43be-8787-d5542ca89cf8.jpg,Alternaria Leaf Spot
Alternaria Leaf Spot/N_456AlterneriaLeafSpot_original_ALS(156).jpg_ce9f3f7f-312e-4042-a1f9-6740c67c65c4.jpg,Alternaria Leaf Spot
Alternaria Leaf Spot/N_456AlterneriaLeafSpot_original_ALS(156).jpg_d4a46a20-6e8b-4571-a24c-37e8e2aaa6c1.jpg,Alternaria Leaf Spot
Alternaria Leaf Spot/N_456AlterneriaLeafSpot_original_ALS(156).jpg_f4d5452e-b86f-4a7a-90fc-1fdc1b17927c.jpg,Alternaria Leaf Spot
Alternaria Leaf Spot/N_456AlterneriaLeafSpot_original_ALS(157).jpg_07e0d831-2465-4d6d-ba4a-7cb36cf82827.jpg,Alternaria Leaf Spot
Alternaria Leaf Spot/N_456AlterneriaLeafSpot_original_ALS(157).jpg_329f6dc4-7c54-4e43-86cd-7b6d783c6bfd.jpg,Alternaria Leaf Spot
Alternaria Leaf Spot/N_456AlterneriaLeafSpot_original_ALS(157).jpg_5e72d1f4-129b-45db-a635-137d298a831b.jpg,Alternaria Leaf Spot
Alternaria Leaf Spot/N_456AlterneriaLeafSpot_original_ALS(157).jpg_67ef54be-09b3-4ef2-a623-c97ad1fb79a5.jpg,Alternaria Leaf Spot
Alternaria Leaf Spot/N_456AlterneriaLeafSpot_original_ALS(157).jpg_790deb3c-5326-4bd5-bc7e-94c743c88491.jpg,Alternaria Leaf Spot
Alternaria Leaf Spot/N_456AlterneriaLeafSpot_original_ALS(157).jpg_a017b4a0-c234-4442-9565-4e4a69fc10f4.jpg,Alternaria Leaf Spot
Alternaria Leaf Spot/N_456AlterneriaLeafSpot_original_ALS(157).jpg_b4c4942b-c668-4ebc-ace7-b9057fe882c3.jpg,Alternaria Leaf Spot
Alternaria Leaf Spot/N_456AlterneriaLeafSpot_original_ALS(157).jpg_bfd40941-9010-44dc-90ba-553edd5c4302.jpg,Alternaria Leaf Spot
Alternaria Leaf Spot/N_456AlterneriaLeafSpot_original_ALS(157).jpg_e103cfdb-5ecc-4638-adcb-d93d0a2bf044.jpg,Alternaria Leaf Spot
Alternaria Leaf Spot/N_456AlterneriaLeafSpot_original_ALS(157).jpg_e510b25d-b4fe-4a37-b435-582d672f1bdf.jpg,Alternaria Leaf Spot
Alternaria Leaf Spot/N_456AlterneriaLeafSpot_original_ALS(157).jpg_fc89d551-b7eb-40ff-aca6-f1785a95ff6d.jpg,Alternaria Leaf Spot
Alternaria Leaf Spot/N_456AlterneriaLeafSpot_original_ALS(158).jpg_20ca927b-9e16-4389-a210-e641dfeb32e8.jpg,Alternaria Leaf Spot
Alternaria Leaf Spot/N_456AlterneriaLeafSpot_original_ALS(158).jpg_39592228-c961-4168-bcf5-dbd297fff866.jpg,Alternaria Leaf Spot
Alternaria Leaf Spot/N_456AlterneriaLeafSpot_original_ALS(158).jpg_a5f727e1-9825-4965-bbbb-8a8dcf5a355b.jpg,Alternaria Leaf Spot
Alternaria Leaf Spot/N_456AlterneriaLeafSpot_original_ALS(158).jpg_d3f6b871-5861-4ecb-aaee-a1c546692900.jpg,Alternaria Leaf Spot
Alternaria Leaf Spot/N_456AlterneriaLeafSpot_original_ALS(16).jpg_41587987-1027-4b7b-a918-88b5f87d3747.jpg,Alternaria Leaf Spot
Alternaria Leaf Spot/N_456AlterneriaLeafSpot_original_ALS(16).jpg_53040c73-4bf2-4452-acf0-5d009f7ff94d.jpg,Alternaria Leaf Spot
Alternaria Leaf Spot/N_456AlterneriaLeafSpot_original_ALS(16).jpg_b7526ed0-46b7-4d30-8421-2dbcbd170239.jpg,Alternaria Leaf Spot
Alternaria Leaf Spot/N_456AlterneriaLeafSpot_original_ALS(16).jpg_f5c31eb5-7a4a-4463-b25a-e7200042254e.jpg,Alternaria Leaf Spot
Alternaria Leaf Spot/N_456AlterneriaLeafSpot_original_ALS(16).jpg_f73891bd-ea8e-488e-9480-925e2e8139d6.jpg,Alternaria Leaf Spot
Alternaria Leaf Spot/N_456AlterneriaLeafSpot_original_ALS(17).jpg_3050dbed-e387-41a2-a142-a56982669b27.jpg,Alternaria Leaf Spot
Alternaria Leaf Spot/N_456AlterneriaLeafSpot_original_ALS(17).jpg_538a6ee5-0d81-42b5-afae-b322666cd3ea.jpg,Alternaria Leaf Spot
Alternaria Leaf Spot/N_456AlterneriaLeafSpot_original_ALS(17).jpg_7cff549b-8500-4e8b-87d3-bd67c0890e0a.jpg,Alternaria Leaf Spot
Alternaria Leaf Spot/N_456AlterneriaLeafSpot_original_ALS(17).jpg_99b3b45c-4997-4cdb-b1ef-b57a4af899da.jpg,Alternaria Leaf Spot
Alternaria Leaf Spot/N_456AlterneriaLeafSpot_original_ALS(17).jpg_9a8e6d5d-5b50-46f0-bf92-71b5dc5589ec.jpg,Alternaria Leaf Spot
Alternaria Leaf Spot/N_456AlterneriaLeafSpot_original_ALS(17).jpg_b14ed97b-e87a-40e5-9bf2-5f630a55e5c9.jpg,Alternaria Leaf Spot
Alternaria Leaf Spot/N_456AlterneriaLeafSpot_original_ALS(17).jpg_c44316d5-93ce-4d04-a24d-557c65854d57.jpg,Alternaria Leaf Spot
Alternaria Leaf Spot/N_456AlterneriaLeafSpot_original_ALS(17).jpg_f0823b18-a9dd-4b2e-9ca7-2c55f3285218.jpg,Alternaria Leaf Spot
Alternaria Leaf Spot/N_456AlterneriaLeafSpot_original_ALS(17).jpg_fcadead7-205c-4a3f-93f7-0e2dce59f12a.jpg,Alternaria Leaf Spot
Alternaria Leaf Spot/N_456AlterneriaLeafSpot_original_ALS(18).jpg_13c6a9dd-3db4-4a58-93b1-39e0fdd70a7e.jpg,Alternaria Leaf Spot
Alternaria Leaf Spot/N_456AlterneriaLeafSpot_original_ALS(18).jpg_30ab2626-21ce-40b6-9053-1a1e0c30226d.jpg,Alternaria Leaf Spot
Alternaria Leaf Spot/N_456AlterneriaLeafSpot_original_ALS(18).jpg_32dd2c25-7ba9-4313-ab1d-33721d62640a.jpg,Alternaria Leaf Spot
Alternaria Leaf Spot/N_456AlterneriaLeafSpot_original_ALS(18).jpg_4bc15a1f-e950-4236-b08f-e971c9dc944a.jpg,Alternaria Leaf Spot
Alternaria Leaf Spot/N_456AlterneriaLeafSpot_original_ALS(18).jpg_62219351-05bb-41b1-874b-ebc4fcf974cf.jpg,Alternaria Leaf Spot
Alternaria Leaf Spot/N_456AlterneriaLeafSpot_original_ALS(18).jpg_8a24165d-ae52-4948-b296-4e8a4bced379.jpg,Alternaria Leaf Spot
Alternaria Leaf Spot/N_456AlterneriaLeafSpot_original_ALS(18).jpg_c662a032-2ed1-4e54-8d1d-739c66f09a13.jpg,Alternaria Leaf Spot
Alternaria Leaf Spot/N_456AlterneriaLeafSpot_original_ALS(18).jpg_e141468e-f261-445a-b3cd-f7b3e8115dc5.jpg,Alternaria Leaf Spot
Alternaria Leaf Spot/N_456AlterneriaLeafSpot_original_ALS(18).jpg_f4ed73c9-fb2b-41a0-bdbc-e02e3fb4c801.jpg,Alternaria Leaf Spot
Alternaria Leaf Spot/N_456AlterneriaLeafSpot_original_ALS(19).jpg_000dd60d-18f7-4400-aa28-f3e29cb5efd9.jpg,Alternaria Leaf Spot
Alternaria Leaf Spot/N_456AlterneriaLeafSpot_original_ALS(19).jpg_291c09bc-1f36-418f-9b98-070064877c07.jpg,Alternaria Leaf Spot
Alternaria Leaf Spot/N_456AlterneriaLeafSpot_original_ALS(19).jpg_58d905ea-f98e-470a-8dc8-1dc4f637be87.jpg,Alternaria Leaf Spot
Alternaria Leaf Spot/N_456AlterneriaLeafSpot_original_ALS(19).jpg_59f5bd29-0247-46b0-a13e-14ccfba0ae1e.jpg,Alternaria Leaf Spot
Alternaria Leaf Spot/N_456AlterneriaLeafSpot_original_ALS(19).jpg_6753eb2c-991c-4112-9aa0-5c9d9f290469.jpg,Alternaria Leaf Spot
Alternaria Leaf Spot/N_456AlterneriaLeafSpot_original_ALS(19).jpg_84421361-9427-4462-922b-4bc02586eb1a.jpg,Alternaria Leaf Spot
Alternaria Leaf Spot/N_456AlterneriaLeafSpot_original_ALS(19).jpg_92b9913c-eaee-41da-83d6-371f0802c2c6.jpg,Alternaria Leaf Spot
Alternaria Leaf Spot/N_456AlterneriaLeafSpot_original_ALS(19).jpg_a09b9a7b-6d9f-4067-91b4-7ccd5467018d.jpg,Alternaria Leaf Spot
Alternaria Leaf Spot/N_456AlterneriaLeafSpot_original_ALS(19).jpg_c829b229-671c-4bbe-9e3a-25ec2fef438a.jpg,Alternaria Leaf Spot
Alternaria Leaf Spot/N_456AlterneriaLeafSpot_original_ALS(19).jpg_ce7832a7-0078-4c5a-935f-6c0409b94bfa.jpg,Alternaria Leaf Spot
Alternaria Leaf Spot/N_456AlterneriaLeafSpot_original_ALS(19).jpg_e098cdc2-d3b1-4138-937b-ba3b2e8b1b5c.jpg,Alternaria Leaf Spot
Alternaria Leaf Spot/N_456AlterneriaLeafSpot_original_ALS(19).jpg_ef0da23e-98d3-489f-9f0c-be9023dcabe9.jpg,Alternaria Leaf Spot
Alternaria Leaf Spot/N_456AlterneriaLeafSpot_original_ALS(2).jpg_22d4d282-900b-4502-822d-701245cf6267.jpg,Alternaria Leaf Spot
Alternaria Leaf Spot/N_456AlterneriaLeafSpot_original_ALS(2).jpg_3a59bbab-7903-4b29-be21-13b079ecccc2.jpg,Alternaria Leaf Spot
Alternaria Leaf Spot/N_456AlterneriaLeafSpot_original_ALS(2).jpg_b69f22bb-4835-4398-99cf-08a31dbc136a.jpg,Alternaria Leaf Spot
Alternaria Leaf Spot/N_456AlterneriaLeafSpot_original_ALS(2).jpg_bf516691-af29-4f12-8944-38481181d50e.jpg,Alternaria Leaf Spot
Alternaria Leaf Spot/N_456AlterneriaLeafSpot_original_ALS(2).jpg_cdd56ba6-3dc9-41cb-ae21-14be877b8826.jpg,Alternaria Leaf Spot
Alternaria Leaf Spot/N_456AlterneriaLeafSpot_original_ALS(2).jpg_ee036693-7f91-484c-b393-24d899c8757a.jpg,Alternaria Leaf Spot
Alternaria Leaf Spot/N_456AlterneriaLeafSpot_original_ALS(20).jpg_265daa1a-345f-493d-877f-13efd75ead56.jpg,Alternaria Leaf Spot
Alternaria Leaf Spot/N_456AlterneriaLeafSpot_original_ALS(20).jpg_45b58c91-39f3-4881-ad38-cf8e742d2465.jpg,Alternaria Leaf Spot
Alternaria Leaf Spot/N_456AlterneriaLeafSpot_original_ALS(20).jpg_a6b25d39-ffbf-48d7-889b-8a6f1ae91ae7.jpg,Alternaria Leaf Spot
Alternaria Leaf Spot/N_456AlterneriaLeafSpot_original_ALS(20).jpg_aa3307b8-4e02-4701-a00f-e370009d2080.jpg,Alternaria Leaf Spot
Alternaria Leaf Spot/N_456AlterneriaLeafSpot_original_ALS(20).jpg_bfe76dc4-c55f-4fd7-b9f5-2ccbc910a35b.jpg,Alternaria Leaf Spot
Alternaria Leaf Spot/N_456AlterneriaLeafSpot_original_ALS(20).jpg_d50de337-f23a-4fad-bad7-89bb88d0a9ea.jpg,Alternaria Leaf Spot
Alternaria Leaf Spot/N_456AlterneriaLeafSpot_original_ALS(20).jpg_ecb0ebdf-255a-459c-9ef8-b1e1c98488cd.jpg,Alternaria Leaf Spot
Alternaria Leaf Spot/N_456AlterneriaLeafSpot_original_ALS(21).jpg_1967bed6-5385-4e99-bdc6-57817a52444d.jpg,Alternaria Leaf Spot
Alternaria Leaf Spot/N_456AlterneriaLeafSpot_original_ALS(21).jpg_1f46778f-93cf-44f6-bb52-31d9a5f24a87.jpg,Alternaria Leaf Spot
Alternaria Leaf Spot/N_456AlterneriaLeafSpot_original_ALS(21).jpg_4ad1b15b-a543-4123-bcc5-2a1b955ef598.jpg,Alternaria Leaf Spot
Alternaria Leaf Spot/N_456AlterneriaLeafSpot_original_ALS(21).jpg_4c92ab84-09d7-447e-8857-077933cf40a9.jpg,Alternaria Leaf Spot
Alternaria Leaf Spot/N_456AlterneriaLeafSpot_original_ALS(21).jpg_8a72b696-71f0-4048-bcde-d9e1768f00c1.jpg,Alternaria Leaf Spot
Alternaria Leaf Spot/N_456AlterneriaLeafSpot_original_ALS(21).jpg_9f5286a6-b878-4934-b21f-85c374724712.jpg,Alternaria Leaf Spot
Alternaria Leaf Spot/N_456AlterneriaLeafSpot_original_ALS(21).jpg_babf9793-a718-445c-a167-35ccb0a5da67.jpg,Alternaria Leaf Spot
Alternaria Leaf Spot/N_456AlterneriaLeafSpot_original_ALS(21).jpg_e3e8c527-cc0a-415d-ae72-c1c786139f20.jpg,Alternaria Leaf Spot
Alternaria Leaf Spot/N_456AlterneriaLeafSpot_original_ALS(21).jpg_f22b359d-dabb-4d06-8b5e-91219ab728ad.jpg,Alternaria Leaf Spot
Alternaria Leaf Spot/N_456AlterneriaLeafSpot_original_ALS(22).jpg_369c02f6-755d-423e-a36b-bab3d89906c8.jpg,Alternaria Leaf Spot
Alternaria Leaf Spot/N_456AlterneriaLeafSpot_original_ALS(22).jpg_400f31a5-74e8-4162-9c95-70abb71e5a3f.jpg,Alternaria Leaf Spot
Alternaria Leaf Spot/N_456AlterneriaLeafSpot_original_ALS(22).jpg_443840a1-8e29-47e9-8be3-cbf041c90a5d.jpg,Alternaria Leaf Spot
Alternaria Leaf Spot/N_456AlterneriaLeafSpot_original_ALS(22).jpg_7e0d9a12-2a75-467b-a2dc-a0151e413774.jpg,Alternaria Leaf Spot
Alternaria Leaf Spot/N_456AlterneriaLeafSpot_original_ALS(22).jpg_a6bd4226-5cb8-4e63-b57e-9164a922adec.jpg,Alternaria Leaf Spot
Alternaria Leaf Spot/N_456AlterneriaLeafSpot_original_ALS(22).jpg_aa29a44f-1f34-4cf0-bc66-1fea3b319978.jpg,Alternaria Leaf Spot
Alternaria Leaf Spot/N_456AlterneriaLeafSpot_original_ALS(22).jpg_ab0c4f01-97d5-426a-8ef1-9d27fade7c66.jpg,Alternaria Leaf Spot
Alternaria Leaf Spot/N_456AlterneriaLeafSpot_original_ALS(22).jpg_b49010c6-0cc7-467a-8fc9-58a292b779eb.jpg,Alternaria Leaf Spot
Alternaria Leaf Spot/N_456AlterneriaLeafSpot_original_ALS(22).jpg_e154b109-0a05-4946-a255-5ae304542fa3.jpg,Alternaria Leaf Spot
Alternaria Leaf Spot/N_456AlterneriaLeafSpot_original_ALS(23).jpg_528f660b-e61b-491f-94c1-5e7c19888201.jpg,Alternaria Leaf Spot
Alternaria Leaf Spot/N_456AlterneriaLeafSpot_original_ALS(23).jpg_53c712d2-d5d9-4b89-99d8-5d3d18049ba7.jpg,Alternaria Leaf Spot
Alternaria Leaf Spot/N_456AlterneriaLeafSpot_original_ALS(23).jpg_5420d34b-aed6-4639-9a17-03e9fa7dfa3d.jpg,Alternaria Leaf Spot
Alternaria Leaf Spot/N_456AlterneriaLeafSpot_original_ALS(23).jpg_8a3bc989-ccc8-4359-9234-2bc4e9d91960.jpg,Alternaria Leaf Spot
Alternaria Leaf Spot/N_456AlterneriaLeafSpot_original_ALS(23).jpg_97371261-dd9a-4aa1-9854-087363884021.jpg,Alternaria Leaf Spot
Alternaria Leaf Spot/N_456AlterneriaLeafSpot_original_ALS(23).jpg_b7d220dc-0545-4aab-9a44-db63c92bd9cc.jpg,Alternaria Leaf Spot
Alternaria Leaf Spot/N_456AlterneriaLeafSpot_original_ALS(23).jpg_bb819ca4-0f66-4271-900e-4b01e7c9e602.jpg,Alternaria Leaf Spot
Alternaria Leaf Spot/N_456AlterneriaLeafSpot_original_ALS(23).jpg_d53c5a83-6b1f-4e9f-aa43-c19a4c7612ff.jpg,Alternaria Leaf Spot
Alternaria Leaf Spot/N_456AlterneriaLeafSpot_original_ALS(24).jpg_06d5674f-2da8-4f6e-a434-0de8bd66201f.jpg,Alternaria Leaf Spot
Alternaria Leaf Spot/N_456AlterneriaLeafSpot_original_ALS(24).jpg_13fcd504-7cc4-49ab-bfda-e84c7191aa0d.jpg,Alternaria Leaf Spot
Alternaria Leaf Spot/N_456AlterneriaLeafSpot_original_ALS(24).jpg_426e89fd-41df-41c6-ac7c-54fb3482ec71.jpg,Alternaria Leaf Spot
Alternaria Leaf Spot/N_456AlterneriaLeafSpot_original_ALS(24).jpg_43daaabf-ee09-4664-88dc-5f3869005ac9.jpg,Alternaria Leaf Spot
Alternaria Leaf Spot/N_456AlterneriaLeafSpot_original_ALS(24).jpg_4a0ee618-f1be-4a56-9d23-1700ed6b6427.jpg,Alternaria Leaf Spot
Alternaria Leaf Spot/N_456AlterneriaLeafSpot_original_ALS(24).jpg_5b943f0e-96ca-4809-a17f-094b7bc11a81.jpg,Alternaria Leaf Spot
Alternaria Leaf Spot/N_456AlterneriaLeafSpot_original_ALS(24).jpg_87758204-e265-421a-9b16-6826732e17f1.jpg,Alternaria Leaf Spot
Alternaria Leaf Spot/N_456AlterneriaLeafSpot_original_ALS(24).jpg_8b232c66-a7c7-4f65-a8a8-fd037bcfa4b7.jpg,Alternaria Leaf Spot
Alternaria Leaf Spot/N_456AlterneriaLeafSpot_original_ALS(24).jpg_978c1661-cca3-4555-9ad8-052055198250.jpg,Alternaria Leaf Spot
Alternaria Leaf Spot/N_456AlterneriaLeafSpot_original_ALS(24).jpg_b2c35fb1-8207-4cf4-b9ed-8cbb2c363e63.jpg,Alternaria Leaf Spot
Alternaria Leaf Spot/N_456AlterneriaLeafSpot_original_ALS(24).jpg_f6ac8e90-91b4-4eb8-bb24-afdc15f24889.jpg,Alternaria Leaf Spot
Alternaria Leaf Spot/N_456AlterneriaLeafSpot_original_ALS(25).jpg_1175a051-215d-4a7e-befc-e1f7ec933861.jpg,Alternaria Leaf Spot
Alternaria Leaf Spot/N_456AlterneriaLeafSpot_original_ALS(25).jpg_24431363-0379-408a-939b-1e059f2dd418.jpg,Alternaria Leaf Spot
Alternaria Leaf Spot/N_456AlterneriaLeafSpot_original_ALS(25).jpg_33d4b9f5-e6e9-4e4c-9508-e759291d866a.jpg,Alternaria Leaf Spot
Alternaria Leaf Spot/N_456AlterneriaLeafSpot_original_ALS(25).jpg_363e2089-1431-450e-b727-a08e9471631e.jpg,Alternaria Leaf Spot
Alternaria Leaf Spot/N_456AlterneriaLeafSpot_original_ALS(25).jpg_3758ab0c-5094-45a1-8c68-6b9c9bdb8462.jpg,Alternaria Leaf Spot
Alternaria Leaf Spot/N_456AlterneriaLeafSpot_original_ALS(25).jpg_37f22bdf-9906-40e8-80b0-e37ce6b64d8e.jpg,Alternaria Leaf Spot
Alternaria Leaf Spot/N_456AlterneriaLeafSpot_original_ALS(25).jpg_6ad4ecdb-0987-4c0e-8511-2abfa70ceee9.jpg,Alternaria Leaf Spot
Alternaria Leaf Spot/N_456AlterneriaLeafSpot_original_ALS(25).jpg_817aed97-995a-406f-8666-0e2928831524.jpg,Alternaria Leaf Spot
Alternaria Leaf Spot/N_456AlterneriaLeafSpot_original_ALS(25).jpg_8edf8ce8-fbb1-405c-9ead-8647b5277de6.jpg,Alternaria Leaf Spot
Alternaria Leaf Spot/N_456AlterneriaLeafSpot_original_ALS(25).jpg_b21f5a42-1dfc-45f2-bfe5-d0ce8267f317.jpg,Alternaria Leaf Spot
Alternaria Leaf Spot/N_456AlterneriaLeafSpot_original_ALS(25).jpg_bca49ab7-e640-4f97-8e60-a6d57c9ea403.jpg,Alternaria Leaf Spot
Alternaria Leaf Spot/N_456AlterneriaLeafSpot_original_ALS(25).jpg_bd4b552d-3109-4d59-bd3d-d7f751c80a9c.jpg,Alternaria Leaf Spot
Alternaria Leaf Spot/N_456AlterneriaLeafSpot_original_ALS(25).jpg_c42bb958-12e9-499a-be89-ad174b83ea41.jpg,Alternaria Leaf Spot
Alternaria Leaf Spot/N_456AlterneriaLeafSpot_original_ALS(26).jpg_0703df98-f7fd-4a82-9fb6-9b583132d223.jpg,Alternaria Leaf Spot
Alternaria Leaf Spot/N_456AlterneriaLeafSpot_original_ALS(26).jpg_2a70ef5f-39a5-47e7-83ba-d3f85b55113c.jpg,Alternaria Leaf Spot
Alternaria Leaf Spot/N_456AlterneriaLeafSpot_original_ALS(26).jpg_41afbe48-3ab2-4000-8d3b-cbac1b8c7fd0.jpg,Alternaria Leaf Spot
Alternaria Leaf Spot/N_456AlterneriaLeafSpot_original_ALS(26).jpg_87693f46-746c-4ebf-986d-4d99444e1155.jpg,Alternaria Leaf Spot
Alternaria Leaf Spot/N_456AlterneriaLeafSpot_original_ALS(26).jpg_b6919ba6-404d-413a-a870-c9b0eb98f7bc.jpg,Alternaria Leaf Spot
Alternaria Leaf Spot/N_456AlterneriaLeafSpot_original_ALS(26).jpg_ed369938-38a3-4cfa-a8ee-fcfde2e50eca.jpg,Alternaria Leaf Spot
Alternaria Leaf Spot/N_456AlterneriaLeafSpot_original_ALS(27).jpg_0982ef30-92ce-4188-986d-0b402652f039.jpg,Alternaria Leaf Spot
Alternaria Leaf Spot/N_456AlterneriaLeafSpot_original_ALS(27).jpg_7a564a44-a4e2-4c34-9c0f-d760c87c81a7.jpg,Alternaria Leaf Spot
Alternaria Leaf Spot/N_456AlterneriaLeafSpot_original_ALS(27).jpg_807de869-a958-4ec4-9d3f-a5bd0025e75b.jpg,Alternaria Leaf Spot
Alternaria Leaf Spot/N_456AlterneriaLeafSpot_original_ALS(27).jpg_927ce4c0-0698-4db2-9ac8-d6949ead24ca.jpg,Alternaria Leaf Spot
Alternaria Leaf Spot/N_456AlterneriaLeafSpot_original_ALS(27).jpg_bc7dc888-a387-416b-98b5-ce250ee824a7.jpg,Alternaria Leaf Spot
Alternaria Leaf Spot/N_456AlterneriaLeafSpot_original_ALS(27).jpg_bf02ad2e-cad7-4c65-bf00-5b9e5348a7c2.jpg,Alternaria Leaf Spot
Alternaria Leaf Spot/N_456AlterneriaLeafSpot_original_ALS(27).jpg_e1a20ec4-38d0-4888-aa9e-fbeb9b95bc68.jpg,Alternaria Leaf Spot
Alternaria Leaf Spot/N_456AlterneriaLeafSpot_original_ALS(28).jpg_0b384c90-6e8f-4ada-8493-da6b96fcbd6f.jpg,Alternaria Leaf Spot
Alternaria Leaf Spot/N_456AlterneriaLeafSpot_original_ALS(28).jpg_7ada6b13-c13a-4a46-a0cf-760fb3c3896d.jpg,Alternaria Leaf Spot
Alternaria Leaf Spot/N_456AlterneriaLeafSpot_original_ALS(28).jpg_833c0903-4620-40ab-a17f-3d5338297d7e.jpg,Alternaria Leaf Spot
Alternaria Leaf Spot/N_456AlterneriaLeafSpot_original_ALS(28).jpg_a15df4a5-3b17-4086-9be2-320842acf2e8.jpg,Alternaria Leaf Spot
Alternaria Leaf Spot/N_456AlterneriaLeafSpot_original_ALS(28).jpg_af0c19c8-1400-42f1-a457-13631991afd6.jpg,Alternaria Leaf Spot
Alternaria Leaf Spot/N_456AlterneriaLeafSpot_original_ALS(28).jpg_b388fe49-7079-4df5-8813-1569a21b42f5.jpg,Alternaria Leaf Spot
Alternaria Leaf Spot/N_456AlterneriaLeafSpot_original_ALS(28).jpg_dac46e60-06e8-43ea-8c84-6a033eb0f0ee.jpg,Alternaria Leaf Spot
Alternaria Leaf Spot/N_456AlterneriaLeafSpot_original_ALS(28).jpg_dfd25039-bf58-4ae9-a7cc-f59736e44515.jpg,Alternaria Leaf Spot
Alternaria Leaf Spot/N_456AlterneriaLeafSpot_original_ALS(28).jpg_f191f4dc-7443-41f3-9578-6cc799500a9a.jpg,Alternaria Leaf Spot
Alternaria Leaf Spot/N_456AlterneriaLeafSpot_original_ALS(29).jpg_0afeee45-5357-46e4-b756-6011654829a1.jpg,Alternaria Leaf Spot
Alternaria Leaf Spot/N_456AlterneriaLeafSpot_original_ALS(29).jpg_209552dc-ec6a-47e5-9ded-7b766d79e599.jpg,Alternaria Leaf Spot
Alternaria Leaf Spot/N_456AlterneriaLeafSpot_original_ALS(29).jpg_2716c55c-6362-4ace-bb14-1a42b6606da9.jpg,Alternaria Leaf Spot
Alternaria Leaf Spot/N_456AlterneriaLeafSpot_original_ALS(29).jpg_29735e1c-d0da-4fc9-ac56-c295f78fc81c.jpg,Alternaria Leaf Spot
Alternaria Leaf Spot/N_456AlterneriaLeafSpot_original_ALS(29).jpg_29a459a9-4b00-4d8d-8f05-880ba66d7910.jpg,Alternaria Leaf Spot
Alternaria Leaf Spot/N_456AlterneriaLeafSpot_original_ALS(29).jpg_36cda2c6-ee4b-4fbe-8d15-989aee971f47.jpg,Alternaria Leaf Spot
Alternaria Leaf Spot/N_456AlterneriaLeafSpot_original_ALS(29).jpg_3dd50c4d-74dd-4b07-8b3e-d7c59fbed80c.jpg,Alternaria Leaf Spot
Alternaria Leaf Spot/N_456AlterneriaLeafSpot_original_ALS(29).jpg_5a66304d-038a-48c7-87fa-c09d14117a7f.jpg,Alternaria Leaf Spot
Alternaria Leaf Spot/N_456AlterneriaLeafSpot_original_ALS(29).jpg_73d26f20-13f7-48e5-875e-15ffe81848e6.jpg,Alternaria Leaf Spot
Alternaria Leaf Spot/N_456AlterneriaLeafSpot_original_ALS(29).jpg_77f21e40-2c3a-4cb2-a61d-c2561ad79e49.jpg,Alternaria Leaf Spot
Alternaria Leaf Spot/N_456AlterneriaLeafSpot_original_ALS(29).jpg_7ede0e27-131b-4eab-8a9b-f28d2814fdad.jpg,Alternaria Leaf Spot
Alternaria Leaf Spot/N_456AlterneriaLeafSpot_original_ALS(29).jpg_8e8ac923-deb8-414b-b5fd-e8ed0489c7cb.jpg,Alternaria Leaf Spot
Alternaria Leaf Spot/N_456AlterneriaLeafSpot_original_ALS(29).jpg_b029c9d4-9720-4f59-b6da-920012d2f394.jpg,Alternaria Leaf Spot
Alternaria Leaf Spot/N_456AlterneriaLeafSpot_original_ALS(29).jpg_b4489a73-c460-4646-80cd-0428f5cbc72b.jpg,Alternaria Leaf Spot
Alternaria Leaf Spot/N_456AlterneriaLeafSpot_original_ALS(29).jpg_c5ca2fe7-a42d-42ec-afed-1106d97387c0.jpg,Alternaria Leaf Spot
Alternaria Leaf Spot/N_456AlterneriaLeafSpot_original_ALS(29).jpg_cc55a3d8-edcb-4e3f-9360-45a873f66ac7.jpg,Alternaria Leaf Spot
Alternaria Leaf Spot/N_456AlterneriaLeafSpot_original_ALS(29).jpg_db77ff46-835f-4793-b6c9-ab75a8622634.jpg,Alternaria Leaf Spot
Alternaria Leaf Spot/N_456AlterneriaLeafSpot_original_ALS(3).jpg_4a0a1b89-9bd2-4468-9a0e-c279d026bbcd.jpg,Alternaria Leaf Spot
Alternaria Leaf Spot/N_456AlterneriaLeafSpot_original_ALS(3).jpg_5b6b49df-3f6c-461e-9b83-20efa378a52c.jpg,Alternaria Leaf Spot
Alternaria Leaf Spot/N_456AlterneriaLeafSpot_original_ALS(3).jpg_9311ecdc-3042-4f02-9419-eab583d9bf83.jpg,Alternaria Leaf Spot
Alternaria Leaf Spot/N_456AlterneriaLeafSpot_original_ALS(3).jpg_95539f40-c8b8-43ad-956e-c219f8cbb6a2.jpg,Alternaria Leaf Spot
Alternaria Leaf Spot/N_456AlterneriaLeafSpot_original_ALS(30).jpg_0a10e483-7639-44fc-bc02-a2a9a3a64c90.jpg,Alternaria Leaf Spot
Alternaria Leaf Spot/N_456AlterneriaLeafSpot_original_ALS(30).jpg_45494989-8ec6-416a-97a1-5f78537b63fc.jpg,Alternaria Leaf Spot
Alternaria Leaf Spot/N_456AlterneriaLeafSpot_original_ALS(30).jpg_5142853a-7e07-4b67-a756-4c1656ff7402.jpg,Alternaria Leaf Spot
Alternaria Leaf Spot/N_456AlterneriaLeafSpot_original_ALS(30).jpg_6601c4b2-9346-47a6-adb4-cffe3e84cf46.jpg,Alternaria Leaf Spot
Alternaria Leaf Spot/N_456AlterneriaLeafSpot_original_ALS(30).jpg_7a75eb43-6d93-4a40-aca5-28dcdd21a85b.jpg,Alternaria Leaf Spot
Alternaria Leaf Spot/N_456AlterneriaLeafSpot_original_ALS(30).jpg_85035d06-556a-4fd9-a550-ca9dc957c1b1.jpg,Alternaria Leaf Spot
Alternaria Leaf Spot/N_456AlterneriaLeafSpot_original_ALS(30).jpg_a990b6e7-7942-4da3-ac04-fedf1cae5d51.jpg,Alternaria Leaf Spot
Alternaria Leaf Spot/N_456AlterneriaLeafSpot_original_ALS(30).jpg_f772df37-21ad-4d98-824f-1a7a9abbe847.jpg,Alternaria Leaf Spot
Alternaria Leaf Spot/N_456AlterneriaLeafSpot_original_ALS(31).jpg_23f76a72-02cc-4344-95ca-2e64f7192cff.jpg,Alternaria Leaf Spot
Alternaria Leaf Spot/N_456AlterneriaLeafSpot_original_ALS(31).jpg_bc288322-7ff1-41f6-98a1-1d1040191fe8.jpg,Alternaria Leaf Spot
Alternaria Leaf Spot/N_456AlterneriaLeafSpot_original_ALS(32).jpg_691294f1-66a6-4cec-be64-8eb38cd2e356.jpg,Alternaria Leaf Spot
Alternaria Leaf Spot/N_456AlterneriaLeafSpot_original_ALS(32).jpg_755a3d13-fab7-4bfe-af6d-6eb41976abb0.jpg,Alternaria Leaf Spot
Alternaria Leaf Spot/N_456AlterneriaLeafSpot_original_ALS(32).jpg_c3632a58-1e6d-4d03-b2db-85dd02545b42.jpg,Alternaria Leaf Spot
Alternaria Leaf Spot/N_456AlterneriaLeafSpot_original_ALS(33).jpg_192907fc-856c-4e0f-ace6-5c1d6aa8ae0f.jpg,Alternaria Leaf Spot
Alternaria Leaf Spot/N_456AlterneriaLeafSpot_original_ALS(33).jpg_2be9ea66-f2f2-4201-9ccf-b6668ef3a08e.jpg,Alternaria Leaf Spot
Alternaria Leaf Spot/N_456AlterneriaLeafSpot_original_ALS(33).jpg_300defa6-1206-46c6-84e8-cd3f59f22981.jpg,Alternaria Leaf Spot
Alternaria Leaf Spot/N_456AlterneriaLeafSpot_original_ALS(33).jpg_a514d24d-bb73-4fbc-9488-6607e3b23d6f.jpg,Alternaria Leaf Spot
Alternaria Leaf Spot/N_456AlterneriaLeafSpot_original_ALS(33).jpg_da8b4a1a-4f5c-4ee9-b57a-00dea98ddee8.jpg,Alternaria Leaf Spot
Alternaria Leaf Spot/N_456AlterneriaLeafSpot_original_ALS(34).jpg_1b897bde-5e64-4615-ae04-7da6e74c4256.jpg,Alternaria Leaf Spot
Alternaria Leaf Spot/N_456AlterneriaLeafSpot_original_ALS(34).jpg_9e71bfbb-183f-4d3b-ad38-870ac61dd358.jpg,Alternaria Leaf Spot
Alternaria Leaf Spot/N_456AlterneriaLeafSpot_original_ALS(34).jpg_bf2a5dc1-f277-4d84-b07e-657ab671f92e.jpg,Alternaria Leaf Spot
Alternaria Leaf Spot/N_456AlterneriaLeafSpot_original_ALS(34).jpg_ecf89c1a-a107-4ffb-a552-8983b763f9b6.jpg,Alternaria Leaf Spot
Alternaria Leaf Spot/N_456AlterneriaLeafSpot_original_ALS(35).jpg_5ad26d38-6981-4a87-b4e8-328eaf821525.jpg,Alternaria Leaf Spot
Alternaria Leaf Spot/N_456AlterneriaLeafSpot_original_ALS(35).jpg_6a32bb7d-7799-4fe2-a2cf-c322a6e93ad7.jpg,Alternaria Leaf Spot
Alternaria Leaf Spot/N_456AlterneriaLeafSpot_original_ALS(35).jpg_86a698cb-2256-48ea-afe0-07652d5885e0.jpg,Alternaria Leaf Spot
Alternaria Leaf Spot/N_456AlterneriaLeafSpot_original_ALS(35).jpg_90a55968-95c8-477c-acbf-4db0bb978754.jpg,Alternaria Leaf Spot
Alternaria Leaf Spot/N_456AlterneriaLeafSpot_original_ALS(36).jpg_049bfa70-3301-4478-b6bf-b139daba634a.jpg,Alternaria Leaf Spot
Alternaria Leaf Spot/N_456AlterneriaLeafSpot_original_ALS(36).jpg_4047303d-d9a7-4c5d-b5fb-637fb1e05190.jpg,Alternaria Leaf Spot
Alternaria Leaf Spot/N_456AlterneriaLeafSpot_original_ALS(36).jpg_6f5c11e3-cd20-4221-86bf-b8a6ab2f5d2f.jpg,Alternaria Leaf Spot
Alternaria Leaf Spot/N_456AlterneriaLeafSpot_original_ALS(36).jpg_781933ae-9496-484c-87aa-f16d47e9cb4f.jpg,Alternaria Leaf Spot
Alternaria Leaf Spot/N_456AlterneriaLeafSpot_original_ALS(36).jpg_7d9d3154-a4a1-42c9-ae85-f74242318ce5.jpg,Alternaria Leaf Spot
Alternaria Leaf Spot/N_456AlterneriaLeafSpot_original_ALS(36).jpg_b9bdb8b4-7572-46dd-8e2f-6b1a988ad1b2.jpg,Alternaria Leaf Spot
Alternaria Leaf Spot/N_456AlterneriaLeafSpot_original_ALS(36).jpg_c7c0d237-bfa8-4729-865d-bfd1c7f4f5e8.jpg,Alternaria Leaf Spot
Alternaria Leaf Spot/N_456AlterneriaLeafSpot_original_ALS(36).jpg_da190f0d-ffeb-495f-ba11-0245e29cb3df.jpg,Alternaria Leaf Spot
Alternaria Leaf Spot/N_456AlterneriaLeafSpot_original_ALS(37).jpg_2ddb420c-8d0a-470b-9e08-f9a4f3d02462.jpg,Alternaria Leaf Spot
Alternaria Leaf Spot/N_456AlterneriaLeafSpot_original_ALS(37).jpg_44a845cb-f7d1-441e-a595-a70423c1bff1.jpg,Alternaria Leaf Spot
Alternaria Leaf Spot/N_456AlterneriaLeafSpot_original_ALS(37).jpg_ad1ec93a-17d6-45d2-9596-e3f3dbcbcc1d.jpg,Alternaria Leaf Spot
Alternaria Leaf Spot/N_456AlterneriaLeafSpot_original_ALS(37).jpg_b09fa1c6-f4da-4727-abe5-287a74413718.jpg,Alternaria Leaf Spot
Alternaria Leaf Spot/N_456AlterneriaLeafSpot_original_ALS(37).jpg_befd9223-acda-49c7-ac75-f26c62be5101.jpg,Alternaria Leaf Spot
Alternaria Leaf Spot/N_456AlterneriaLeafSpot_original_ALS(37).jpg_e59a0398-d8a0-4182-9053-70e0e27e4bb3.jpg,Alternaria Leaf Spot
Alternaria Leaf Spot/N_456AlterneriaLeafSpot_original_ALS(37).jpg_f928043a-36f4-444a-82a3-0d94e59e2d95.jpg,Alternaria Leaf Spot
Alternaria Leaf Spot/N_456AlterneriaLeafSpot_original_ALS(37).jpg_fad69b21-1d6f-4424-949b-6173585ec505.jpg,Alternaria Leaf Spot
Alternaria Leaf Spot/N_456AlterneriaLeafSpot_original_ALS(38).jpg_2086a8ae-1dd4-4072-afcc-fcfe1b74629e.jpg,Alternaria Leaf Spot
Alternaria Leaf Spot/N_456AlterneriaLeafSpot_original_ALS(38).jpg_3f93cc9c-3289-42a9-b2f7-186592354533.jpg,Alternaria Leaf Spot
Alternaria Leaf Spot/N_456AlterneriaLeafSpot_original_ALS(38).jpg_6cebdb5c-5c93-4cd2-bc98-9242bbe9a3eb.jpg,Alternaria Leaf Spot
Alternaria Leaf Spot/N_456AlterneriaLeafSpot_original_ALS(38).jpg_8e5dbb47-5648-400d-8ee9-ccb11543b630.jpg,Alternaria Leaf Spot
Alternaria Leaf Spot/N_456AlterneriaLeafSpot_original_ALS(38).jpg_91b729c9-1484-4e2f-ac35-3cdf4be59fa9.jpg,Alternaria Leaf Spot
Alternaria Leaf Spot/N_456AlterneriaLeafSpot_original_ALS(38).jpg_9daaa516-ac80-496f-ae73-7ffdc980c34d.jpg,Alternaria Leaf Spot
Alternaria Leaf Spot/N_456AlterneriaLeafSpot_original_ALS(38).jpg_ac2fff3e-307d-48d5-8cf0-12d2f2bcd81f.jpg,Alternaria Leaf Spot
Alternaria Leaf Spot/N_456AlterneriaLeafSpot_original_ALS(38).jpg_dc7b4c1e-f039-4466-a66e-5aeaa96d362c.jpg,Alternaria Leaf Spot
Alternaria Leaf Spot/N_456AlterneriaLeafSpot_original_ALS(38).jpg_eaa6fb27-283c-4fc3-a3cb-f36618a1507a.jpg,Alternaria Leaf Spot
Alternaria Leaf Spot/N_456AlterneriaLeafSpot_original_ALS(39).jpg_49d8d1e1-491c-4d23-b466-1530e6d35dea.jpg,Alternaria Leaf Spot
Alternaria Leaf Spot/N_456AlterneriaLeafSpot_original_ALS(39).jpg_57eecfee-3e41-40d3-ab6f-d56a9d06801a.jpg,Alternaria Leaf Spot
Alternaria Leaf Spot/N_456AlterneriaLeafSpot_original_ALS(4).jpg_47d767ad-3730-442f-a202-b4dd9a2b3b0c.jpg,Alternaria Leaf Spot
Alternaria Leaf Spot/N_456AlterneriaLeafSpot_original_ALS(4).jpg_6ef5aa6f-0da9-43ba-8c60-942903f5bb60.jpg,Alternaria Leaf Spot
Alternaria Leaf Spot/N_456AlterneriaLeafSpot_original_ALS(4).jpg_a7f6d301-0389-4e43-8411-c524ad647577.jpg,Alternaria Leaf Spot
Alternaria Leaf Spot/N_456AlterneriaLeafSpot_original_ALS(4).jpg_e581253c-cab8-4dd9-a657-ad9d122e37d1.jpg,Alternaria Leaf Spot
Alternaria Leaf Spot/N_456AlterneriaLeafSpot_original_ALS(4).jpg_fe69a165-5e0a-4a76-96b7-88bf5fe2840f.jpg,Alternaria Leaf Spot
Alternaria Leaf Spot/N_456AlterneriaLeafSpot_original_ALS(40).jpg_01aa001b-c940-4df5-8130-55b0aea89b10.jpg,Alternaria Leaf Spot
Alternaria Leaf Spot/N_456AlterneriaLeafSpot_original_ALS(40).jpg_09cef036-ba54-42ad-a435-4881d692a020.jpg,Alternaria Leaf Spot
Alternaria Leaf Spot/N_456AlterneriaLeafSpot_original_ALS(40).jpg_1600b26a-c34d-40ff-950f-b123e3962eb2.jpg,Alternaria Leaf Spot
Alternaria Leaf Spot/N_456AlterneriaLeafSpot_original_ALS(40).jpg_286c730e-f7bc-4318-800e-1caecc3dc015.jpg,Alternaria Leaf Spot
Alternaria Leaf Spot/N_456AlterneriaLeafSpot_original_ALS(40).jpg_48580331-e235-4953-a138-2f36161c5079.jpg,Alternaria Leaf Spot
Alternaria Leaf Spot/N_456AlterneriaLeafSpot_original_ALS(40).jpg_55277f62-9ed1-4c4e-95ee-9dda5e31e31a.jpg,Alternaria Leaf Spot
Alternaria Leaf Spot/N_456AlterneriaLeafSpot_original_ALS(40).jpg_7f9c85a4-665b-4ca0-8a9b-6d2cf304a8ee.jpg,Alternaria Leaf Spot
Alternaria Leaf Spot/N_456AlterneriaLeafSpot_original_ALS(40).jpg_8909a1c5-c129-4483-9a3c-f3ca2b543c01.jpg,Alternaria Leaf Spot
Alternaria Leaf Spot/N_456AlterneriaLeafSpot_original_ALS(40).jpg_8b6f068f-5915-4219-b2b3-deabcccec496.jpg,Alternaria Leaf Spot
Alternaria Leaf Spot/N_456AlterneriaLeafSpot_original_ALS(40).jpg_b1ea2f97-0bb9-446b-92a1-8d79cdb20e8d.jpg,Alternaria Leaf Spot
Alternaria Leaf Spot/N_456AlterneriaLeafSpot_original_ALS(40).jpg_bb60d0e0-7243-4ca9-9d79-721c8fdd0d8c.jpg,Alternaria Leaf Spot
Alternaria Leaf Spot/N_456AlterneriaLeafSpot_original_ALS(41).jpg_0366878c-c4b1-48c2-b8ca-ebe846d8e465.jpg,Alternaria Leaf Spot
Alternaria Leaf Spot/N_456AlterneriaLeafSpot_original_ALS(41).jpg_1068fb49-3436-463f-989d-2fc9e57ee7ac.jpg,Alternaria Leaf Spot
Alternaria Leaf Spot/N_456AlterneriaLeafSpot_original_ALS(41).jpg_4f8853cd-ce9e-49be-be58-48a4707bee4a.jpg,Alternaria Leaf Spot
Alternaria Leaf Spot/N_456AlterneriaLeafSpot_original_ALS(41).jpg_609e86f3-c879-4b7e-949b-e334c6529a5a.jpg,Alternaria Leaf Spot
Alternaria Leaf Spot/N_456AlterneriaLeafSpot_original_ALS(41).jpg_7e95dc1e-0918-4634-b6d2-657a6fb23543.jpg,Alternaria Leaf Spot
Alternaria Leaf Spot/N_456AlterneriaLeafSpot_original_ALS(41).jpg_816a8f86-792b-454e-b729-68c871514171.jpg,Alternaria Leaf Spot
Alternaria Leaf Spot/N_456AlterneriaLeafSpot_original_ALS(41).jpg_b32c1f09-5f82-40f6-bd42-d1423996bc43.jpg,Alternaria Leaf Spot
Alternaria Leaf Spot/N_456AlterneriaLeafSpot_original_ALS(41).jpg_ccc6c0f1-de89-4dbd-a5a2-1871331b620f.jpg,Alternaria Leaf Spot
Alternaria Leaf Spot/N_456AlterneriaLeafSpot_original_ALS(41).jpg_cfcff9b0-66d8-4264-ac40-f352eb122a63.jpg,Alternaria Leaf Spot
Alternaria Leaf Spot/N_456AlterneriaLeafSpot_original_ALS(42).jpg_adc0017d-f65a-440e-862c-75abaffeeeed.jpg,Alternaria Leaf Spot
Alternaria Leaf Spot/N_456AlterneriaLeafSpot_original_ALS(42).jpg_e6d546a2-ed3c-43f3-be81-30c5892f82e6.jpg,Alternaria Leaf Spot
Alternaria Leaf Spot/N_456AlterneriaLeafSpot_original_ALS(42).jpg_fb28f723-0e46-456a-9879-355c9f82b458.jpg,Alternaria Leaf Spot
Alternaria Leaf Spot/N_456AlterneriaLeafSpot_original_ALS(43).jpg_231e4065-f8a0-4c0f-9595-c94434f89bb0.jpg,Alternaria Leaf Spot
Alternaria Leaf Spot/N_456AlterneriaLeafSpot_original_ALS(43).jpg_4732b5e1-6627-494c-b405-a29f33b354a2.jpg,Alternaria Leaf Spot
Alternaria Leaf Spot/N_456AlterneriaLeafSpot_original_ALS(43).jpg_55c82ca0-d11d-40a7-af73-774b6e33c8b2.jpg,Alternaria Leaf Spot
Alternaria Leaf Spot/N_456AlterneriaLeafSpot_original_ALS(43).jpg_ca1b169c-5a22-4feb-978c-a8f98eaf945d.jpg,Alternaria Leaf Spot
Alternaria Leaf Spot/N_456AlterneriaLeafSpot_original_ALS(44).jpg_7935f7f8-853d-4606-b1b2-4ac5c027d1af.jpg,Alternaria Leaf Spot
Alternaria Leaf Spot/N_456AlterneriaLeafSpot_original_ALS(44).jpg_d1f2c201-64eb-44b1-b6de-b553329d8bd4.jpg,Alternaria Leaf Spot
Alternaria Leaf Spot/N_456AlterneriaLeafSpot_original_ALS(44).jpg_f5dcab5a-69c5-4c4d-b81c-bfa86ab68209.jpg,Alternaria Leaf Spot
Alternaria Leaf Spot/N_456AlterneriaLeafSpot_original_ALS(45).jpg_2a6b803e-7479-4354-b982-d99e2f899632.jpg,Alternaria Leaf Spot
Alternaria Leaf Spot/N_456AlterneriaLeafSpot_original_ALS(45).jpg_4e903af5-6617-4e6b-8d11-27a4d52f73fb.jpg,Alternaria Leaf Spot
Alternaria Leaf Spot/N_456AlterneriaLeafSpot_original_ALS(45).jpg_e4be4ac4-59bb-4388-a7e0-3a21025521b9.jpg,Alternaria Leaf Spot
Alternaria Leaf Spot/N_456AlterneriaLeafSpot_original_ALS(45).jpg_f8f5c824-d07d-4b63-9e65-72c0f5c8ed61.jpg,Alternaria Leaf Spot
Alternaria Leaf Spot/N_456AlterneriaLeafSpot_original_ALS(46).jpg_16bc9d11-b7d1-4d85-820c-f272198ef839.jpg,Alternaria Leaf Spot
Alternaria Leaf Spot/N_456AlterneriaLeafSpot_original_ALS(46).jpg_659b6521-861b-459c-b585-4eb4ff16b125.jpg,Alternaria Leaf Spot
Alternaria Leaf Spot/N_456AlterneriaLeafSpot_original_ALS(46).jpg_6c52d9e4-3f2e-4a70-b536-b11e2bacb3a0.jpg,Alternaria Leaf Spot
Alternaria Leaf Spot/N_456AlterneriaLeafSpot_original_ALS(46).jpg_80769a41-b542-488f-ad6f-9df16438756e.jpg,Alternaria Leaf Spot
Alternaria Leaf Spot/N_456AlterneriaLeafSpot_original_ALS(46).jpg_997a732b-4f3a-4be8-984b-b8befa4840da.jpg,Alternaria Leaf Spot
Alternaria Leaf Spot/N_456AlterneriaLeafSpot_original_ALS(46).jpg_9b6b45f4-0f6a-457e-8059-4d23e29d2d29.jpg,Alternaria Leaf Spot
Alternaria Leaf Spot/N_456AlterneriaLeafSpot_original_ALS(46).jpg_9d50c73b-e1c5-4691-af18-9581cc8c44b9.jpg,Alternaria Leaf Spot
Alternaria Leaf Spot/N_456AlterneriaLeafSpot_original_ALS(46).jpg_bdeb04c6-c48c-40bf-a729-802759065e8f.jpg,Alternaria Leaf Spot
Alternaria Leaf Spot/N_456AlterneriaLeafSpot_original_ALS(47).jpg_2a7839e5-c90b-43f5-8150-6ce86465065d.jpg,Alternaria Leaf Spot
Alternaria Leaf Spot/N_456AlterneriaLeafSpot_original_ALS(47).jpg_3e61d43d-20a4-4779-9384-e7680a53c1aa.jpg,Alternaria Leaf Spot
Alternaria Leaf Spot/N_456AlterneriaLeafSpot_original_ALS(47).jpg_3f1b5c2d-df4f-4c39-ad6d-d9848dd58542.jpg,Alternaria Leaf Spot
Alternaria Leaf Spot/N_456AlterneriaLeafSpot_original_ALS(47).jpg_4167a51a-efdf-4d99-a0a2-be93070605ec.jpg,Alternaria Leaf Spot
Alternaria Leaf Spot/N_456AlterneriaLeafSpot_original_ALS(47).jpg_58f2d1bf-5dec-4b1a-8425-c6f3ddb13ffd.jpg,Alternaria Leaf Spot
Alternaria Leaf Spot/N_456AlterneriaLeafSpot_original_ALS(47).jpg_8bd7acb1-27af-4373-b0ae-e9d847e3bc83.jpg,Alternaria Leaf Spot
Alternaria Leaf Spot/N_456AlterneriaLeafSpot_original_ALS(47).jpg_b03b4b70-1e49-447f-82f3-26e402e734e0.jpg,Alternaria Leaf Spot
Alternaria Leaf Spot/N_456AlterneriaLeafSpot_original_ALS(47).jpg_b227453a-5967-4fad-a43c-f0ee10bf8d87.jpg,Alternaria Leaf Spot
Alternaria Leaf Spot/N_456AlterneriaLeafSpot_original_ALS(48).jpg_9151659c-9728-4b21-b52f-7ea1ed03d4d5.jpg,Alternaria Leaf Spot
Alternaria Leaf Spot/N_456AlterneriaLeafSpot_original_ALS(48).jpg_9318dd33-22b5-419a-b88c-5c51077b1340.jpg,Alternaria Leaf Spot
Alternaria Leaf Spot/N_456AlterneriaLeafSpot_original_ALS(48).jpg_b8d82cf3-1e76-486c-bc1e-f7dfb4fd1181.jpg,Alternaria Leaf Spot
Alternaria Leaf Spot/N_456AlterneriaLeafSpot_original_ALS(48).jpg_ce1a2314-269b-4145-ae0f-ed5eac52e980.jpg,Alternaria Leaf Spot
Alternaria Leaf Spot/N_456AlterneriaLeafSpot_original_ALS(48).jpg_f043fb42-5daa-4a18-84bd-78acb7368228.jpg,Alternaria Leaf Spot
Alternaria Leaf Spot/N_456AlterneriaLeafSpot_original_ALS(49).jpg_520ffe9c-5f0d-4348-8920-7fa8a34607ca.jpg,Alternaria Leaf Spot
Alternaria Leaf Spot/N_456AlterneriaLeafSpot_original_ALS(49).jpg_5693797f-7be3-4284-89a7-c36495862915.jpg,Alternaria Leaf Spot
Alternaria Leaf Spot/N_456AlterneriaLeafSpot_original_ALS(49).jpg_5f2fd1c0-b6f1-4023-aeb5-a74332e9db4f.jpg,Alternaria Leaf Spot
Alternaria Leaf Spot/N_456AlterneriaLeafSpot_original_ALS(49).jpg_7c2c628f-5829-4329-8361-eaff949c1d2d.jpg,Alternaria Leaf Spot
Alternaria Leaf Spot/N_456AlterneriaLeafSpot_original_ALS(49).jpg_7fb5dda2-03e1-46f9-b9a0-61629777e87b.jpg,Alternaria Leaf Spot
Alternaria Leaf Spot/N_456AlterneriaLeafSpot_original_ALS(49).jpg_fe0719ae-772b-4c0e-b61f-edb1b6232057.jpg,Alternaria Leaf Spot
Alternaria Leaf Spot/N_456AlterneriaLeafSpot_original_ALS(5).jpg_1ebcca6f-5e47-4cbf-b3de-33b7b5dadf8c.jpg,Alternaria Leaf Spot
Alternaria Leaf Spot/N_456AlterneriaLeafSpot_original_ALS(5).jpg_2139df60-9f89-4a42-8b00-42b496aef012.jpg,Alternaria Leaf Spot
Alternaria Leaf Spot/N_456AlterneriaLeafSpot_original_ALS(5).jpg_34b24ed8-0fd2-406b-90e8-215b5d13045b.jpg,Alternaria Leaf Spot
Alternaria Leaf Spot/N_456AlterneriaLeafSpot_original_ALS(5).jpg_4556cac3-f3d6-46de-8f85-71ec9f267829.jpg,Alternaria Leaf Spot
Alternaria Leaf Spot/N_456AlterneriaLeafSpot_original_ALS(5).jpg_6bd96b30-7eeb-45a8-b9e5-d95c774050fd.jpg,Alternaria Leaf Spot
Alternaria Leaf Spot/N_456AlterneriaLeafSpot_original_ALS(5).jpg_957a4629-5b16-4572-94ff-d2ee427c9be6.jpg,Alternaria Leaf Spot
Alternaria Leaf Spot/N_456AlterneriaLeafSpot_original_ALS(5).jpg_deadb1c1-1be6-420f-9649-ed8a518f1358.jpg,Alternaria Leaf Spot
Alternaria Leaf Spot/N_456AlterneriaLeafSpot_original_ALS(5).jpg_f3aa3fbe-87e1-45d2-bf98-1dada8b3be45.jpg,Alternaria Leaf Spot
Alternaria Leaf Spot/N_456AlterneriaLeafSpot_original_ALS(50).jpg_117744c4-f27d-406f-8b15-90cc3597f081.jpg,Alternaria Leaf Spot
Alternaria Leaf Spot/N_456AlterneriaLeafSpot_original_ALS(50).jpg_1187f268-264c-455a-a185-c03c3eca0a0f.jpg,Alternaria Leaf Spot
Alternaria Leaf Spot/N_456AlterneriaLeafSpot_original_ALS(50).jpg_13082c86-803d-42e3-b451-b7fc24db756b.jpg,Alternaria Leaf Spot
Alternaria Leaf Spot/N_456AlterneriaLeafSpot_original_ALS(50).jpg_53d3ddb2-feb1-46c1-858b-4edaffe95455.jpg,Alternaria Leaf Spot
Alternaria Leaf Spot/N_456AlterneriaLeafSpot_original_ALS(50).jpg_629cfd0d-e00a-4460-acf9-b964a9f9b67d.jpg,Alternaria Leaf Spot
Alternaria Leaf Spot/N_456AlterneriaLeafSpot_original_ALS(50).jpg_6f3278b1-aedf-4e39-8b34-7cd1690a0b04.jpg,Alternaria Leaf Spot
Alternaria Leaf Spot/N_456AlterneriaLeafSpot_original_ALS(50).jpg_9d164448-4f1a-46e2-b26f-1822d782fb95.jpg,Alternaria Leaf Spot
Alternaria Leaf Spot/N_456AlterneriaLeafSpot_original_ALS(50).jpg_9e8e3c82-1208-4f71-a56a-4ce632704545.jpg,Alternaria Leaf Spot
Alternaria Leaf Spot/N_456AlterneriaLeafSpot_original_ALS(50).jpg_aa8a36ea-4a19-484c-970c-33c1458e6d23.jpg,Alternaria Leaf Spot
Alternaria Leaf Spot/N_456AlterneriaLeafSpot_original_ALS(50).jpg_c91da975-5981-4ebf-ba60-6d13dcb9ce4c.jpg,Alternaria Leaf Spot
Alternaria Leaf Spot/N_456AlterneriaLeafSpot_original_ALS(50).jpg_f2aa48c0-4a06-421c-b8b7-5109ce6c8b1c.jpg,Alternaria Leaf Spot
Alternaria Leaf Spot/N_456AlterneriaLeafSpot_original_ALS(51).jpg_39d687de-5063-45b0-9c90-4111873b0021.jpg,Alternaria Leaf Spot
Alternaria Leaf Spot/N_456AlterneriaLeafSpot_original_ALS(51).jpg_6b940a20-1697-4433-bd71-49949a808866.jpg,Alternaria Leaf Spot
Alternaria Leaf Spot/N_456AlterneriaLeafSpot_original_ALS(51).jpg_b584ce44-5b8f-4ba7-963d-d735dfcd952f.jpg,Alternaria Leaf Spot
Alternaria Leaf Spot/N_456AlterneriaLeafSpot_original_ALS(51).jpg_b75eb3b9-3adc-4dd2-b7ab-5a4269889c36.jpg,Alternaria Leaf Spot
Alternaria Leaf Spot/N_456AlterneriaLeafSpot_original_ALS(51).jpg_b7658486-dea9-4a47-9393-5b9e4e144496.jpg,Alternaria Leaf Spot
Alternaria Leaf Spot/N_456AlterneriaLeafSpot_original_ALS(51).jpg_fff7718d-b566-43a4-be48-38fed92de370.jpg,Alternaria Leaf Spot
Alternaria Leaf Spot/N_456AlterneriaLeafSpot_original_ALS(52).jpg_2febdd42-6d32-4665-8d60-2a3107eede34.jpg,Alternaria Leaf Spot
Alternaria Leaf Spot/N_456AlterneriaLeafSpot_original_ALS(52).jpg_4abee3f5-90bb-4c73-b402-22649fe33235.jpg,Alternaria Leaf Spot
Alternaria Leaf Spot/N_456AlterneriaLeafSpot_original_ALS(52).jpg_689f8c90-4c9a-4d0c-8f81-318c9d47b4be.jpg,Alternaria Leaf Spot
Alternaria Leaf Spot/N_456AlterneriaLeafSpot_original_ALS(52).jpg_8bc26f6b-ce8a-4d56-aa47-3d33ba7a7328.jpg,Alternaria Leaf Spot
Alternaria Leaf Spot/N_456AlterneriaLeafSpot_original_ALS(52).jpg_b5a0db02-2b3b-4119-9529-72cd1fe8d616.jpg,Alternaria Leaf Spot
Alternaria Leaf Spot/N_456AlterneriaLeafSpot_original_ALS(52).jpg_c11d566f-a576-4365-b7c8-cb5cd62beb33.jpg,Alternaria Leaf Spot
Alternaria Leaf Spot/N_456AlterneriaLeafSpot_original_ALS(52).jpg_c77168bf-8277-4b85-bf58-eeb2d046096c.jpg,Alternaria Leaf Spot
Alternaria Leaf Spot/N_456AlterneriaLeafSpot_original_ALS(52).jpg_e2ad00fd-ca2f-4c17-821a-2329036ef8fa.jpg,Alternaria Leaf Spot
Alternaria Leaf Spot/N_456AlterneriaLeafSpot_original_ALS(52).jpg_e3dd35f7-776c-428a-b768-dc19954118ed.jpg,Alternaria Leaf Spot
Alternaria Leaf Spot/N_456AlterneriaLeafSpot_original_ALS(53).jpg_11f59d6e-5dd6-4ecb-93f4-9bee2a91eb35.jpg,Alternaria Leaf Spot
Alternaria Leaf Spot/N_456AlterneriaLeafSpot_original_ALS(53).jpg_3a71e533-998f-4b1e-af1a-f64838735eca.jpg,Alternaria Leaf Spot
Alternaria Leaf Spot/N_456AlterneriaLeafSpot_original_ALS(53).jpg_5b81b600-f92d-4a59-a0c2-186308fa7705.jpg,Alternaria Leaf Spot
Alternaria Leaf Spot/N_456AlterneriaLeafSpot_original_ALS(53).jpg_7116a62f-55ea-4268-840d-109de05029ac.jpg,Alternaria Leaf Spot
Alternaria Leaf Spot/N_456AlterneriaLeafSpot_original_ALS(53).jpg_ba9304b2-9038-40ad-8fde-86da4f513436.jpg,Alternaria Leaf Spot
Alternaria Leaf Spot/N_456AlterneriaLeafSpot_original_ALS(53).jpg_ccb4fcca-07a6-4c92-9a9a-471a61edeec1.jpg,Alternaria Leaf Spot
Alternaria Leaf Spot/N_456AlterneriaLeafSpot_original_ALS(53).jpg_e9bfc11f-f0ce-4f32-8147-e6875c11f366.jpg,Alternaria Leaf Spot
Alternaria Leaf Spot/N_456AlterneriaLeafSpot_original_ALS(53).jpg_f51c81d7-3013-48e4-aab0-84acd1ef0853.jpg,Alternaria Leaf Spot
Alternaria Leaf Spot/N_456AlterneriaLeafSpot_original_ALS(54).jpg_2d2831ec-acb4-4acd-bb7d-6fcef1085215.jpg,Alternaria Leaf Spot
Alternaria Leaf Spot/N_456AlterneriaLeafSpot_original_ALS(54).jpg_312b5a8b-f530-47d9-8a91-570acb2e2cdb.jpg,Alternaria Leaf Spot
Alternaria Leaf Spot/N_456AlterneriaLeafSpot_original_ALS(54).jpg_806009bd-8060-4809-8d2f-85f62a746d6f.jpg,Alternaria Leaf Spot
Alternaria Leaf Spot/N_456AlterneriaLeafSpot_original_ALS(54).jpg_a8cbed69-1dde-46cb-b8a3-62b28cde6961.jpg,Alternaria Leaf Spot
Alternaria Leaf Spot/N_456AlterneriaLeafSpot_original_ALS(54).jpg_d13d5621-16ff-4e5a-a467-922136929285.jpg,Alternaria Leaf Spot
Alternaria Leaf Spot/N_456AlterneriaLeafSpot_original_ALS(54).jpg_fc1e6bef-0710-4e27-a55f-3e39d6771b15.jpg,Alternaria Leaf Spot
Alternaria Leaf Spot/N_456AlterneriaLeafSpot_original_ALS(55).jpg_01817d7e-b315-4db7-8a56-e27b3f446f31.jpg,Alternaria Leaf Spot
Alternaria Leaf Spot/N_456AlterneriaLeafSpot_original_ALS(55).jpg_0c52bd41-f5b0-41e5-baca-3eea732c12ed.jpg,Alternaria Leaf Spot
Alternaria Leaf Spot/N_456AlterneriaLeafSpot_original_ALS(55).jpg_3cf31563-563d-4814-9fce-8c143e010f06.jpg,Alternaria Leaf Spot
Alternaria Leaf Spot/N_456AlterneriaLeafSpot_original_ALS(55).jpg_89968b16-da21-4f2a-a657-5c90b529fc7f.jpg,Alternaria Leaf Spot
Alternaria Leaf Spot/N_456AlterneriaLeafSpot_original_ALS(55).jpg_8abcfc73-a8df-4bc9-9ede-d3f37cd4b098.jpg,Alternaria Leaf Spot
Alternaria Leaf Spot/N_456AlterneriaLeafSpot_original_ALS(55).jpg_bb8f90ee-1e5c-48c8-8220-1dc3bd5bb357.jpg,Alternaria Leaf Spot
Alternaria Leaf Spot/N_456AlterneriaLeafSpot_original_ALS(55).jpg_d7479fc2-9f70-4254-a11d-be5c1bc3bf69.jpg,Alternaria Leaf Spot
Alternaria Leaf Spot/N_456AlterneriaLeafSpot_original_ALS(55).jpg_de7e4eaf-77b1-4a4f-8ec7-6441f5a909bf.jpg,Alternaria Leaf Spot
Alternaria Leaf Spot/N_456AlterneriaLeafSpot_original_ALS(55).jpg_dfd282fb-9953-4a06-8caf-1d53dc0eca7c.jpg,Alternaria Leaf Spot
Alternaria Leaf Spot/N_456AlterneriaLeafSpot_original_ALS(55).jpg_f357683e-ac4b-4557-b11b-38c85b252b1d.jpg,Alternaria Leaf Spot
Alternaria Leaf Spot/N_456AlterneriaLeafSpot_original_ALS(56).jpg_12b26b5c-5822-417b-a0c3-4f0129f1856b.jpg,Alternaria Leaf Spot
Alternaria Leaf Spot/N_456AlterneriaLeafSpot_original_ALS(56).jpg_31b87669-0a77-4241-9109-67141f6bf60b.jpg,Alternaria Leaf Spot
Alternaria Leaf Spot/N_456AlterneriaLeafSpot_original_ALS(56).jpg_ad226426-b83d-4196-bf5d-e2d18b569db1.jpg,Alternaria Leaf Spot
Alternaria Leaf Spot/N_456AlterneriaLeafSpot_original_ALS(56).jpg_bf642257-8c3f-431c-80bf-a3d411d3a07d.jpg,Alternaria Leaf Spot
Alternaria Leaf Spot/N_456AlterneriaLeafSpot_original_ALS(56).jpg_d3337e80-4494-4524-a583-ae339c580aff.jpg,Alternaria Leaf Spot
Alternaria Leaf Spot/N_456AlterneriaLeafSpot_original_ALS(56).jpg_dce6e06a-410c-475d-8d7f-2f71257a3471.jpg,Alternaria Leaf Spot
Alternaria Leaf Spot/N_456AlterneriaLeafSpot_original_ALS(56).jpg_deb97e0e-f2bb-4b55-8046-53a96a25acc8.jpg,Alternaria Leaf Spot
Alternaria Leaf Spot/N_456AlterneriaLeafSpot_original_ALS(56).jpg_eea8e58a-6484-4f96-9ec1-159f0b8f0ae3.jpg,Alternaria Leaf Spot
Alternaria Leaf Spot/N_456AlterneriaLeafSpot_original_ALS(57).jpg_317be5a2-bf1c-4add-94d3-a832ffa26e61.jpg,Alternaria Leaf Spot
Alternaria Leaf Spot/N_456AlterneriaLeafSpot_original_ALS(57).jpg_4e3f7ae1-fb2a-4485-914e-41ee8f64e73e.jpg,Alternaria Leaf Spot
Alternaria Leaf Spot/N_456AlterneriaLeafSpot_original_ALS(57).jpg_703bdd02-00b6-41e8-bf55-404197c00451.jpg,Alternaria Leaf Spot
Alternaria Leaf Spot/N_456AlterneriaLeafSpot_original_ALS(57).jpg_8045c19c-95de-4ce1-a4dd-c8a7fb3a9f02.jpg,Alternaria Leaf Spot
Alternaria Leaf Spot/N_456AlterneriaLeafSpot_original_ALS(57).jpg_9849edf7-9d92-4e4b-b53a-7166c9df1642.jpg,Alternaria Leaf Spot
Alternaria Leaf Spot/N_456AlterneriaLeafSpot_original_ALS(57).jpg_b04028d7-d2c9-4cbe-81f0-fa77f3af2fa2.jpg,Alternaria Leaf Spot
Alternaria Leaf Spot/N_456AlterneriaLeafSpot_original_ALS(57).jpg_c1e2a06c-a359-433e-8c05-771b143ac66b.jpg,Alternaria Leaf Spot
Alternaria Leaf Spot/N_456AlterneriaLeafSpot_original_ALS(57).jpg_d34f3a23-0c2c-482c-84cc-b52db6e1eb12.jpg,Alternaria Leaf Spot
Alternaria Leaf Spot/N_456AlterneriaLeafSpot_original_ALS(57).jpg_d5774a72-d3e9-40ff-8839-4ba839e16305.jpg,Alternaria Leaf Spot
Alternaria Leaf Spot/N_456AlterneriaLeafSpot_original_ALS(57).jpg_d6685a79-3dfd-455b-ae9b-2c790493a782.jpg,Alternaria Leaf Spot
Alternaria Leaf Spot/N_456AlterneriaLeafSpot_original_ALS(57).jpg_d7b66fa7-eb88-425c-a13e-bd18fb008587.jpg,Alternaria Leaf Spot
Alternaria Leaf Spot/N_456AlterneriaLeafSpot_original_ALS(57).jpg_f49e48b9-dbe1-4cf2-87f2-6b34471df3c0.jpg,Alternaria Leaf Spot
Alternaria Leaf Spot/N_456AlterneriaLeafSpot_original_ALS(58).jpg_0fee7d64-b00f-4b9b-a7a6-35a251d93bdf.jpg,Alternaria Leaf Spot
Alternaria Leaf Spot/N_456AlterneriaLeafSpot_original_ALS(58).jpg_221e0750-eb3c-4f38-9790-c0b7869e62a5.jpg,Alternaria Leaf Spot
Alternaria Leaf Spot/N_456AlterneriaLeafSpot_original_ALS(58).jpg_66edac8b-806e-4af4-b12f-08f833c9a2ee.jpg,Alternaria Leaf Spot
Alternaria Leaf Spot/N_456AlterneriaLeafSpot_original_ALS(58).jpg_861ed2a6-ab50-4446-aa8d-b80dfaed703b.jpg,Alternaria Leaf Spot
Alternaria Leaf Spot/N_456AlterneriaLeafSpot_original_ALS(58).jpg_b624fa76-443f-4d70-bb4d-7eceed924de0.jpg,Alternaria Leaf Spot
Alternaria Leaf Spot/N_456AlterneriaLeafSpot_original_ALS(58).jpg_c0fe3065-f1dc-4c5f-ac78-c09141aede46.jpg,Alternaria Leaf Spot
Alternaria Leaf Spot/N_456AlterneriaLeafSpot_original_ALS(58).jpg_c8ba8bb7-8692-4f4b-86aa-6fee810aff46.jpg,Alternaria Leaf Spot
Alternaria Leaf Spot/N_456AlterneriaLeafSpot_original_ALS(59).jpg_42c9e592-a693-4f44-b0f4-7196c1c23e05.jpg,Alternaria Leaf Spot
Alternaria Leaf Spot/N_456AlterneriaLeafSpot_original_ALS(59).jpg_7e5634b6-2a21-4f44-8d4e-30d6339caef8.jpg,Alternaria Leaf Spot
Alternaria Leaf Spot/N_456AlterneriaLeafSpot_original_ALS(59).jpg_84e5b1b8-b6e1-4e3f-b154-7c9c4ca86352.jpg,Alternaria Leaf Spot
Alternaria Leaf Spot/N_456AlterneriaLeafSpot_original_ALS(59).jpg_87baae2f-f426-4f37-b79f-1f6e4b67e981.jpg,Alternaria Leaf Spot
Alternaria Leaf Spot/N_456AlterneriaLeafSpot_original_ALS(59).jpg_9519181d-617b-4813-98a9-d5391623775a.jpg,Alternaria Leaf Spot
Alternaria Leaf Spot/N_456AlterneriaLeafSpot_original_ALS(59).jpg_96503c32-8f5f-44bc-8bc6-8308640c414d.jpg,Alternaria Leaf Spot
Alternaria Leaf Spot/N_456AlterneriaLeafSpot_original_ALS(59).jpg_ca82f001-b9a5-44ed-91c7-f35d973ff513.jpg,Alternaria Leaf Spot
Alternaria Leaf Spot/N_456AlterneriaLeafSpot_original_ALS(59).jpg_dfe082e4-4817-4c6a-8ee7-c929cac5a4fc.jpg,Alternaria Leaf Spot
Alternaria Leaf Spot/N_456AlterneriaLeafSpot_original_ALS(6).jpg_31b9f810-8801-4518-9e78-e5cf6dba2695.jpg,Alternaria Leaf Spot
Alternaria Leaf Spot/N_456AlterneriaLeafSpot_original_ALS(6).jpg_32ea6991-a72a-49a7-9009-726eec78698b.jpg,Alternaria Leaf Spot
Alternaria Leaf Spot/N_456AlterneriaLeafSpot_original_ALS(6).jpg_57686557-60c7-4a7a-85e8-15e11574ca15.jpg,Alternaria Leaf Spot
Alternaria Leaf Spot/N_456AlterneriaLeafSpot_original_ALS(6).jpg_757ce972-ef52-4fd8-8cee-8c6e62895a0c.jpg,Alternaria Leaf Spot
Alternaria Leaf Spot/N_456AlterneriaLeafSpot_original_ALS(6).jpg_c73a1926-934f-4491-a0bd-7e6efe428d98.jpg,Alternaria Leaf Spot
Alternaria Leaf Spot/N_456AlterneriaLeafSpot_original_ALS(60).jpg_013f1092-768a-437c-854b-c11fc4733bec.jpg,Alternaria Leaf Spot
Alternaria Leaf Spot/N_456AlterneriaLeafSpot_original_ALS(60).jpg_08915a8a-e15d-48be-9c0c-d9a434a28f57.jpg,Alternaria Leaf Spot
Alternaria Leaf Spot/N_456AlterneriaLeafSpot_original_ALS(60).jpg_5655f149-6588-4a09-ae35-f07cd6a802fc.jpg,Alternaria Leaf Spot
Alternaria Leaf Spot/N_456AlterneriaLeafSpot_original_ALS(60).jpg_92d0d61f-a80b-4d07-acaa-f9db637f0876.jpg,Alternaria Leaf Spot
Alternaria Leaf Spot/N_456AlterneriaLeafSpot_original_ALS(60).jpg_d01bd827-a630-4386-a3b1-943d9a509e39.jpg,Alternaria Leaf Spot
Alternaria Leaf Spot/N_456AlterneriaLeafSpot_original_ALS(60).jpg_d7726260-7274-4383-a0fe-6e703df27019.jpg,Alternaria Leaf Spot
Alternaria Leaf Spot/N_456AlterneriaLeafSpot_original_ALS(60).jpg_e2a8403b-7c07-47e9-9b23-ac0f9edce309.jpg,Alternaria Leaf Spot
Alternaria Leaf Spot/N_456AlterneriaLeafSpot_original_ALS(60).jpg_e6d73525-8e52-4312-aac1-6bceba213b7e.jpg,Alternaria Leaf Spot
Alternaria Leaf Spot/N_456AlterneriaLeafSpot_original_ALS(61).jpg_7151c763-4dae-4231-8ad9-c6b5c439ccda.jpg,Alternaria Leaf Spot
Alternaria Leaf Spot/N_456AlterneriaLeafSpot_original_ALS(61).jpg_8bc20172-bf18-4676-8bb5-6e5a2131b168.jpg,Alternaria Leaf Spot
Alternaria Leaf Spot/N_456AlterneriaLeafSpot_original_ALS(61).jpg_c2603beb-df1e-470e-a79e-0cc4fce71485.jpg,Alternaria Leaf Spot
Alternaria Leaf Spot/N_456AlterneriaLeafSpot_original_ALS(61).jpg_eee31c34-e2d2-42c2-a192-0dcf172300ed.jpg,Alternaria Leaf Spot
Alternaria Leaf Spot/N_456AlterneriaLeafSpot_original_ALS(61).jpg_fb9f77a7-4d21-43a9-ab68-14fab59c6004.jpg,Alternaria Leaf Spot
Alternaria Leaf Spot/N_456AlterneriaLeafSpot_original_ALS(62).jpg_024e6d8b-4598-42c9-bcac-e4138da56480.jpg,Alternaria Leaf Spot
Alternaria Leaf Spot/N_456AlterneriaLeafSpot_original_ALS(62).jpg_a92a6a87-791d-46df-a674-a52f6df66ff7.jpg,Alternaria Leaf Spot
Alternaria Leaf Spot/N_456AlterneriaLeafSpot_original_ALS(62).jpg_de3cb5fb-5abb-4537-b20e-fb824c224111.jpg,Alternaria Leaf Spot
Alternaria Leaf Spot/N_456AlterneriaLeafSpot_original_ALS(63).jpg_1a6550de-4be3-4472-b3c7-01dfdb262572.jpg,Alternaria Leaf Spot
Alternaria Leaf Spot/N_456AlterneriaLeafSpot_original_ALS(63).jpg_1b0779b3-6d90-4b54-be69-9face824e878.jpg,Alternaria Leaf Spot
Alternaria Leaf Spot/N_456AlterneriaLeafSpot_original_ALS(63).jpg_3d24dc8d-f50d-4b65-ad15-f60b347410b8.jpg,Alternaria Leaf Spot
Alternaria Leaf Spot/N_456AlterneriaLeafSpot_original_ALS(63).jpg_e24594fc-c46f-4d13-88a0-94d42b297a27.jpg,Alternaria Leaf Spot
Alternaria Leaf Spot/N_456AlterneriaLeafSpot_original_ALS(63).jpg_fa89d8b2-f26f-458c-8e8a-25130c9fe20c.jpg,Alternaria Leaf Spot
Alternaria Leaf Spot/N_456AlterneriaLeafSpot_original_ALS(64).jpg_0313bf06-18fa-43ef-b86f-39e617844834.jpg,Alternaria Leaf Spot
Alternaria Leaf Spot/N_456AlterneriaLeafSpot_original_ALS(64).jpg_13d8811d-dc5c-40cf-a2e9-9a21ad95e9d4.jpg,Alternaria Leaf Spot
Alternaria Leaf Spot/N_456AlterneriaLeafSpot_original_ALS(64).jpg_3eb50e73-0f07-4e97-8896-40d0cb8bb7cf.jpg,Alternaria Leaf Spot
Alternaria Leaf Spot/N_456AlterneriaLeafSpot_original_ALS(64).jpg_83040d39-e4e9-43a3-9c45-a6369cd70b87.jpg,Alternaria Leaf Spot
Alternaria Leaf Spot/N_456AlterneriaLeafSpot_original_ALS(64).jpg_8f213d32-a070-475f-baf2-b790538d3a0a.jpg,Alternaria Leaf Spot
Alternaria Leaf Spot/N_456AlterneriaLeafSpot_original_ALS(64).jpg_ae9e2148-763e-4a17-9913-4d7e7060cc4c.jpg,Alternaria Leaf Spot
Alternaria Leaf Spot/N_456AlterneriaLeafSpot_original_ALS(64).jpg_d03590a3-01f6-49cb-ba21-56ddf7c77d4a.jpg,Alternaria Leaf Spot
Alternaria Leaf Spot/N_456AlterneriaLeafSpot_original_ALS(65).jpg_3c7584a3-4e30-4f3b-9047-d430be5e2273.jpg,Alternaria Leaf Spot
Alternaria Leaf Spot/N_456AlterneriaLeafSpot_original_ALS(65).jpg_8ce31098-3e48-4af8-8ab7-0108d998a2f0.jpg,Alternaria Leaf Spot
Alternaria Leaf Spot/N_456AlterneriaLeafSpot_original_ALS(65).jpg_94e75117-0d29-498c-8180-3f86dcd7879d.jpg,Alternaria Leaf Spot
Alternaria Leaf Spot/N_456AlterneriaLeafSpot_original_ALS(65).jpg_a4111699-27e2-4d62-8a9a-7f04987fa275.jpg,Alternaria Leaf Spot
Alternaria Leaf Spot/N_456AlterneriaLeafSpot_original_ALS(65).jpg_b93c55e2-ed4b-48b1-9dfd-46e041c51d4d.jpg,Alternaria Leaf Spot
Alternaria Leaf Spot/N_456AlterneriaLeafSpot_original_ALS(65).jpg_c610f57d-31fb-409e-a4ed-2f8a3b6c3163.jpg,Alternaria Leaf Spot
Alternaria Leaf Spot/N_456AlterneriaLeafSpot_original_ALS(65).jpg_c70677f3-fd50-4405-94a4-2e63e28e528b.jpg,Alternaria Leaf Spot
Alternaria Leaf Spot/N_456AlterneriaLeafSpot_original_ALS(65).jpg_e0981792-a369-4e10-a56b-51e8cdb32e77.jpg,Alternaria Leaf Spot
Alternaria Leaf Spot/N_456AlterneriaLeafSpot_original_ALS(66).jpg_071558b5-4290-456d-a301-7abe582922da.jpg,Alternaria Leaf Spot
Alternaria Leaf Spot/N_456AlterneriaLeafSpot_original_ALS(66).jpg_1ae06605-ea38-47de-b8ee-8a1f02a235c1.jpg,Alternaria Leaf Spot
Alternaria Leaf Spot/N_456AlterneriaLeafSpot_original_ALS(66).jpg_325122ca-4c7a-425a-94f6-5707910a5712.jpg,Alternaria Leaf Spot
Alternaria Leaf Spot/N_456AlterneriaLeafSpot_original_ALS(66).jpg_8e78e06b-3fa1-4b94-946b-7bb94a662212.jpg,Alternaria Leaf Spot
Alternaria Leaf Spot/N_456AlterneriaLeafSpot_original_ALS(66).jpg_91bea513-4a28-4d8c-9156-19da41a9b44d.jpg,Alternaria Leaf Spot
Alternaria Leaf Spot/N_456AlterneriaLeafSpot_original_ALS(66).jpg_c343de28-8993-455e-92ed-16a5e918af65.jpg,Alternaria Leaf Spot
Alternaria Leaf Spot/N_456AlterneriaLeafSpot_original_ALS(66).jpg_c78f0e7d-b0db-42a6-b2ec-6eb2b8a359fb.jpg,Alternaria Leaf Spot
Alternaria Leaf Spot/N_456AlterneriaLeafSpot_original_ALS(66).jpg_d3046c2f-f2fa-40db-b10f-d1db5906d526.jpg,Alternaria Leaf Spot
Alternaria Leaf Spot/N_456AlterneriaLeafSpot_original_ALS(66).jpg_f4f57424-26a1-4259-b6d2-42a03e67dca9.jpg,Alternaria Leaf Spot
Alternaria Leaf Spot/N_456AlterneriaLeafSpot_original_ALS(66).jpg_f79a1659-71a7-4bb6-bd9f-da935071f761.jpg,Alternaria Leaf Spot
Alternaria Leaf Spot/N_456AlterneriaLeafSpot_original_ALS(67).jpg_19000289-cf54-4a31-ba23-7c38296a7aae.jpg,Alternaria Leaf Spot
Alternaria Leaf Spot/N_456AlterneriaLeafSpot_original_ALS(67).jpg_2a256582-0ca1-4dc3-849c-7ead3e16f89f.jpg,Alternaria Leaf Spot
Alternaria Leaf Spot/N_456AlterneriaLeafSpot_original_ALS(67).jpg_5dc928ed-d79b-4f01-9117-ffb748bf17d8.jpg,Alternaria Leaf Spot
Alternaria Leaf Spot/N_456AlterneriaLeafSpot_original_ALS(67).jpg_a8c95096-6d1c-44aa-b727-bcb226c7c030.jpg,Alternaria Leaf Spot
Alternaria Leaf Spot/N_456AlterneriaLeafSpot_original_ALS(67).jpg_d2f923d5-ea00-4049-80f2-f8ea5c09a447.jpg,Alternaria Leaf Spot
Alternaria Leaf Spot/N_456AlterneriaLeafSpot_original_ALS(67).jpg_d778db45-0774-41ef-ae80-093e32c993cb.jpg,Alternaria Leaf Spot
Alternaria Leaf Spot/N_456AlterneriaLeafSpot_original_ALS(67).jpg_fef6f23f-29e4-4db2-8c9e-1830a9a89c14.jpg,Alternaria Leaf Spot
Alternaria Leaf Spot/N_456AlterneriaLeafSpot_original_ALS(68).jpg_2ab9c62f-02e7-4525-8eae-3ea3bd0d5a45.jpg,Alternaria Leaf Spot
Alternaria Leaf Spot/N_456AlterneriaLeafSpot_original_ALS(68).jpg_383e31a4-8623-4aa3-9bdc-45873b92e8d8.jpg,Alternaria Leaf Spot
Alternaria Leaf Spot/N_456AlterneriaLeafSpot_original_ALS(68).jpg_44162e13-c336-48d1-9d99-c85d8f68eae9.jpg,Alternaria Leaf Spot
Alternaria Leaf Spot/N_456AlterneriaLeafSpot_original_ALS(68).jpg_4ec88506-e801-4c2c-b498-5193ad61cdbd.jpg,Alternaria Leaf Spot
Alternaria Leaf Spot/N_456AlterneriaLeafSpot_original_ALS(68).jpg_4ef91515-ebfe-4938-88ae-11d24f5c72a3.jpg,Alternaria Leaf Spot
Alternaria Leaf Spot/N_456AlterneriaLeafSpot_original_ALS(68).jpg_54aa2052-902a-4d8e-9ce2-496c24dbbbf6.jpg,Alternaria Leaf Spot
Alternaria Leaf Spot/N_456AlterneriaLeafSpot_original_ALS(68).jpg_61341b14-daa3-4d19-9173-20016ecdb4b7.jpg,Alternaria Leaf Spot
Alternaria Leaf Spot/N_456AlterneriaLeafSpot_original_ALS(68).jpg_69210884-dbf0-4452-ab49-d71ca5975889.jpg,Alternaria Leaf Spot
Alternaria Leaf Spot/N_456AlterneriaLeafSpot_original_ALS(68).jpg_694741db-7e51-4bfe-8a45-03c3f41c497b.jpg,Alternaria Leaf Spot
Alternaria Leaf Spot/N_456AlterneriaLeafSpot_original_ALS(68).jpg_79b6edac-f65f-400b-a4ab-71ea681296ed.jpg,Alternaria Leaf Spot
Alternaria Leaf Spot/N_456AlterneriaLeafSpot_original_ALS(68).jpg_7f11400e-24f2-4308-b71f-56e55cf9b687.jpg,Alternaria Leaf Spot
Alternaria Leaf Spot/N_456AlterneriaLeafSpot_original_ALS(68).jpg_85958581-9b2a-4f2e-b163-60f399ee3e11.jpg,Alternaria Leaf Spot
Alternaria Leaf Spot/N_456AlterneriaLeafSpot_original_ALS(68).jpg_fe6e14b4-94aa-499b-8eb2-329c5d7d8184.jpg,Alternaria Leaf Spot
Alternaria Leaf Spot/N_456AlterneriaLeafSpot_original_ALS(69).jpg_2c956c0e-691e-4a29-92df-43d767cb77e9.jpg,Alternaria Leaf Spot
Alternaria Leaf Spot/N_456AlterneriaLeafSpot_original_ALS(69).jpg_94932912-607f-49e2-9dec-4f9556410a48.jpg,Alternaria Leaf Spot
Alternaria Leaf Spot/N_456AlterneriaLeafSpot_original_ALS(69).jpg_b0d04841-9775-478f-bb85-f31325d99035.jpg,Alternaria Leaf Spot
Alternaria Leaf Spot/N_456AlterneriaLeafSpot_original_ALS(7).jpg_036941f1-4a27-47e3-8b76-e7b5eb3463f6.jpg,Alternaria Leaf Spot
Alternaria Leaf Spot/N_456AlterneriaLeafSpot_original_ALS(7).jpg_2fc39bcf-bbe8-455d-b882-4395ecd33fd0.jpg,Alternaria Leaf Spot
Alternaria Leaf Spot/N_456AlterneriaLeafSpot_original_ALS(7).jpg_33bd0349-b9c7-44f9-b870-79d2bba4beb3.jpg,Alternaria Leaf Spot
Alternaria Leaf Spot/N_456AlterneriaLeafSpot_original_ALS(7).jpg_42f72299-4474-4c3a-8792-725359b18467.jpg,Alternaria Leaf Spot
Alternaria Leaf Spot/N_456AlterneriaLeafSpot_original_ALS(7).jpg_492b8ccd-63af-43ab-ad50-abe5d3b2e3b0.jpg,Alternaria Leaf Spot
Alternaria Leaf Spot/N_456AlterneriaLeafSpot_original_ALS(7).jpg_5d392f64-6b14-4e5b-97db-9f4e728db541.jpg,Alternaria Leaf Spot
Alternaria Leaf Spot/N_456AlterneriaLeafSpot_original_ALS(7).jpg_60529dcf-1030-46cc-b66b-2563f32e1d51.jpg,Alternaria Leaf Spot
Alternaria Leaf Spot/N_456AlterneriaLeafSpot_original_ALS(7).jpg_91d67657-d738-4f6d-a5cd-23adc7bbba07.jpg,Alternaria Leaf Spot
Alternaria Leaf Spot/N_456AlterneriaLeafSpot_original_ALS(7).jpg_c9f7168d-8181-4d96-b100-de6b698fa8e5.jpg,Alternaria Leaf Spot
Alternaria Leaf Spot/N_456AlterneriaLeafSpot_original_ALS(7).jpg_f934375f-a0bf-4f94-9b7e-e661d8064b90.jpg,Alternaria Leaf Spot
Alternaria Leaf Spot/N_456AlterneriaLeafSpot_original_ALS(70).jpg_00ac8fd4-7a17-4b54-8d97-7573ccfe4644.jpg,Alternaria Leaf Spot
Alternaria Leaf Spot/N_456AlterneriaLeafSpot_original_ALS(70).jpg_41c4eaa0-c7a7-44b2-a317-e3b5719d0279.jpg,Alternaria Leaf Spot
Alternaria Leaf Spot/N_456AlterneriaLeafSpot_original_ALS(70).jpg_457bed99-c789-45f5-a989-251c0313be7c.jpg,Alternaria Leaf Spot
Alternaria Leaf Spot/N_456AlterneriaLeafSpot_original_ALS(70).jpg_4f029bfb-9d8e-496f-864c-f298969f1013.jpg,Alternaria Leaf Spot
Alternaria Leaf Spot/N_456AlterneriaLeafSpot_original_ALS(70).jpg_5fbdba65-4a55-49fc-a413-7b26785d3f1c.jpg,Alternaria Leaf Spot
Alternaria Leaf Spot/N_456AlterneriaLeafSpot_original_ALS(70).jpg_64413a1b-eba7-4229-a9cd-b553b94fc248.jpg,Alternaria Leaf Spot
Alternaria Leaf Spot/N_456AlterneriaLeafSpot_original_ALS(70).jpg_c3e498e4-681e-462b-98f4-2805af1e9836.jpg,Alternaria Leaf Spot
Alternaria Leaf Spot/N_456AlterneriaLeafSpot_original_ALS(70).jpg_d6c9ca45-0e7c-439f-b3b3-f68250acf61e.jpg,Alternaria Leaf Spot
Alternaria Leaf Spot/N_456AlterneriaLeafSpot_original_ALS(70).jpg_d6f83876-ef7f-410e-a51c-3f84d2b0f9e2.jpg,Alternaria Leaf Spot
Alternaria Leaf Spot/N_456AlterneriaLeafSpot_original_ALS(70).jpg_f3f7038d-8cc7-492c-89cc-6ed66b415d57.jpg,Alternaria Leaf Spot
Alternaria Leaf Spot/N_456AlterneriaLeafSpot_original_ALS(71).jpg_04780076-3ce8-4c8b-b7a8-64a468b12527.jpg,Alternaria Leaf Spot
Alternaria Leaf Spot/N_456AlterneriaLeafSpot_original_ALS(71).jpg_0ad2f71f-fdf6-445a-b47b-05388f9a81dd.jpg,Alternaria Leaf Spot
Alternaria Leaf Spot/N_456AlterneriaLeafSpot_original_ALS(71).jpg_443ff1cc-f1c6-4f72-86af-e03298f5c43a.jpg,Alternaria Leaf Spot
Alternaria Leaf Spot/N_456AlterneriaLeafSpot_original_ALS(71).jpg_50558fe5-aa3f-4549-b76b-8aef325cb9c3.jpg,Alternaria Leaf Spot
Alternaria Leaf Spot/N_456AlterneriaLeafSpot_original_ALS(71).jpg_6297c119-c4b6-4254-b0ef-0e1c0c445a50.jpg,Alternaria Leaf Spot
Alternaria Leaf Spot/N_456AlterneriaLeafSpot_original_ALS(71).jpg_636666ef-0ec0-4a40-8d6e-e01c90f60187.jpg,Alternaria Leaf Spot
Alternaria Leaf Spot/N_456AlterneriaLeafSpot_original_ALS(71).jpg_72282ab4-95a1-4d97-a550-e5f871fa1dda.jpg,Alternaria Leaf Spot
Alternaria Leaf Spot/N_456AlterneriaLeafSpot_original_ALS(71).jpg_a90a1b31-3048-492f-8bf6-c596c385a5dc.jpg,Alternaria Leaf Spot
Alternaria Leaf Spot/N_456AlterneriaLeafSpot_original_ALS(71).jpg_cedfc69d-70db-4c85-8725-a106a0a8d03c.jpg,Alternaria Leaf Spot
Alternaria Leaf Spot/N_456AlterneriaLeafSpot_original_ALS(72).jpg_23f82d7b-3c12-4e68-8409-2c97ad746107.jpg,Alternaria Leaf Spot
Alternaria Leaf Spot/N_456AlterneriaLeafSpot_original_ALS(72).jpg_642ca593-8fbf-4d60-8fa9-9c7c6e49fc67.jpg,Alternaria Leaf Spot
Alternaria Leaf Spot/N_456AlterneriaLeafSpot_original_ALS(72).jpg_7f61d562-90c9-4023-a4fc-aaa9cffc7d27.jpg,Alternaria Leaf Spot
Alternaria Leaf Spot/N_456AlterneriaLeafSpot_original_ALS(72).jpg_8ba91c06-fb03-4b2d-90d1-37e01996cbb7.jpg,Alternaria Leaf Spot
Alternaria Leaf Spot/N_456AlterneriaLeafSpot_original_ALS(72).jpg_a8704073-39ab-478e-9788-73ee0a4d9372.jpg,Alternaria Leaf Spot
Alternaria Leaf Spot/N_456AlterneriaLeafSpot_original_ALS(72).jpg_b4d84056-7348-4e63-adb2-1fc8d150081a.jpg,Alternaria Leaf Spot
Alternaria Leaf Spot/N_456AlterneriaLeafSpot_original_ALS(72).jpg_b52670b5-a087-4004-a316-db9836fb3a30.jpg,Alternaria Leaf Spot
Alternaria Leaf Spot/N_456AlterneriaLeafSpot_original_ALS(72).jpg_c9f7a69c-4312-4b70-8d28-f972498e6d9d.jpg,Alternaria Leaf Spot
Alternaria Leaf Spot/N_456AlterneriaLeafSpot_original_ALS(73).jpg_81ad7b8b-6648-4896-8665-80feac75e18a.jpg,Alternaria Leaf Spot
Alternaria Leaf Spot/N_456AlterneriaLeafSpot_original_ALS(73).jpg_cee1d032-6326-4c51-834f-36ef98150d20.jpg,Alternaria Leaf Spot
Alternaria Leaf Spot/N_456AlterneriaLeafSpot_original_ALS(73).jpg_e318354b-2683-429e-93b4-254a309a0e8a.jpg,Alternaria Leaf Spot
Alternaria Leaf Spot/N_456AlterneriaLeafSpot_original_ALS(74).jpg_4001835b-60cb-475c-a1cc-ef30def7359d.jpg,Alternaria Leaf Spot
Alternaria Leaf Spot/N_456AlterneriaLeafSpot_original_ALS(74).jpg_40863154-579e-4ecb-8bcb-8d8d336a8da4.jpg,Alternaria Leaf Spot
Alternaria Leaf Spot/N_456AlterneriaLeafSpot_original_ALS(74).jpg_42155bb7-dfff-408b-9b0e-4cbc163dcf85.jpg,Alternaria Leaf Spot
Alternaria Leaf Spot/N_456AlterneriaLeafSpot_original_ALS(74).jpg_45cd5ab3-4fce-4fd3-b4ae-0dc6079d0568.jpg,Alternaria Leaf Spot
Alternaria Leaf Spot/N_456AlterneriaLeafSpot_original_ALS(74).jpg_85c4f99e-922d-4277-8623-b80d91c03fa8.jpg,Alternaria Leaf Spot
Alternaria Leaf Spot/N_456AlterneriaLeafSpot_original_ALS(74).jpg_89be4f42-4c07-4e8a-8895-edfbebf9bccb.jpg,Alternaria Leaf Spot
Alternaria Leaf Spot/N_456AlterneriaLeafSpot_original_ALS(74).jpg_9e2fb3e6-247b-4e8a-b810-0d840310754d.jpg,Alternaria Leaf Spot
Alternaria Leaf Spot/N_456AlterneriaLeafSpot_original_ALS(75).jpg_0b5e86fa-535c-4028-9dd9-b4b016141b92.jpg,Alternaria Leaf Spot
Alternaria Leaf Spot/N_456AlterneriaLeafSpot_original_ALS(75).jpg_367dc310-a693-4100-867d-cf306321f93b.jpg,Alternaria Leaf Spot
Alternaria Leaf Spot/N_456AlterneriaLeafSpot_original_ALS(75).jpg_70588488-2ddb-4bf0-b324-2f3ea580af0b.jpg,Alternaria Leaf Spot
Alternaria Leaf Spot/N_456AlterneriaLeafSpot_original_ALS(75).jpg_70f15c2c-5a4b-44fc-9136-8e63d5dbf228.jpg,Alternaria Leaf Spot
Alternaria Leaf Spot/N_456AlterneriaLeafSpot_original_ALS(75).jpg_e1f7b7ca-5122-4d3b-b9b7-3c0853268171.jpg,Alternaria Leaf Spot
Alternaria Leaf Spot/N_456AlterneriaLeafSpot_original_ALS(76).jpg_13535245-464c-4e17-bb40-58ec4454ee26.jpg,Alternaria Leaf Spot
Alternaria Leaf Spot/N_456AlterneriaLeafSpot_original_ALS(76).jpg_13df54ce-842d-4009-b1e0-dddd40ee1d40.jpg,Alternaria Leaf Spot
Alternaria Leaf Spot/N_456AlterneriaLeafSpot_original_ALS(76).jpg_1b11118e-2cec-4f9f-90be-1cd699ce9b74.jpg,Alternaria Leaf Spot
Alternaria Leaf Spot/N_456AlterneriaLeafSpot_original_ALS(76).jpg_1c1b60de-8a12-4761-b941-5073b18cbef0.jpg,Alternaria Leaf Spot
Alternaria Leaf Spot/N_456AlterneriaLeafSpot_original_ALS(76).jpg_2c427c7d-a1f6-4075-8932-4f4e90c41c55.jpg,Alternaria Leaf Spot
Alternaria Leaf Spot/N_456AlterneriaLeafSpot_original_ALS(76).jpg_8c7449ed-de24-4d60-9559-e0fee7bc0274.jpg,Alternaria Leaf Spot
Alternaria Leaf Spot/N_456AlterneriaLeafSpot_original_ALS(76).jpg_a19ea20d-74c1-4335-928e-0c5a8ce43380.jpg,Alternaria Leaf Spot
Alternaria Leaf Spot/N_456AlterneriaLeafSpot_original_ALS(76).jpg_da8348dd-1f63-4a7d-b76b-198940954848.jpg,Alternaria Leaf Spot
Alternaria Leaf Spot/N_456AlterneriaLeafSpot_original_ALS(77).jpg_10d8389c-1123-42b3-b14d-9b05572b887d.jpg,Alternaria Leaf Spot
Alternaria Leaf Spot/N_456AlterneriaLeafSpot_original_ALS(77).jpg_271f753d-6908-49ee-bf63-ffeb9e108c57.jpg,Alternaria Leaf Spot
Alternaria Leaf Spot/N_456AlterneriaLeafSpot_original_ALS(77).jpg_2f112259-e928-4e43-9dc2-1f4d6d671043.jpg,Alternaria Leaf Spot
Alternaria Leaf Spot/N_456AlterneriaLeafSpot_original_ALS(77).jpg_6411479c-68fe-4515-ade9-379753f95d1c.jpg,Alternaria Leaf Spot
Alternaria Leaf Spot/N_456AlterneriaLeafSpot_original_ALS(77).jpg_893f8833-8bb5-4dd8-b8ad-c5a347690944.jpg,Alternaria Leaf Spot
Alternaria Leaf Spot/N_456AlterneriaLeafSpot_original_ALS(77).jpg_8ae7a853-7422-4a48-91c5-179b240d8dca.jpg,Alternaria Leaf Spot
Alternaria Leaf Spot/N_456AlterneriaLeafSpot_original_ALS(77).jpg_af240cef-7bf2-431f-a2e0-c2069512e9a9.jpg,Alternaria Leaf Spot
Alternaria Leaf Spot/N_456AlterneriaLeafSpot_original_ALS(77).jpg_bcd8dfbf-1f34-4247-82f0-f269c2a0c916.jpg,Alternaria Leaf Spot
Alternaria Leaf Spot/N_456AlterneriaLeafSpot_original_ALS(77).jpg_c7896405-fd71-4636-aa78-01f873f986a3.jpg,Alternaria Leaf Spot
Alternaria Leaf Spot/N_456AlterneriaLeafSpot_original_ALS(78).jpg_118a6de7-0319-4fc1-8de4-9681c5248e72.jpg,Alternaria Leaf Spot
Alternaria Leaf Spot/N_456AlterneriaLeafSpot_original_ALS(78).jpg_255d2432-bb9c-4c9f-9775-9acc3f5a8305.jpg,Alternaria Leaf Spot
Alternaria Leaf Spot/N_456AlterneriaLeafSpot_original_ALS(78).jpg_75ef36b2-322e-464c-8cf9-7a9d58bc78ad.jpg,Alternaria Leaf Spot
Alternaria Leaf Spot/N_456AlterneriaLeafSpot_original_ALS(78).jpg_943178bd-fa27-4a98-bc42-ec49a1bc52e9.jpg,Alternaria Leaf Spot
Alternaria Leaf Spot/N_456AlterneriaLeafSpot_original_ALS(78).jpg_d12e10f3-5fe1-4755-aff1-caa869fb9f36.jpg,Alternaria Leaf Spot
Alternaria Leaf Spot/N_456AlterneriaLeafSpot_original_ALS(78).jpg_d6db5241-af00-4397-b66d-6191a5248576.jpg,Alternaria Leaf Spot
Alternaria Leaf Spot/N_456AlterneriaLeafSpot_original_ALS(79).jpg_01b5f115-8b4a-4d44-9cf0-128a28c70307.jpg,Alternaria Leaf Spot
Alternaria Leaf Spot/N_456AlterneriaLeafSpot_original_ALS(79).jpg_07924c18-7a1c-4d29-b3c4-6c78dfa21b2c.jpg,Alternaria Leaf Spot
Alternaria Leaf Spot/N_456AlterneriaLeafSpot_original_ALS(79).jpg_1e13d503-29c9-4d25-9575-9e5ab933d12b.jpg,Alternaria Leaf Spot
Alternaria Leaf Spot/N_456AlterneriaLeafSpot_original_ALS(79).jpg_26f18fd0-95fb-4b27-9c43-21f842cfe0f9.jpg,Alternaria Leaf Spot
Alternaria Leaf Spot/N_456AlterneriaLeafSpot_original_ALS(79).jpg_2d528a57-c34f-423e-9f03-1ab01e98a208.jpg,Alternaria Leaf Spot
Alternaria Leaf Spot/N_456AlterneriaLeafSpot_original_ALS(79).jpg_2daf5ba3-7565-413d-92e0-da08ab1de56b.jpg,Alternaria Leaf Spot
Alternaria Leaf Spot/N_456AlterneriaLeafSpot_original_ALS(79).jpg_5f134364-8af8-42f6-ab52-a9cad292ce77.jpg,Alternaria Leaf Spot
Alternaria Leaf Spot/N_456AlterneriaLeafSpot_original_ALS(79).jpg_85da2e3d-c65f-459b-b66d-87bc5a6be9a9.jpg,Alternaria Leaf Spot
Alternaria Leaf Spot/N_456AlterneriaLeafSpot_original_ALS(79).jpg_94c07dc0-ed88-4883-a95e-aeae362ed7e7.jpg,Alternaria Leaf Spot
Alternaria Leaf Spot/N_456AlterneriaLeafSpot_original_ALS(8).jpg_1a4b5984-3314-45e6-94eb-e46a75e2b953.jpg,Alternaria Leaf Spot
Alternaria Leaf Spot/N_456AlterneriaLeafSpot_original_ALS(8).jpg_2098f702-ce26-4d7f-a0c3-8765b0fc0a9a.jpg,Alternaria Leaf Spot
Alternaria Leaf Spot/N_456AlterneriaLeafSpot_original_ALS(8).jpg_2b20a2cb-e4ab-46dc-9050-fe971922c4e2.jpg,Alternaria Leaf Spot
Alternaria Leaf Spot/N_456AlterneriaLeafSpot_original_ALS(8).jpg_477db4a9-c38f-4864-a3f9-2e01b4eb2508.jpg,Alternaria Leaf Spot
Alternaria Leaf Spot/N_456AlterneriaLeafSpot_original_ALS(8).jpg_52673e28-71bd-4b6c-a605-92ff93b9299f.jpg,Alternaria Leaf Spot
Alternaria Leaf Spot/N_456AlterneriaLeafSpot_original_ALS(8).jpg_7f164eec-fa9f-485b-9893-6f8a361c7a8d.jpg,Alternaria Leaf Spot
Alternaria Leaf Spot/N_456AlterneriaLeafSpot_original_ALS(8).jpg_997dc385-4335-40f0-be06-079a5f445b94.jpg,Alternaria Leaf Spot
Alternaria Leaf Spot/N_456AlterneriaLeafSpot_original_ALS(8).jpg_a916a5f6-c127-4e7f-a5c3-e3380d7f5582.jpg,Alternaria Leaf Spot
Alternaria Leaf Spot/N_456AlterneriaLeafSpot_original_ALS(8).jpg_b75c6852-bbc6-40a7-b442-fbeb03cc7c25.jpg,Alternaria Leaf Spot
Alternaria Leaf Spot/N_456AlterneriaLeafSpot_original_ALS(8).jpg_d0d37cfc-4f3c-4ce8-b19e-e679fbb7daaf.jpg,Alternaria Leaf Spot
Alternaria Leaf Spot/N_456AlterneriaLeafSpot_original_ALS(8).jpg_d98ea7ce-e651-40f5-9f39-1905d62ba9eb.jpg,Alternaria Leaf Spot
Alternaria Leaf Spot/N_456AlterneriaLeafSpot_original_ALS(8).jpg_da9449cc-5b69-4f42-9cf7-72a019e9cd4a.jpg,Alternaria Leaf Spot
Alternaria Leaf Spot/N_456AlterneriaLeafSpot_original_ALS(80).jpg_05a5bce4-9ba4-4ed4-a942-00ec0f599bb5.jpg,Alternaria Leaf Spot
Alternaria Leaf Spot/N_456AlterneriaLeafSpot_original_ALS(80).jpg_0639ae74-05ca-42dc-a2bd-a035ce268798.jpg,Alternaria Leaf Spot
Alternaria Leaf Spot/N_456AlterneriaLeafSpot_original_ALS(80).jpg_13ee73b8-29e3-4639-a6c7-d2fa29be968d.jpg,Alternaria Leaf Spot
Alternaria Leaf Spot/N_456AlterneriaLeafSpot_original_ALS(80).jpg_32c906c8-b98b-4f4f-ac1f-2d3e75c8dd18.jpg,Alternaria Leaf Spot
Alternaria Leaf Spot/N_456AlterneriaLeafSpot_original_ALS(80).jpg_3adb32dd-cdff-4d72-b192-29aea4328062.jpg,Alternaria Leaf Spot
Alternaria Leaf Spot/N_456AlterneriaLeafSpot_original_ALS(80).jpg_4f9036c7-325d-4263-beb5-2527b861ff61.jpg,Alternaria Leaf Spot
Alternaria Leaf Spot/N_456AlterneriaLeafSpot_original_ALS(80).jpg_561ba8c8-5bbc-49bf-9f0f-f09ab430a94f.jpg,Alternaria Leaf Spot
Alternaria Leaf Spot/N_456AlterneriaLeafSpot_original_ALS(80).jpg_a30e1d9f-7de0-45a3-9e3c-d0fa5a5259e2.jpg,Alternaria Leaf Spot
Alternaria Leaf Spot/N_456AlterneriaLeafSpot_original_ALS(80).jpg_a5e69757-14e3-4d1a-8c10-0de63231925b.jpg,Alternaria Leaf Spot
Alternaria Leaf Spot/N_456AlterneriaLeafSpot_original_ALS(80).jpg_ad25b24d-9217-4727-bea3-7b100735da3d.jpg,Alternaria Leaf Spot
Alternaria Leaf Spot/N_456AlterneriaLeafSpot_original_ALS(80).jpg_d3a8a449-7fc1-4129-9848-1dbd7459cb3f.jpg,Alternaria Leaf Spot
Alternaria Leaf Spot/N_456AlterneriaLeafSpot_original_ALS(80).jpg_dba4c8a1-8519-4429-96fb-2bf0d978195b.jpg,Alternaria Leaf Spot
Alternaria Leaf Spot/N_456AlterneriaLeafSpot_original_ALS(81).jpg_233e102d-4d97-4839-a087-8da0c4cdd497.jpg,Alternaria Leaf Spot
Alternaria Leaf Spot/N_456AlterneriaLeafSpot_original_ALS(81).jpg_7db9714e-beae-4c7f-b1fc-7dd48b90105f.jpg,Alternaria Leaf Spot
Alternaria Leaf Spot/N_456AlterneriaLeafSpot_original_ALS(81).jpg_a9271414-1af2-4678-a4ca-1ae0ddb521c4.jpg,Alternaria Leaf Spot
Alternaria Leaf Spot/N_456AlterneriaLeafSpot_original_ALS(81).jpg_ef39ea27-b095-471b-95dc-7b512e1bd718.jpg,Alternaria Leaf Spot
Alternaria Leaf Spot/N_456AlterneriaLeafSpot_original_ALS(81).jpg_f2adcf9d-380a-4943-a564-49b8f715e347.jpg,Alternaria Leaf Spot
Alternaria Leaf Spot/N_456AlterneriaLeafSpot_original_ALS(82).jpg_20577802-b5e1-4174-ad4e-01bf2355b996.jpg,Alternaria Leaf Spot
Alternaria Leaf Spot/N_456AlterneriaLeafSpot_original_ALS(82).jpg_2f300855-4167-4f1e-b5b2-13e1514144c0.jpg,Alternaria Leaf Spot
Alternaria Leaf Spot/N_456AlterneriaLeafSpot_original_ALS(82).jpg_3be0b113-24bf-45f1-80be-7ca16413aaf5.jpg,Alternaria Leaf Spot
Alternaria Leaf Spot/N_456AlterneriaLeafSpot_original_ALS(82).jpg_68eb3125-71a3-4edb-9003-9bba076f4ae1.jpg,Alternaria Leaf Spot
Alternaria Leaf Spot/N_456AlterneriaLeafSpot_original_ALS(82).jpg_e3c24f4b-196c-4d38-9bdf-fac701737a3c.jpg,Alternaria Leaf Spot
Alternaria Leaf Spot/N_456AlterneriaLeafSpot_original_ALS(83).jpg_03b00cf5-725d-4378-902f-38850dca760a.jpg,Alternaria Leaf Spot
Alternaria Leaf Spot/N_456AlterneriaLeafSpot_original_ALS(83).jpg_105ce80d-2c3e-47ff-81e1-27d4257bad65.jpg,Alternaria Leaf Spot
Alternaria Leaf Spot/N_456AlterneriaLeafSpot_original_ALS(83).jpg_386b5d9e-2a0b-418e-937b-8f38786a5eed.jpg,Alternaria Leaf Spot
Alternaria Leaf Spot/N_456AlterneriaLeafSpot_original_ALS(83).jpg_44d00b72-a555-462d-88d1-f5b76ff8ffdf.jpg,Alternaria Leaf Spot
Alternaria Leaf Spot/N_456AlterneriaLeafSpot_original_ALS(83).jpg_572defcc-620c-49c9-9e6c-562df6738fd8.jpg,Alternaria Leaf Spot
Alternaria Leaf Spot/N_456AlterneriaLeafSpot_original_ALS(83).jpg_6782afc2-f897-4091-a104-c3d420b8aefa.jpg,Alternaria Leaf Spot
Alternaria Leaf Spot/N_456AlterneriaLeafSpot_original_ALS(83).jpg_e7f0903c-8ab5-4c9a-b93d-b66623e21780.jpg,Alternaria Leaf Spot
Alternaria Leaf Spot/N_456AlterneriaLeafSpot_original_ALS(84).jpg_c21f25b7-a276-4408-88d2-c68935173c21.jpg,Alternaria Leaf Spot
Alternaria Leaf Spot/N_456AlterneriaLeafSpot_original_ALS(84).jpg_dfc6a493-957b-424b-b6f8-3ca7bae94ae6.jpg,Alternaria Leaf Spot
Alternaria Leaf Spot/N_456AlterneriaLeafSpot_original_ALS(85).jpg_0edf1e98-2a15-4447-ba88-5ac2196723f9.jpg,Alternaria Leaf Spot
Alternaria Leaf Spot/N_456AlterneriaLeafSpot_original_ALS(85).jpg_4c8f0df1-0e04-436c-9356-b3d5a446443f.jpg,Alternaria Leaf Spot
Alternaria Leaf Spot/N_456AlterneriaLeafSpot_original_ALS(85).jpg_53938758-b752-4a56-85bb-06a9396ba98a.jpg,Alternaria Leaf Spot
Alternaria Leaf Spot/N_456AlterneriaLeafSpot_original_ALS(85).jpg_6b09ff5a-551a-4b95-befd-2e868e317bb1.jpg,Alternaria Leaf Spot
Alternaria Leaf Spot/N_456AlterneriaLeafSpot_original_ALS(85).jpg_6da4f7c8-596a-4d2a-ab78-09ca6d5fa322.jpg,Alternaria Leaf Spot
Alternaria Leaf Spot/N_456AlterneriaLeafSpot_original_ALS(85).jpg_725d4b37-62a5-41b7-b4f1-7c5211f40bf8.jpg,Alternaria Leaf Spot
Alternaria Leaf Spot/N_456AlterneriaLeafSpot_original_ALS(85).jpg_bebc0700-88f7-43aa-b147-77753b0a7893.jpg,Alternaria Leaf Spot
Alternaria Leaf Spot/N_456AlterneriaLeafSpot_original_ALS(85).jpg_e101a690-acf4-4d52-a612-b283126e232c.jpg,Alternaria Leaf Spot
Alternaria Leaf Spot/N_456AlterneriaLeafSpot_original_ALS(86).jpg_122fd5fb-9a0e-4088-bc6d-7b2e04452f59.jpg,Alternaria Leaf Spot
Alternaria Leaf Spot/N_456AlterneriaLeafSpot_original_ALS(86).jpg_266938db-4175-4570-b7fd-905464d583a3.jpg,Alternaria Leaf Spot
Alternaria Leaf Spot/N_456AlterneriaLeafSpot_original_ALS(86).jpg_4193eed2-2fb3-4b04-9732-b470a5b1dcc5.jpg,Alternaria Leaf Spot
Alternaria Leaf Spot/N_456AlterneriaLeafSpot_original_ALS(86).jpg_7b9f4481-321c-432a-bcf3-a0b1cf6465ed.jpg,Alternaria Leaf Spot
Alternaria Leaf Spot/N_456AlterneriaLeafSpot_original_ALS(86).jpg_811e586e-c118-4b2a-b4bf-9831b395c0fa.jpg,Alternaria Leaf Spot
Alternaria Leaf Spot/N_456AlterneriaLeafSpot_original_ALS(86).jpg_a91c92b2-021c-4155-bf26-9bdf50f9e569.jpg,Alternaria Leaf Spot
Alternaria Leaf Spot/N_456AlterneriaLeafSpot_original_ALS(86).jpg_aabd68ed-73df-44e4-9768-5779037c8732.jpg,Alternaria Leaf Spot
Alternaria Leaf Spot/N_456AlterneriaLeafSpot_original_ALS(86).jpg_db362e29-287b-484a-a4ce-9c19627063a2.jpg,Alternaria Leaf Spot
Alternaria Leaf Spot/N_456AlterneriaLeafSpot_original_ALS(86).jpg_dfcd1e99-d86f-4cb8-95a5-46546cd05d3e.jpg,Alternaria Leaf Spot
Alternaria Leaf Spot/N_456AlterneriaLeafSpot_original_ALS(86).jpg_f64b90e2-d067-49ce-895f-27a72095a237.jpg,Alternaria Leaf Spot
Alternaria Leaf Spot/N_456AlterneriaLeafSpot_original_ALS(87).jpg_1fa43f43-d8b3-4e2e-8ff3-d2db73525747.jpg,Alternaria Leaf Spot
Alternaria Leaf Spot/N_456AlterneriaLeafSpot_original_ALS(87).jpg_5b3429cf-e7d1-40b6-b6da-0ff0aae87a16.jpg,Alternaria Leaf Spot
Alternaria Leaf Spot/N_456AlterneriaLeafSpot_original_ALS(87).jpg_631ba9ea-5098-47ba-bd7b-63f75e57fa6b.jpg,Alternaria Leaf Spot
Alternaria Leaf Spot/N_456AlterneriaLeafSpot_original_ALS(87).jpg_90de3994-39c4-4123-8a34-8c0c1569236f.jpg,Alternaria Leaf Spot
Alternaria Leaf Spot/N_456AlterneriaLeafSpot_original_ALS(88).jpg_36706cea-0828-4a01-9bb5-5dd42002ee9c.jpg,Alternaria Leaf Spot
Alternaria Leaf Spot/N_456AlterneriaLeafSpot_original_ALS(88).jpg_4f3d05c1-dc67-44a5-a791-d2d733637a26.jpg,Alternaria Leaf Spot
Alternaria Leaf Spot/N_456AlterneriaLeafSpot_original_ALS(88).jpg_53970a25-4328-474b-bbe8-20301340bc46.jpg,Alternaria Leaf Spot
Alternaria Leaf Spot/N_456AlterneriaLeafSpot_original_ALS(88).jpg_595e3192-99b6-4807-bf87-47f4da576731.jpg,Alternaria Leaf Spot
Alternaria Leaf Spot/N_456AlterneriaLeafSpot_original_ALS(88).jpg_59cb8587-e4fc-490e-a944-bd9f74f1394f.jpg,Alternaria Leaf Spot
Alternaria Leaf Spot/N_456AlterneriaLeafSpot_original_ALS(88).jpg_76e293ed-a3b6-479a-ba6c-780dd5e1953b.jpg,Alternaria Leaf Spot
Alternaria Leaf Spot/N_456AlterneriaLeafSpot_original_ALS(88).jpg_7bbc454f-2a24-4a24-b974-92c43ed7cce0.jpg,Alternaria Leaf Spot
Alternaria Leaf Spot/N_456AlterneriaLeafSpot_original_ALS(88).jpg_84e770a1-4f2d-4427-91f4-421b5d55b79d.jpg,Alternaria Leaf Spot
Alternaria Leaf Spot/N_456AlterneriaLeafSpot_original_ALS(88).jpg_acc27c59-ac02-4386-991d-e50d2c4c849d.jpg,Alternaria Leaf Spot
Alternaria Leaf Spot/N_456AlterneriaLeafSpot_original_ALS(88).jpg_afad0ee7-e205-42bd-89ed-842aaa99cbea.jpg,Alternaria Leaf Spot
Alternaria Leaf Spot/N_456AlterneriaLeafSpot_original_ALS(88).jpg_cb41c2df-d764-4636-a42b-c52d5eeedb1f.jpg,Alternaria Leaf Spot
Alternaria Leaf Spot/N_456AlterneriaLeafSpot_original_ALS(88).jpg_dbf8a356-1002-4e68-98ff-555c06a987dc.jpg,Alternaria Leaf Spot
Alternaria Leaf Spot/N_456AlterneriaLeafSpot_original_ALS(89).jpg_097c2131-1a9a-4b7f-a789-a0996b6b901c.jpg,Alternaria Leaf Spot
Alternaria Leaf Spot/N_456AlterneriaLeafSpot_original_ALS(89).jpg_198fda74-af34-4d68-a9f0-3512484803f3.jpg,Alternaria Leaf Spot
Alternaria Leaf Spot/N_456AlterneriaLeafSpot_original_ALS(89).jpg_3e05a9e1-fe38-4923-9109-af9769e17914.jpg,Alternaria Leaf Spot
Alternaria Leaf Spot/N_456AlterneriaLeafSpot_original_ALS(89).jpg_56040557-1d3c-4718-be17-f867d7f27b16.jpg,Alternaria Leaf Spot
Alternaria Leaf Spot/N_456AlterneriaLeafSpot_original_ALS(89).jpg_7d9fa950-dd64-470c-b6b0-c6804a16dc89.jpg,Alternaria Leaf Spot
Alternaria Leaf Spot/N_456AlterneriaLeafSpot_original_ALS(89).jpg_80dbb64e-9d1e-4fe7-b8cc-9b6c2035b86f.jpg,Alternaria Leaf Spot
Alternaria Leaf Spot/N_456AlterneriaLeafSpot_original_ALS(89).jpg_b5902d30-0536-481b-a78f-50311cb8a4ac.jpg,Alternaria Leaf Spot
Alternaria Leaf Spot/N_456AlterneriaLeafSpot_original_ALS(89).jpg_d435e223-a211-476f-9fb2-49076ffa1b9b.jpg,Alternaria Leaf Spot
Alternaria Leaf Spot/N_456AlterneriaLeafSpot_original_ALS(89).jpg_e98a8027-ef52-43cc-83fb-5e12ca919ff4.jpg,Alternaria Leaf Spot
Alternaria Leaf Spot/N_456AlterneriaLeafSpot_original_ALS(9).jpg_13a285d8-4e55-4d6b-932d-a5a64b6ec7ba.jpg,Alternaria Leaf Spot
Alternaria Leaf Spot/N_456AlterneriaLeafSpot_original_ALS(9).jpg_20c04cef-e09e-4cf3-87bd-09832e1a76a2.jpg,Alternaria Leaf Spot
Alternaria Leaf Spot/N_456AlterneriaLeafSpot_original_ALS(9).jpg_5645a739-5647-459f-8be1-a35158c6ebda.jpg,Alternaria Leaf Spot
Alternaria Leaf Spot/N_456AlterneriaLeafSpot_original_ALS(9).jpg_e1189c2c-d019-4880-b369-d0b1c61a0a29.jpg,Alternaria Leaf Spot
Alternaria Leaf Spot/N_456AlterneriaLeafSpot_original_ALS(9).jpg_e4136409-fcf6-4c25-8df1-c76a3594d7f4.jpg,Alternaria Leaf Spot
Alternaria Leaf Spot/N_456AlterneriaLeafSpot_original_ALS(9).jpg_f4b97cb9-5545-40a6-ba74-c84392052de8.jpg,Alternaria Leaf Spot
Alternaria Leaf Spot/N_456AlterneriaLeafSpot_original_ALS(9).jpg_fbf6c853-540d-4bf9-8329-7cdd20c4e715.jpg,Alternaria Leaf Spot
Alternaria Leaf Spot/N_456AlterneriaLeafSpot_original_ALS(90).jpg_05518b9e-dbef-4b4a-8e9e-6a82c4af2c8d.jpg,Alternaria Leaf Spot
Alternaria Leaf Spot/N_456AlterneriaLeafSpot_original_ALS(90).jpg_0f48eb96-59bb-447e-bc02-9c4e5557e205.jpg,Alternaria Leaf Spot
Alternaria Leaf Spot/N_456AlterneriaLeafSpot_original_ALS(90).jpg_1482cc1c-3c8f-4280-9dc7-b738db7ad007.jpg,Alternaria Leaf Spot
Alternaria Leaf Spot/N_456AlterneriaLeafSpot_original_ALS(90).jpg_580da84b-7c42-436c-8cdf-53e4f0360a0c.jpg,Alternaria Leaf Spot
Alternaria Leaf Spot/N_456AlterneriaLeafSpot_original_ALS(90).jpg_8dc0f222-9a29-4275-902e-6360ec70dc15.jpg,Alternaria Leaf Spot
Alternaria Leaf Spot/N_456AlterneriaLeafSpot_original_ALS(90).jpg_db15bca9-283f-4d61-92d6-9abb6684ea36.jpg,Alternaria Leaf Spot
Alternaria Leaf Spot/N_456AlterneriaLeafSpot_original_ALS(90).jpg_ea76f5e4-28b4-46a6-b045-4f567b9ee366.jpg,Alternaria Leaf Spot
Alternaria Leaf Spot/N_456AlterneriaLeafSpot_original_ALS(91).jpg_2222152d-7133-4133-9692-b9180cd70037.jpg,Alternaria Leaf Spot
Alternaria Leaf Spot/N_456AlterneriaLeafSpot_original_ALS(91).jpg_3b604d18-8640-40fa-8698-8030a3dacc77.jpg,Alternaria Leaf Spot
Alternaria Leaf Spot/N_456AlterneriaLeafSpot_original_ALS(91).jpg_d41ccffc-27c9-4343-9ccd-21595c1e4ea7.jpg,Alternaria Leaf Spot
Alternaria Leaf Spot/N_456AlterneriaLeafSpot_original_ALS(91).jpg_d8bd1d9d-3a2f-496a-8cb9-d2596ca1f762.jpg,Alternaria Leaf Spot
Alternaria Leaf Spot/N_456AlterneriaLeafSpot_original_ALS(91).jpg_ec1dc71e-7de7-4472-9c17-339e93ce9e0b.jpg,Alternaria Leaf Spot
Alternaria Leaf Spot/N_456AlterneriaLeafSpot_original_ALS(91).jpg_fddf2cd7-59b2-4b47-82be-9628bc8b41b9.jpg,Alternaria Leaf Spot
Alternaria Leaf Spot/N_456AlterneriaLeafSpot_original_ALS(92).jpg_0e715779-801d-4ade-8895-b3104151e20d.jpg,Alternaria Leaf Spot
Alternaria Leaf Spot/N_456AlterneriaLeafSpot_original_ALS(92).jpg_58335f4b-bffd-45e1-8d66-8a2618d701cb.jpg,Alternaria Leaf Spot
Alternaria Leaf Spot/N_456AlterneriaLeafSpot_original_ALS(92).jpg_81113f9d-9566-4729-9b7d-39a4ee47c49f.jpg,Alternaria Leaf Spot
Alternaria Leaf Spot/N_456AlterneriaLeafSpot_original_ALS(92).jpg_a9f31fec-4d02-4dea-a673-0cf0f41c4596.jpg,Alternaria Leaf Spot
Alternaria Leaf Spot/N_456AlterneriaLeafSpot_original_ALS(92).jpg_f281589c-0839-4403-948c-e0ac0412d929.jpg,Alternaria Leaf Spot
Alternaria Leaf Spot/N_456AlterneriaLeafSpot_original_ALS(93).jpg_2982231d-c368-4f07-9255-3deaf21bdce2.jpg,Alternaria Leaf Spot
Alternaria Leaf Spot/N_456AlterneriaLeafSpot_original_ALS(93).jpg_4917f185-f9e3-4efd-abef-031cee352213.jpg,Alternaria Leaf Spot
Alternaria Leaf Spot/N_456AlterneriaLeafSpot_original_ALS(93).jpg_615296ae-fcaf-4394-87e5-99a2afe66e41.jpg,Alternaria Leaf Spot
Alternaria Leaf Spot/N_456AlterneriaLeafSpot_original_ALS(93).jpg_8348448c-7266-45b8-9eec-90d8b041ae28.jpg,Alternaria Leaf Spot
Alternaria Leaf Spot/N_456AlterneriaLeafSpot_original_ALS(93).jpg_a2aacb06-138d-4fd1-bdd8-b56b63ed6675.jpg,Alternaria Leaf Spot
Alternaria Leaf Spot/N_456AlterneriaLeafSpot_original_ALS(93).jpg_b94c551f-34e4-4167-94a5-d2de585c9ace.jpg,Alternaria Leaf Spot
Alternaria Leaf Spot/N_456AlterneriaLeafSpot_original_ALS(93).jpg_bbaa4ec0-c508-4566-adf7-aa10aae39655.jpg,Alternaria Leaf Spot
Alternaria Leaf Spot/N_456AlterneriaLeafSpot_original_ALS(93).jpg_dfaba522-888b-4738-8f30-50380b4e76ed.jpg,Alternaria Leaf Spot
Alternaria Leaf Spot/N_456AlterneriaLeafSpot_original_ALS(94).jpg_0c98f2bc-f473-48db-8f59-a1ab06ae99ae.jpg,Alternaria Leaf Spot
Alternaria Leaf Spot/N_456AlterneriaLeafSpot_original_ALS(94).jpg_0faa5a22-a040-4815-9b31-122bb79925fa.jpg,Alternaria Leaf Spot
Alternaria Leaf Spot/N_456AlterneriaLeafSpot_original_ALS(94).jpg_117cd9b7-68ab-4497-8ee1-0a1042696326.jpg,Alternaria Leaf Spot
Alternaria Leaf Spot/N_456AlterneriaLeafSpot_original_ALS(94).jpg_155a9a69-217e-4202-a339-ab6f534a5f6f.jpg,Alternaria Leaf Spot
Alternaria Leaf Spot/N_456AlterneriaLeafSpot_original_ALS(94).jpg_683daa53-246d-4a8b-bba5-4a3cff4f7564.jpg,Alternaria Leaf Spot
Alternaria Leaf Spot/N_456AlterneriaLeafSpot_original_ALS(94).jpg_d5545fbd-48a1-40d5-9837-9c27249a9313.jpg,Alternaria Leaf Spot
Alternaria Leaf Spot/N_456AlterneriaLeafSpot_original_ALS(94).jpg_f1d7681e-9ee7-4604-9d9b-e22c231866b9.jpg,Alternaria Leaf Spot
Alternaria Leaf Spot/N_456AlterneriaLeafSpot_original_ALS(94).jpg_f4993c3b-a135-4f59-a408-228d8aa74f64.jpg,Alternaria Leaf Spot
Alternaria Leaf Spot/N_456AlterneriaLeafSpot_original_ALS(95).jpg_06330de0-547e-4bf5-86cc-120da6a94ded.jpg,Alternaria Leaf Spot
Alternaria Leaf Spot/N_456AlterneriaLeafSpot_original_ALS(95).jpg_073db1c1-3a93-49cd-8a97-d3d69806a48c.jpg,Alternaria Leaf Spot
Alternaria Leaf Spot/N_456AlterneriaLeafSpot_original_ALS(95).jpg_791d1ce9-eeac-4415-a104-65a59e15e9ea.jpg,Alternaria Leaf Spot
Alternaria Leaf Spot/N_456AlterneriaLeafSpot_original_ALS(95).jpg_89e569fd-5c7a-4365-89e1-4a1ec018e49a.jpg,Alternaria Leaf Spot
Alternaria Leaf Spot/N_456AlterneriaLeafSpot_original_ALS(95).jpg_8c6a7592-a03d-46ef-b84c-f59d4d7ef9c2.jpg,Alternaria Leaf Spot
Alternaria Leaf Spot/N_456AlterneriaLeafSpot_original_ALS(95).jpg_8c789a6c-6a38-4ad7-ab9e-d98308927785.jpg,Alternaria Leaf Spot
Alternaria Leaf Spot/N_456AlterneriaLeafSpot_original_ALS(95).jpg_960a901f-0adf-4575-913d-47510c499341.jpg,Alternaria Leaf Spot
Alternaria Leaf Spot/N_456AlterneriaLeafSpot_original_ALS(95).jpg_9ada77cc-17ee-40b1-8db5-46e1ca657ed9.jpg,Alternaria Leaf Spot
Alternaria Leaf Spot/N_456AlterneriaLeafSpot_original_ALS(95).jpg_c6e6b5f4-5da3-48a5-8c52-cd404a83f8d8.jpg,Alternaria Leaf Spot
Alternaria Leaf Spot/N_456AlterneriaLeafSpot_original_ALS(95).jpg_d0a6a7de-7858-4488-8ecc-fcc714f0b7bb.jpg,Alternaria Leaf Spot
Alternaria Leaf Spot/N_456AlterneriaLeafSpot_original_ALS(95).jpg_ff882043-4990-424f-8b5a-f021522b8b8c.jpg,Alternaria Leaf Spot
Alternaria Leaf Spot/N_456AlterneriaLeafSpot_original_ALS(96).jpg_04f4de72-6509-48f3-9f3c-8b8621bc9fb4.jpg,Alternaria Leaf Spot
Alternaria Leaf Spot/N_456AlterneriaLeafSpot_original_ALS(96).jpg_04f99bc3-549a-4d83-9189-8680dbe05152.jpg,Alternaria Leaf Spot
Alternaria Leaf Spot/N_456AlterneriaLeafSpot_original_ALS(96).jpg_0d2805aa-5916-4ef7-b5db-bcb713eb931c.jpg,Alternaria Leaf Spot
Alternaria Leaf Spot/N_456AlterneriaLeafSpot_original_ALS(96).jpg_224fbe13-b47c-406a-94a9-85303dc145cd.jpg,Alternaria Leaf Spot
Alternaria Leaf Spot/N_456AlterneriaLeafSpot_original_ALS(96).jpg_49fe2dd3-520a-470f-a8f2-3ed2a7a158e2.jpg,Alternaria Leaf Spot
Alternaria Leaf Spot/N_456AlterneriaLeafSpot_original_ALS(96).jpg_4cf6b110-7da3-435b-a70f-522a31710f01.jpg,Alternaria Leaf Spot
Alternaria Leaf Spot/N_456AlterneriaLeafSpot_original_ALS(96).jpg_53bfd5c2-15aa-4d5f-9603-833a4bcc06a4.jpg,Alternaria Leaf Spot
Alternaria Leaf Spot/N_456AlterneriaLeafSpot_original_ALS(96).jpg_621cc1f9-b083-460c-ae54-9ef1ce70ea8d.jpg,Alternaria Leaf Spot
Alternaria Leaf Spot/N_456AlterneriaLeafSpot_original_ALS(96).jpg_f9115952-148e-422c-b55a-5fcd47634682.jpg,Alternaria Leaf Spot
Alternaria Leaf Spot/N_456AlterneriaLeafSpot_original_ALS(97).jpg_0e5d0162-78e5-4546-a73c-94e0e593730d.jpg,Alternaria Leaf Spot
Alternaria Leaf Spot/N_456AlterneriaLeafSpot_original_ALS(97).jpg_1e5f9c96-1dfb-48a0-b8c7-fef609e06b19.jpg,Alternaria Leaf Spot
Alternaria Leaf Spot/N_456AlterneriaLeafSpot_original_ALS(97).jpg_274061df-29dd-4b5b-8de5-50aa0d6b97b8.jpg,Alternaria Leaf Spot
Alternaria Leaf Spot/N_456AlterneriaLeafSpot_original_ALS(97).jpg_44f99553-fdc3-4d20-b8d1-b40c0e0d3a51.jpg,Alternaria Leaf Spot
Alternaria Leaf Spot/N_456AlterneriaLeafSpot_original_ALS(97).jpg_d17c2e5c-3912-4bb2-a979-fd927f79595e.jpg,Alternaria Leaf Spot
Alternaria Leaf Spot/N_456AlterneriaLeafSpot_original_ALS(97).jpg_f3eb8ea9-4ce5-4b21-810f-de13b54cd57f.jpg,Alternaria Leaf Spot
Alternaria Leaf Spot/N_456AlterneriaLeafSpot_original_ALS(98).jpg_0eebadfc-afeb-4623-aa3d-6210c00db673.jpg,Alternaria Leaf Spot
Alternaria Leaf Spot/N_456AlterneriaLeafSpot_original_ALS(98).jpg_34c09a0d-ec19-449c-9c0a-052e83e76977.jpg,Alternaria Leaf Spot
Alternaria Leaf Spot/N_456AlterneriaLeafSpot_original_ALS(98).jpg_52147154-9a6d-4f98-a397-336ff1158053.jpg,Alternaria Leaf Spot
Alternaria Leaf Spot/N_456AlterneriaLeafSpot_original_ALS(98).jpg_59863717-eba9-4614-809e-4fac4d6b0652.jpg,Alternaria Leaf Spot
Alternaria Leaf Spot/N_456AlterneriaLeafSpot_original_ALS(98).jpg_72e97556-6847-4f28-a1bc-c93d96891300.jpg,Alternaria Leaf Spot
Alternaria Leaf Spot/N_456AlterneriaLeafSpot_original_ALS(98).jpg_932abcc1-2946-4ceb-8665-9467f7638b95.jpg,Alternaria Leaf Spot
Alternaria Leaf Spot/N_456AlterneriaLeafSpot_original_ALS(98).jpg_a81a35d2-33d6-48b5-bb28-9720fbeee35d.jpg,Alternaria Leaf Spot
Alternaria Leaf Spot/N_456AlterneriaLeafSpot_original_ALS(98).jpg_d91aacfe-5bc4-4376-a368-a6df662c97d5.jpg,Alternaria Leaf Spot
Alternaria Leaf Spot/N_456AlterneriaLeafSpot_original_ALS(98).jpg_ecc9de1d-8a23-4821-8be6-e305b438e3ed.jpg,Alternaria Leaf Spot
Alternaria Leaf Spot/N_456AlterneriaLeafSpot_original_ALS(99).jpg_132b4718-d5aa-43bc-96a8-70898218ef2f.jpg,Alternaria Leaf Spot
Alternaria Leaf Spot/N_456AlterneriaLeafSpot_original_ALS(99).jpg_26465c4b-f97c-4c58-a224-bc7e2a0ea8cb.jpg,Alternaria Leaf Spot
Alternaria Leaf Spot/N_456AlterneriaLeafSpot_original_ALS(99).jpg_52596ee7-aea6-402d-a4d6-c11bfcfa2921.jpg,Alternaria Leaf Spot
Alternaria Leaf Spot/N_456AlterneriaLeafSpot_original_ALS(99).jpg_cd629d28-7560-4069-ab8d-7c12a6166aca.jpg,Alternaria Leaf Spot
Alternaria Leaf Spot/N_456AlterneriaLeafSpot_original_ALS(99).jpg_d34f6258-baf9-4ab1-b707-50a183366136.jpg,Alternaria Leaf Spot
Bacterial Soft Rot/bacterial soft rot10.webp,Bacterial Soft Rot
Bacterial Soft Rot/Bacterial soft rot_0_1027.jpeg,Bacterial Soft Rot
Bacterial Soft Rot/Bacterial soft rot_0_1061.jpeg,Bacterial Soft Rot
Bacterial Soft Rot/Bacterial soft rot_0_1070.jpeg,Bacterial Soft Rot
Bacterial Soft Rot/Bacterial soft rot_0_1153.jpeg,Bacterial Soft Rot
Bacterial Soft Rot/Bacterial soft rot_0_1155.jpeg,Bacterial Soft Rot
Bacterial Soft Rot/Bacterial soft rot_0_1187.jpeg,Bacterial Soft Rot
Bacterial Soft Rot/Bacterial soft rot_0_1255.jpeg,Bacterial Soft Rot
Bacterial Soft Rot/Bacterial soft rot_0_1409.jpeg,Bacterial Soft Rot
Bacterial Soft Rot/Bacterial soft rot_0_1417.jpeg,Bacterial Soft Rot
Bacterial Soft Rot/Bacterial soft rot_0_1433.jpeg,Bacterial Soft Rot
Bacterial Soft Rot/Bacterial soft rot_0_1492.jpeg,Bacterial Soft Rot
Bacterial Soft Rot/Bacterial soft rot_0_1657.jpeg,Bacterial Soft Rot
Bacterial Soft Rot/Bacterial soft rot_0_1679.jpeg,Bacterial Soft Rot
Bacterial Soft Rot/Bacterial soft rot_0_1775.jpeg,Bacterial Soft Rot
Bacterial Soft Rot/Bacterial soft rot_0_1831.jpeg,Bacterial Soft Rot
Bacterial Soft Rot/Bacterial soft rot_0_1860.jpeg,Bacterial Soft Rot
Bacterial Soft Rot/Bacterial soft rot_0_1906.jpeg,Bacterial Soft Rot
Bacterial Soft Rot/Bacterial soft rot_0_1916.jpeg,Bacterial Soft Rot
Bacterial Soft Rot/Bacterial soft rot_0_1944.jpeg,Bacterial Soft Rot
Bacterial Soft Rot/Bacterial soft rot_0_2037.jpeg,Bacterial Soft Rot
Bacterial Soft Rot/Bacterial soft rot_0_2123.jpeg,Bacterial Soft Rot
Bacterial Soft Rot/Bacterial soft rot_0_2185.jpeg,Bacterial Soft Rot
Bacterial Soft Rot/Bacterial soft rot_0_2288.jpeg,Bacterial Soft Rot
Bacterial Soft Rot/Bacterial soft rot_0_2311.jpeg,Bacterial Soft Rot
Bacterial Soft Rot/Bacterial soft rot_0_2336.jpeg,Bacterial Soft Rot
Bacterial Soft Rot/Bacterial soft rot_0_2361.jpeg,Bacterial Soft Rot
Bacterial Soft Rot/Bacterial soft rot_0_243.jpeg,Bacterial Soft Rot
Bacterial Soft Rot/Bacterial soft rot_0_2445.jpeg,Bacterial Soft Rot
Bacterial Soft Rot/Bacterial soft rot_0_2478.jpeg,Bacterial Soft Rot
Bacterial Soft Rot/Bacterial soft rot_0_2482.jpeg,Bacterial Soft Rot
Bacterial Soft Rot/Bacterial soft rot_0_2625.jpeg,Bacterial Soft Rot
Bacterial Soft Rot/Bacterial soft rot_0_2664.jpeg,Bacterial Soft Rot
Bacterial Soft Rot/Bacterial soft rot_0_2698.jpeg,Bacterial Soft Rot
Bacterial Soft Rot/Bacterial soft rot_0_2727.jpeg,Bacterial Soft Rot
Bacterial Soft Rot/Bacterial soft rot_0_2764.jpeg,Bacterial Soft Rot
Bacterial Soft Rot/Bacterial soft rot_0_2865.jpeg,Bacterial Soft Rot
Bacterial Soft Rot/Bacterial soft rot_0_2941.jpeg,Bacterial Soft Rot
Bacterial Soft Rot/Bacterial soft rot_0_3010.jpeg,Bacterial Soft Rot
Bacterial Soft Rot/Bacterial soft rot_0_3166.jpeg,Bacterial Soft Rot
Bacterial Soft Rot/Bacterial soft rot_0_3314.jpeg,Bacterial Soft Rot
Bacterial Soft Rot/Bacterial soft rot_0_3318.jpeg,Bacterial Soft Rot
Bacterial Soft Rot/Bacterial soft rot_0_3441.jpeg,Bacterial Soft Rot
Bacterial Soft Rot/Bacterial soft rot_0_3443.jpeg,Bacterial Soft Rot
Bacterial Soft Rot/Bacterial soft rot_0_352.jpeg,Bacterial Soft Rot
Bacterial Soft Rot/Bacterial soft rot_0_3544.jpeg,Bacterial Soft Rot
Bacterial Soft Rot/Bacterial soft rot_0_3546.jpeg,Bacterial Soft Rot
Bacterial Soft Rot/Bacterial soft rot_0_357.jpeg,Bacterial Soft Rot
Bacterial Soft Rot/Bacterial soft rot_0_3600.jpeg,Bacterial Soft Rot
Bacterial Soft Rot/Bacterial soft rot_0_3674.jpeg,Bacterial Soft Rot
Bacterial Soft Rot/Bacterial soft rot_0_3801.jpeg,Bacterial Soft Rot
Bacterial Soft Rot/Bacterial soft rot_0_3811.jpeg,Bacterial Soft Rot
Bacterial Soft Rot/Bacterial soft rot_0_3834.jpeg,Bacterial Soft Rot
Bacterial Soft Rot/Bacterial soft rot_0_4087.jpeg,Bacterial Soft Rot
Bacterial Soft Rot/Bacterial soft rot_0_4136.jpeg,Bacterial Soft Rot
Bacterial Soft Rot/Bacterial soft rot_0_4234.jpeg,Bacterial Soft Rot
Bacterial Soft Rot/Bacterial soft rot_0_4334.jpeg,Bacterial Soft Rot
Bacterial Soft Rot/Bacterial soft rot_0_4342.jpeg,Bacterial Soft Rot
Bacterial Soft Rot/Bacterial soft rot_0_4363.jpeg,Bacterial Soft Rot
Bacterial Soft Rot/Bacterial soft rot_0_439.jpeg,Bacterial Soft Rot
Bacterial Soft Rot/Bacterial soft rot_0_4432.jpeg,Bacterial Soft Rot
Bacterial Soft Rot/Bacterial soft rot_0_449.jpeg,Bacterial Soft Rot
Bacterial Soft Rot/Bacterial soft rot_0_4501.jpeg,Bacterial Soft Rot
Bacterial Soft Rot/Bacterial soft rot_0_4513.jpeg,Bacterial Soft Rot
Bacterial Soft Rot/Bacterial soft rot_0_4528.jpeg,Bacterial Soft Rot
Bacterial Soft Rot/Bacterial soft rot_0_4552.jpeg,Bacterial Soft Rot
Bacterial Soft Rot/Bacterial soft rot_0_4638.jpeg,Bacterial Soft Rot
Bacterial Soft Rot/Bacterial soft rot_0_4770.jpeg,Bacterial Soft Rot
Bacterial Soft Rot/Bacterial soft rot_0_4783.jpeg,Bacterial Soft Rot
Bacterial Soft Rot/Bacterial soft rot_0_4853.jpeg,Bacterial Soft Rot
Bacterial Soft Rot/Bacterial soft rot_0_4920.jpeg,Bacterial Soft Rot
Bacterial Soft Rot/Bacterial soft rot_0_4952.jpeg,Bacterial Soft Rot
Bacterial Soft Rot/Bacterial soft rot_0_4976.jpeg,Bacterial Soft Rot
Bacterial Soft Rot/Bacterial soft rot_0_5008.jpeg,Bacterial Soft Rot
Bacterial Soft Rot/Bacterial soft rot_0_5026.jpeg,Bacterial Soft Rot
Bacterial Soft Rot/Bacterial soft rot_0_5047.jpeg,Bacterial Soft Rot
Bacterial Soft Rot/Bacterial soft rot_0_5060.jpeg,Bacterial Soft Rot
Bacterial Soft Rot/Bacterial soft rot_0_5175.jpeg,Bacterial Soft Rot
Bacterial Soft Rot/Bacterial soft rot_0_5181.jpeg,Bacterial Soft Rot
Bacterial Soft Rot/Bacterial soft rot_0_5184.jpeg,Bacterial Soft Rot
Bacterial Soft Rot/Bacterial soft rot_0_52.jpeg,Bacterial Soft Rot
Bacterial Soft Rot/Bacterial soft rot_0_521.jpeg,Bacterial Soft Rot
Bacterial Soft Rot/Bacterial soft rot_0_5308.jpeg,Bacterial Soft Rot
Bacterial Soft Rot/Bacterial soft rot_0_5325.jpeg,Bacterial Soft Rot
Bacterial Soft Rot/Bacterial soft rot_0_5353.jpeg,Bacterial Soft Rot
Bacterial Soft Rot/Bacterial soft rot_0_5427.jpeg,Bacterial Soft Rot
Bacterial Soft Rot/Bacterial soft rot_0_5490.jpeg,Bacterial Soft Rot
Bacterial Soft Rot/Bacterial soft rot_0_5572.jpeg,Bacterial Soft Rot
Bacterial Soft Rot/Bacterial soft rot_0_5580.jpeg,Bacterial Soft Rot
Bacterial Soft Rot/Bacterial soft rot_0_5629.jpeg,Bacterial Soft Rot
Bacterial Soft Rot/Bacterial soft rot_0_5643.jpeg,Bacterial Soft Rot
Bacterial Soft Rot/Bacterial soft rot_0_5659.jpeg,Bacterial Soft Rot
Bacterial Soft Rot/Bacterial soft rot_0_5665.jpeg,Bacterial Soft Rot
Bacterial Soft Rot/Bacterial soft rot_0_5747.jpeg,Bacterial Soft Rot
Bacterial Soft Rot/Bacterial soft rot_0_5856.jpeg,Bacterial Soft Rot
Bacterial Soft Rot/Bacterial soft rot_0_5864.jpeg,Bacterial Soft Rot
Bacterial Soft Rot/Bacterial soft rot_0_5914.jpeg,Bacterial Soft Rot
Bacterial Soft Rot/Bacterial soft rot_0_5920.jpeg,Bacterial Soft Rot
Bacterial Soft Rot/Bacterial soft rot_0_6003.jpeg,Bacterial Soft Rot
Bacterial Soft Rot/Bacterial soft rot_0_6071.jpeg,Bacterial Soft Rot
Bacterial Soft Rot/Bacterial soft rot_0_6192.jpeg,Bacterial Soft Rot
Bacterial Soft Rot/Bacterial soft rot_0_6236.jpeg,Bacterial Soft Rot
Bacterial Soft Rot/Bacterial soft rot_0_6348.jpeg,Bacterial Soft Rot
Bacterial Soft Rot/Bacterial soft rot_0_6362.jpeg,Bacterial Soft Rot
Bacterial Soft Rot/Bacterial soft rot_0_6380.jpeg,Bacterial Soft Rot
Bacterial Soft Rot/Bacterial soft rot_0_6383.jpeg,Bacterial Soft Rot
Bacterial Soft Rot/Bacterial soft rot_0_6438.jpeg,Bacterial Soft Rot
Bacterial Soft Rot/Bacterial soft rot_0_6482.jpeg,Bacterial Soft Rot
Bacterial Soft Rot/Bacterial soft rot_0_6547.jpeg,Bacterial Soft Rot
Bacterial Soft Rot/Bacterial soft rot_0_657.jpeg,Bacterial Soft Rot
Bacterial Soft Rot/Bacterial soft rot_0_6571.jpeg,Bacterial Soft Rot
Bacterial Soft Rot/Bacterial soft rot_0_6754.jpeg,Bacterial Soft Rot
Bacterial Soft Rot/Bacterial soft rot_0_6810.jpeg,Bacterial Soft Rot
Bacterial Soft Rot/Bacterial soft rot_0_6811.jpeg,Bacterial Soft Rot
Bacterial Soft Rot/Bacterial soft rot_0_6891.jpeg,Bacterial Soft Rot
Bacterial Soft Rot/Bacterial soft rot_0_7001.jpeg,Bacterial Soft Rot
Bacterial Soft Rot/Bacterial soft rot_0_7055.jpeg,Bacterial Soft Rot
Bacterial Soft Rot/Bacterial soft rot_0_7193.jpeg,Bacterial Soft Rot
Bacterial Soft Rot/Bacterial soft rot_0_7282.jpeg,Bacterial Soft Rot
Bacterial Soft Rot/Bacterial soft rot_0_731.jpeg,Bacterial Soft Rot
Bacterial Soft Rot/Bacterial soft rot_0_7358.jpeg,Bacterial Soft Rot
Bacterial Soft Rot/Bacterial soft rot_0_7377.jpeg,Bacterial Soft Rot
Bacterial Soft Rot/Bacterial soft rot_0_7411.jpeg,Bacterial Soft Rot
Bacterial Soft Rot/Bacterial soft rot_0_7473.jpeg,Bacterial Soft Rot
Bacterial Soft Rot/Bacterial soft rot_0_7581.jpeg,Bacterial Soft Rot
Bacterial Soft Rot/Bacterial soft rot_0_7602.jpeg,Bacterial Soft Rot
Bacterial Soft Rot/Bacterial soft rot_0_7630.jpeg,Bacterial Soft Rot
Bacterial Soft Rot/Bacterial soft rot_0_7680.jpeg,Bacterial Soft Rot
Bacterial Soft Rot/Bacterial soft rot_0_7733.jpeg,Bacterial Soft Rot
Bacterial Soft Rot/Bacterial soft rot_0_7840.jpeg,Bacterial Soft Rot
Bacterial Soft Rot/Bacterial soft rot_0_7900.jpeg,Bacterial Soft Rot
Bacterial Soft Rot/Bacterial soft rot_0_7905.jpeg,Bacterial Soft Rot
Bacterial Soft Rot/Bacterial soft rot_0_8001.jpeg,Bacterial Soft Rot
Bacterial Soft Rot/Bacterial soft rot_0_814.jpeg,Bacterial Soft Rot
Bacterial Soft Rot/Bacterial soft rot_0_832.jpeg,Bacterial Soft Rot
Bacterial Soft Rot/Bacterial soft rot_0_8403.jpeg,Bacterial Soft Rot
Bacterial Soft Rot/Bacterial soft rot_0_8445.jpeg,Bacterial Soft Rot
Bacterial Soft Rot/Bacterial soft rot_0_8478.jpeg,Bacterial Soft Rot
Bacterial Soft Rot/Bacterial soft rot_0_8496.jpeg,Bacterial Soft Rot
Bacterial Soft Rot/Bacterial soft rot_0_8524.jpeg,Bacterial Soft Rot
Bacterial Soft Rot/Bacterial soft rot_0_8551.jpeg,Bacterial Soft Rot
Bacterial Soft Rot/Bacterial soft rot_0_8597.jpeg,Bacterial Soft Rot
Bacterial Soft Rot/Bacterial soft rot_0_8615.jpeg,Bacterial Soft Rot
Bacterial Soft Rot/Bacterial soft rot_0_8641.jpeg,Bacterial Soft Rot
Bacterial Soft Rot/Bacterial soft rot_0_8655.jpeg,Bacterial Soft Rot
Bacterial Soft Rot/Bacterial soft rot_0_8666.jpeg,Bacterial Soft Rot
Bacterial Soft Rot/Bacterial soft rot_0_872.jpeg,Bacterial Soft Rot
Bacterial Soft Rot/Bacterial soft rot_0_887.jpeg,Bacterial Soft Rot
Bacterial Soft Rot/Bacterial soft rot_0_8901.jpeg,Bacterial Soft Rot
Bacterial Soft Rot/Bacterial soft rot_0_8996.jpeg,Bacterial Soft Rot
Bacterial Soft Rot/Bacterial soft rot_0_8999.jpeg,Bacterial Soft Rot
Bacterial Soft Rot/Bacterial soft rot_0_9016.jpeg,Bacterial Soft Rot
Bacterial Soft Rot/Bacterial soft rot_0_9027.jpeg,Bacterial Soft Rot
Bacterial Soft Rot/Bacterial soft rot_0_9107.jpeg,Bacterial Soft Rot
Bacterial Soft Rot/Bacterial soft rot_0_9128.jpeg,Bacterial Soft Rot
Bacterial Soft Rot/Bacterial soft rot_0_9161.jpeg,Bacterial Soft Rot
Bacterial Soft Rot/Bacterial soft rot_0_920.jpeg,Bacterial Soft Rot
Bacterial Soft Rot/Bacterial soft rot_0_921.jpeg,Bacterial Soft Rot
Bacterial Soft Rot/Bacterial soft rot_0_9253.jpeg,Bacterial Soft Rot
Bacterial Soft Rot/Bacterial soft rot_0_9298.jpeg,Bacterial Soft Rot
Bacterial Soft Rot/Bacterial soft rot_0_9440.jpeg,Bacterial Soft Rot
Bacterial Soft Rot/Bacterial soft rot_0_9562.jpeg,Bacterial Soft Rot
Bacterial Soft Rot/Bacterial soft rot_0_9580.jpeg,Bacterial Soft Rot
Bacterial Soft Rot/Bacterial soft rot_0_9596.jpeg,Bacterial Soft Rot
Bacterial Soft Rot/Bacterial soft rot_0_9603.jpeg,Bacterial Soft Rot
Bacterial Soft Rot/Bacterial soft rot_0_9710.jpeg,Bacterial Soft Rot
Bacterial Soft Rot/Bacterial soft rot_0_972.jpeg,Bacterial Soft Rot
Bacterial Soft Rot/Bacterial soft rot_0_9751.jpeg,Bacterial Soft Rot
Bacterial Soft Rot/Bacterial soft rot_0_9754.jpeg,Bacterial Soft Rot
Bacterial Soft Rot/Bacterial soft rot_0_9775.jpeg,Bacterial Soft Rot
Bacterial Soft Rot/Bacterial soft rot_0_9787.jpeg,Bacterial Soft Rot
Bacterial Soft Rot/Bacterial soft rot_0_9985.jpeg,Bacterial Soft Rot
Bacterial Soft Rot/Bacterial Soft Rot_1.jpg,Bacterial Soft Rot
Bacterial Soft Rot/Bacterial Soft Rot_10.jpg,Bacterial Soft Rot
Bacterial Soft Rot/Bacterial Soft Rot_11.jpg,Bacterial Soft Rot
Bacterial Soft Rot/Bacterial Soft Rot_12.jpg,Bacterial Soft Rot
Bacterial Soft Rot/Bacterial Soft Rot_13.jpg,Bacterial Soft Rot
Bacterial Soft Rot/Bacterial Soft Rot_14.jpg,Bacterial Soft Rot
Bacterial Soft Rot/Bacterial Soft Rot_15.jpg,Bacterial Soft Rot
Bacterial Soft Rot/Bacterial Soft Rot_16.jpg,Bacterial Soft Rot
Bacterial Soft Rot/Bacterial Soft Rot_17.jpg,Bacterial Soft Rot
Bacterial Soft Rot/Bacterial Soft Rot_18.jpg,Bacterial Soft Rot
Bacterial Soft Rot/Bacterial Soft Rot_19.jpg,Bacterial Soft Rot
Bacterial Soft Rot/Bacterial Soft Rot_2.jpg,Bacterial Soft Rot
Bacterial Soft Rot/Bacterial Soft Rot_20.jpg,Bacterial Soft Rot
Bacterial Soft Rot/Bacterial Soft Rot_21.jpg,Bacterial Soft Rot
Bacterial Soft Rot/Bacterial Soft Rot_22.jpg,Bacterial Soft Rot
Bacterial Soft Rot/Bacterial Soft Rot_23.jpg,Bacterial Soft Rot
Bacterial Soft Rot/Bacterial Soft Rot_24.jpg,Bacterial Soft Rot
Bacterial Soft Rot/Bacterial Soft Rot_25.jpg,Bacterial Soft Rot
Bacterial Soft Rot/Bacterial Soft Rot_26.jpg,Bacterial Soft Rot
Bacterial Soft Rot/Bacterial Soft Rot_27.jpg,Bacterial Soft Rot
Bacterial Soft Rot/Bacterial Soft Rot_28.jpg,Bacterial Soft Rot
Bacterial Soft Rot/Bacterial Soft Rot_29.jpg,Bacterial Soft Rot
Bacterial Soft Rot/Bacterial Soft Rot_3.jpg,Bacterial Soft Rot
Bacterial Soft Rot/Bacterial Soft Rot_4.jpg,Bacterial Soft Rot
Bacterial Soft Rot/Bacterial Soft Rot_5.jpg,Bacterial Soft Rot
Bacterial Soft Rot/Bacterial Soft Rot_6.jpg,Bacterial Soft Rot
Bacterial Soft Rot/Bacterial Soft Rot_7.jpg,Bacterial Soft Rot
Bacterial Soft Rot/Bacterial Soft Rot_8.jpg,Bacterial Soft Rot
Bacterial Soft Rot/Bacterial Soft Rot_9.jpg,Bacterial Soft Rot
Bacterial Soft Rot/N_456BacterialSoftRot_original_BSRot(1).jpg_02e32e87-0b21-4447-8e8a-f6ef8be08e5d.jpg,Bacterial Soft Rot
Bacterial Soft Rot/N_456BacterialSoftRot_original_BSRot(1).jpg_454aafb1-252f-4073-b172-dd7912949b9e.jpg,Bacterial Soft Rot
Bacterial Soft Rot/N_456BacterialSoftRot_original_BSRot(1).jpg_46aab0d8-ec1a-4ca7-9b71-b9d87d5e0e90.jpg,Bacterial Soft Rot
Bacterial Soft Rot/N_456BacterialSoftRot_original_BSRot(1).jpg_4b16bb7d-d360-49f4-8a33-fd595670cda9.jpg,Bacterial Soft Rot
Bacterial Soft Rot/N_456BacterialSoftRot_original_BSRot(1).jpg_67a2c803-c009-41ca-bfde-a7f9eeb23263.jpg,Bacterial Soft Rot
Bacterial Soft Rot/N_456BacterialSoftRot_original_BSRot(1).jpg_9520e15d-8304-4f83-b87f-0582572e93fe.jpg,Bacterial Soft Rot
Bacterial Soft Rot/N_456BacterialSoftRot_original_BSRot(1).jpg_9a915d12-74cb-4523-96d5-fcf40f20ed54.jpg,Bacterial Soft Rot
Bacterial Soft Rot/N_456BacterialSoftRot_original_BSRot(1).jpg_a8470c38-8b17-4917-8593-9961a71b6bec.jpg,Bacterial Soft Rot
Bacterial Soft Rot/N_456BacterialSoftRot_original_BSRot(1).jpg_b7d3d124-4137-453f-88df-ea6620e92867.jpg,Bacterial Soft Rot
Bacterial Soft Rot/N_456BacterialSoftRot_original_BSRot(1).jpg_b94ffdc8-4384-4bea-8419-33ca30d7170b.jpg,Bacterial Soft Rot
Bacterial Soft Rot/N_456BacterialSoftRot_original_BSRot(1).jpg_bcd3d2d7-26b6-49ee-80ba-f946fcc7c76e.jpg,Bacterial Soft Rot
Bacterial Soft Rot/N_456BacterialSoftRot_original_BSRot(1).jpg_d8ead289-6d7e-4d83-9c93-0492fe91e38f.jpg,Bacterial Soft Rot
Bacterial Soft Rot/N_456BacterialSoftRot_original_BSRot(1).jpg_e4ac8956-c3e3-497e-bcec-7e114cb7546d.jpg,Bacterial Soft Rot
Bacterial Soft Rot/N_456BacterialSoftRot_original_BSRot(1).jpg_fa994ee9-cbda-45b5-bec0-3c67d0829fd0.jpg,Bacterial Soft Rot
Bacterial Soft Rot/N_456BacterialSoftRot_original_BSRot(10).jpg_03597228-b91c-4018-9879-457997aaa4c7.jpg,Bacterial Soft Rot
Bacterial Soft Rot/N_456BacterialSoftRot_original_BSRot(10).jpg_04099344-a458-48d6-aeef-5d2fcde5b98e.jpg,Bacterial Soft Rot
Bacterial Soft Rot/N_456BacterialSoftRot_original_BSRot(10).jpg_23c2bcbf-e255-4f00-a69e-0586fb4999ee.jpg,Bacterial Soft Rot
Bacterial Soft Rot/N_456BacterialSoftRot_original_BSRot(10).jpg_3bc98e75-c3af-4093-ade6-88c4e0c7e419.jpg,Bacterial Soft Rot
Bacterial Soft Rot/N_456BacterialSoftRot_original_BSRot(10).jpg_422f9481-8283-4154-8b9b-1c86c8f21c54.jpg,Bacterial Soft Rot
Bacterial Soft Rot/N_456BacterialSoftRot_original_BSRot(10).jpg_5b1f5f1c-abf7-4679-b99e-668da84926d5.jpg,Bacterial Soft Rot
Bacterial Soft Rot/N_456BacterialSoftRot_original_BSRot(10).jpg_69edc882-00e8-4e57-8786-0b45aa665fea.jpg,Bacterial Soft Rot
Bacterial Soft Rot/N_456BacterialSoftRot_original_BSRot(10).jpg_716ec414-545e-4f96-92e8-6a20a8559142.jpg,Bacterial Soft Rot
Bacterial Soft Rot/N_456BacterialSoftRot_original_BSRot(10).jpg_7e8aefa6-1e8d-4c33-8617-de3e590e918c.jpg,Bacterial Soft Rot
Bacterial Soft Rot/N_456BacterialSoftRot_original_BSRot(10).jpg_7f8eae9f-f5a6-4021-81bf-8892828886d0.jpg,Bacterial Soft Rot
Bacterial Soft Rot/N_456BacterialSoftRot_original_BSRot(10).jpg_86efe329-5dad-45a7-bfca-08e9b71e68c1.jpg,Bacterial Soft Rot
Bacterial Soft Rot/N_456BacterialSoftRot_original_BSRot(10).jpg_9a915a51-3238-416f-8bf1-99e48350b137.jpg,Bacterial Soft Rot
Bacterial Soft Rot/N_456BacterialSoftRot_original_BSRot(10).jpg_aacc4e96-0db0-4855-9e77-0f7e305ba66a.jpg,Bacterial Soft Rot
Bacterial Soft Rot/N_456BacterialSoftRot_original_BSRot(10).jpg_ae675f04-1e23-47ea-816e-6dd93962465b.jpg,Bacterial Soft Rot
Bacterial Soft Rot/N_456BacterialSoftRot_original_BSRot(10).jpg_d3c69de9-6069-4887-a5f7-ef44446086a0.jpg,Bacterial Soft Rot
Bacterial Soft Rot/N_456BacterialSoftRot_original_BSRot(10).jpg_dda353dc-229c-4715-8260-ff6c64890c2f.jpg,Bacterial Soft Rot
Bacterial Soft Rot/N_456BacterialSoftRot_original_BSRot(10).jpg_e3cd4be4-094a-4a2f-8853-a23f5e797c81.jpg,Bacterial Soft Rot
Bacterial Soft Rot/N_456BacterialSoftRot_original_BSRot(10).jpg_ee439edb-f74b-4589-85c1-baf0846a209e.jpg,Bacterial Soft Rot
Bacterial Soft Rot/N_456BacterialSoftRot_original_BSRot(100).jpg_08507ddc-4387-4690-b078-d01762b59dc8.jpg,Bacterial Soft Rot
Bacterial Soft Rot/N_456BacterialSoftRot_original_BSRot(100).jpg_0a67e94b-9d5b-421c-bf5b-0169c7d38a1a.jpg,Bacterial Soft Rot
Bacterial Soft Rot/N_456BacterialSoftRot_original_BSRot(100).jpg_2afcea45-fd6e-467c-b0fc-205be75de8d3.jpg,Bacterial Soft Rot
Bacterial Soft Rot/N_456BacterialSoftRot_original_BSRot(100).jpg_358f350a-c15f-4797-ad3c-357f092195c0.jpg,Bacterial Soft Rot
Bacterial Soft Rot/N_456BacterialSoftRot_original_BSRot(100).jpg_3afb345d-0206-4250-83b9-abe100ab8541.jpg,Bacterial Soft Rot
Bacterial Soft Rot/N_456BacterialSoftRot_original_BSRot(100).jpg_960f211c-7777-43e2-b173-70c29b21245a.jpg,Bacterial Soft Rot
Bacterial Soft Rot/N_456BacterialSoftRot_original_BSRot(100).jpg_bd1316f6-28fe-4eeb-b672-60fd36b1081d.jpg,Bacterial Soft Rot
Bacterial Soft Rot/N_456BacterialSoftRot_original_BSRot(100).jpg_ef767298-ec5c-4097-a6ff-60840a3845a8.jpg,Bacterial Soft Rot
Bacterial Soft Rot/N_456BacterialSoftRot_original_BSRot(101).jpg_1e54bb86-1d2f-4ab6-9635-57b754004d66.jpg,Bacterial Soft Rot
Bacterial Soft Rot/N_456BacterialSoftRot_original_BSRot(101).jpg_3296f0a0-1d5a-43ec-8e77-41e523269cda.jpg,Bacterial Soft Rot
Bacterial Soft Rot/N_456BacterialSoftRot_original_BSRot(101).jpg_35f535a2-c9c3-4a01-89a1-25e67e517a5c.jpg,Bacterial Soft Rot
Bacterial Soft Rot/N_456BacterialSoftRot_original_BSRot(101).jpg_375b9af6-c5a9-47cd-999d-d82f8dc2594b.jpg,Bacterial Soft Rot
Bacterial Soft Rot/N_456BacterialSoftRot_original_BSRot(101).jpg_552019ca-ba78-4076-a9ad-b3ce9e85a257.jpg,Bacterial Soft Rot
Bacterial Soft Rot/N_456BacterialSoftRot_original_BSRot(101).jpg_7ce4f175-3f3d-41d2-81f0-c4d07d74df85.jpg,Bacterial Soft Rot
Bacterial Soft Rot/N_456BacterialSoftRot_original_BSRot(101).jpg_8fd08e6f-9155-46d6-b287-7525a36391dc.jpg,Bacterial Soft Rot
Bacterial Soft Rot/N_456BacterialSoftRot_original_BSRot(101).jpg_941a8f09-4087-4c08-aa06-cca060a55972.jpg,Bacterial Soft Rot
Bacterial Soft Rot/N_456BacterialSoftRot_original_BSRot(101).jpg_fae57628-63ae-459b-9408-b5526e0d8512.jpg,Bacterial Soft Rot
Bacterial Soft Rot/N_456BacterialSoftRot_original_BSRot(102).jpg_017ad8a2-58db-4e05-a945-d20bcc3dbb5b.jpg,Bacterial Soft Rot
Bacterial Soft Rot/N_456BacterialSoftRot_original_BSRot(102).jpg_05790ddb-76f8-44f1-9cbd-e8c157643fe2.jpg,Bacterial Soft Rot
Bacterial Soft Rot/N_456BacterialSoftRot_original_BSRot(102).jpg_0b06f5ad-b6c5-4d46-95c3-ded456b5196c.jpg,Bacterial Soft Rot
Bacterial Soft Rot/N_456BacterialSoftRot_original_BSRot(102).jpg_15bf6297-698b-49c3-ad3e-4c1d6417740f.jpg,Bacterial Soft Rot
Bacterial Soft Rot/N_456BacterialSoftRot_original_BSRot(102).jpg_1a0fa18d-4848-41a3-a416-ead635884023.jpg,Bacterial Soft Rot
Bacterial Soft Rot/N_456BacterialSoftRot_original_BSRot(102).jpg_29bcb33a-754c-4490-b1f7-1e09550abb19.jpg,Bacterial Soft Rot
Bacterial Soft Rot/N_456BacterialSoftRot_original_BSRot(102).jpg_5670c844-77d1-4244-a288-a8db1327666c.jpg,Bacterial Soft Rot
Bacterial Soft Rot/N_456BacterialSoftRot_original_BSRot(102).jpg_58ec53cd-be3c-4750-a603-d35e585b4138.jpg,Bacterial Soft Rot
Bacterial Soft Rot/N_456BacterialSoftRot_original_BSRot(102).jpg_b46e0dc1-58f2-4d34-9365-ab2bb8c0a798.jpg,Bacterial Soft Rot
Bacterial Soft Rot/N_456BacterialSoftRot_original_BSRot(102).jpg_b60a8d68-58fc-4575-8b4c-1a46380711ba.jpg,Bacterial Soft Rot
Bacterial Soft Rot/N_456BacterialSoftRot_original_BSRot(102).jpg_ee9b6ef4-3493-4e3b-83b2-1e1149069407.jpg,Bacterial Soft Rot
Bacterial Soft Rot/N_456BacterialSoftRot_original_BSRot(102).jpg_fe812a92-2d57-4d5e-9e1a-283accfa9115.jpg,Bacterial Soft Rot
Bacterial Soft Rot/N_456BacterialSoftRot_original_BSRot(103).jpg_0d1c18bd-3f86-49d7-a988-f109a8284b84.jpg,Bacterial Soft Rot
Bacterial Soft Rot/N_456BacterialSoftRot_original_BSRot(103).jpg_242c4244-d3e6-4134-a51f-568087916b2f.jpg,Bacterial Soft Rot
Bacterial Soft Rot/N_456BacterialSoftRot_original_BSRot(103).jpg_2ac03df9-211a-4c88-85d6-83437262a7b3.jpg,Bacterial Soft Rot
Bacterial Soft Rot/N_456BacterialSoftRot_original_BSRot(103).jpg_36efbf9b-5aca-469b-a60f-28032b0716bc.jpg,Bacterial Soft Rot
Bacterial Soft Rot/N_456BacterialSoftRot_original_BSRot(103).jpg_3731a5d2-534b-4fb6-8175-6717dd3dc4e0.jpg,Bacterial Soft Rot
Bacterial Soft Rot/N_456BacterialSoftRot_original_BSRot(103).jpg_37597682-dcc8-42ed-89ac-d1213dfd6123.jpg,Bacterial Soft Rot
Bacterial Soft Rot/N_456BacterialSoftRot_original_BSRot(103).jpg_3c880d7c-ec2d-416d-8405-4f4e80db132a.jpg,Bacterial Soft Rot
Bacterial Soft Rot/N_456BacterialSoftRot_original_BSRot(103).jpg_3e5644f2-b237-4579-a4bd-631265962b67.jpg,Bacterial Soft Rot
Bacterial Soft Rot/N_456BacterialSoftRot_original_BSRot(103).jpg_4f923015-1f50-41a2-9556-ef9ffe37e30b.jpg,Bacterial Soft Rot
Bacterial Soft Rot/N_456BacterialSoftRot_original_BSRot(103).jpg_54beeb72-f223-4f1f-8c88-384f0ffb3854.jpg,Bacterial Soft Rot
Bacterial Soft Rot/N_456BacterialSoftRot_original_BSRot(103).jpg_8e378996-a5c5-4f1e-9418-ff73ccc863b0.jpg,Bacterial Soft Rot
Bacterial Soft Rot/N_456BacterialSoftRot_original_BSRot(103).jpg_977af6b4-9ea1-4f79-b9e8-c5a9afac787e.jpg,Bacterial Soft Rot
Bacterial Soft Rot/N_456BacterialSoftRot_original_BSRot(103).jpg_97bf1f70-a526-45cb-b94d-e457f26c7d37.jpg,Bacterial Soft Rot
Bacterial Soft Rot/N_456BacterialSoftRot_original_BSRot(103).jpg_d35c6384-6ff8-4a46-85d4-49ae70b1e1e3.jpg,Bacterial Soft Rot
Bacterial Soft Rot/N_456BacterialSoftRot_original_BSRot(103).jpg_d8db1f17-1ec8-4d03-8c74-993e87128dc5.jpg,Bacterial Soft Rot
Bacterial Soft Rot/N_456BacterialSoftRot_original_BSRot(103).jpg_f6ddd345-c602-445d-8ec7-d4ea615fdebe.jpg,Bacterial Soft Rot
Bacterial Soft Rot/N_456BacterialSoftRot_original_BSRot(104).jpg_1b7374c1-bd3f-4c08-8564-2bed76eec812.jpg,Bacterial Soft Rot
Bacterial Soft Rot/N_456BacterialSoftRot_original_BSRot(104).jpg_4605563d-5f60-42f5-a0a6-f13462a0e2b2.jpg,Bacterial Soft Rot
Bacterial Soft Rot/N_456BacterialSoftRot_original_BSRot(104).jpg_78bcefaa-df47-490e-9d8b-81fc3d8a8a08.jpg,Bacterial Soft Rot
Bacterial Soft Rot/N_456BacterialSoftRot_original_BSRot(104).jpg_98cfbc51-cfc2-4ecd-8b7e-835f21254bc9.jpg,Bacterial Soft Rot
Bacterial Soft Rot/N_456BacterialSoftRot_original_BSRot(105).jpg_01a3c871-c320-435d-9c0b-b664039fc01c.jpg,Bacterial Soft Rot
Bacterial Soft Rot/N_456BacterialSoftRot_original_BSRot(105).jpg_01bd5907-7145-4d16-bb70-177a65dac4e9.jpg,Bacterial Soft Rot
Bacterial Soft Rot/N_456BacterialSoftRot_original_BSRot(105).jpg_283c7482-afc0-4619-97db-f2f88b713498.jpg,Bacterial Soft Rot
Bacterial Soft Rot/N_456BacterialSoftRot_original_BSRot(105).jpg_30d978a9-5678-4d53-a37b-3b6da51d7287.jpg,Bacterial Soft Rot
Bacterial Soft Rot/N_456BacterialSoftRot_original_BSRot(105).jpg_3562ffd8-e4d4-455f-a675-087b23b8cbc0.jpg,Bacterial Soft Rot
Bacterial Soft Rot/N_456BacterialSoftRot_original_BSRot(105).jpg_6cf0edd8-3666-48ef-ac13-2e1c466ad02f.jpg,Bacterial Soft Rot
Bacterial Soft Rot/N_456BacterialSoftRot_original_BSRot(105).jpg_b3f42ab3-ff0c-4171-926b-c9726f8e0763.jpg,Bacterial Soft Rot
Bacterial Soft Rot/N_456BacterialSoftRot_original_BSRot(105).jpg_e3a052f8-d906-4996-9489-95a58979ea25.jpg,Bacterial Soft Rot
Bacterial Soft Rot/N_456BacterialSoftRot_original_BSRot(105).jpg_e8764d69-8f87-4689-b362-618e98b00f06.jpg,Bacterial Soft Rot
Bacterial Soft Rot/N_456BacterialSoftRot_original_BSRot(11).jpg_2ea7c314-3b10-4721-9715-ef51fcff602c.jpg,Bacterial Soft Rot
Bacterial Soft Rot/N_456BacterialSoftRot_original_BSRot(11).jpg_3fad61f6-33bb-4ced-98b5-412c5ca286eb.jpg,Bacterial Soft Rot
Bacterial Soft Rot/N_456BacterialSoftRot_original_BSRot(11).jpg_67bcc9a3-2593-490c-ab21-1fd8be0d9d39.jpg,Bacterial Soft Rot
Bacterial Soft Rot/N_456BacterialSoftRot_original_BSRot(11).jpg_698db25e-23f7-4110-a0a9-b38b595a312f.jpg,Bacterial Soft Rot
Bacterial Soft Rot/N_456BacterialSoftRot_original_BSRot(11).jpg_71fd8d30-3f60-44bb-9540-e0bbfc99e71e.jpg,Bacterial Soft Rot
Bacterial Soft Rot/N_456BacterialSoftRot_original_BSRot(11).jpg_80d98240-c525-45e0-a670-922771e8685b.jpg,Bacterial Soft Rot
Bacterial Soft Rot/N_456BacterialSoftRot_original_BSRot(11).jpg_a2c28da2-d5e5-47ee-892b-99fc07ae12c6.jpg,Bacterial Soft Rot
Bacterial Soft Rot/N_456BacterialSoftRot_original_BSRot(11).jpg_b2c52eb5-9051-42a1-8f38-eca9e9bdf5f0.jpg,Bacterial Soft Rot
Bacterial Soft Rot/N_456BacterialSoftRot_original_BSRot(11).jpg_ee5e0bb7-eb36-429c-b89a-b34e559df679.jpg,Bacterial Soft Rot
Bacterial Soft Rot/N_456BacterialSoftRot_original_BSRot(11).jpg_eef8b845-6488-49a2-879f-a396ccd64bb5.jpg,Bacterial Soft Rot
Bacterial Soft Rot/N_456BacterialSoftRot_original_BSRot(12).jpg_0008ee02-8652-4cd2-8ee2-7fa54ddebd7d.jpg,Bacterial Soft Rot
Bacterial Soft Rot/N_456BacterialSoftRot_original_BSRot(12).jpg_03da1ebd-6e34-4f2e-88c1-1be927c402f9.jpg,Bacterial Soft Rot
Bacterial Soft Rot/N_456BacterialSoftRot_original_BSRot(12).jpg_048ec9b5-3f38-4358-8d68-9646e241db8b.jpg,Bacterial Soft Rot
Bacterial Soft Rot/N_456BacterialSoftRot_original_BSRot(12).jpg_1052572b-f942-4407-b96a-17ffbe65818b.jpg,Bacterial Soft Rot
Bacterial Soft Rot/N_456BacterialSoftRot_original_BSRot(12).jpg_43d4fae1-835b-4814-a322-dbad88267a4f.jpg,Bacterial Soft Rot
Bacterial Soft Rot/N_456BacterialSoftRot_original_BSRot(12).jpg_4d4b80ce-9791-4050-9e9f-1acbca25d30b.jpg,Bacterial Soft Rot
Bacterial Soft Rot/N_456BacterialSoftRot_original_BSRot(12).jpg_6bbc1dc3-b5d8-44f0-871b-373e8e823baa.jpg,Bacterial Soft Rot
Bacterial Soft Rot/N_456BacterialSoftRot_original_BSRot(12).jpg_7a830f71-6ca7-4284-9275-6e74561aaed5.jpg,Bacterial Soft Rot
Bacterial Soft Rot/N_456BacterialSoftRot_original_BSRot(12).jpg_802ba3cc-836c-4feb-a918-43c806ce74d0.jpg,Bacterial Soft Rot
Bacterial Soft Rot/N_456BacterialSoftRot_original_BSRot(12).jpg_912de1ba-5cb5-491e-8c46-4e040a8c1e50.jpg,Bacterial Soft Rot
Bacterial Soft Rot/N_456BacterialSoftRot_original_BSRot(12).jpg_9d5a5a91-8120-4836-9155-2c73280c6aa3.jpg,Bacterial Soft Rot
Bacterial Soft Rot/N_456BacterialSoftRot_original_BSRot(12).jpg_a1c243f9-6f22-42a0-b612-41285bcab0bb.jpg,Bacterial Soft Rot
Bacterial Soft Rot/N_456BacterialSoftRot_original_BSRot(12).jpg_a89bd4a4-678c-4bbe-87fe-e750c779bf07.jpg,Bacterial Soft Rot
Bacterial Soft Rot/N_456BacterialSoftRot_original_BSRot(12).jpg_bef954b1-245a-44aa-a8ba-7ef8527e88bb.jpg,Bacterial Soft Rot
Bacterial Soft Rot/N_456BacterialSoftRot_original_BSRot(12).jpg_c95a1df5-d5cf-489b-936d-ce87f35f4d57.jpg,Bacterial Soft Rot
Bacterial Soft Rot/N_456BacterialSoftRot_original_BSRot(12).jpg_ea35304e-58ef-49d6-8d53-f66549edec1a.jpg,Bacterial Soft Rot
Bacterial Soft Rot/N_456BacterialSoftRot_original_BSRot(13).jpg_01d2edc6-f840-41c2-a073-1a9e907d6b22.jpg,Bacterial Soft Rot
Bacterial Soft Rot/N_456BacterialSoftRot_original_BSRot(13).jpg_080b2910-1eb8-4d62-9ec4-cc1e11038514.jpg,Bacterial Soft Rot
Bacterial Soft Rot/N_456BacterialSoftRot_original_BSRot(13).jpg_39c18881-2714-485d-99f2-3e408c55bcdf.jpg,Bacterial Soft Rot
Bacterial Soft Rot/N_456BacterialSoftRot_original_BSRot(13).jpg_46c0121f-d8c3-4913-8dc2-44240048edd9.jpg,Bacterial Soft Rot
Bacterial Soft Rot/N_456BacterialSoftRot_original_BSRot(13).jpg_5944e243-6fd6-4c2f-ac18-7c70533cca2c.jpg,Bacterial Soft Rot
Bacterial Soft Rot/N_456BacterialSoftRot_original_BSRot(13).jpg_5d011029-e119-47d2-963f-e8449adc9377.jpg,Bacterial Soft Rot
Bacterial Soft Rot/N_456BacterialSoftRot_original_BSRot(13).jpg_73725a4f-3e21-4fab-be96-a77162d4b375.jpg,Bacterial Soft Rot
Bacterial Soft Rot/N_456BacterialSoftRot_original_BSRot(13).jpg_7c156502-049e-498e-844e-7db9cd761f6e.jpg,Bacterial Soft Rot
Bacterial Soft Rot/N_456BacterialSoftRot_original_BSRot(13).jpg_8fd37f96-60a7-47fd-b7e2-6a26c435c212.jpg,Bacterial Soft Rot
Bacterial Soft Rot/N_456BacterialSoftRot_original_BSRot(13).jpg_a1bcec11-469a-4a98-8caa-54ed65bbe366.jpg,Bacterial Soft Rot
Bacterial Soft Rot/N_456BacterialSoftRot_original_BSRot(13).jpg_cc412df8-0eb0-4dd4-9fd1-7431963b56a6.jpg,Bacterial Soft Rot
Bacterial Soft Rot/N_456BacterialSoftRot_original_BSRot(13).jpg_deccf4a4-dd05-4f0e-a578-beb22134dda2.jpg,Bacterial Soft Rot
Bacterial Soft Rot/N_456BacterialSoftRot_original_BSRot(13).jpg_e5119e9c-249b-41c7-acd7-d3c3a8150aac.jpg,Bacterial Soft Rot
Bacterial Soft Rot/N_456BacterialSoftRot_original_BSRot(13).jpg_e6afb9ea-9a16-4476-a2e5-cd9a02b44d44.jpg,Bacterial Soft Rot
Bacterial Soft Rot/N_456BacterialSoftRot_original_BSRot(13).jpg_e7dbebea-568d-44b4-bea5-76dffed060bf.jpg,Bacterial Soft Rot
Bacterial Soft Rot/N_456BacterialSoftRot_original_BSRot(13).jpg_ed6d919c-7b83-4500-b296-7a23757a1b6c.jpg,Bacterial Soft Rot
Bacterial Soft Rot/N_456BacterialSoftRot_original_BSRot(13).jpg_f6066368-3ee2-4134-a509-3c8a8591af50.jpg,Bacterial Soft Rot
Bacterial Soft Rot/N_456BacterialSoftRot_original_BSRot(14).jpg_1d65ea24-7b13-46f6-aa3c-0206d9ece237.jpg,Bacterial Soft Rot
Bacterial Soft Rot/N_456BacterialSoftRot_original_BSRot(14).jpg_4abe726b-3842-4552-af5d-d5e462864121.jpg,Bacterial Soft Rot
Bacterial Soft Rot/N_456BacterialSoftRot_original_BSRot(14).jpg_5cff02e2-8291-40f8-b6a5-c9f133321ba1.jpg,Bacterial Soft Rot
Bacterial Soft Rot/N_456BacterialSoftRot_original_BSRot(14).jpg_6cbb85ec-f3b8-43d3-a451-0b744f84720b.jpg,Bacterial Soft Rot
Bacterial Soft Rot/N_456BacterialSoftRot_original_BSRot(14).jpg_6ee8b118-7d6e-419d-9191-e3a1c585874d.jpg,Bacterial Soft Rot
Bacterial Soft Rot/N_456BacterialSoftRot_original_BSRot(14).jpg_7b046103-8ca6-4a22-aadd-4bdf26def3b4.jpg,Bacterial Soft Rot
Bacterial Soft Rot/N_456BacterialSoftRot_original_BSRot(14).jpg_82c9b7a6-78e7-423e-b5f8-f6a837a9a9e4.jpg,Bacterial Soft Rot
Bacterial Soft Rot/N_456BacterialSoftRot_original_BSRot(14).jpg_9a773a73-1658-438e-bad6-81094453c9f2.jpg,Bacterial Soft Rot
Bacterial Soft Rot/N_456BacterialSoftRot_original_BSRot(14).jpg_a81c5656-3c06-409d-8cd7-885687c84e79.jpg,Bacterial Soft Rot
Bacterial Soft Rot/N_456BacterialSoftRot_original_BSRot(14).jpg_c33d2606-0638-4d38-8c4f-18053c04078f.jpg,Bacterial Soft Rot
Bacterial Soft Rot/N_456BacterialSoftRot_original_BSRot(14).jpg_c5df3fef-3f0b-4dca-a9d3-7de823970cc6.jpg,Bacterial Soft Rot
Bacterial Soft Rot/N_456BacterialSoftRot_original_BSRot(14).jpg_f72b7906-df24-4b68-b6d6-3eada6d1a9bc.jpg,Bacterial Soft Rot
Bacterial Soft Rot/N_456BacterialSoftRot_original_BSRot(15).jpg_085e31db-37d0-4285-863e-24b1bd6763ec.jpg,Bacterial Soft Rot
Bacterial Soft Rot/N_456BacterialSoftRot_original_BSRot(15).jpg_1d83ef16-3a86-4c2c-b7aa-31117372dfeb.jpg,Bacterial Soft Rot
Bacterial Soft Rot/N_456BacterialSoftRot_original_BSRot(15).jpg_33c8d803-c31e-4a69-bc8e-fef74ab1fce2.jpg,Bacterial Soft Rot
Bacterial Soft Rot/N_456BacterialSoftRot_original_BSRot(15).jpg_41033c27-5bed-435b-ab8a-dbf0f5e7395f.jpg,Bacterial Soft Rot
Bacterial Soft Rot/N_456BacterialSoftRot_original_BSRot(15).jpg_8cc94bdd-5e13-40ef-a5ef-ca288b3fa7b1.jpg,Bacterial Soft Rot
Bacterial Soft Rot/N_456BacterialSoftRot_original_BSRot(15).jpg_908b628b-c596-4ccb-a300-bf7432fd7ea4.jpg,Bacterial Soft Rot
Bacterial Soft Rot/N_456BacterialSoftRot_original_BSRot(15).jpg_99868214-b2ca-4b3d-813d-e15f454f14c6.jpg,Bacterial Soft Rot
Bacterial Soft Rot/N_456BacterialSoftRot_original_BSRot(15).jpg_9e59f371-6d26-4e51-b4b1-c8d01d1e8794.jpg,Bacterial Soft Rot
Bacterial Soft Rot/N_456BacterialSoftRot_original_BSRot(15).jpg_a86730b4-9ea8-4884-b75c-43b862598cb4.jpg,Bacterial Soft Rot
Bacterial Soft Rot/N_456BacterialSoftRot_original_BSRot(15).jpg_ac859342-4430-4048-96c8-c55a620a4779.jpg,Bacterial Soft Rot
Bacterial Soft Rot/N_456BacterialSoftRot_original_BSRot(15).jpg_b3a201a8-f604-45af-b0ca-00f8b2299318.jpg,Bacterial Soft Rot
Bacterial Soft Rot/N_456BacterialSoftRot_original_BSRot(15).jpg_d47345e4-a023-4741-9483-66bcef657947.jpg,Bacterial Soft Rot
Bacterial Soft Rot/N_456BacterialSoftRot_original_BSRot(15).jpg_fcb54d0d-8a42-443b-93c7-b4cf81700f0b.jpg,Bacterial Soft Rot
Bacterial Soft Rot/N_456BacterialSoftRot_original_BSRot(16).jpg_1ca70a2f-14e9-49c5-a22c-2efdea5b6f55.jpg,Bacterial Soft Rot
Bacterial Soft Rot/N_456BacterialSoftRot_original_BSRot(16).jpg_3ac7651a-2528-454f-8aa8-368965846fe4.jpg,Bacterial Soft Rot
Bacterial Soft Rot/N_456BacterialSoftRot_original_BSRot(16).jpg_400ca5a0-73b4-423f-9b32-5b1a290f654d.jpg,Bacterial Soft Rot
Bacterial Soft Rot/N_456BacterialSoftRot_original_BSRot(16).jpg_49850ea0-3702-464d-8c08-2ec473c65f3c.jpg,Bacterial Soft Rot
Bacterial Soft Rot/N_456BacterialSoftRot_original_BSRot(16).jpg_4a04df26-72de-493b-a591-8543d3ba1b3b.jpg,Bacterial Soft Rot
Bacterial Soft Rot/N_456BacterialSoftRot_original_BSRot(16).jpg_53cc37d1-b080-46a4-b4f8-a0d92951a4cc.jpg,Bacterial Soft Rot
Bacterial Soft Rot/N_456BacterialSoftRot_original_BSRot(16).jpg_6f87593c-9a21-4f45-8c5f-0769113844ec.jpg,Bacterial Soft Rot
Bacterial Soft Rot/N_456BacterialSoftRot_original_BSRot(16).jpg_73264999-b2ff-4e01-b498-cc39552597cc.jpg,Bacterial Soft Rot
Bacterial Soft Rot/N_456BacterialSoftRot_original_BSRot(16).jpg_857d6ec6-5a8b-4b0e-a892-dc3cb6b0c1a4.jpg,Bacterial Soft Rot
Bacterial Soft Rot/N_456BacterialSoftRot_original_BSRot(16).jpg_b8593ef2-ca59-4658-b698-a3c4b6278800.jpg,Bacterial Soft Rot
Bacterial Soft Rot/N_456BacterialSoftRot_original_BSRot(16).jpg_b8b567e4-39a6-4a7b-b750-7bd687c3b668.jpg,Bacterial Soft Rot
Bacterial Soft Rot/N_456BacterialSoftRot_original_BSRot(16).jpg_f2f9c08e-c653-4ae2-a156-18680e2df99f.jpg,Bacterial Soft Rot
Bacterial Soft Rot/N_456BacterialSoftRot_original_BSRot(16).jpg_fa7058d5-8c7c-4318-8665-e748d0837cd9.jpg,Bacterial Soft Rot
Bacterial Soft Rot/N_456BacterialSoftRot_original_BSRot(17).jpg_07313a17-af3e-4e51-a981-3d2338ef0925.jpg,Bacterial Soft Rot
Bacterial Soft Rot/N_456BacterialSoftRot_original_BSRot(17).jpg_0c1bc3c1-b9e2-4d7f-9299-2ce7b2a6561b.jpg,Bacterial Soft Rot
Bacterial Soft Rot/N_456BacterialSoftRot_original_BSRot(17).jpg_3359dc77-8eea-4df2-830d-ada4b8186a3d.jpg,Bacterial Soft Rot
Bacterial Soft Rot/N_456BacterialSoftRot_original_BSRot(17).jpg_464c950a-232b-4420-9163-11e4e40ba94d.jpg,Bacterial Soft Rot
Bacterial Soft Rot/N_456BacterialSoftRot_original_BSRot(17).jpg_569fa15c-e31a-4ca6-93fb-8ff61c72fefb.jpg,Bacterial Soft Rot
Bacterial Soft Rot/N_456BacterialSoftRot_original_BSRot(17).jpg_621257a3-bd9b-4532-8784-93688037ca7a.jpg,Bacterial Soft Rot
Bacterial Soft Rot/N_456BacterialSoftRot_original_BSRot(17).jpg_6f13b856-5ffb-46ed-bd9e-d7bd7a2054ef.jpg,Bacterial Soft Rot
Bacterial Soft Rot/N_456BacterialSoftRot_original_BSRot(17).jpg_8d46e7ea-5c48-4952-ac04-31ba35960e71.jpg,Bacterial Soft Rot
Bacterial Soft Rot/N_456BacterialSoftRot_original_BSRot(17).jpg_d46c31df-7089-45d8-a652-c54862d3779d.jpg,Bacterial Soft Rot
Bacterial Soft Rot/N_456BacterialSoftRot_original_BSRot(17).jpg_d9a5b00f-de8b-45ee-a827-dd752114f09b.jpg,Bacterial Soft Rot
Bacterial Soft Rot/N_456BacterialSoftRot_original_BSRot(17).jpg_e2640873-0f63-4979-9fa4-0153912c7b9a.jpg,Bacterial Soft Rot
Bacterial Soft Rot/N_456BacterialSoftRot_original_BSRot(17).jpg_f57a104e-033a-4cca-af14-4c379b13a27c.jpg,Bacterial Soft Rot
Bacterial Soft Rot/N_456BacterialSoftRot_original_BSRot(18).jpg_23ed3cdc-f753-4d56-9299-5f0a2d3b765a.jpg,Bacterial Soft Rot
Bacterial Soft Rot/N_456BacterialSoftRot_original_BSRot(18).jpg_738960f8-9076-41e2-aaab-6199be610e94.jpg,Bacterial Soft Rot
Bacterial Soft Rot/N_456BacterialSoftRot_original_BSRot(18).jpg_7a0b3df0-a96e-4217-8a2d-8b42fbdbdbd3.jpg,Bacterial Soft Rot
Bacterial Soft Rot/N_456BacterialSoftRot_original_BSRot(18).jpg_895e8aaf-0612-49ae-8fd5-bba2bd7d6301.jpg,Bacterial Soft Rot
Bacterial Soft Rot/N_456BacterialSoftRot_original_BSRot(18).jpg_b8319ee9-8a56-435e-97b2-d067633730c5.jpg,Bacterial Soft Rot
Bacterial Soft Rot/N_456BacterialSoftRot_original_BSRot(18).jpg_e44b7f69-51b1-4168-84aa-048bcbb65acd.jpg,Bacterial Soft Rot
Bacterial Soft Rot/N_456BacterialSoftRot_original_BSRot(18).jpg_e583bdc3-9a03-4723-a440-d32880415fe8.jpg,Bacterial Soft Rot
Bacterial Soft Rot/N_456BacterialSoftRot_original_BSRot(18).jpg_e611c675-b581-4d84-8770-d51476f644c1.jpg,Bacterial Soft Rot
Bacterial Soft Rot/N_456BacterialSoftRot_original_BSRot(18).jpg_e8fd202b-91c2-45c9-9b67-135a46a3d298.jpg,Bacterial Soft Rot
Bacterial Soft Rot/N_456BacterialSoftRot_original_BSRot(18).jpg_e941b2fb-fdc9-4ac2-adcf-a00181bdbde2.jpg,Bacterial Soft Rot
Bacterial Soft Rot/N_456BacterialSoftRot_original_BSRot(18).jpg_efc72d5e-acac-47c5-9461-7508e57ad5c5.jpg,Bacterial Soft Rot
Bacterial Soft Rot/N_456BacterialSoftRot_original_BSRot(18).jpg_f7d8e48e-3f91-4089-a31f-1c698179b8ab.jpg,Bacterial Soft Rot
Bacterial Soft Rot/N_456BacterialSoftRot_original_BSRot(19).jpg_0765bb2e-ce2e-44d8-8868-1603496eeacb.jpg,Bacterial Soft Rot
Bacterial Soft Rot/N_456BacterialSoftRot_original_BSRot(19).jpg_0e9b3edb-61bc-4da6-96d2-25731ed3062d.jpg,Bacterial Soft Rot
Bacterial Soft Rot/N_456BacterialSoftRot_original_BSRot(19).jpg_136ff1e2-6f96-4321-8fa5-b50056393a15.jpg,Bacterial Soft Rot
Bacterial Soft Rot/N_456BacterialSoftRot_original_BSRot(19).jpg_826e4557-c65c-4e23-9814-cc091ac32dbb.jpg,Bacterial Soft Rot
Bacterial Soft Rot/N_456BacterialSoftRot_original_BSRot(19).jpg_8c82a045-2751-4d2d-9b1b-572fcf7a3951.jpg,Bacterial Soft Rot
Bacterial Soft Rot/N_456BacterialSoftRot_original_BSRot(19).jpg_9748ced3-0df6-4a92-9ee2-3da7095b3d57.jpg,Bacterial Soft Rot
Bacterial Soft Rot/N_456BacterialSoftRot_original_BSRot(19).jpg_9b1cf018-2078-4945-bfab-77a044d9c43a.jpg,Bacterial Soft Rot
Bacterial Soft Rot/N_456BacterialSoftRot_original_BSRot(19).jpg_b5f45004-0e1d-4c9c-b73b-30e17ca7fa3b.jpg,Bacterial Soft Rot
Bacterial Soft Rot/N_456BacterialSoftRot_original_BSRot(19).jpg_c89249ca-87d7-4ec8-9a49-3fe31750c86a.jpg,Bacterial Soft Rot
Bacterial Soft Rot/N_456BacterialSoftRot_original_BSRot(19).jpg_cf2d7e53-7358-4a00-9c53-25c4ad177981.jpg,Bacterial Soft Rot
Bacterial Soft Rot/N_456BacterialSoftRot_original_BSRot(19).jpg_d125339b-c2ac-422d-9df5-7f3166020d51.jpg,Bacterial Soft Rot
Bacterial Soft Rot/N_456BacterialSoftRot_original_BSRot(19).jpg_e6a374e1-85cb-48fd-ae0a-7f868e5d802f.jpg,Bacterial Soft Rot
Bacterial Soft Rot/N_456BacterialSoftRot_original_BSRot(19).jpg_fdd100f3-c52f-403a-a11c-4676158445de.jpg,Bacterial Soft Rot
Bacterial Soft Rot/N_456BacterialSoftRot_original_BSRot(2).jpg_09b0a8ea-d422-4a5f-b866-205efe5c109f.jpg,Bacterial Soft Rot
Bacterial Soft Rot/N_456BacterialSoftRot_original_BSRot(2).jpg_0b3bd587-259d-4edf-9904-6009fb716793.jpg,Bacterial Soft Rot
Bacterial Soft Rot/N_456BacterialSoftRot_original_BSRot(2).jpg_1120f683-423a-4ec0-9d28-ad41eccb310f.jpg,Bacterial Soft Rot
Bacterial Soft Rot/N_456BacterialSoftRot_original_BSRot(2).jpg_21ad6d01-2963-4ee6-bdc0-93cbeaf9f2ea.jpg,Bacterial Soft Rot
Bacterial Soft Rot/N_456BacterialSoftRot_original_BSRot(2).jpg_24465567-2383-4dd2-befe-f449bdebce50.jpg,Bacterial Soft Rot
Bacterial Soft Rot/N_456BacterialSoftRot_original_BSRot(2).jpg_2b01ca24-6d29-459f-b7bc-b3e7b212e9c3.jpg,Bacterial Soft Rot
Bacterial Soft Rot/N_456BacterialSoftRot_original_BSRot(2).jpg_319fb1d1-ed65-487e-857b-b5d38a9f6e32.jpg,Bacterial Soft Rot
Bacterial Soft Rot/N_456BacterialSoftRot_original_BSRot(2).jpg_397f3830-aa9d-4ffd-b83e-8de51820f112.jpg,Bacterial Soft Rot
Bacterial Soft Rot/N_456BacterialSoftRot_original_BSRot(2).jpg_42812a5b-cba2-4ccf-a249-f02f27e125d4.jpg,Bacterial Soft Rot
Bacterial Soft Rot/N_456BacterialSoftRot_original_BSRot(2).jpg_7d788fdb-fbf4-408e-ba52-d028cd7376c3.jpg,Bacterial Soft Rot
Bacterial Soft Rot/N_456BacterialSoftRot_original_BSRot(2).jpg_806df4a4-c3ec-42f6-bd06-413d8ba031a6.jpg,Bacterial Soft Rot
Bacterial Soft Rot/N_456BacterialSoftRot_original_BSRot(2).jpg_833a8918-750d-4ff6-a1de-0293234d84a3.jpg,Bacterial Soft Rot
Bacterial Soft Rot/N_456BacterialSoftRot_original_BSRot(2).jpg_c457a435-ed9f-43ec-9efe-5343df3fa1c4.jpg,Bacterial Soft Rot
Bacterial Soft Rot/N_456BacterialSoftRot_original_BSRot(2).jpg_e985d99a-1f5c-4830-b8b8-1a730f14d161.jpg,Bacterial Soft Rot
Bacterial Soft Rot/N_456BacterialSoftRot_original_BSRot(20).jpg_303c0515-1cf4-4d68-892d-d259dbda7894.jpg,Bacterial Soft Rot
Bacterial Soft Rot/N_456BacterialSoftRot_original_BSRot(20).jpg_67bd82b4-0e75-4737-95d3-dcad8b0b8045.jpg,Bacterial Soft Rot
Bacterial Soft Rot/N_456BacterialSoftRot_original_BSRot(20).jpg_6f52dcd3-fe81-44a6-b8ed-a02c1992164e.jpg,Bacterial Soft Rot
Bacterial Soft Rot/N_456BacterialSoftRot_original_BSRot(20).jpg_724c6970-58be-4744-8c90-51f29c4c54c2.jpg,Bacterial Soft Rot
Bacterial Soft Rot/N_456BacterialSoftRot_original_BSRot(20).jpg_90f12881-a48f-403f-a8b9-a6b5ecb84f97.jpg,Bacterial Soft Rot
Bacterial Soft Rot/N_456BacterialSoftRot_original_BSRot(20).jpg_9efb300c-2567-4098-aec4-5c091c9d74f9.jpg,Bacterial Soft Rot
Bacterial Soft Rot/N_456BacterialSoftRot_original_BSRot(20).jpg_d46120f7-2fa5-46da-8b00-2c829c367c98.jpg,Bacterial Soft Rot
Bacterial Soft Rot/N_456BacterialSoftRot_original_BSRot(20).jpg_fcdea842-bac3-47a7-8986-cdc051e2ac4d.jpg,Bacterial Soft Rot
Bacterial Soft Rot/N_456BacterialSoftRot_original_BSRot(21).jpg_1455f549-46cf-4fae-a7be-63b0c12c662d.jpg,Bacterial Soft Rot
Bacterial Soft Rot/N_456BacterialSoftRot_original_BSRot(21).jpg_23c6bdb3-e443-4c93-84e8-93e48e9f43e0.jpg,Bacterial Soft Rot
Bacterial Soft Rot/N_456BacterialSoftRot_original_BSRot(21).jpg_48e9e587-363e-47ac-8663-bbd2fb9d405c.jpg,Bacterial Soft Rot
Bacterial Soft Rot/N_456BacterialSoftRot_original_BSRot(21).jpg_5fb861e2-0c3e-4e8a-b721-1a127f1ebbbe.jpg,Bacterial Soft Rot
Bacterial Soft Rot/N_456BacterialSoftRot_original_BSRot(21).jpg_63cec80b-a15a-4e19-840a-caf79fb71c23.jpg,Bacterial Soft Rot
Bacterial Soft Rot/N_456BacterialSoftRot_original_BSRot(21).jpg_681583d3-dd16-4397-a41f-9d17cbddd256.jpg,Bacterial Soft Rot
Bacterial Soft Rot/N_456BacterialSoftRot_original_BSRot(21).jpg_7073218b-678d-4d75-bb8e-94193cad854b.jpg,Bacterial Soft Rot
Bacterial Soft Rot/N_456BacterialSoftRot_original_BSRot(21).jpg_7a10f9e7-a83e-467e-b295-d82a6426c854.jpg,Bacterial Soft Rot
Bacterial Soft Rot/N_456BacterialSoftRot_original_BSRot(21).jpg_e5db5b0a-649b-44fb-9a54-296c50aa612b.jpg,Bacterial Soft Rot
Bacterial Soft Rot/N_456BacterialSoftRot_original_BSRot(21).jpg_ee917199-2f4f-4f47-93cf-38b71ec90cba.jpg,Bacterial Soft Rot
Bacterial Soft Rot/N_456BacterialSoftRot_original_BSRot(21).jpg_fd77d4c2-944b-4c05-9d41-5c607855cd81.jpg,Bacterial Soft Rot
Bacterial Soft Rot/N_456BacterialSoftRot_original_BSRot(22).jpg_2b1ab844-7cb7-4423-b843-6826a1f76890.jpg,Bacterial Soft Rot
Bacterial Soft Rot/N_456BacterialSoftRot_original_BSRot(22).jpg_3202660c-d467-4aab-9b5e-f1576f83225a.jpg,Bacterial Soft Rot
Bacterial Soft Rot/N_456BacterialSoftRot_original_BSRot(22).jpg_49e3b863-03b8-41e7-a594-965833f6311e.jpg,Bacterial Soft Rot
Bacterial Soft Rot/N_456BacterialSoftRot_original_BSRot(22).jpg_4e5cde05-37cb-4c0e-9641-f37915647cc3.jpg,Bacterial Soft Rot
Bacterial Soft Rot/N_456BacterialSoftRot_original_BSRot(22).jpg_58bab60a-deaa-49c8-b71f-bc410f02dcbc.jpg,Bacterial Soft Rot
Bacterial Soft Rot/N_456BacterialSoftRot_original_BSRot(22).jpg_5b6bf1d4-6fa8-43fd-9d1b-731c0a676e02.jpg,Bacterial Soft Rot
Bacterial Soft Rot/N_456BacterialSoftRot_original_BSRot(22).jpg_6374a93c-972b-4145-aedc-bbde6c542b71.jpg,Bacterial Soft Rot
Bacterial Soft Rot/N_456BacterialSoftRot_original_BSRot(22).jpg_6694d1d6-8958-405b-a285-060887d0ea76.jpg,Bacterial Soft Rot
Bacterial Soft Rot/N_456BacterialSoftRot_original_BSRot(22).jpg_6cc599ce-c6b4-4017-8fa7-527fee760eaa.jpg,Bacterial Soft Rot
Bacterial Soft Rot/N_456BacterialSoftRot_original_BSRot(22).jpg_7a436fb2-07b1-4be9-9baa-a35fdc01b376.jpg,Bacterial Soft Rot
Bacterial Soft Rot/N_456BacterialSoftRot_original_BSRot(22).jpg_7b6cdf60-53a5-492b-bac2-4a3f8ed996db.jpg,Bacterial Soft Rot
Bacterial Soft Rot/N_456BacterialSoftRot_original_BSRot(22).jpg_7fec87bf-9d5c-43d2-93b5-e73e628541fb.jpg,Bacterial Soft Rot
Bacterial Soft Rot/N_456BacterialSoftRot_original_BSRot(22).jpg_a8863e19-276e-45ee-8966-237675a3d1c5.jpg,Bacterial Soft Rot
Bacterial Soft Rot/N_456BacterialSoftRot_original_BSRot(22).jpg_bb2a93e5-1b80-4c98-80e6-5e05d7006fb7.jpg,Bacterial Soft Rot
Bacterial Soft Rot/N_456BacterialSoftRot_original_BSRot(22).jpg_bc8919b0-f34f-43d4-9992-cc858d8ceb3d.jpg,Bacterial Soft Rot
Bacterial Soft Rot/N_456BacterialSoftRot_original_BSRot(22).jpg_c04d5578-cb82-4b97-a56a-8dec4104ae84.jpg,Bacterial Soft Rot
Bacterial Soft Rot/N_456BacterialSoftRot_original_BSRot(22).jpg_e1967bed-f741-48b6-bf4a-c3a4a80cf478.jpg,Bacterial Soft Rot
Bacterial Soft Rot/N_456BacterialSoftRot_original_BSRot(22).jpg_eb92c228-9333-4047-955d-d7f6e111ba9e.jpg,Bacterial Soft Rot
Bacterial Soft Rot/N_456BacterialSoftRot_original_BSRot(23).jpg_0138ba73-ad22-4c80-aa1b-26d5da4069cd.jpg,Bacterial Soft Rot
Bacterial Soft Rot/N_456BacterialSoftRot_original_BSRot(23).jpg_027bde0f-65cb-4f6e-b258-481e380f7e41.jpg,Bacterial Soft Rot
Bacterial Soft Rot/N_456BacterialSoftRot_original_BSRot(23).jpg_2b8c0dd0-8c2c-4de2-b8a8-31c835186e59.jpg,Bacterial Soft Rot
Bacterial Soft Rot/N_456BacterialSoftRot_original_BSRot(23).jpg_2e6e2a2f-4e7d-4717-bbaa-d8238607c0e4.jpg,Bacterial Soft Rot
Bacterial Soft Rot/N_456BacterialSoftRot_original_BSRot(23).jpg_340bceec-e9b1-4c86-966f-fb04ee5b533c.jpg,Bacterial Soft Rot
Bacterial Soft Rot/N_456BacterialSoftRot_original_BSRot(23).jpg_3eba59bf-674f-492f-9a3e-5f673c365770.jpg,Bacterial Soft Rot
Bacterial Soft Rot/N_456BacterialSoftRot_original_BSRot(23).jpg_56c3171e-2187-4f11-bf16-4622df83dc87.jpg,Bacterial Soft Rot
Bacterial Soft Rot/N_456BacterialSoftRot_original_BSRot(23).jpg_854ef9b8-0e73-44b6-9d4e-f230dc7f819b.jpg,Bacterial Soft Rot
Bacterial Soft Rot/N_456BacterialSoftRot_original_BSRot(23).jpg_92a9847a-afc8-4405-b247-c62c358500b5.jpg,Bacterial Soft Rot
Bacterial Soft Rot/N_456BacterialSoftRot_original_BSRot(23).jpg_9534786c-8b00-4bd5-a6d9-46f17da075cb.jpg,Bacterial Soft Rot
Bacterial Soft Rot/N_456BacterialSoftRot_original_BSRot(23).jpg_9700aada-8773-4c04-acc4-40b8f90a3229.jpg,Bacterial Soft Rot
Bacterial Soft Rot/N_456BacterialSoftRot_original_BSRot(23).jpg_9d6d124c-5210-45e7-b8c7-d90f4803d597.jpg,Bacterial Soft Rot
Bacterial Soft Rot/N_456BacterialSoftRot_original_BSRot(23).jpg_9eb29bd7-739a-4285-8968-d1cdeeee3717.jpg,Bacterial Soft Rot
Bacterial Soft Rot/N_456BacterialSoftRot_original_BSRot(23).jpg_c2a7c246-452c-49c6-8795-0ce961b62ce1.jpg,Bacterial Soft Rot
Bacterial Soft Rot/N_456BacterialSoftRot_original_BSRot(23).jpg_c662973f-651b-4d3a-9474-1012716f2bf9.jpg,Bacterial Soft Rot
Bacterial Soft Rot/N_456BacterialSoftRot_original_BSRot(23).jpg_cfd35a09-3eaa-4385-8b25-c76366279770.jpg,Bacterial Soft Rot
Bacterial Soft Rot/N_456BacterialSoftRot_original_BSRot(23).jpg_d1b17912-b172-41ba-94e3-4b18194b2279.jpg,Bacterial Soft Rot
Bacterial Soft Rot/N_456BacterialSoftRot_original_BSRot(23).jpg_ddefdf44-1c8e-4600-8968-5b12164e6966.jpg,Bacterial Soft Rot
Bacterial Soft Rot/N_456BacterialSoftRot_original_BSRot(23).jpg_f5fd2691-8258-42e4-934d-8bfcc5ee3059.jpg,Bacterial Soft Rot
Bacterial Soft Rot/N_456BacterialSoftRot_original_BSRot(23).jpg_f6517663-6272-4715-9e33-5bbe745da95d.jpg,Bacterial Soft Rot
Bacterial Soft Rot/N_456BacterialSoftRot_original_BSRot(24).jpg_06858b74-b610-4c13-8abe-647a7a687250.jpg,Bacterial Soft Rot
Bacterial Soft Rot/N_456BacterialSoftRot_original_BSRot(24).jpg_2a36337a-1f22-4944-a3c0-613a1bb82281.jpg,Bacterial Soft Rot
Bacterial Soft Rot/N_456BacterialSoftRot_original_BSRot(24).jpg_40348626-d73a-4138-be77-176550a8dd09.jpg,Bacterial Soft Rot
Bacterial Soft Rot/N_456BacterialSoftRot_original_BSRot(24).jpg_52844f50-c0c6-4b67-8279-0dbd24479996.jpg,Bacterial Soft Rot
Bacterial Soft Rot/N_456BacterialSoftRot_original_BSRot(24).jpg_b22fa1b3-5c10-42dc-b2c4-743df001af2e.jpg,Bacterial Soft Rot
Bacterial Soft Rot/N_456BacterialSoftRot_original_BSRot(24).jpg_bf307999-4085-4c9a-9725-befed0bda5d9.jpg,Bacterial Soft Rot
Bacterial Soft Rot/N_456BacterialSoftRot_original_BSRot(24).jpg_c848d9b9-90b9-43e9-9895-8eda24f13489.jpg,Bacterial Soft Rot
Bacterial Soft Rot/N_456BacterialSoftRot_original_BSRot(24).jpg_da4c8959-5d24-485b-b66c-4cb79f3256e2.jpg,Bacterial Soft Rot
Bacterial Soft Rot/N_456BacterialSoftRot_original_BSRot(25).jpg_08ed9f22-6f1d-48d8-ac02-d05b76547a88.jpg,Bacterial Soft Rot
Bacterial Soft Rot/N_456BacterialSoftRot_original_BSRot(25).jpg_1b9fbff3-9dfb-4ca8-8212-e7d32ffcb024.jpg,Bacterial Soft Rot
Bacterial Soft Rot/N_456BacterialSoftRot_original_BSRot(25).jpg_362e40cb-56e6-46cf-9288-29b4c873aef5.jpg,Bacterial Soft Rot
Bacterial Soft Rot/N_456BacterialSoftRot_original_BSRot(25).jpg_3b1eb910-56b5-463a-bbfd-e28d3b032bee.jpg,Bacterial Soft Rot
Bacterial Soft Rot/N_456BacterialSoftRot_original_BSRot(25).jpg_7df3055a-2f65-463a-b8ba-bc733e0e7eb8.jpg,Bacterial Soft Rot
Bacterial Soft Rot/N_456BacterialSoftRot_original_BSRot(25).jpg_7f71a213-cc37-48f9-b716-a82b09a36009.jpg,Bacterial Soft Rot
Bacterial Soft Rot/N_456BacterialSoftRot_original_BSRot(25).jpg_8705b492-a28c-4e09-9c4e-eebbeeabb047.jpg,Bacterial Soft Rot
Bacterial Soft Rot/N_456BacterialSoftRot_original_BSRot(25).jpg_96c16f51-2c87-49c1-b3eb-03c946629139.jpg,Bacterial Soft Rot
Bacterial Soft Rot/N_456BacterialSoftRot_original_BSRot(25).jpg_a145eecc-f703-4f6f-a0ac-b37468be5ccf.jpg,Bacterial Soft Rot
Bacterial Soft Rot/N_456BacterialSoftRot_original_BSRot(25).jpg_bda29050-bf81-4a15-bc62-f04896363c66.jpg,Bacterial Soft Rot
Bacterial Soft Rot/N_456BacterialSoftRot_original_BSRot(25).jpg_cd1db5f5-fddc-4038-b62d-7144666a0a70.jpg,Bacterial Soft Rot
Bacterial Soft Rot/N_456BacterialSoftRot_original_BSRot(25).jpg_ed49b4b1-0365-43df-a55b-a558c1b56064.jpg,Bacterial Soft Rot
Bacterial Soft Rot/N_456BacterialSoftRot_original_BSRot(25).jpg_f8ac44bd-8abf-4250-ae98-5fea7d3d8777.jpg,Bacterial Soft Rot
Bacterial Soft Rot/N_456BacterialSoftRot_original_BSRot(26).jpg_21f809f1-72de-415b-ab69-c1015ccee15a.jpg,Bacterial Soft Rot
Bacterial Soft Rot/N_456BacterialSoftRot_original_BSRot(26).jpg_2f8de435-b001-4e37-b55f-dc343906d9df.jpg,Bacterial Soft Rot
Bacterial Soft Rot/N_456BacterialSoftRot_original_BSRot(26).jpg_58f69a1d-d3d2-4665-8884-a87950ebafdc.jpg,Bacterial Soft Rot
Bacterial Soft Rot/N_456BacterialSoftRot_original_BSRot(26).jpg_6ef43644-a71c-4dc6-89b5-d1026b12e3b1.jpg,Bacterial Soft Rot
Bacterial Soft Rot/N_456BacterialSoftRot_original_BSRot(26).jpg_9823cba2-4f91-462f-9219-ca514f36c1d1.jpg,Bacterial Soft Rot
Bacterial Soft Rot/N_456BacterialSoftRot_original_BSRot(26).jpg_aa9bedaa-2c05-4826-9524-141d8975321c.jpg,Bacterial Soft Rot
Bacterial Soft Rot/N_456BacterialSoftRot_original_BSRot(26).jpg_b0410737-aa77-4e79-970e-c0c923b0c1ef.jpg,Bacterial Soft Rot
Bacterial Soft Rot/N_456BacterialSoftRot_original_BSRot(27).jpg_0b0410a8-b8f0-407a-b35a-fb26547516fb.jpg,Bacterial Soft Rot
Bacterial Soft Rot/N_456BacterialSoftRot_original_BSRot(27).jpg_40d9234d-6747-4c21-bb2f-407a62bb6df4.jpg,Bacterial Soft Rot
Bacterial Soft Rot/N_456BacterialSoftRot_original_BSRot(27).jpg_4fbedcd0-9287-4c41-b613-978a167be98e.jpg,Bacterial Soft Rot
Bacterial Soft Rot/N_456BacterialSoftRot_original_BSRot(27).jpg_9d8a2ac9-0894-4a23-a4ec-341d34557144.jpg,Bacterial Soft Rot
Bacterial Soft Rot/N_456BacterialSoftRot_original_BSRot(27).jpg_a4ccf010-50ab-44ba-841f-33d35113ff5d.jpg,Bacterial Soft Rot
Bacterial Soft Rot/N_456BacterialSoftRot_original_BSRot(27).jpg_ae50fa66-99d8-4b1f-9d2b-946a32fca558.jpg,Bacterial Soft Rot
Bacterial Soft Rot/N_456BacterialSoftRot_original_BSRot(27).jpg_bea4f356-c2ac-4f4d-8053-7147ea541309.jpg,Bacterial Soft Rot
Bacterial Soft Rot/N_456BacterialSoftRot_original_BSRot(27).jpg_bfd8e2b1-76c4-47b7-a906-b36dd042ba8e.jpg,Bacterial Soft Rot
Bacterial Soft Rot/N_456BacterialSoftRot_original_BSRot(27).jpg_c278a7a9-56f0-48eb-81ed-9f270abd2a0c.jpg,Bacterial Soft Rot
Bacterial Soft Rot/N_456BacterialSoftRot_original_BSRot(27).jpg_c50b37c3-66cc-4cf3-9990-7d137d3447e5.jpg,Bacterial Soft Rot
Bacterial Soft Rot/N_456BacterialSoftRot_original_BSRot(27).jpg_dcdd51d7-3223-47b2-b0d2-e06f044d2393.jpg,Bacterial Soft Rot
Bacterial Soft Rot/N_456BacterialSoftRot_original_BSRot(27).jpg_dfed7247-d46c-4bea-b0a7-5b7dbb7e30ac.jpg,Bacterial Soft Rot
Bacterial Soft Rot/N_456BacterialSoftRot_original_BSRot(27).jpg_f1372125-2d9e-417a-b272-737048538212.jpg,Bacterial Soft Rot
Bacterial Soft Rot/N_456BacterialSoftRot_original_BSRot(27).jpg_f87d183a-9fc5-43c7-a08c-29fa5210ac43.jpg,Bacterial Soft Rot
Bacterial Soft Rot/N_456BacterialSoftRot_original_BSRot(28).jpg_0d37ce4e-d670-49ea-8ac6-976b62c9111d.jpg,Bacterial Soft Rot
Bacterial Soft Rot/N_456BacterialSoftRot_original_BSRot(28).jpg_18919841-aaa0-4c05-a389-8bfb048acd45.jpg,Bacterial Soft Rot
Bacterial Soft Rot/N_456BacterialSoftRot_original_BSRot(28).jpg_3309e601-2b94-4e2f-a45c-fdd0127e554c.jpg,Bacterial Soft Rot
Bacterial Soft Rot/N_456BacterialSoftRot_original_BSRot(28).jpg_982b8182-6de3-4b15-98b6-78c631bf78dc.jpg,Bacterial Soft Rot
Bacterial Soft Rot/N_456BacterialSoftRot_original_BSRot(28).jpg_ae2a472f-407e-4c19-ad21-9be557246043.jpg,Bacterial Soft Rot
Bacterial Soft Rot/N_456BacterialSoftRot_original_BSRot(28).jpg_b69262c7-1f4c-4322-99dc-8c561ec065d2.jpg,Bacterial Soft Rot
Bacterial Soft Rot/N_456BacterialSoftRot_original_BSRot(29).jpg_218bc510-1f16-42ce-870d-261c0f1d06ec.jpg,Bacterial Soft Rot
Bacterial Soft Rot/N_456BacterialSoftRot_original_BSRot(29).jpg_33cf5d8d-783e-4452-98e2-013a41c9f9ee.jpg,Bacterial Soft Rot
Bacterial Soft Rot/N_456BacterialSoftRot_original_BSRot(29).jpg_50020fba-fd4c-4b32-ba4f-ce16922caa47.jpg,Bacterial Soft Rot
Bacterial Soft Rot/N_456BacterialSoftRot_original_BSRot(29).jpg_56d3cde6-6a8c-41b3-bbcf-1df136c57f69.jpg,Bacterial Soft Rot
Bacterial Soft Rot/N_456BacterialSoftRot_original_BSRot(29).jpg_7000e3bb-087a-4101-a263-b86b347c2d99.jpg,Bacterial Soft Rot
Bacterial Soft Rot/N_456BacterialSoftRot_original_BSRot(29).jpg_812fc424-0c54-4b42-b80b-e61f63beab7d.jpg,Bacterial Soft Rot
Bacterial Soft Rot/N_456BacterialSoftRot_original_BSRot(29).jpg_8e842f25-3100-4551-be74-0725b39f5305.jpg,Bacterial Soft Rot
Bacterial Soft Rot/N_456BacterialSoftRot_original_BSRot(29).jpg_8faac767-5708-4693-83d4-b4774a0dd39a.jpg,Bacterial Soft Rot
Bacterial Soft Rot/N_456BacterialSoftRot_original_BSRot(29).jpg_af928d73-ebba-46ea-b857-40036559c40e.jpg,Bacterial Soft Rot
Bacterial Soft Rot/N_456BacterialSoftRot_original_BSRot(29).jpg_d64762ad-67e0-4d91-8a27-95f87c4f1f67.jpg,Bacterial Soft Rot
Bacterial Soft Rot/N_456BacterialSoftRot_original_BSRot(29).jpg_e0102bf6-4316-444b-b3a5-915d5d16949b.jpg,Bacterial Soft Rot
Bacterial Soft Rot/N_456BacterialSoftRot_original_BSRot(29).jpg_e436c292-fd0b-452d-bce5-8bb757a9d970.jpg,Bacterial Soft Rot
Bacterial Soft Rot/N_456BacterialSoftRot_original_BSRot(29).jpg_ecd25a5b-bacb-4d56-a925-8392e812937e.jpg,Bacterial Soft Rot
Bacterial Soft Rot/N_456BacterialSoftRot_original_BSRot(3).jpg_3b7f02ad-631b-4913-b128-e86ddaa96623.jpg,Bacterial Soft Rot
Bacterial Soft Rot/N_456BacterialSoftRot_original_BSRot(3).jpg_3ba582d0-9633-4cbe-b947-82850ccff24f.jpg,Bacterial Soft Rot
Bacterial Soft Rot/N_456BacterialSoftRot_original_BSRot(3).jpg_4ea2c03e-dcd4-498d-aea3-4a0fb5d9c1a1.jpg,Bacterial Soft Rot
Bacterial Soft Rot/N_456BacterialSoftRot_original_BSRot(3).jpg_53d9635e-58c6-4b45-bc11-01e69fe84d1d.jpg,Bacterial Soft Rot
Bacterial Soft Rot/N_456BacterialSoftRot_original_BSRot(3).jpg_7d808626-2d29-4fce-a6fa-64c187ac462a.jpg,Bacterial Soft Rot
Bacterial Soft Rot/N_456BacterialSoftRot_original_BSRot(3).jpg_837f10ed-1595-4bef-ab91-fb41f7c304c7.jpg,Bacterial Soft Rot
Bacterial Soft Rot/N_456BacterialSoftRot_original_BSRot(3).jpg_8e68418e-5c49-4a18-bbdb-971f92a13b7e.jpg,Bacterial Soft Rot
Bacterial Soft Rot/N_456BacterialSoftRot_original_BSRot(3).jpg_da544ec5-5540-4660-b589-b8836660d175.jpg,Bacterial Soft Rot
Bacterial Soft Rot/N_456BacterialSoftRot_original_BSRot(30).jpg_0c346e4e-cd1d-440e-8608-0fcc88a3a2d1.jpg,Bacterial Soft Rot
Bacterial Soft Rot/N_456BacterialSoftRot_original_BSRot(30).jpg_1ae27380-6962-4700-a623-d2e8766344ad.jpg,Bacterial Soft Rot
Bacterial Soft Rot/N_456BacterialSoftRot_original_BSRot(30).jpg_797abbef-0738-40a7-8a4a-b31f85239972.jpg,Bacterial Soft Rot
Bacterial Soft Rot/N_456BacterialSoftRot_original_BSRot(30).jpg_9b472d51-46d2-43bb-aa48-86ca18ac18da.jpg,Bacterial Soft Rot
Bacterial Soft Rot/N_456BacterialSoftRot_original_BSRot(30).jpg_ba02b7fa-d680-4fb7-90e5-178daf96dd1d.jpg,Bacterial Soft Rot
Bacterial Soft Rot/N_456BacterialSoftRot_original_BSRot(30).jpg_c5fa4d22-ebab-4dd4-809c-02ba8aaf0da5.jpg,Bacterial Soft Rot
Bacterial Soft Rot/N_456BacterialSoftRot_original_BSRot(30).jpg_ec49d70d-5917-42d0-a012-399604601b14.jpg,Bacterial Soft Rot
Bacterial Soft Rot/N_456BacterialSoftRot_original_BSRot(30).jpg_f6474edb-7b27-4069-a131-ef259e9ff5ae.jpg,Bacterial Soft Rot
Bacterial Soft Rot/N_456BacterialSoftRot_original_BSRot(30).jpg_f8502e82-3548-4732-950b-6a7d531e9935.jpg,Bacterial Soft Rot
Bacterial Soft Rot/N_456BacterialSoftRot_original_BSRot(31).jpg_1a1db5ac-ad84-4ecf-b51b-c91ae5c2e8a1.jpg,Bacterial Soft Rot
Bacterial Soft Rot/N_456BacterialSoftRot_original_BSRot(31).jpg_1b8cd453-37de-4e9f-9618-e2ef7fabfd51.jpg,Bacterial Soft Rot
Bacterial Soft Rot/N_456BacterialSoftRot_original_BSRot(31).jpg_470bc598-7494-4621-89b6-4b881a9e7511.jpg,Bacterial Soft Rot
Bacterial Soft Rot/N_456BacterialSoftRot_original_BSRot(31).jpg_5faba979-1fa7-463a-bf90-eb3e3ca22826.jpg,Bacterial Soft Rot
Bacterial Soft Rot/N_456BacterialSoftRot_original_BSRot(31).jpg_83d46668-0450-4485-8c73-5c8e20f9bf9a.jpg,Bacterial Soft Rot
Bacterial Soft Rot/N_456BacterialSoftRot_original_BSRot(31).jpg_87afa3a5-6583-4122-ba76-fcc4896d3b29.jpg,Bacterial Soft Rot
Bacterial Soft Rot/N_456BacterialSoftRot_original_BSRot(31).jpg_bdafce45-f428-4b95-bdcc-c5d6fd4b75c7.jpg,Bacterial Soft Rot
Bacterial Soft Rot/N_456BacterialSoftRot_original_BSRot(32).jpg_10e760b4-d16e-45e9-b860-b0207277bd1b.jpg,Bacterial Soft Rot
Bacterial Soft Rot/N_456BacterialSoftRot_original_BSRot(32).jpg_148b8e8d-a72d-4f3d-b867-3f13b55c6bdb.jpg,Bacterial Soft Rot
Bacterial Soft Rot/N_456BacterialSoftRot_original_BSRot(32).jpg_1c71a9f7-fed0-4815-89dc-d076c91245e3.jpg,Bacterial Soft Rot
Bacterial Soft Rot/N_456BacterialSoftRot_original_BSRot(32).jpg_27c0fe3c-f081-4436-ac19-a76e1a2877f8.jpg,Bacterial Soft Rot
Bacterial Soft Rot/N_456BacterialSoftRot_original_BSRot(32).jpg_36f5e400-d0f3-4a24-8279-9ead7a5ca18c.jpg,Bacterial Soft Rot
Bacterial Soft Rot/N_456BacterialSoftRot_original_BSRot(32).jpg_5920d4b2-f4b8-4c85-bbfc-87576b8c0498.jpg,Bacterial Soft Rot
Bacterial Soft Rot/N_456BacterialSoftRot_original_BSRot(32).jpg_63f47508-70e6-4f51-ad2b-ba82237ede61.jpg,Bacterial Soft Rot
Bacterial Soft Rot/N_456BacterialSoftRot_original_BSRot(32).jpg_aa82eac8-3a58-4cc0-8d5d-64801522b80d.jpg,Bacterial Soft Rot
Bacterial Soft Rot/N_456BacterialSoftRot_original_BSRot(32).jpg_f3111dd1-d5be-4dae-8fbd-6bfb5518004a.jpg,Bacterial Soft Rot
Bacterial Soft Rot/N_456BacterialSoftRot_original_BSRot(33).jpg_0219dd44-ca61-4964-b479-3d72f0a49d18.jpg,Bacterial Soft Rot
Bacterial Soft Rot/N_456BacterialSoftRot_original_BSRot(33).jpg_1108839b-a789-427c-85ea-520bd8a8e8fa.jpg,Bacterial Soft Rot
Bacterial Soft Rot/N_456BacterialSoftRot_original_BSRot(33).jpg_2abb23c8-12bf-46d3-b721-d3efaa09cc87.jpg,Bacterial Soft Rot
Bacterial Soft Rot/N_456BacterialSoftRot_original_BSRot(33).jpg_302aa925-2f5c-43b0-9762-baad2543d2dd.jpg,Bacterial Soft Rot
Bacterial Soft Rot/N_456BacterialSoftRot_original_BSRot(33).jpg_55e1fceb-ebbe-4ff0-b243-f6fb15bc6773.jpg,Bacterial Soft Rot
Bacterial Soft Rot/N_456BacterialSoftRot_original_BSRot(33).jpg_5d34a853-cbb1-47e9-b86a-67e242420385.jpg,Bacterial Soft Rot
Bacterial Soft Rot/N_456BacterialSoftRot_original_BSRot(33).jpg_682de330-0313-42a7-8ef6-07723b0607d7.jpg,Bacterial Soft Rot
Bacterial Soft Rot/N_456BacterialSoftRot_original_BSRot(33).jpg_a7e4ec7a-b695-4b05-8d24-1e2082156287.jpg,Bacterial Soft Rot
Bacterial Soft Rot/N_456BacterialSoftRot_original_BSRot(33).jpg_ba792ad6-4a64-4cc8-95ee-b6cee5528bf3.jpg,Bacterial Soft Rot
Bacterial Soft Rot/N_456BacterialSoftRot_original_BSRot(33).jpg_c24628f1-5560-4b69-a06c-5c44b82162f1.jpg,Bacterial Soft Rot
Bacterial Soft Rot/N_456BacterialSoftRot_original_BSRot(33).jpg_c695f134-0dd9-4544-b0f7-416739f3bf90.jpg,Bacterial Soft Rot
Bacterial Soft Rot/N_456BacterialSoftRot_original_BSRot(33).jpg_ce4a3c9c-4323-4444-a96d-ad3fb633f391.jpg,Bacterial Soft Rot
Bacterial Soft Rot/N_456BacterialSoftRot_original_BSRot(33).jpg_d076ce89-19f1-47d7-86d3-e11ee3faeb86.jpg,Bacterial Soft Rot
Bacterial Soft Rot/N_456BacterialSoftRot_original_BSRot(33).jpg_d76f6da5-3d12-4d1c-b053-f4862106d9c7.jpg,Bacterial Soft Rot
Bacterial Soft Rot/N_456BacterialSoftRot_original_BSRot(33).jpg_ecc32a01-95ab-4e6c-9b38-a8580510232e.jpg,Bacterial Soft Rot
Bacterial Soft Rot/N_456BacterialSoftRot_original_BSRot(33).jpg_f0a9d42b-efdd-4af0-8852-efa27ab61569.jpg,Bacterial Soft Rot
Bacterial Soft Rot/N_456BacterialSoftRot_original_BSRot(34).jpg_145ad128-57c4-4330-8784-f5ae3736470e.jpg,Bacterial Soft Rot
Bacterial Soft Rot/N_456BacterialSoftRot_original_BSRot(34).jpg_1b9c8946-48a6-4dad-bc5b-810088722d0a.jpg,Bacterial Soft Rot
Bacterial Soft Rot/N_456BacterialSoftRot_original_BSRot(34).jpg_3c27820d-3961-450e-a8f8-97fa423a3dc6.jpg,Bacterial Soft Rot
Bacterial Soft Rot/N_456BacterialSoftRot_original_BSRot(34).jpg_545d5a48-6dfa-42c0-83f8-5a77cb71d865.jpg,Bacterial Soft Rot
Bacterial Soft Rot/N_456BacterialSoftRot_original_BSRot(34).jpg_c0f2d3db-a3a0-44cf-aa45-4b300d120ea1.jpg,Bacterial Soft Rot
Bacterial Soft Rot/N_456BacterialSoftRot_original_BSRot(34).jpg_ccbe1633-2348-455c-ac10-b13f3c7136e1.jpg,Bacterial Soft Rot
Bacterial Soft Rot/N_456BacterialSoftRot_original_BSRot(34).jpg_ed827fa9-727c-4fc6-8872-1906bb5dcb3e.jpg,Bacterial Soft Rot
Bacterial Soft Rot/N_456BacterialSoftRot_original_BSRot(35).jpg_141f7fca-abbe-4aee-998d-6724b8544eae.jpg,Bacterial Soft Rot
Bacterial Soft Rot/N_456BacterialSoftRot_original_BSRot(35).jpg_4b790f12-eeda-4d0a-9ddb-53fa04ed26f6.jpg,Bacterial Soft Rot
Bacterial Soft Rot/N_456BacterialSoftRot_original_BSRot(35).jpg_6937b0b4-8791-485c-91c8-997e59c881ce.jpg,Bacterial Soft Rot
Bacterial Soft Rot/N_456BacterialSoftRot_original_BSRot(35).jpg_6a9b44b0-174d-4a2e-9c8a-618e912aa103.jpg,Bacterial Soft Rot
Bacterial Soft Rot/N_456BacterialSoftRot_original_BSRot(35).jpg_7fb3c45e-4191-44e7-ac66-bbc797e274a8.jpg,Bacterial Soft Rot
Bacterial Soft Rot/N_456BacterialSoftRot_original_BSRot(35).jpg_82474801-1a08-4816-b12c-20267f3ad4d2.jpg,Bacterial Soft Rot
Bacterial Soft Rot/N_456BacterialSoftRot_original_BSRot(35).jpg_cc84e895-fc5f-4833-a6d5-2b0aedccc959.jpg,Bacterial Soft Rot
Bacterial Soft Rot/N_456BacterialSoftRot_original_BSRot(35).jpg_e6a06e90-34ae-4a1f-949f-cf4a7c3e3d76.jpg,Bacterial Soft Rot
Bacterial Soft Rot/N_456BacterialSoftRot_original_BSRot(35).jpg_e85688e7-cad3-4d44-9cab-412a140beba4.jpg,Bacterial Soft Rot
Bacterial Soft Rot/N_456BacterialSoftRot_original_BSRot(35).jpg_fb9034ac-2558-4db1-9281-096dac1f5dda.jpg,Bacterial Soft Rot
Bacterial Soft Rot/N_456BacterialSoftRot_original_BSRot(36).jpg_01b56efe-396c-473e-8256-ca07c470ad36.jpg,Bacterial Soft Rot
Bacterial Soft Rot/N_456BacterialSoftRot_original_BSRot(36).jpg_124c544c-2e2b-4d8f-ae35-3d726e251a22.jpg,Bacterial Soft Rot
Bacterial Soft Rot/N_456BacterialSoftRot_original_BSRot(36).jpg_24e21331-6372-40d0-ac11-3a0c238c1abc.jpg,Bacterial Soft Rot
Bacterial Soft Rot/N_456BacterialSoftRot_original_BSRot(36).jpg_33055324-b40a-4d9f-b77b-c4e4862806ea.jpg,Bacterial Soft Rot
Bacterial Soft Rot/N_456BacterialSoftRot_original_BSRot(36).jpg_343c0307-e25e-4d91-9f16-8cb88aee7bc0.jpg,Bacterial Soft Rot
Bacterial Soft Rot/N_456BacterialSoftRot_original_BSRot(36).jpg_3fef4937-6fd6-4945-a41e-30615778dba6.jpg,Bacterial Soft Rot
Bacterial Soft Rot/N_456BacterialSoftRot_original_BSRot(36).jpg_439ecdbe-4110-45c5-9482-4df5baca0fe6.jpg,Bacterial Soft Rot
Bacterial Soft Rot/N_456BacterialSoftRot_original_BSRot(36).jpg_4ac82e5f-71a2-490c-b4ce-e786034a4af2.jpg,Bacterial Soft Rot
Bacterial Soft Rot/N_456BacterialSoftRot_original_BSRot(36).jpg_61d9dc80-9b64-44b4-81ec-259f5c1048f0.jpg,Bacterial Soft Rot
Bacterial Soft Rot/N_456BacterialSoftRot_original_BSRot(36).jpg_b03ea2df-9598-4120-8e32-bb4198c65345.jpg,Bacterial Soft Rot
Bacterial Soft Rot/N_456BacterialSoftRot_original_BSRot(36).jpg_e77ea134-bf39-48b3-a43a-4d35fbfbe082.jpg,Bacterial Soft Rot
Bacterial Soft Rot/N_456BacterialSoftRot_original_BSRot(37).jpg_38045974-4ed5-4e55-ba98-81bbb4711568.jpg,Bacterial Soft Rot
Bacterial Soft Rot/N_456BacterialSoftRot_original_BSRot(37).jpg_4d35f93d-3619-46bd-8618-df4bee18159d.jpg,Bacterial Soft Rot
Bacterial Soft Rot/N_456BacterialSoftRot_original_BSRot(37).jpg_54f7e274-18f2-4635-bbe9-487a1d340b05.jpg,Bacterial Soft Rot
Bacterial Soft Rot/N_456BacterialSoftRot_original_BSRot(37).jpg_561c542d-2d96-4222-a4bc-bb94d6b50372.jpg,Bacterial Soft Rot
Bacterial Soft Rot/N_456BacterialSoftRot_original_BSRot(37).jpg_59352018-a9e1-44e0-a0da-c951d38b15a3.jpg,Bacterial Soft Rot
Bacterial Soft Rot/N_456BacterialSoftRot_original_BSRot(37).jpg_6e92aeda-afc4-457d-9db7-97f88804b7c3.jpg,Bacterial Soft Rot
Bacterial Soft Rot/N_456BacterialSoftRot_original_BSRot(37).jpg_88f67d12-6b67-42dc-85a4-adb9f144e023.jpg,Bacterial Soft Rot
Bacterial Soft Rot/N_456BacterialSoftRot_original_BSRot(37).jpg_8fc5ff15-7abc-410a-9be5-eaa28379db53.jpg,Bacterial Soft Rot
Bacterial Soft Rot/N_456BacterialSoftRot_original_BSRot(37).jpg_9552aa0e-d373-4fb2-8f63-a1123c824374.jpg,Bacterial Soft Rot
Bacterial Soft Rot/N_456BacterialSoftRot_original_BSRot(37).jpg_971e2eb3-c7a0-4098-8839-3e5e35f0b932.jpg,Bacterial Soft Rot
Bacterial Soft Rot/N_456BacterialSoftRot_original_BSRot(37).jpg_a7752a88-57a6-4851-87a0-397523a03492.jpg,Bacterial Soft Rot
Bacterial Soft Rot/N_456BacterialSoftRot_original_BSRot(37).jpg_af6e2fca-5960-4a94-b9b5-d473897b8f25.jpg,Bacterial Soft Rot
Bacterial Soft Rot/N_456BacterialSoftRot_original_BSRot(37).jpg_d5c8b108-8f3d-4983-8e72-55698e387562.jpg,Bacterial Soft Rot
Bacterial Soft Rot/N_456BacterialSoftRot_original_BSRot(37).jpg_efd3d60e-b59d-4f13-b84c-60ff7be76b1b.jpg,Bacterial Soft Rot
Bacterial Soft Rot/N_456BacterialSoftRot_original_BSRot(38).jpg_20590174-3a47-41e8-867e-6e3cdd7a48cb.jpg,Bacterial Soft Rot
Bacterial Soft Rot/N_456BacterialSoftRot_original_BSRot(38).jpg_21b2cee7-bea7-4d70-92f8-b431a82887f5.jpg,Bacterial Soft Rot
Bacterial Soft Rot/N_456BacterialSoftRot_original_BSRot(38).jpg_37fcd5c3-2917-403c-9340-14ff4e705f3e.jpg,Bacterial Soft Rot
Bacterial Soft Rot/N_456BacterialSoftRot_original_BSRot(38).jpg_3facca3b-db80-4ef7-8040-432069088e4b.jpg,Bacterial Soft Rot
Bacterial Soft Rot/N_456BacterialSoftRot_original_BSRot(38).jpg_4c086164-ddaf-4102-a570-0a6c7fdab917.jpg,Bacterial Soft Rot
Bacterial Soft Rot/N_456BacterialSoftRot_original_BSRot(38).jpg_50fd21d2-c307-4390-a080-07d4799fb759.jpg,Bacterial Soft Rot
Bacterial Soft Rot/N_456BacterialSoftRot_original_BSRot(38).jpg_5d419bd0-1f25-4727-b474-0a54d3495a79.jpg,Bacterial Soft Rot
Bacterial Soft Rot/N_456BacterialSoftRot_original_BSRot(38).jpg_699ad091-c247-4517-bcdd-72647005e8a8.jpg,Bacterial Soft Rot
Bacterial Soft Rot/N_456BacterialSoftRot_original_BSRot(38).jpg_71f5c947-eb88-480b-a829-e14258e9e9ea.jpg,Bacterial Soft Rot
Bacterial Soft Rot/N_456BacterialSoftRot_original_BSRot(38).jpg_a4679a5a-729e-4059-8a76-26c7cd389429.jpg,Bacterial Soft Rot
Bacterial Soft Rot/N_456BacterialSoftRot_original_BSRot(38).jpg_c8275b8b-3f41-4b0a-b491-8b736e748a78.jpg,Bacterial Soft Rot
Bacterial Soft Rot/N_456BacterialSoftRot_original_BSRot(38).jpg_eb1bbae5-45ba-4313-8bf5-466678430e96.jpg,Bacterial Soft Rot
Bacterial Soft Rot/N_456BacterialSoftRot_original_BSRot(38).jpg_fec8f264-b819-461f-af7e-7b48ace20c3a.jpg,Bacterial Soft Rot
Bacterial Soft Rot/N_456BacterialSoftRot_original_BSRot(39).jpg_05e969cd-52c2-4b3d-bc91-2b29b35689c4.jpg,Bacterial Soft Rot
Bacterial Soft Rot/N_456BacterialSoftRot_original_BSRot(39).jpg_1e7dfd2c-98d7-49bb-b825-9f71f4a96251.jpg,Bacterial Soft Rot
Bacterial Soft Rot/N_456BacterialSoftRot_original_BSRot(39).jpg_21031773-7861-4102-a702-08861601efc7.jpg,Bacterial Soft Rot
Bacterial Soft Rot/N_456BacterialSoftRot_original_BSRot(39).jpg_3cab9889-5d4e-4a5c-8ec8-b6f702a5fed5.jpg,Bacterial Soft Rot
Bacterial Soft Rot/N_456BacterialSoftRot_original_BSRot(39).jpg_40377eed-bd5a-499b-bcf6-8719ceea12fe.jpg,Bacterial Soft Rot
Bacterial Soft Rot/N_456BacterialSoftRot_original_BSRot(39).jpg_43abd1a7-e2e9-45d4-b1e7-ab41c4166e43.jpg,Bacterial Soft Rot
Bacterial Soft Rot/N_456BacterialSoftRot_original_BSRot(39).jpg_44f0221a-cd03-45c4-bbc3-00ac305aa38a.jpg,Bacterial Soft Rot
Bacterial Soft Rot/N_456BacterialSoftRot_original_BSRot(39).jpg_5b55bfc9-9efc-4613-be5e-b6e1eefdb9be.jpg,Bacterial Soft Rot
Bacterial Soft Rot/N_456BacterialSoftRot_original_BSRot(39).jpg_ad3955a8-413d-410a-8fd1-afaedaabdbe9.jpg,Bacterial Soft Rot
Bacterial Soft Rot/N_456BacterialSoftRot_original_BSRot(39).jpg_e34d35ac-b41a-4350-8723-f601f41cd747.jpg,Bacterial Soft Rot
Bacterial Soft Rot/N_456BacterialSoftRot_original_BSRot(39).jpg_f483da89-d51c-49ec-859a-27002949b752.jpg,Bacterial Soft Rot
Bacterial Soft Rot/N_456BacterialSoftRot_original_BSRot(4).jpg_06fc28dd-1d20-4959-9e83-5fb11234b0ab.jpg,Bacterial Soft Rot
Bacterial Soft Rot/N_456BacterialSoftRot_original_BSRot(4).jpg_3bc48b8d-81c6-45e5-ab08-ff6a28c4d1b5.jpg,Bacterial Soft Rot
Bacterial Soft Rot/N_456BacterialSoftRot_original_BSRot(4).jpg_540e01a6-09b5-4c26-a230-d3b49e1a9394.jpg,Bacterial Soft Rot
Bacterial Soft Rot/N_456BacterialSoftRot_original_BSRot(4).jpg_5a542111-5129-4951-8822-7560c829508a.jpg,Bacterial Soft Rot
Bacterial Soft Rot/N_456BacterialSoftRot_original_BSRot(4).jpg_78429b29-77c4-4a58-974a-b75223d36415.jpg,Bacterial Soft Rot
Bacterial Soft Rot/N_456BacterialSoftRot_original_BSRot(4).jpg_78ab1497-2b1c-4238-a03e-b7f44165d155.jpg,Bacterial Soft Rot
Bacterial Soft Rot/N_456BacterialSoftRot_original_BSRot(4).jpg_8efde566-c489-4168-9d79-210b5963f5f3.jpg,Bacterial Soft Rot
Bacterial Soft Rot/N_456BacterialSoftRot_original_BSRot(4).jpg_9a905be5-7de7-40f6-a231-cb0ee44372eb.jpg,Bacterial Soft Rot
Bacterial Soft Rot/N_456BacterialSoftRot_original_BSRot(4).jpg_aee59ab5-2fd6-483f-8473-47ccbcdaf3db.jpg,Bacterial Soft Rot
Bacterial Soft Rot/N_456BacterialSoftRot_original_BSRot(4).jpg_b16f474b-c13e-41ff-a768-5c29e79b22a4.jpg,Bacterial Soft Rot
Bacterial Soft Rot/N_456BacterialSoftRot_original_BSRot(4).jpg_b84d6902-4241-4efc-b08b-3bfac6683271.jpg,Bacterial Soft Rot
Bacterial Soft Rot/N_456BacterialSoftRot_original_BSRot(4).jpg_ea0e8b34-2328-42cc-a022-0738bb616555.jpg,Bacterial Soft Rot
Bacterial Soft Rot/N_456BacterialSoftRot_original_BSRot(4).jpg_fb74ff3f-f256-4e72-bf41-f20373a50f42.jpg,Bacterial Soft Rot
Bacterial Soft Rot/N_456BacterialSoftRot_original_BSRot(40).jpg_1c8a6f66-ba51-4393-91b2-6f314a9f229e.jpg,Bacterial Soft Rot
Bacterial Soft Rot/N_456BacterialSoftRot_original_BSRot(40).jpg_1efbe0d9-81b6-4555-a9cf-e687a3e09b4f.jpg,Bacterial Soft Rot
Bacterial Soft Rot/N_456BacterialSoftRot_original_BSRot(40).jpg_2308720e-9aee-4b60-9908-1f0b440b1510.jpg,Bacterial Soft Rot
Bacterial Soft Rot/N_456BacterialSoftRot_original_BSRot(40).jpg_3077dd6f-4f95-4c85-b835-fa0bd4442cbd.jpg,Bacterial Soft Rot
Bacterial Soft Rot/N_456BacterialSoftRot_original_BSRot(40).jpg_52cead34-046d-47fb-b438-25dff22f2753.jpg,Bacterial Soft Rot
Bacterial Soft Rot/N_456BacterialSoftRot_original_BSRot(40).jpg_53a55b55-fcfe-4127-af72-f82190f6ff0a.jpg,Bacterial Soft Rot
Bacterial Soft Rot/N_456BacterialSoftRot_original_BSRot(40).jpg_5e0d5286-bd38-48f5-a858-a07e855cfa12.jpg,Bacterial Soft Rot
Bacterial Soft Rot/N_456BacterialSoftRot_original_BSRot(40).jpg_622be543-e6ea-488a-84c5-91d18697996d.jpg,Bacterial Soft Rot
Bacterial Soft Rot/N_456BacterialSoftRot_original_BSRot(40).jpg_875c47fd-fdbf-44c0-bc74-26ab8f3e3cbe.jpg,Bacterial Soft Rot
Bacterial Soft Rot/N_456BacterialSoftRot_original_BSRot(40).jpg_886f59b2-a76f-43b6-b84a-bd0e72e3b12a.jpg,Bacterial Soft Rot
Bacterial Soft Rot/N_456BacterialSoftRot_original_BSRot(40).jpg_ab7931cd-1366-439c-bff7-07722d5ab7e6.jpg,Bacterial Soft Rot
Bacterial Soft Rot/N_456BacterialSoftRot_original_BSRot(40).jpg_bd55ee1d-c046-467c-989a-13a312316197.jpg,Bacterial Soft Rot
Bacterial Soft Rot/N_456BacterialSoftRot_original_BSRot(40).jpg_eb21f0ee-4b23-4d1b-8ce6-c74a030eee2b.jpg,Bacterial Soft Rot
Bacterial Soft Rot/N_456BacterialSoftRot_original_BSRot(41).jpg_05a32ca7-8afb-4924-a59c-cfb6fbfa8caf.jpg,Bacterial Soft Rot
Bacterial Soft Rot/N_456BacterialSoftRot_original_BSRot(41).jpg_2672f180-47d9-4eac-8df8-aaef290e9cde.jpg,Bacterial Soft Rot
Bacterial Soft Rot/N_456BacterialSoftRot_original_BSRot(41).jpg_594b2a38-a99d-4c1d-bfa1-61d4a985af2d.jpg,Bacterial Soft Rot
Bacterial Soft Rot/N_456BacterialSoftRot_original_BSRot(41).jpg_7fcb3a90-32e6-46cb-b3a7-673afba070d3.jpg,Bacterial Soft Rot
Bacterial Soft Rot/N_456BacterialSoftRot_original_BSRot(41).jpg_8966d5cc-45c8-452b-a699-cb88e2d37c2e.jpg,Bacterial Soft Rot
Bacterial Soft Rot/N_456BacterialSoftRot_original_BSRot(41).jpg_9874cecd-2ebc-4f68-9e28-5dd71c1df738.jpg,Bacterial Soft Rot
Bacterial Soft Rot/N_456BacterialSoftRot_original_BSRot(41).jpg_afc2b20f-19a8-470e-8c72-d7831bb3f481.jpg,Bacterial Soft Rot
Bacterial Soft Rot/N_456BacterialSoftRot_original_BSRot(41).jpg_b46d71c1-e554-461b-888f-d783ee3d6fd9.jpg,Bacterial Soft Rot
Bacterial Soft Rot/N_456BacterialSoftRot_original_BSRot(42).jpg_4158b1ad-9d6b-46ee-aaf5-83687dc3380b.jpg,Bacterial Soft Rot
Bacterial Soft Rot/N_456BacterialSoftRot_original_BSRot(42).jpg_476fdd90-91c0-48cd-a0a8-8bc8938bc7de.jpg,Bacterial Soft Rot
Bacterial Soft Rot/N_456BacterialSoftRot_original_BSRot(42).jpg_57044ca0-6174-4511-8d55-15d8a75f4e43.jpg,Bacterial Soft Rot
Bacterial Soft Rot/N_456BacterialSoftRot_original_BSRot(42).jpg_694a7cb5-2c8f-420f-9859-43812595a25f.jpg,Bacterial Soft Rot
Bacterial Soft Rot/N_456BacterialSoftRot_original_BSRot(42).jpg_6ec85c1b-2963-449c-8dcc-a515a05b0e18.jpg,Bacterial Soft Rot
Bacterial Soft Rot/N_456BacterialSoftRot_original_BSRot(42).jpg_90876a39-c612-4ca0-9447-c0c634ea4dd6.jpg,Bacterial Soft Rot
Bacterial Soft Rot/N_456BacterialSoftRot_original_BSRot(42).jpg_b267a614-f63d-43b9-825d-bc78427598fb.jpg,Bacterial Soft Rot
Bacterial Soft Rot/N_456BacterialSoftRot_original_BSRot(42).jpg_d82be02b-d438-4477-851f-f8796873cb5b.jpg,Bacterial Soft Rot
Bacterial Soft Rot/N_456BacterialSoftRot_original_BSRot(42).jpg_fc211429-4c7b-4872-ba19-8eb79835b11e.jpg,Bacterial Soft Rot
Bacterial Soft Rot/N_456BacterialSoftRot_original_BSRot(43).jpg_0c3f5c23-cc8e-40f1-9eef-88c2325b8779.jpg,Bacterial Soft Rot
Bacterial Soft Rot/N_456BacterialSoftRot_original_BSRot(43).jpg_0e610093-42f2-4fdf-921f-b8001a88271b.jpg,Bacterial Soft Rot
Bacterial Soft Rot/N_456BacterialSoftRot_original_BSRot(43).jpg_1048888d-1996-4eb0-9608-a1a255af3f59.jpg,Bacterial Soft Rot
Bacterial Soft Rot/N_456BacterialSoftRot_original_BSRot(43).jpg_4c7dd006-dcc1-4e65-952c-1f7150dec9d6.jpg,Bacterial Soft Rot
Bacterial Soft Rot/N_456BacterialSoftRot_original_BSRot(43).jpg_4d5ffe37-5e42-45f0-838c-b883d4a6f7a4.jpg,Bacterial Soft Rot
Bacterial Soft Rot/N_456BacterialSoftRot_original_BSRot(43).jpg_55d5f4a7-7e1e-4ac4-a736-001c44d0ce05.jpg,Bacterial Soft Rot
Bacterial Soft Rot/N_456BacterialSoftRot_original_BSRot(43).jpg_603abeb2-d72a-4b38-b1e2-97a6ede42d33.jpg,Bacterial Soft Rot
Bacterial Soft Rot/N_456BacterialSoftRot_original_BSRot(43).jpg_65f65f3f-7996-4cc6-b3b8-cee76fd12de0.jpg,Bacterial Soft Rot
Bacterial Soft Rot/N_456BacterialSoftRot_original_BSRot(43).jpg_72bf3418-fc88-44e0-b794-565c332a4141.jpg,Bacterial Soft Rot
Bacterial Soft Rot/N_456BacterialSoftRot_original_BSRot(43).jpg_7742a89f-65b2-4284-9a32-5fcf835ded8a.jpg,Bacterial Soft Rot
Bacterial Soft Rot/N_456BacterialSoftRot_original_BSRot(43).jpg_7a8bf855-eb3f-4e05-9d69-d44b612b5d99.jpg,Bacterial Soft Rot
Bacterial Soft Rot/N_456BacterialSoftRot_original_BSRot(43).jpg_8dc017af-0f12-454f-9f4a-a32d749e14e8.jpg,Bacterial Soft Rot
Bacterial Soft Rot/N_456BacterialSoftRot_original_BSRot(43).jpg_95cb2020-ca54-4f77-9f29-9ce5656b2f5a.jpg,Bacterial Soft Rot
Bacterial Soft Rot/N_456BacterialSoftRot_original_BSRot(43).jpg_a0c7f1d6-df86-485f-85f6-4628905e297c.jpg,Bacterial Soft Rot
Bacterial Soft Rot/N_456BacterialSoftRot_original_BSRot(43).jpg_a1098a5f-2e8d-4878-aa7e-9bbdd558b950.jpg,Bacterial Soft Rot
Bacterial Soft Rot/N_456BacterialSoftRot_original_BSRot(43).jpg_be790cb0-4c2c-4644-8b39-a4dfa93d9974.jpg,Bacterial Soft Rot
Bacterial Soft Rot/N_456BacterialSoftRot_original_BSRot(43).jpg_d4f1b23f-302b-440e-9305-9d4e1b0a7715.jpg,Bacterial Soft Rot
Bacterial Soft Rot/N_456BacterialSoftRot_original_BSRot(43).jpg_f6c5bdbd-226b-4224-b320-51e390eee972.jpg,Bacterial Soft Rot
Bacterial Soft Rot/N_456BacterialSoftRot_original_BSRot(43).jpg_f86b32dc-ed95-4c1b-b3b1-a1bfddeba03b.jpg,Bacterial Soft Rot
Bacterial Soft Rot/N_456BacterialSoftRot_original_BSRot(44).jpg_0b2ab9a7-36c3-42dd-8e6b-caffdc4f757f.jpg,Bacterial Soft Rot
Bacterial Soft Rot/N_456BacterialSoftRot_original_BSRot(44).jpg_0bca7355-fafd-4f6a-9872-5614de20a01e.jpg,Bacterial Soft Rot
Bacterial Soft Rot/N_456BacterialSoftRot_original_BSRot(44).jpg_0be267c8-2336-49a4-a6df-520e36f342ae.jpg,Bacterial Soft Rot
Bacterial Soft Rot/N_456BacterialSoftRot_original_BSRot(44).jpg_285305c9-0a89-4ebd-a848-7b6b7147581f.jpg,Bacterial Soft Rot
Bacterial Soft Rot/N_456BacterialSoftRot_original_BSRot(44).jpg_8a7d07ca-db52-4349-ba08-530f8fc8e7d9.jpg,Bacterial Soft Rot
Bacterial Soft Rot/N_456BacterialSoftRot_original_BSRot(44).jpg_ba541df0-6dab-4351-932f-7fd40dcd1052.jpg,Bacterial Soft Rot
Bacterial Soft Rot/N_456BacterialSoftRot_original_BSRot(44).jpg_c42b4fbd-ca99-4617-9230-3758bae91029.jpg,Bacterial Soft Rot
Bacterial Soft Rot/N_456BacterialSoftRot_original_BSRot(44).jpg_e95ce0fa-e5a8-42be-b59c-b5132cf658ed.jpg,Bacterial Soft Rot
Bacterial Soft Rot/N_456BacterialSoftRot_original_BSRot(44).jpg_f9cf5d65-b094-4c2d-b90d-91284204f97c.jpg,Bacterial Soft Rot
Bacterial Soft Rot/N_456BacterialSoftRot_original_BSRot(44).jpg_fd2ab410-421c-4e4b-bff1-ccca09f298a3.jpg,Bacterial Soft Rot
Bacterial Soft Rot/N_456BacterialSoftRot_original_BSRot(45).jpg_2e3f24c9-6922-4d94-bb88-76067c095b31.jpg,Bacterial Soft Rot
Bacterial Soft Rot/N_456BacterialSoftRot_original_BSRot(45).jpg_3502d88c-c092-44e4-bef8-631a42fb88a0.jpg,Bacterial Soft Rot
Bacterial Soft Rot/N_456BacterialSoftRot_original_BSRot(45).jpg_3fc49eca-9e04-465e-a8e7-b75c24f87e38.jpg,Bacterial Soft Rot
Bacterial Soft Rot/N_456BacterialSoftRot_original_BSRot(45).jpg_4891a526-b1be-429e-8f97-a88ac1fe62da.jpg,Bacterial Soft Rot
Bacterial Soft Rot/N_456BacterialSoftRot_original_BSRot(45).jpg_5e9e822c-9262-4164-9e52-872df3e594eb.jpg,Bacterial Soft Rot
Bacterial Soft Rot/N_456BacterialSoftRot_original_BSRot(45).jpg_5fc3a4b5-7056-40c2-a193-540262daacec.jpg,Bacterial Soft Rot
Bacterial Soft Rot/N_456BacterialSoftRot_original_BSRot(45).jpg_77883436-c6de-45a6-9e64-d7c8610bce3f.jpg,Bacterial Soft Rot
Bacterial Soft Rot/N_456BacterialSoftRot_original_BSRot(45).jpg_873070fe-bb39-4ac2-ac94-65ee4ce69dc8.jpg,Bacterial Soft Rot
Bacterial Soft Rot/N_456BacterialSoftRot_original_BSRot(45).jpg_c435428c-43c1-4b06-aecb-ccfa811b13a5.jpg,Bacterial Soft Rot
Bacterial Soft Rot/N_456BacterialSoftRot_original_BSRot(45).jpg_cb08d9b9-c9b7-46de-8a25-04796bdfca9a.jpg,Bacterial Soft Rot
Bacterial Soft Rot/N_456BacterialSoftRot_original_BSRot(45).jpg_f1e80df9-57f9-42b0-a648-b4607df76fae.jpg,Bacterial Soft Rot
Bacterial Soft Rot/N_456BacterialSoftRot_original_BSRot(46).jpg_0409809f-d5a9-4a34-811f-0d7f8acf5532.jpg,Bacterial Soft Rot
Bacterial Soft Rot/N_456BacterialSoftRot_original_BSRot(46).jpg_0b699b85-54b7-46a0-8fff-007864e57faf.jpg,Bacterial Soft Rot
Bacterial Soft Rot/N_456BacterialSoftRot_original_BSRot(46).jpg_0cbb0897-e2b9-4355-a916-d56d9d4326a6.jpg,Bacterial Soft Rot
Bacterial Soft Rot/N_456BacterialSoftRot_original_BSRot(46).jpg_132fdb27-31eb-47d7-bb95-627323e3b195.jpg,Bacterial Soft Rot
Bacterial Soft Rot/N_456BacterialSoftRot_original_BSRot(46).jpg_35db4ff0-e6f6-43c9-a284-9f27eddc85cb.jpg,Bacterial Soft Rot
Bacterial Soft Rot/N_456BacterialSoftRot_original_BSRot(46).jpg_410cb9d6-5ddc-45d7-b952-9eab94c5106b.jpg,Bacterial Soft Rot
Bacterial Soft Rot/N_456BacterialSoftRot_original_BSRot(46).jpg_6923cbb6-c672-4448-994b-95f5f87ade0b.jpg,Bacterial Soft Rot
Bacterial Soft Rot/N_456BacterialSoftRot_original_BSRot(46).jpg_71cf4bd6-27c9-40c7-ae7e-6b5cb7b147cb.jpg,Bacterial Soft Rot
Bacterial Soft Rot/N_456BacterialSoftRot_original_BSRot(46).jpg_812992f3-0eb4-4b4a-8c1f-72d70b132840.jpg,Bacterial Soft Rot
Bacterial Soft Rot/N_456BacterialSoftRot_original_BSRot(46).jpg_86f66437-4356-47c5-8bba-6946f7a6c8f8.jpg,Bacterial Soft Rot
Bacterial Soft Rot/N_456BacterialSoftRot_original_BSRot(46).jpg_a4a926b9-112b-4cae-8ab7-efc5e163719b.jpg,Bacterial Soft Rot
Bacterial Soft Rot/N_456BacterialSoftRot_original_BSRot(46).jpg_ba2ab3da-e5bb-48b0-a4e2-d65400cdeebf.jpg,Bacterial Soft Rot
Bacterial Soft Rot/N_456BacterialSoftRot_original_BSRot(46).jpg_c429f294-dbd3-4ba3-b4de-883cd0779a82.jpg,Bacterial Soft Rot
Bacterial Soft Rot/N_456BacterialSoftRot_original_BSRot(46).jpg_e11106d1-8ed5-4d7f-8420-4a1ed2b0f93a.jpg,Bacterial Soft Rot
Bacterial Soft Rot/N_456BacterialSoftRot_original_BSRot(46).jpg_f2c90263-6129-47c3-823b-ca2465272a0e.jpg,Bacterial Soft Rot
Bacterial Soft Rot/N_456BacterialSoftRot_original_BSRot(46).jpg_f87dedc2-dc34-4671-82e7-9ca5b4d593dc.jpg,Bacterial Soft Rot
Bacterial Soft Rot/N_456BacterialSoftRot_original_BSRot(46).jpg_f8e56b0f-1324-4ba6-91a6-8a4ae85b9c9b.jpg,Bacterial Soft Rot
Bacterial Soft Rot/N_456BacterialSoftRot_original_BSRot(46).jpg_fc3a4f88-ba9d-498b-89f6-610fc3084274.jpg,Bacterial Soft Rot
Bacterial Soft Rot/N_456BacterialSoftRot_original_BSRot(47).jpg_03d717c8-64e3-4086-986b-d8dc4c16722a.jpg,Bacterial Soft Rot
Bacterial Soft Rot/N_456BacterialSoftRot_original_BSRot(47).jpg_09c42332-224d-4a44-a2a0-08f6c81c2026.jpg,Bacterial Soft Rot
Bacterial Soft Rot/N_456BacterialSoftRot_original_BSRot(47).jpg_0c62da9e-ce68-4951-bbdb-5ed0b303b9e0.jpg,Bacterial Soft Rot
Bacterial Soft Rot/N_456BacterialSoftRot_original_BSRot(47).jpg_1ac3eb1b-2a51-40bc-8681-3791847ae343.jpg,Bacterial Soft Rot
Bacterial Soft Rot/N_456BacterialSoftRot_original_BSRot(47).jpg_2f69f768-9a3c-41c5-b2e9-2e3129541c3d.jpg,Bacterial Soft Rot
Bacterial Soft Rot/N_456BacterialSoftRot_original_BSRot(47).jpg_45aec0b4-0d7e-4e81-a5c0-655a908df516.jpg,Bacterial Soft Rot
Bacterial Soft Rot/N_456BacterialSoftRot_original_BSRot(47).jpg_67b4b10a-1718-48a0-b741-7e69f844652b.jpg,Bacterial Soft Rot
Bacterial Soft Rot/N_456BacterialSoftRot_original_BSRot(47).jpg_7a208969-8e17-492e-bc63-cfa431ceb9d0.jpg,Bacterial Soft Rot
Bacterial Soft Rot/N_456BacterialSoftRot_original_BSRot(47).jpg_941691a7-beb1-4f3e-a6de-b37be75a6c2d.jpg,Bacterial Soft Rot
Bacterial Soft Rot/N_456BacterialSoftRot_original_BSRot(47).jpg_ad4a799f-acb0-4f8c-8a96-cdb69f307a95.jpg,Bacterial Soft Rot
Bacterial Soft Rot/N_456BacterialSoftRot_original_BSRot(47).jpg_b624a94c-c8dc-40d6-924a-261f64152e5d.jpg,Bacterial Soft Rot
Bacterial Soft Rot/N_456BacterialSoftRot_original_BSRot(47).jpg_e3b831ac-03c8-45ad-8c77-c836f5c22db0.jpg,Bacterial Soft Rot
Bacterial Soft Rot/N_456BacterialSoftRot_original_BSRot(47).jpg_f6404db0-0710-44e1-9885-24befea8fa0d.jpg,Bacterial Soft Rot
Bacterial Soft Rot/N_456BacterialSoftRot_original_BSRot(48).jpg_0870e6c7-dc8a-49e4-85af-38d73c807b77.jpg,Bacterial Soft Rot
Bacterial Soft Rot/N_456BacterialSoftRot_original_BSRot(48).jpg_11693517-109e-4ebf-bee4-eb0f4c486df6.jpg,Bacterial Soft Rot
Bacterial Soft Rot/N_456BacterialSoftRot_original_BSRot(48).jpg_1dde8936-d286-4ec3-b7b2-e9ac5485aa26.jpg,Bacterial Soft Rot
Bacterial Soft Rot/N_456BacterialSoftRot_original_BSRot(48).jpg_209d33e0-1a12-46ee-ab05-75bca2baaafb.jpg,Bacterial Soft Rot
Bacterial Soft Rot/N_456BacterialSoftRot_original_BSRot(48).jpg_31ab8ded-1e86-4c2c-a13b-e0d421ca0ed3.jpg,Bacterial Soft Rot
Bacterial Soft Rot/N_456BacterialSoftRot_original_BSRot(48).jpg_6a8ff7c0-aa14-4a55-b4b4-a5fc76f962eb.jpg,Bacterial Soft Rot
Bacterial Soft Rot/N_456BacterialSoftRot_original_BSRot(48).jpg_85e9674b-4579-488c-be8a-711690b6c56b.jpg,Bacterial Soft Rot
Bacterial Soft Rot/N_456BacterialSoftRot_original_BSRot(48).jpg_d2fbce2e-9ef1-4d9d-9f9e-3fb23e8e0ded.jpg,Bacterial Soft Rot
Bacterial Soft Rot/N_456BacterialSoftRot_original_BSRot(48).jpg_ded51463-8403-4cf5-a8fd-cfcbe62d8d8b.jpg,Bacterial Soft Rot
Bacterial Soft Rot/N_456BacterialSoftRot_original_BSRot(48).jpg_e61aa33f-eeec-4a2e-876c-e672b578395f.jpg,Bacterial Soft Rot
Bacterial Soft Rot/N_456BacterialSoftRot_original_BSRot(48).jpg_f6de9a38-445c-468d-9355-9fa61ddc413b.jpg,Bacterial Soft Rot
Bacterial Soft Rot/N_456BacterialSoftRot_original_BSRot(48).jpg_feb5cbab-329b-4115-befc-76ed225d927c.jpg,Bacterial Soft Rot
Bacterial Soft Rot/N_456BacterialSoftRot_original_BSRot(49).jpg_2798d9e9-ff1f-440f-b693-d72726a3db3f.jpg,Bacterial Soft Rot
Bacterial Soft Rot/N_456BacterialSoftRot_original_BSRot(49).jpg_320383c3-1106-4361-a205-0ee161c134c4.jpg,Bacterial Soft Rot
Bacterial Soft Rot/N_456BacterialSoftRot_original_BSRot(49).jpg_42bcfbac-1c8d-4b21-8018-03dcada5644e.jpg,Bacterial Soft Rot
Bacterial Soft Rot/N_456BacterialSoftRot_original_BSRot(49).jpg_4b3307e8-f0cb-4bbb-b9dc-a050a9497433.jpg,Bacterial Soft Rot
Bacterial Soft Rot/N_456BacterialSoftRot_original_BSRot(49).jpg_5db30015-52f0-4b34-9f01-2dfab8ac11a2.jpg,Bacterial Soft Rot
Bacterial Soft Rot/N_456BacterialSoftRot_original_BSRot(49).jpg_73245e91-9308-439d-a910-efb9945a3d04.jpg,Bacterial Soft Rot
Bacterial Soft Rot/N_456BacterialSoftRot_original_BSRot(49).jpg_79d1fd3a-ece5-4801-b601-a8fc09a8ef8c.jpg,Bacterial Soft Rot
Bacterial Soft Rot/N_456BacterialSoftRot_original_BSRot(49).jpg_95734ff0-777c-416e-87d6-c96dd0d5e0d7.jpg,Bacterial Soft Rot
Bacterial Soft Rot/N_456BacterialSoftRot_original_BSRot(49).jpg_b6af7da7-b345-4fdd-8c89-9c120942c930.jpg,Bacterial Soft Rot
Bacterial Soft Rot/N_456BacterialSoftRot_original_BSRot(49).jpg_d0a07fde-0565-4990-aaa3-cef3318c3db7.jpg,Bacterial Soft Rot
Bacterial Soft Rot/N_456BacterialSoftRot_original_BSRot(49).jpg_ded015bc-f9a4-40c5-8968-0330aaeed69e.jpg,Bacterial Soft Rot
Bacterial Soft Rot/N_456BacterialSoftRot_original_BSRot(5).jpg_40253dff-2f14-481f-9c57-c813c130735a.jpg,Bacterial Soft Rot
Bacterial Soft Rot/N_456BacterialSoftRot_original_BSRot(5).jpg_49181b74-f240-4a43-881e-550ba5690166.jpg,Bacterial Soft Rot
Bacterial Soft Rot/N_456BacterialSoftRot_original_BSRot(5).jpg_664fd690-2f4e-49aa-bbb6-e512b1ec3cd9.jpg,Bacterial Soft Rot
Bacterial Soft Rot/N_456BacterialSoftRot_original_BSRot(5).jpg_8d961ab3-87ad-4936-b053-7177d53d156d.jpg,Bacterial Soft Rot
Bacterial Soft Rot/N_456BacterialSoftRot_original_BSRot(5).jpg_8dcde301-1b7b-4e61-b86f-8247cd2f53c3.jpg,Bacterial Soft Rot
Bacterial Soft Rot/N_456BacterialSoftRot_original_BSRot(5).jpg_b4218e9d-8685-41d8-aa07-843e71426609.jpg,Bacterial Soft Rot
Bacterial Soft Rot/N_456BacterialSoftRot_original_BSRot(5).jpg_c7c3cfd8-e4ee-472f-93ea-67e1b78a30cb.jpg,Bacterial Soft Rot
Bacterial Soft Rot/N_456BacterialSoftRot_original_BSRot(5).jpg_de6e129f-ca42-45b0-99aa-d6ff86cf2827.jpg,Bacterial Soft Rot
Bacterial Soft Rot/N_456BacterialSoftRot_original_BSRot(5).jpg_ed80b660-3cf0-46ff-ba44-ef07658378cc.jpg,Bacterial Soft Rot
Bacterial Soft Rot/N_456BacterialSoftRot_original_BSRot(5).jpg_f53ddc75-16fe-4e9f-aecd-77a8696f00f2.jpg,Bacterial Soft Rot
Bacterial Soft Rot/N_456BacterialSoftRot_original_BSRot(50).jpg_06ab739b-7c62-445c-9022-7dc14c1018b3.jpg,Bacterial Soft Rot
Bacterial Soft Rot/N_456BacterialSoftRot_original_BSRot(50).jpg_44c24ba1-b9e2-430a-aa40-07971a09de70.jpg,Bacterial Soft Rot
Bacterial Soft Rot/N_456BacterialSoftRot_original_BSRot(50).jpg_50612679-56bd-434b-9dbb-821518388691.jpg,Bacterial Soft Rot
Bacterial Soft Rot/N_456BacterialSoftRot_original_BSRot(50).jpg_9f0b5be8-0da9-41c4-a863-0fd61cabeceb.jpg,Bacterial Soft Rot
Bacterial Soft Rot/N_456BacterialSoftRot_original_BSRot(50).jpg_f2b8b853-6c4d-4995-946d-fe1c4ddf2081.jpg,Bacterial Soft Rot
Bacterial Soft Rot/N_456BacterialSoftRot_original_BSRot(50).jpg_fac232b7-1411-450b-8915-c2cf01c2590b.jpg,Bacterial Soft Rot
Bacterial Soft Rot/N_456BacterialSoftRot_original_BSRot(50).jpg_ff3b3b99-e49c-4700-b60b-dd6b376728e9.jpg,Bacterial Soft Rot
Bacterial Soft Rot/N_456BacterialSoftRot_original_BSRot(51).jpg_0c58a264-1c62-476e-a33d-a4fd8a407c7f.jpg,Bacterial Soft Rot
Bacterial Soft Rot/N_456BacterialSoftRot_original_BSRot(51).jpg_2bfdea91-ca2d-40c5-9ab0-1faed5baf8f8.jpg,Bacterial Soft Rot
Bacterial Soft Rot/N_456BacterialSoftRot_original_BSRot(51).jpg_5a43a1e5-7277-47e3-95c8-2bcc43977e34.jpg,Bacterial Soft Rot
Bacterial Soft Rot/N_456BacterialSoftRot_original_BSRot(51).jpg_846a1b09-eea0-4350-b8db-238b7ea70aae.jpg,Bacterial Soft Rot
Bacterial Soft Rot/N_456BacterialSoftRot_original_BSRot(51).jpg_9b5b3f02-a3c7-46f7-b502-b0f4cbe52690.jpg,Bacterial Soft Rot
Bacterial Soft Rot/N_456BacterialSoftRot_original_BSRot(51).jpg_9dcf6317-bab4-44e4-94a9-48837f0019ed.jpg,Bacterial Soft Rot
Bacterial Soft Rot/N_456BacterialSoftRot_original_BSRot(51).jpg_c1f05e21-7306-4d17-9ef8-9caa863be653.jpg,Bacterial Soft Rot
Bacterial Soft Rot/N_456BacterialSoftRot_original_BSRot(51).jpg_d4dc5fce-1e47-49cc-8e09-8f0b2dcbe4b2.jpg,Bacterial Soft Rot
Bacterial Soft Rot/N_456BacterialSoftRot_original_BSRot(51).jpg_e9899299-b501-4513-b840-d6da45c22bdf.jpg,Bacterial Soft Rot
Bacterial Soft Rot/N_456BacterialSoftRot_original_BSRot(52).jpg_086ec955-d845-4acd-9a6e-11d9a711d2ab.jpg,Bacterial Soft Rot
Bacterial Soft Rot/N_456BacterialSoftRot_original_BSRot(52).jpg_0c13f584-d7da-4ddb-91bf-323eada1eb5a.jpg,Bacterial Soft Rot
Bacterial Soft Rot/N_456BacterialSoftRot_original_BSRot(52).jpg_1f163835-9e1c-4a9b-8958-01766853cd15.jpg,Bacterial Soft Rot
Bacterial Soft Rot/N_456BacterialSoftRot_original_BSRot(52).jpg_2ef60308-4d29-4651-aac3-50b96220887b.jpg,Bacterial Soft Rot
Bacterial Soft Rot/N_456BacterialSoftRot_original_BSRot(52).jpg_36b9233b-ef8e-4a32-8e2a-2849f1858d9f.jpg,Bacterial Soft Rot
Bacterial Soft Rot/N_456BacterialSoftRot_original_BSRot(52).jpg_571c73ef-6b60-4c74-bb45-58d26a086b0f.jpg,Bacterial Soft Rot
Bacterial Soft Rot/N_456BacterialSoftRot_original_BSRot(52).jpg_6eef7774-f7b4-492f-bc9b-ee3e4184d1af.jpg,Bacterial Soft Rot
Bacterial Soft Rot/N_456BacterialSoftRot_original_BSRot(52).jpg_80b240d3-7870-41a0-9238-ffeede02e477.jpg,Bacterial Soft Rot
Bacterial Soft Rot/N_456BacterialSoftRot_original_BSRot(52).jpg_b8ec4ed8-e02c-4f2e-b3d1-51989e475028.jpg,Bacterial Soft Rot
Bacterial Soft Rot/N_456BacterialSoftRot_original_BSRot(52).jpg_dcdbe90c-4d06-4a18-a3fd-f793ec8e9879.jpg,Bacterial Soft Rot
Bacterial Soft Rot/N_456BacterialSoftRot_original_BSRot(52).jpg_ee6abe8d-5e78-49f5-b692-010194a6a3d8.jpg,Bacterial Soft Rot
Bacterial Soft Rot/N_456BacterialSoftRot_original_BSRot(53).jpg_192274e5-7b88-485d-b180-aa5521d08ef1.jpg,Bacterial Soft Rot
Bacterial Soft Rot/N_456BacterialSoftRot_original_BSRot(53).jpg_25aab1ac-b086-40a9-85e9-f901c86c6149.jpg,Bacterial Soft Rot
Bacterial Soft Rot/N_456BacterialSoftRot_original_BSRot(53).jpg_3053b1eb-df29-4728-b6df-48c2c49e95af.jpg,Bacterial Soft Rot
Bacterial Soft Rot/N_456BacterialSoftRot_original_BSRot(53).jpg_420b9d5b-ec38-40c9-9b89-a2358448e387.jpg,Bacterial Soft Rot
Bacterial Soft Rot/N_456BacterialSoftRot_original_BSRot(53).jpg_4e0bfa4b-2fa4-451a-90ac-38877074e817.jpg,Bacterial Soft Rot
Bacterial Soft Rot/N_456BacterialSoftRot_original_BSRot(53).jpg_694d9131-1581-47e8-ae02-f9fe098537e6.jpg,Bacterial Soft Rot
Bacterial Soft Rot/N_456BacterialSoftRot_original_BSRot(53).jpg_6a1907f2-1251-4f27-a236-4c07c13787f7.jpg,Bacterial Soft Rot
Bacterial Soft Rot/N_456BacterialSoftRot_original_BSRot(53).jpg_9fe89d99-1f2b-4575-b10c-8f5568860c08.jpg,Bacterial Soft Rot
Bacterial Soft Rot/N_456BacterialSoftRot_original_BSRot(53).jpg_aced8a00-b451-468f-9749-bef7e01ea948.jpg,Bacterial Soft Rot
Bacterial Soft Rot/N_456BacterialSoftRot_original_BSRot(53).jpg_ad2d61f5-7f0f-416b-aeab-0bdae8cf52ab.jpg,Bacterial Soft Rot
Bacterial Soft Rot/N_456BacterialSoftRot_original_BSRot(53).jpg_b9042f36-8f53-47b4-8e7d-df9f34faa7ab.jpg,Bacterial Soft Rot
Bacterial Soft Rot/N_456BacterialSoftRot_original_BSRot(53).jpg_dc3be016-8d7e-4f3a-912a-3b8dd2844683.jpg,Bacterial Soft Rot
Bacterial Soft Rot/N_456BacterialSoftRot_original_BSRot(54).jpg_0cd9ce37-b98c-4c64-bc07-2dd2c5b921d1.jpg,Bacterial Soft Rot
Bacterial Soft Rot/N_456BacterialSoftRot_original_BSRot(54).jpg_6fde5d42-d565-416b-baef-dcf3e810e427.jpg,Bacterial Soft Rot
Bacterial Soft Rot/N_456BacterialSoftRot_original_BSRot(54).jpg_78cfef17-6eb3-41a6-ac92-5327d2fe2574.jpg,Bacterial Soft Rot
Bacterial Soft Rot/N_456BacterialSoftRot_original_BSRot(54).jpg_963a8942-c073-49fe-b984-40cc723d4d69.jpg,Bacterial Soft Rot
Bacterial Soft Rot/N_456BacterialSoftRot_original_BSRot(54).jpg_b00c8a4b-f37d-4124-be1e-d2fe1b8ed808.jpg,Bacterial Soft Rot
Bacterial Soft Rot/N_456BacterialSoftRot_original_BSRot(54).jpg_e1725ebb-3e8a-495e-81ef-314bbeb3de42.jpg,Bacterial Soft Rot
Bacterial Soft Rot/N_456BacterialSoftRot_original_BSRot(54).jpg_e97762fc-4444-4ced-9a11-9b4b8f924d76.jpg,Bacterial Soft Rot
Bacterial Soft Rot/N_456BacterialSoftRot_original_BSRot(54).jpg_ea546b60-6428-4517-af5d-5c089bf89a76.jpg,Bacterial Soft Rot
Bacterial Soft Rot/N_456BacterialSoftRot_original_BSRot(55).jpg_4702e5b5-ba8a-478f-85c4-57a893205bc8.jpg,Bacterial Soft Rot
Bacterial Soft Rot/N_456BacterialSoftRot_original_BSRot(55).jpg_71150e6f-fb13-46a5-8462-94bc646573ea.jpg,Bacterial Soft Rot
Bacterial Soft Rot/N_456BacterialSoftRot_original_BSRot(55).jpg_78fb19f2-a6b1-41d3-bc97-f895b57f82e7.jpg,Bacterial Soft Rot
Bacterial Soft Rot/N_456BacterialSoftRot_original_BSRot(55).jpg_7c3bc03c-845d-4783-807a-3b6b5ae14e59.jpg,Bacterial Soft Rot
Bacterial Soft Rot/N_456BacterialSoftRot_original_BSRot(55).jpg_8e5692e6-7577-4d65-895d-4c9f5f1ab23e.jpg,Bacterial Soft Rot
Bacterial Soft Rot/N_456BacterialSoftRot_original_BSRot(55).jpg_9695e188-e385-4155-ac7c-f688ff190561.jpg,Bacterial Soft Rot
Bacterial Soft Rot/N_456BacterialSoftRot_original_BSRot(55).jpg_b1c56580-17aa-4551-bf21-492aa9adeac3.jpg,Bacterial Soft Rot
Bacterial Soft Rot/N_456BacterialSoftRot_original_BSRot(55).jpg_b4185e91-0174-46d3-868a-91ffbb5203eb.jpg,Bacterial Soft Rot
Bacterial Soft Rot/N_456BacterialSoftRot_original_BSRot(55).jpg_bf4dd95e-7a29-4157-966f-58bdee7cfa2d.jpg,Bacterial Soft Rot
Bacterial Soft Rot/N_456BacterialSoftRot_original_BSRot(55).jpg_c1a1b3d3-d173-48d5-ac23-01129d298e5c.jpg,Bacterial Soft Rot
Bacterial Soft Rot/N_456BacterialSoftRot_original_BSRot(55).jpg_f749d626-ecbb-4a1d-ba83-6cfe4c20126d.jpg,Bacterial Soft Rot
Bacterial Soft Rot/N_456BacterialSoftRot_original_BSRot(56).jpg_04a0eb10-6ef0-43c9-9b89-63d96b801dc0.jpg,Bacterial Soft Rot
Bacterial Soft Rot/N_456BacterialSoftRot_original_BSRot(56).jpg_05467ae1-d825-4d30-bded-95e288cc62fd.jpg,Bacterial Soft Rot
Bacterial Soft Rot/N_456BacterialSoftRot_original_BSRot(56).jpg_1eaf6ac1-b68e-474d-b813-f4b5385d05c2.jpg,Bacterial Soft Rot
Bacterial Soft Rot/N_456BacterialSoftRot_original_BSRot(56).jpg_20f56c49-8b2b-47ea-aad3-09cff0ca9dca.jpg,Bacterial Soft Rot
Bacterial Soft Rot/N_456BacterialSoftRot_original_BSRot(56).jpg_38101349-07a0-462b-8b77-718e4456a687.jpg,Bacterial Soft Rot
Bacterial Soft Rot/N_456BacterialSoftRot_original_BSRot(56).jpg_486034ce-7717-4c7f-a5f1-5f0a2979e49f.jpg,Bacterial Soft Rot
Bacterial Soft Rot/N_456BacterialSoftRot_original_BSRot(56).jpg_4d8fe4de-1d56-4c75-9810-0a6941f4229e.jpg,Bacterial Soft Rot
Bacterial Soft Rot/N_456BacterialSoftRot_original_BSRot(56).jpg_8607855d-d2bd-4b89-9e7e-9000e3557aef.jpg,Bacterial Soft Rot
Bacterial Soft Rot/N_456BacterialSoftRot_original_BSRot(56).jpg_88429319-6c0c-4f77-8cfb-ca86a4e238b7.jpg,Bacterial Soft Rot
Bacterial Soft Rot/N_456BacterialSoftRot_original_BSRot(56).jpg_8d4d0f21-0703-42eb-adac-39afb332bafd.jpg,Bacterial Soft Rot
Bacterial Soft Rot/N_456BacterialSoftRot_original_BSRot(56).jpg_9b0858fd-fbdb-4881-813b-7ca638890cbb.jpg,Bacterial Soft Rot
Bacterial Soft Rot/N_456BacterialSoftRot_original_BSRot(56).jpg_a31cbc4b-3725-426c-acc1-fa9c193f2fb9.jpg,Bacterial Soft Rot
Bacterial Soft Rot/N_456BacterialSoftRot_original_BSRot(56).jpg_a8ef285a-c9df-4f4a-bb6f-780da4787ae9.jpg,Bacterial Soft Rot
Bacterial Soft Rot/N_456BacterialSoftRot_original_BSRot(56).jpg_ab69b0b7-980b-4f97-b584-fefd3e0e0865.jpg,Bacterial Soft Rot
Bacterial Soft Rot/N_456BacterialSoftRot_original_BSRot(56).jpg_ae050b2f-689b-4024-80e2-24eb2ce869ab.jpg,Bacterial Soft Rot
Bacterial Soft Rot/N_456BacterialSoftRot_original_BSRot(57).jpg_1e2e1b60-c903-4975-8e18-4130ccfe5074.jpg,Bacterial Soft Rot
Bacterial Soft Rot/N_456BacterialSoftRot_original_BSRot(57).jpg_2bd82410-c029-4c3a-9ac7-daf582b5dc89.jpg,Bacterial Soft Rot
Bacterial Soft Rot/N_456BacterialSoftRot_original_BSRot(57).jpg_3c06f3c6-05c7-4108-a5bf-dd3144d01e91.jpg,Bacterial Soft Rot
Bacterial Soft Rot/N_456BacterialSoftRot_original_BSRot(57).jpg_522f4f3b-0db8-406c-84e3-037d13e55cd5.jpg,Bacterial Soft Rot
Bacterial Soft Rot/N_456BacterialSoftRot_original_BSRot(57).jpg_939f5909-baa1-4e75-ac9f-ac3dcb9f5756.jpg,Bacterial Soft Rot
Bacterial Soft Rot/N_456BacterialSoftRot_original_BSRot(57).jpg_c0a34453-cbc9-48fd-91c9-3cfca4a1e1b3.jpg,Bacterial Soft Rot
Bacterial Soft Rot/N_456BacterialSoftRot_original_BSRot(57).jpg_db65df9a-df51-43b6-862e-f6615d12463b.jpg,Bacterial Soft Rot
Bacterial Soft Rot/N_456BacterialSoftRot_original_BSRot(57).jpg_ffef42a6-bcdf-46fc-918b-2a16a54537bc.jpg,Bacterial Soft Rot
Bacterial Soft Rot/N_456BacterialSoftRot_original_BSRot(58).jpg_2902829c-2f12-4e33-99e2-687324b4708a.jpg,Bacterial Soft Rot
Bacterial Soft Rot/N_456BacterialSoftRot_original_BSRot(58).jpg_327856fa-124b-4058-ad74-5da1df344a76.jpg,Bacterial Soft Rot
Bacterial Soft Rot/N_456BacterialSoftRot_original_BSRot(58).jpg_3ebbf3cb-4042-4125-9eb5-43adfdce1b99.jpg,Bacterial Soft Rot
Bacterial Soft Rot/N_456BacterialSoftRot_original_BSRot(58).jpg_589f5487-19a2-4664-86c3-a4e45a97d8a7.jpg,Bacterial Soft Rot
Bacterial Soft Rot/N_456BacterialSoftRot_original_BSRot(58).jpg_5988c10a-93f6-417a-a648-b80d3aba5cd2.jpg,Bacterial Soft Rot
Bacterial Soft Rot/N_456BacterialSoftRot_original_BSRot(58).jpg_72d5c8bd-2fd5-4ad0-b207-db721d29ad02.jpg,Bacterial Soft Rot
Bacterial Soft Rot/N_456BacterialSoftRot_original_BSRot(58).jpg_b725aa82-7896-4a8a-9d09-103a271a9563.jpg,Bacterial Soft Rot
Bacterial Soft Rot/N_456BacterialSoftRot_original_BSRot(58).jpg_cbc9c831-ad1b-463d-927d-b613ce16ffa6.jpg,Bacterial Soft Rot
Bacterial Soft Rot/N_456BacterialSoftRot_original_BSRot(59).jpg_15236366-d622-417e-9236-ab593175f73e.jpg,Bacterial Soft Rot
Bacterial Soft Rot/N_456BacterialSoftRot_original_BSRot(59).jpg_235263f4-ee55-4604-80d7-aa9f7cc8a58b.jpg,Bacterial Soft Rot
Bacterial Soft Rot/N_456BacterialSoftRot_original_BSRot(59).jpg_9e218886-d806-4d12-ae24-788995d6b7dc.jpg,Bacterial Soft Rot
Bacterial Soft Rot/N_456BacterialSoftRot_original_BSRot(59).jpg_a23e4a86-3f3e-401f-b79b-2a07e1d7341f.jpg,Bacterial Soft Rot
Bacterial Soft Rot/N_456BacterialSoftRot_original_BSRot(59).jpg_e0d2c2b7-18f6-4fc6-ae9a-c54c3dce6077.jpg,Bacterial Soft Rot
Bacterial Soft Rot/N_456BacterialSoftRot_original_BSRot(6).jpg_0302165b-0b38-4a7d-a22f-eedac3cb925a.jpg,Bacterial Soft Rot
Bacterial Soft Rot/N_456BacterialSoftRot_original_BSRot(6).jpg_05918330-1b62-45d7-82b4-7e298c359ef1.jpg,Bacterial Soft Rot
Bacterial Soft Rot/N_456BacterialSoftRot_original_BSRot(6).jpg_1bb0abe8-ca40-4310-b569-a478295f5191.jpg,Bacterial Soft Rot
Bacterial Soft Rot/N_456BacterialSoftRot_original_BSRot(6).jpg_2115b3f4-36d5-4d84-aa73-47b51ca4dab1.jpg,Bacterial Soft Rot
Bacterial Soft Rot/N_456BacterialSoftRot_original_BSRot(6).jpg_28831c36-21a9-435d-bf71-262c3b2ca9ef.jpg,Bacterial Soft Rot
Bacterial Soft Rot/N_456BacterialSoftRot_original_BSRot(6).jpg_8e7b9460-09ee-479b-ba91-511473b8b060.jpg,Bacterial Soft Rot
Bacterial Soft Rot/N_456BacterialSoftRot_original_BSRot(6).jpg_b53cab8f-a25b-4de2-bdbd-7dbcbfcafc38.jpg,Bacterial Soft Rot
Bacterial Soft Rot/N_456BacterialSoftRot_original_BSRot(60).jpg_010d6f77-b2ce-45c0-acb8-4efd59b977b8.jpg,Bacterial Soft Rot
Bacterial Soft Rot/N_456BacterialSoftRot_original_BSRot(60).jpg_19143cfe-f170-485b-8514-85f84832b3f1.jpg,Bacterial Soft Rot
Bacterial Soft Rot/N_456BacterialSoftRot_original_BSRot(60).jpg_3d1e23f8-51eb-4f1f-8024-a46e51010c8d.jpg,Bacterial Soft Rot
Bacterial Soft Rot/N_456BacterialSoftRot_original_BSRot(60).jpg_40a081b4-951e-4d14-827b-c78dcd028cdb.jpg,Bacterial Soft Rot
Bacterial Soft Rot/N_456BacterialSoftRot_original_BSRot(60).jpg_495fc396-47d7-4c50-a9bc-13ec7240ffe2.jpg,Bacterial Soft Rot
Bacterial Soft Rot/N_456BacterialSoftRot_original_BSRot(60).jpg_853a0f4e-3095-4166-a4ef-c9504bd6f583.jpg,Bacterial Soft Rot
Bacterial Soft Rot/N_456BacterialSoftRot_original_BSRot(60).jpg_8d90b49a-3785-48e3-8502-3080fc826a50.jpg,Bacterial Soft Rot
Bacterial Soft Rot/N_456BacterialSoftRot_original_BSRot(60).jpg_9663ae09-7347-4bd2-9ad2-4c6daa163717.jpg,Bacterial Soft Rot
Bacterial Soft Rot/N_456BacterialSoftRot_original_BSRot(60).jpg_97236a68-fde4-442c-a59b-20aaf5ea76da.jpg,Bacterial Soft Rot
Bacterial Soft Rot/N_456BacterialSoftRot_original_BSRot(60).jpg_a16a3a98-fe23-445c-8933-a3b721689cb8.jpg,Bacterial Soft Rot
Bacterial Soft Rot/N_456BacterialSoftRot_original_BSRot(60).jpg_b86774c8-1b01-44ab-94a1-c0260d44b0fe.jpg,Bacterial Soft Rot
Bacterial Soft Rot/N_456BacterialSoftRot_original_BSRot(60).jpg_c8bedcea-3912-470d-9a29-d3097f123d6d.jpg,Bacterial Soft Rot
Bacterial Soft Rot/N_456BacterialSoftRot_original_BSRot(61).jpg_493a0aee-36ee-4fd1-a147-3cca991bfb3c.jpg,Bacterial Soft Rot
Bacterial Soft Rot/N_456BacterialSoftRot_original_BSRot(61).jpg_57a81ff3-b144-48e6-b96a-d897836e0972.jpg,Bacterial Soft Rot
Bacterial Soft Rot/N_456BacterialSoftRot_original_BSRot(61).jpg_78d18419-da1b-48c8-aadb-f78fee704e32.jpg,Bacterial Soft Rot
Bacterial Soft Rot/N_456BacterialSoftRot_original_BSRot(61).jpg_7ec8fbba-b49c-4ec5-bbec-3955c5de987a.jpg,Bacterial Soft Rot
Bacterial Soft Rot/N_456BacterialSoftRot_original_BSRot(61).jpg_88b9473a-a316-4a3e-80b5-191545d283db.jpg,Bacterial Soft Rot
Bacterial Soft Rot/N_456BacterialSoftRot_original_BSRot(61).jpg_b11872e9-f7b0-4f42-8746-ab6bb340ac13.jpg,Bacterial Soft Rot
Bacterial Soft Rot/N_456BacterialSoftRot_original_BSRot(61).jpg_c096c70b-b536-429e-bb7f-77ed7a668828.jpg,Bacterial Soft Rot
Bacterial Soft Rot/N_456BacterialSoftRot_original_BSRot(61).jpg_dd424435-fb9a-42b2-9311-a490b7292d48.jpg,Bacterial Soft Rot
Bacterial Soft Rot/N_456BacterialSoftRot_original_BSRot(61).jpg_e0e87ce8-eeaa-44d6-8e66-d22f7a818045.jpg,Bacterial Soft Rot
Bacterial Soft Rot/N_456BacterialSoftRot_original_BSRot(61).jpg_f197954e-6d75-4000-88ac-0ea039edb537.jpg,Bacterial Soft Rot
Bacterial Soft Rot/N_456BacterialSoftRot_original_BSRot(61).jpg_f419019e-a4b1-41c2-9bf3-3775f038196f.jpg,Bacterial Soft Rot
Bacterial Soft Rot/N_456BacterialSoftRot_original_BSRot(62).jpg_22f2ab28-20c3-42c7-a0d6-21a62488f805.jpg,Bacterial Soft Rot
Bacterial Soft Rot/N_456BacterialSoftRot_original_BSRot(62).jpg_35314f13-120b-4b36-a4da-543c256ab206.jpg,Bacterial Soft Rot
Bacterial Soft Rot/N_456BacterialSoftRot_original_BSRot(62).jpg_3581d5ea-0b03-4f68-9b5b-d30a1f324c33.jpg,Bacterial Soft Rot
Bacterial Soft Rot/N_456BacterialSoftRot_original_BSRot(62).jpg_39f965db-0104-4927-a2b1-4bb724bea0ae.jpg,Bacterial Soft Rot
Bacterial Soft Rot/N_456BacterialSoftRot_original_BSRot(62).jpg_4b96cb77-57b3-4c5c-8a79-33286c6ea231.jpg,Bacterial Soft Rot
Bacterial Soft Rot/N_456BacterialSoftRot_original_BSRot(62).jpg_6e2169ae-6a8e-4e5a-8d80-1806ac920d99.jpg,Bacterial Soft Rot
Bacterial Soft Rot/N_456BacterialSoftRot_original_BSRot(62).jpg_6f7665ad-fc58-4850-9814-ebdd5dcf94e0.jpg,Bacterial Soft Rot
Bacterial Soft Rot/N_456BacterialSoftRot_original_BSRot(62).jpg_7e1c74d1-a0fe-421e-839a-c9c6f62a12b6.jpg,Bacterial Soft Rot
Bacterial Soft Rot/N_456BacterialSoftRot_original_BSRot(62).jpg_89d557d9-b3d2-410d-b5d8-f9ace4621834.jpg,Bacterial Soft Rot
Bacterial Soft Rot/N_456BacterialSoftRot_original_BSRot(62).jpg_8c4efc23-c4e9-44f8-8bc8-8edb78747664.jpg,Bacterial Soft Rot
Bacterial Soft Rot/N_456BacterialSoftRot_original_BSRot(62).jpg_98ebcf63-e846-4c9e-b29c-b13a73a410d6.jpg,Bacterial Soft Rot
Bacterial Soft Rot/N_456BacterialSoftRot_original_BSRot(62).jpg_e1027528-c1b1-4766-ba78-4807f861d271.jpg,Bacterial Soft Rot
Bacterial Soft Rot/N_456BacterialSoftRot_original_BSRot(62).jpg_ea1aea82-f4d6-4f2d-9556-26254310c9c1.jpg,Bacterial Soft Rot
Bacterial Soft Rot/N_456BacterialSoftRot_original_BSRot(63).jpg_0b84b8bc-2549-457c-b984-094f2dd2ddc7.jpg,Bacterial Soft Rot
Bacterial Soft Rot/N_456BacterialSoftRot_original_BSRot(63).jpg_320f8fd3-f647-48f8-b39d-a444fcd53508.jpg,Bacterial Soft Rot
Bacterial Soft Rot/N_456BacterialSoftRot_original_BSRot(63).jpg_41575a76-f9b4-41d3-b64f-394df1a1efce.jpg,Bacterial Soft Rot
Bacterial Soft Rot/N_456BacterialSoftRot_original_BSRot(63).jpg_5caef80b-3f3a-418e-88ce-c01135350bfd.jpg,Bacterial Soft Rot
Bacterial Soft Rot/N_456BacterialSoftRot_original_BSRot(63).jpg_649e5fea-56a5-4587-bdda-aa3567dc3671.jpg,Bacterial Soft Rot
Bacterial Soft Rot/N_456BacterialSoftRot_original_BSRot(63).jpg_8aa472f5-72ac-4974-99ee-d445dfc7acef.jpg,Bacterial Soft Rot
Bacterial Soft Rot/N_456BacterialSoftRot_original_BSRot(63).jpg_a8996170-4ada-447e-87ae-9673802dbf43.jpg,Bacterial Soft Rot
Bacterial Soft Rot/N_456BacterialSoftRot_original_BSRot(63).jpg_b89fc851-94cb-4ebf-95ea-c007ce2e7ce9.jpg,Bacterial Soft Rot
Bacterial Soft Rot/N_456BacterialSoftRot_original_BSRot(63).jpg_c6fc9c5b-d31b-4a1b-8df1-b58348c8c50e.jpg,Bacterial Soft Rot
Bacterial Soft Rot/N_456BacterialSoftRot_original_BSRot(63).jpg_d56e8cbb-a470-41a1-936f-4d3663b5971d.jpg,Bacterial Soft Rot
Bacterial Soft Rot/N_456BacterialSoftRot_original_BSRot(63).jpg_dbaf7320-7d69-4b87-b809-40c9d5a5be5e.jpg,Bacterial Soft Rot
Bacterial Soft Rot/N_456BacterialSoftRot_original_BSRot(63).jpg_dd0c5c62-788f-42c8-84cb-dcc2de2f11ae.jpg,Bacterial Soft Rot
Bacterial Soft Rot/N_456BacterialSoftRot_original_BSRot(63).jpg_e8e38b5b-1f02-4f09-83b9-2b8a8ccdee48.jpg,Bacterial Soft Rot
Bacterial Soft Rot/N_456BacterialSoftRot_original_BSRot(63).jpg_ec4d51de-c20b-49ca-a005-c12527cc5ac2.jpg,Bacterial Soft Rot
Bacterial Soft Rot/N_456BacterialSoftRot_original_BSRot(64).jpg_775b1927-bdbf-4479-9be9-1e7727517084.jpg,Bacterial Soft Rot
Bacterial Soft Rot/N_456BacterialSoftRot_original_BSRot(64).jpg_a0be34a0-fdaa-4494-98ef-4b9ed1a2d326.jpg,Bacterial Soft Rot
Bacterial Soft Rot/N_456BacterialSoftRot_original_BSRot(64).jpg_bb3d01e5-6616-48a8-8ebc-9de819440f4c.jpg,Bacterial Soft Rot
Bacterial Soft Rot/N_456BacterialSoftRot_original_BSRot(64).jpg_c2ca453b-e4db-422d-9f06-97dd0abc2926.jpg,Bacterial Soft Rot
Bacterial Soft Rot/N_456BacterialSoftRot_original_BSRot(64).jpg_e4425197-d76d-4175-b6db-6b324c6caa7c.jpg,Bacterial Soft Rot
Bacterial Soft Rot/N_456BacterialSoftRot_original_BSRot(64).jpg_fcf986f4-f941-435e-9d03-155878f24f23.jpg,Bacterial Soft Rot
Bacterial Soft Rot/N_456BacterialSoftRot_original_BSRot(65).jpg_34f7147e-ab6a-4657-a113-fb458ba117ae.jpg,Bacterial Soft Rot
Bacterial Soft Rot/N_456BacterialSoftRot_original_BSRot(65).jpg_35835da0-6ec0-4619-81bb-71eb74c190a5.jpg,Bacterial Soft Rot
Bacterial Soft Rot/N_456BacterialSoftRot_original_BSRot(65).jpg_4bf75b1e-e3bd-4124-b922-5965694ccce2.jpg,Bacterial Soft Rot
Bacterial Soft Rot/N_456BacterialSoftRot_original_BSRot(65).jpg_6be02456-c456-4bd7-9183-1bb9ef4f3da7.jpg,Bacterial Soft Rot
Bacterial Soft Rot/N_456BacterialSoftRot_original_BSRot(65).jpg_713573a6-b901-4102-a9dc-1c262c35d7a1.jpg,Bacterial Soft Rot
Bacterial Soft Rot/N_456BacterialSoftRot_original_BSRot(65).jpg_81b5e5b7-c998-4d96-b860-667734a98ef7.jpg,Bacterial Soft Rot
Bacterial Soft Rot/N_456BacterialSoftRot_original_BSRot(65).jpg_a6a57fc1-f62c-4b06-b130-0ba9abc273a7.jpg,Bacterial Soft Rot
Bacterial Soft Rot/N_456BacterialSoftRot_original_BSRot(65).jpg_d1e9e41e-2e9d-4d0d-abde-a6cb33601ba0.jpg,Bacterial Soft Rot
Bacterial Soft Rot/N_456BacterialSoftRot_original_BSRot(65).jpg_d99a7bff-1fdd-40f4-96be-bdd6e64aaf29.jpg,Bacterial Soft Rot
Bacterial Soft Rot/N_456BacterialSoftRot_original_BSRot(66).jpg_06a6c292-992c-4fb6-9ea6-2fc67d4a1fe9.jpg,Bacterial Soft Rot
Bacterial Soft Rot/N_456BacterialSoftRot_original_BSRot(66).jpg_2f622906-c42a-4876-ac1d-fa27cc800519.jpg,Bacterial Soft Rot
Bacterial Soft Rot/N_456BacterialSoftRot_original_BSRot(66).jpg_34e108eb-df1d-4606-9e63-939c91bcbf78.jpg,Bacterial Soft Rot
Bacterial Soft Rot/N_456BacterialSoftRot_original_BSRot(66).jpg_3e0cb28a-aaba-425c-a00e-b98413ed2c49.jpg,Bacterial Soft Rot
Bacterial Soft Rot/N_456BacterialSoftRot_original_BSRot(66).jpg_4380733c-5e62-4fa9-bbca-88cf8aeedbb2.jpg,Bacterial Soft Rot
Bacterial Soft Rot/N_456BacterialSoftRot_original_BSRot(66).jpg_5ba6829b-ee37-48fb-be86-d98ccd90a0bf.jpg,Bacterial Soft Rot
Bacterial Soft Rot/N_456BacterialSoftRot_original_BSRot(66).jpg_71551ca7-3491-42bf-ba07-499c6fce01ec.jpg,Bacterial Soft Rot
Bacterial Soft Rot/N_456BacterialSoftRot_original_BSRot(66).jpg_8cd59a46-acbf-4cfa-99b3-2057eb6dddea.jpg,Bacterial Soft Rot
Bacterial Soft Rot/N_456BacterialSoftRot_original_BSRot(66).jpg_9108e57a-bedc-41a7-9ac2-8e5fddb89787.jpg,Bacterial Soft Rot
Bacterial Soft Rot/N_456BacterialSoftRot_original_BSRot(66).jpg_9b39e74b-a0c1-482e-880f-2de9ada650db.jpg,Bacterial Soft Rot
Bacterial Soft Rot/N_456BacterialSoftRot_original_BSRot(66).jpg_a7d5f7de-410c-45d3-91bb-9fbe92ca3619.jpg,Bacterial Soft Rot
Bacterial Soft Rot/N_456BacterialSoftRot_original_BSRot(66).jpg_bf383ed7-361e-499d-b8a4-b7a41ae6826b.jpg,Bacterial Soft Rot
Bacterial Soft Rot/N_456BacterialSoftRot_original_BSRot(67).jpg_13536de6-b379-4e14-ab25-6796f01371f5.jpg,Bacterial Soft Rot
Bacterial Soft Rot/N_456BacterialSoftRot_original_BSRot(67).jpg_13fe1c20-97a0-45a5-bff6-635d6f82d903.jpg,Bacterial Soft Rot
Bacterial Soft Rot/N_456BacterialSoftRot_original_BSRot(67).jpg_166e2421-df1b-433c-b405-5f6f3ba83b54.jpg,Bacterial Soft Rot
Bacterial Soft Rot/N_456BacterialSoftRot_original_BSRot(67).jpg_2b504d9e-8206-40da-9870-9ae1443fd389.jpg,Bacterial Soft Rot
Bacterial Soft Rot/N_456BacterialSoftRot_original_BSRot(67).jpg_304b15cc-7cce-4ad0-9315-f9889708a6f8.jpg,Bacterial Soft Rot
Bacterial Soft Rot/N_456BacterialSoftRot_original_BSRot(67).jpg_42560429-29c3-43b8-bf4c-170a1d9170bf.jpg,Bacterial Soft Rot
Bacterial Soft Rot/N_456BacterialSoftRot_original_BSRot(67).jpg_56c57a20-5877-4375-bcae-e79ff8350e62.jpg,Bacterial Soft Rot
Bacterial Soft Rot/N_456BacterialSoftRot_original_BSRot(67).jpg_8fd2c353-9960-40cc-96d6-b3a8c49b0150.jpg,Bacterial Soft Rot
Bacterial Soft Rot/N_456BacterialSoftRot_original_BSRot(67).jpg_922a10b6-6548-4bf8-9c5f-4b532dc898d6.jpg,Bacterial Soft Rot
Bacterial Soft Rot/N_456BacterialSoftRot_original_BSRot(67).jpg_9f8dc23d-3039-4ed0-8523-7a22b5220839.jpg,Bacterial Soft Rot
Bacterial Soft Rot/N_456BacterialSoftRot_original_BSRot(67).jpg_acb85e85-4ae1-454b-9581-7abead507ef3.jpg,Bacterial Soft Rot
Bacterial Soft Rot/N_456BacterialSoftRot_original_BSRot(67).jpg_ba3511e6-362b-46c4-9396-7fe10ff3a6e3.jpg,Bacterial Soft Rot
Bacterial Soft Rot/N_456BacterialSoftRot_original_BSRot(67).jpg_c2894d58-14d2-4442-ad15-853e05284a77.jpg,Bacterial Soft Rot
Bacterial Soft Rot/N_456BacterialSoftRot_original_BSRot(67).jpg_d8af3615-940c-4a77-bb96-1d4717284bd2.jpg,Bacterial Soft Rot
Bacterial Soft Rot/N_456BacterialSoftRot_original_BSRot(68).jpg_110c162f-f973-4c2a-adbd-3018d4f59310.jpg,Bacterial Soft Rot
Bacterial Soft Rot/N_456BacterialSoftRot_original_BSRot(68).jpg_4e70fd69-6189-430f-af87-f2fdd880d340.jpg,Bacterial Soft Rot
Bacterial Soft Rot/N_456BacterialSoftRot_original_BSRot(68).jpg_5df2f4ae-3e41-4de2-9a40-eab4e3dada53.jpg,Bacterial Soft Rot
Bacterial Soft Rot/N_456BacterialSoftRot_original_BSRot(68).jpg_68205789-d7ca-418c-81dd-5a140b3bfe7f.jpg,Bacterial Soft Rot
Bacterial Soft Rot/N_456BacterialSoftRot_original_BSRot(68).jpg_6df7da42-094f-4a04-8c9b-2f2700e24ea4.jpg,Bacterial Soft Rot
Bacterial Soft Rot/N_456BacterialSoftRot_original_BSRot(68).jpg_7b1c3392-6a08-41a8-b4e3-3ebf960a6025.jpg,Bacterial Soft Rot
Bacterial Soft Rot/N_456BacterialSoftRot_original_BSRot(68).jpg_8088d6de-0ea2-4617-bf51-8727d07a6d5d.jpg,Bacterial Soft Rot
Bacterial Soft Rot/N_456BacterialSoftRot_original_BSRot(68).jpg_81582abc-ebcb-4f6a-87af-a7ac8a96e86f.jpg,Bacterial Soft Rot
Bacterial Soft Rot/N_456BacterialSoftRot_original_BSRot(68).jpg_b19b0a0b-0c05-43ca-b6cb-b3ef232cb6cc.jpg,Bacterial Soft Rot
Bacterial Soft Rot/N_456BacterialSoftRot_original_BSRot(68).jpg_be47d7bb-2905-4fe2-9c9f-8bda69297ffc.jpg,Bacterial Soft Rot
Bacterial Soft Rot/N_456BacterialSoftRot_original_BSRot(68).jpg_d4eb2856-766e-445a-9225-84ce52ef4e5e.jpg,Bacterial Soft Rot
Bacterial Soft Rot/N_456BacterialSoftRot_original_BSRot(68).jpg_da87d9db-235a-46c6-8aa1-8f24795cecc1.jpg,Bacterial Soft Rot
Bacterial Soft Rot/N_456BacterialSoftRot_original_BSRot(68).jpg_ee78e0cb-625e-44eb-88bc-e8ef328844d9.jpg,Bacterial Soft Rot
Bacterial Soft Rot/N_456BacterialSoftRot_original_BSRot(68).jpg_feb7614f-a2ab-46e5-8692-b64993d2f137.jpg,Bacterial Soft Rot
Bacterial Soft Rot/N_456BacterialSoftRot_original_BSRot(69).jpg_27c5d739-6a01-4d38-bc9d-a16dface53ae.jpg,Bacterial Soft Rot
Bacterial Soft Rot/N_456BacterialSoftRot_original_BSRot(69).jpg_65f1b5c5-9db4-4845-995b-ccaa81f1cd8a.jpg,Bacterial Soft Rot
Bacterial Soft Rot/N_456BacterialSoftRot_original_BSRot(69).jpg_738b03a9-a265-4f57-8348-8ca4f81d3228.jpg,Bacterial Soft Rot
Bacterial Soft Rot/N_456BacterialSoftRot_original_BSRot(69).jpg_74775eb7-d09b-4ad2-a405-573b0d7af31d.jpg,Bacterial Soft Rot
Bacterial Soft Rot/N_456BacterialSoftRot_original_BSRot(69).jpg_c02967c6-75b5-4b82-9d4b-285846714eda.jpg,Bacterial Soft Rot
Bacterial Soft Rot/N_456BacterialSoftRot_original_BSRot(69).jpg_c34c0414-a966-4510-a3ee-9776795477a7.jpg,Bacterial Soft Rot
Bacterial Soft Rot/N_456BacterialSoftRot_original_BSRot(69).jpg_d62608bf-c054-40ef-a7e7-065bd7ba9e18.jpg,Bacterial Soft Rot
Bacterial Soft Rot/N_456BacterialSoftRot_original_BSRot(69).jpg_d6e67df0-2ad9-4a71-96c3-e6d0c1769a7a.jpg,Bacterial Soft Rot
Bacterial Soft Rot/N_456BacterialSoftRot_original_BSRot(69).jpg_e0cc56f3-684c-4957-a354-62f04ebaa721.jpg,Bacterial Soft Rot
Bacterial Soft Rot/N_456BacterialSoftRot_original_BSRot(69).jpg_e167eaa5-3b56-4c1f-be6f-2715c022c54b.jpg,Bacterial Soft Rot
Bacterial Soft Rot/N_456BacterialSoftRot_original_BSRot(69).jpg_f08969ca-60a4-4138-8027-4fecaa1a176e.jpg,Bacterial Soft Rot
Bacterial Soft Rot/N_456BacterialSoftRot_original_BSRot(7).jpg_01028149-2c50-44be-8732-dd477b95f450.jpg,Bacterial Soft Rot
Bacterial Soft Rot/N_456BacterialSoftRot_original_BSRot(7).jpg_049d90c9-4254-4dfe-94d2-e79cde9e893a.jpg,Bacterial Soft Rot
Bacterial Soft Rot/N_456BacterialSoftRot_original_BSRot(7).jpg_164cfd58-e685-4cb0-9085-8d300999e3f4.jpg,Bacterial Soft Rot
Bacterial Soft Rot/N_456BacterialSoftRot_original_BSRot(7).jpg_173917c6-2367-4abc-9fc5-6d46ef59e780.jpg,Bacterial Soft Rot
Bacterial Soft Rot/N_456BacterialSoftRot_original_BSRot(7).jpg_1876fc60-eccb-49bb-8f3d-f4c86397c0bd.jpg,Bacterial Soft Rot
Bacterial Soft Rot/N_456BacterialSoftRot_original_BSRot(7).jpg_19164a5c-9fcb-4cc0-a408-9c80cc5a177a.jpg,Bacterial Soft Rot
Bacterial Soft Rot/N_456BacterialSoftRot_original_BSRot(7).jpg_4ece5f8a-f0d7-41e8-9fc1-a4dc1cad6d93.jpg,Bacterial Soft Rot
Bacterial Soft Rot/N_456BacterialSoftRot_original_BSRot(7).jpg_666b19b4-9946-472e-997c-8c2f8da93476.jpg,Bacterial Soft Rot
Bacterial Soft Rot/N_456BacterialSoftRot_original_BSRot(7).jpg_68c10ef9-69f9-4126-9c8d-45b6024b5663.jpg,Bacterial Soft Rot
Bacterial Soft Rot/N_456BacterialSoftRot_original_BSRot(7).jpg_77724d75-4a07-4b3f-a490-0755d0266446.jpg,Bacterial Soft Rot
Bacterial Soft Rot/N_456BacterialSoftRot_original_BSRot(7).jpg_8bcd8f9f-0c9f-4d27-ab42-f94428c27491.jpg,Bacterial Soft Rot
Bacterial Soft Rot/N_456BacterialSoftRot_original_BSRot(7).jpg_907b189e-ae7e-43ec-aec8-adaa2eae593b.jpg,Bacterial Soft Rot
Bacterial Soft Rot/N_456BacterialSoftRot_original_BSRot(7).jpg_94f7b533-22c9-4790-8834-d76d5cfbeddc.jpg,Bacterial Soft Rot
Bacterial Soft Rot/N_456BacterialSoftRot_original_BSRot(7).jpg_9727ff71-903a-4512-82a9-ec36a218c2f7.jpg,Bacterial Soft Rot
Bacterial Soft Rot/N_456BacterialSoftRot_original_BSRot(7).jpg_cb82d713-b2a4-420c-b699-73049f5280a9.jpg,Bacterial Soft Rot
Bacterial Soft Rot/N_456BacterialSoftRot_original_BSRot(7).jpg_dd3143f8-b16b-4fbe-a915-099116f4ea9c.jpg,Bacterial Soft Rot
Bacterial Soft Rot/N_456BacterialSoftRot_original_BSRot(7).jpg_e915a41e-dea8-42c9-bc91-c88ab078dc5f.jpg,Bacterial Soft Rot
Bacterial Soft Rot/N_456BacterialSoftRot_original_BSRot(7).jpg_fa595f3b-117e-493e-beb0-2c7481ac6f02.jpg,Bacterial Soft Rot
Bacterial Soft Rot/N_456BacterialSoftRot_original_BSRot(70).jpg_01b7a57a-19a2-4633-bf1d-69cb2243e9a3.jpg,Bacterial Soft Rot
Bacterial Soft Rot/N_456BacterialSoftRot_original_BSRot(70).jpg_143239a5-c873-4ca3-b178-9677a66e8a43.jpg,Bacterial Soft Rot
Bacterial Soft Rot/N_456BacterialSoftRot_original_BSRot(70).jpg_2637d760-f386-4ec4-8421-2a64d52ae0d8.jpg,Bacterial Soft Rot
Bacterial Soft Rot/N_456BacterialSoftRot_original_BSRot(70).jpg_418e5d67-dfb9-4878-8756-c4c13cc3088f.jpg,Bacterial Soft Rot
Bacterial Soft Rot/N_456BacterialSoftRot_original_BSRot(70).jpg_4268e06d-c5ad-459c-964f-c3e708c781e9.jpg,Bacterial Soft Rot
Bacterial Soft Rot/N_456BacterialSoftRot_original_BSRot(70).jpg_43914f4d-dbff-4f6d-92b8-5ec9d407719a.jpg,Bacterial Soft Rot
Bacterial Soft Rot/N_456BacterialSoftRot_original_BSRot(70).jpg_54684750-2793-4e37-8c1c-bdfc878149e4.jpg,Bacterial Soft Rot
Bacterial Soft Rot/N_456BacterialSoftRot_original_BSRot(70).jpg_618d93b7-7d45-4f76-8284-a54ad96d9779.jpg,Bacterial Soft Rot
Bacterial Soft Rot/N_456BacterialSoftRot_original_BSRot(70).jpg_66404be8-5e12-42e4-a2f1-06a2b1a1776f.jpg,Bacterial Soft Rot
Bacterial Soft Rot/N_456BacterialSoftRot_original_BSRot(70).jpg_a8b274a9-9557-4545-873d-c377753290b1.jpg,Bacterial Soft Rot
Bacterial Soft Rot/N_456BacterialSoftRot_original_BSRot(70).jpg_b3131357-3a8f-4916-8549-fa6b8c7b3232.jpg,Bacterial Soft Rot
Bacterial Soft Rot/N_456BacterialSoftRot_original_BSRot(70).jpg_c0e7802b-98e5-4348-9ac4-57fd500956ea.jpg,Bacterial Soft Rot
Bacterial Soft Rot/N_456BacterialSoftRot_original_BSRot(70).jpg_c1525def-2518-436d-968b-901a350c6422.jpg,Bacterial Soft Rot
Bacterial Soft Rot/N_456BacterialSoftRot_original_BSRot(70).jpg_ca260349-7738-49c2-9b11-ff42c6a245be.jpg,Bacterial Soft Rot
Bacterial Soft Rot/N_456BacterialSoftRot_original_BSRot(70).jpg_d1d92f9d-0769-4c3d-9bbc-81829b4738bf.jpg,Bacterial Soft Rot
Bacterial Soft Rot/N_456BacterialSoftRot_original_BSRot(71).jpg_421fbf86-f06c-4731-8ca2-eddc40b7c90f.jpg,Bacterial Soft Rot
Bacterial Soft Rot/N_456BacterialSoftRot_original_BSRot(71).jpg_ad71c60f-7fef-4a6d-9449-7289c164092a.jpg,Bacterial Soft Rot
Bacterial Soft Rot/N_456BacterialSoftRot_original_BSRot(71).jpg_b5073eec-c106-40e7-be05-15ab7b9ccff5.jpg,Bacterial Soft Rot
Bacterial Soft Rot/N_456BacterialSoftRot_original_BSRot(71).jpg_b584b1fe-d705-40a6-8717-4fc7b7f7d2fa.jpg,Bacterial Soft Rot
Bacterial Soft Rot/N_456BacterialSoftRot_original_BSRot(71).jpg_ee0cc0a9-cd09-417d-bcc6-6f60f9161c90.jpg,Bacterial Soft Rot
Bacterial Soft Rot/N_456BacterialSoftRot_original_BSRot(71).jpg_eea72522-978d-435d-ae76-c563c7dbda95.jpg,Bacterial Soft Rot
Bacterial Soft Rot/N_456BacterialSoftRot_original_BSRot(71).jpg_eec28583-6f75-44c6-ab3e-3b3c6fe3e8e5.jpg,Bacterial Soft Rot
Bacterial Soft Rot/N_456BacterialSoftRot_original_BSRot(71).jpg_f1538a98-dfe5-4242-9d83-4fa59fa88f9d.jpg,Bacterial Soft Rot
Bacterial Soft Rot/N_456BacterialSoftRot_original_BSRot(71).jpg_f9c33dc5-107c-404b-b01b-0da4e0aa97fa.jpg,Bacterial Soft Rot
Bacterial Soft Rot/N_456BacterialSoftRot_original_BSRot(72).jpg_2755d5ad-a6ef-4713-99a9-0e6b11d9f565.jpg,Bacterial Soft Rot
Bacterial Soft Rot/N_456BacterialSoftRot_original_BSRot(72).jpg_4935b60c-cd71-4fa4-92d5-5bc014ce5b4a.jpg,Bacterial Soft Rot
Bacterial Soft Rot/N_456BacterialSoftRot_original_BSRot(72).jpg_704b6bb7-0471-4e7e-a8dc-3b215661db14.jpg,Bacterial Soft Rot
Bacterial Soft Rot/N_456BacterialSoftRot_original_BSRot(72).jpg_7947a833-ab36-4bdd-9469-fbddd7062af2.jpg,Bacterial Soft Rot
Bacterial Soft Rot/N_456BacterialSoftRot_original_BSRot(72).jpg_7fb99d28-4f8c-493a-9aa6-f211cdfd76f8.jpg,Bacterial Soft Rot
Bacterial Soft Rot/N_456BacterialSoftRot_original_BSRot(72).jpg_8ff3661f-c543-4b0e-9d31-57ee1db7dc1b.jpg,Bacterial Soft Rot
Bacterial Soft Rot/N_456BacterialSoftRot_original_BSRot(72).jpg_997b80fc-94b5-42ad-8d01-c54d725eb895.jpg,Bacterial Soft Rot
Bacterial Soft Rot/N_456BacterialSoftRot_original_BSRot(72).jpg_a77dd80a-b585-41a7-bd34-2b054fa3c045.jpg,Bacterial Soft Rot
Bacterial Soft Rot/N_456BacterialSoftRot_original_BSRot(72).jpg_b9661716-8d80-419a-a61e-56727ae52958.jpg,Bacterial Soft Rot
Bacterial Soft Rot/N_456BacterialSoftRot_original_BSRot(72).jpg_e9d2f799-8294-4353-a2e7-41652219f4bf.jpg,Bacterial Soft Rot
Bacterial Soft Rot/N_456BacterialSoftRot_original_BSRot(72).jpg_ef1d83d3-cda7-4650-9421-ec16cda67741.jpg,Bacterial Soft Rot
Bacterial Soft Rot/N_456BacterialSoftRot_original_BSRot(73).jpg_2e8927a2-4df7-4e6a-886d-8ea34fea8545.jpg,Bacterial Soft Rot
Bacterial Soft Rot/N_456BacterialSoftRot_original_BSRot(73).jpg_359a58df-2ad4-4b2f-9c44-86d31d011c90.jpg,Bacterial Soft Rot
Bacterial Soft Rot/N_456BacterialSoftRot_original_BSRot(73).jpg_3fca2895-0c12-44e0-a00a-7a29685e4c41.jpg,Bacterial Soft Rot
Bacterial Soft Rot/N_456BacterialSoftRot_original_BSRot(73).jpg_4c502437-3aec-453d-902a-2dc319a2c4e4.jpg,Bacterial Soft Rot
Bacterial Soft Rot/N_456BacterialSoftRot_original_BSRot(73).jpg_5877c98d-e0a1-4050-808a-7b4dbad01073.jpg,Bacterial Soft Rot
Bacterial Soft Rot/N_456BacterialSoftRot_original_BSRot(73).jpg_58d0ca44-9385-462a-8bb8-da3ba0c2799d.jpg,Bacterial Soft Rot
Bacterial Soft Rot/N_456BacterialSoftRot_original_BSRot(73).jpg_706acd22-15a9-4dcc-ac38-b0385495e963.jpg,Bacterial Soft Rot
Bacterial Soft Rot/N_456BacterialSoftRot_original_BSRot(73).jpg_70cb48a7-2cac-47dc-82e2-bd67880cf938.jpg,Bacterial Soft Rot
Bacterial Soft Rot/N_456BacterialSoftRot_original_BSRot(73).jpg_7b2dff5a-1e24-439f-81fd-66e998f79952.jpg,Bacterial Soft Rot
Bacterial Soft Rot/N_456BacterialSoftRot_original_BSRot(73).jpg_7fff32b1-dfbb-4494-96c0-ee1f314ee734.jpg,Bacterial Soft Rot
Bacterial Soft Rot/N_456BacterialSoftRot_original_BSRot(73).jpg_97d6e93d-0a2c-4c8a-ad90-5fbf4d37d421.jpg,Bacterial Soft Rot
Bacterial Soft Rot/N_456BacterialSoftRot_original_BSRot(73).jpg_c39ac37b-3b0e-4a9e-af6a-25e337caa5c8.jpg,Bacterial Soft Rot
Bacterial Soft Rot/N_456BacterialSoftRot_original_BSRot(73).jpg_cf6f21d3-ba12-4415-8f9b-98c98386b278.jpg,Bacterial Soft Rot
Bacterial Soft Rot/N_456BacterialSoftRot_original_BSRot(73).jpg_de9c2e3e-f33d-4296-a2a0-cb64cb3fe317.jpg,Bacterial Soft Rot
Bacterial Soft Rot/N_456BacterialSoftRot_original_BSRot(73).jpg_ee2a7bf6-2bda-4683-9e5c-77357bc17495.jpg,Bacterial Soft Rot
Bacterial Soft Rot/N_456BacterialSoftRot_original_BSRot(73).jpg_ff05a790-00e5-40dd-a49c-07795a87c7ee.jpg,Bacterial Soft Rot
Bacterial Soft Rot/N_456BacterialSoftRot_original_BSRot(74).jpg_082f17cf-4b24-45d9-b91e-6b13030439d1.jpg,Bacterial Soft Rot
Bacterial Soft Rot/N_456BacterialSoftRot_original_BSRot(74).jpg_0eaeaac6-9b18-41d1-af2a-05c81a2a097e.jpg,Bacterial Soft Rot
Bacterial Soft Rot/N_456BacterialSoftRot_original_BSRot(74).jpg_68c0375e-3f0a-4aec-bf16-2840ed1e9f33.jpg,Bacterial Soft Rot
Bacterial Soft Rot/N_456BacterialSoftRot_original_BSRot(74).jpg_71f17179-8819-4b91-8077-b9155733db43.jpg,Bacterial Soft Rot
Bacterial Soft Rot/N_456BacterialSoftRot_original_BSRot(74).jpg_8a472e1e-26ad-4dff-a7e4-6b420a7dde41.jpg,Bacterial Soft Rot
Bacterial Soft Rot/N_456BacterialSoftRot_original_BSRot(74).jpg_92d8a543-d8ba-4823-88f3-27faa2085a46.jpg,Bacterial Soft Rot
Bacterial Soft Rot/N_456BacterialSoftRot_original_BSRot(74).jpg_b73b8505-c98f-4a7d-97ce-1012e9a848f5.jpg,Bacterial Soft Rot
Bacterial Soft Rot/N_456BacterialSoftRot_original_BSRot(74).jpg_f0623a8a-0eac-45f6-a67b-e22ac4d494e5.jpg,Bacterial Soft Rot
Bacterial Soft Rot/N_456BacterialSoftRot_original_BSRot(74).jpg_f22e3ba6-06a3-4268-a0fb-65d3436e74a8.jpg,Bacterial Soft Rot
Bacterial Soft Rot/N_456BacterialSoftRot_original_BSRot(74).jpg_f3236540-4b28-4c99-9be2-7ad4c08a470b.jpg,Bacterial Soft Rot
Bacterial Soft Rot/N_456BacterialSoftRot_original_BSRot(74).jpg_f7c1f840-0928-494c-871d-ee169f5a9b45.jpg,Bacterial Soft Rot
Bacterial Soft Rot/N_456BacterialSoftRot_original_BSRot(75).jpg_1f69b9d6-85fb-4c08-a046-bca50134319b.jpg,Bacterial Soft Rot
Bacterial Soft Rot/N_456BacterialSoftRot_original_BSRot(75).jpg_204bcfbf-66b3-41da-a5d9-176b94cede00.jpg,Bacterial Soft Rot
Bacterial Soft Rot/N_456BacterialSoftRot_original_BSRot(75).jpg_309c0483-13a8-4254-ad19-3946401e8214.jpg,Bacterial Soft Rot
Bacterial Soft Rot/N_456BacterialSoftRot_original_BSRot(75).jpg_522a62aa-1a32-42fc-ab68-0dc9dcebf45b.jpg,Bacterial Soft Rot
Bacterial Soft Rot/N_456BacterialSoftRot_original_BSRot(75).jpg_b6c8e489-8030-4e6f-b7df-337c8f8a3988.jpg,Bacterial Soft Rot
Bacterial Soft Rot/N_456BacterialSoftRot_original_BSRot(75).jpg_f221a553-3df7-40ce-87c0-e1085a414891.jpg,Bacterial Soft Rot
Bacterial Soft Rot/N_456BacterialSoftRot_original_BSRot(76).jpg_11450c61-772a-43f7-8977-6e6c2200dd3a.jpg,Bacterial Soft Rot
Bacterial Soft Rot/N_456BacterialSoftRot_original_BSRot(76).jpg_19a320c6-6be8-4dfc-8681-104bc2034f83.jpg,Bacterial Soft Rot
Bacterial Soft Rot/N_456BacterialSoftRot_original_BSRot(76).jpg_2a343194-6511-4722-82af-7d9d19d9d050.jpg,Bacterial Soft Rot
Bacterial Soft Rot/N_456BacterialSoftRot_original_BSRot(76).jpg_51a70fa5-84ed-4a78-b684-eb0f04b24bac.jpg,Bacterial Soft Rot
Bacterial Soft Rot/N_456BacterialSoftRot_original_BSRot(76).jpg_57df840e-900f-48a6-bf49-9fd3bbc1ecc5.jpg,Bacterial Soft Rot
Bacterial Soft Rot/N_456BacterialSoftRot_original_BSRot(76).jpg_80c7febe-b88f-49e6-bd3b-a80ce6fa8fcd.jpg,Bacterial Soft Rot
Bacterial Soft Rot/N_456BacterialSoftRot_original_BSRot(76).jpg_82b1f0bf-b2b6-4fdf-b415-600ff367afe4.jpg,Bacterial Soft Rot
Bacterial Soft Rot/N_456BacterialSoftRot_original_BSRot(76).jpg_a4271f3f-d9d3-4100-b3fb-697417e610f3.jpg,Bacterial Soft Rot
Bacterial Soft Rot/N_456BacterialSoftRot_original_BSRot(76).jpg_a6546c04-45e2-4a33-9e73-5aad63967cde.jpg,Bacterial Soft Rot
Bacterial Soft Rot/N_456BacterialSoftRot_original_BSRot(76).jpg_feb88a90-de64-4a5d-b050-846a9f9ca943.jpg,Bacterial Soft Rot
Bacterial Soft Rot/N_456BacterialSoftRot_original_BSRot(77).jpg_326c8ff4-a279-4baa-87f8-b33bc21d7d1b.jpg,Bacterial Soft Rot
Bacterial Soft Rot/N_456BacterialSoftRot_original_BSRot(77).jpg_559417e9-6693-482a-9442-42b712bb1117.jpg,Bacterial Soft Rot
Bacterial Soft Rot/N_456BacterialSoftRot_original_BSRot(77).jpg_7c55c124-3893-459c-8e7e-a8d817f960fb.jpg,Bacterial Soft Rot
Bacterial Soft Rot/N_456BacterialSoftRot_original_BSRot(77).jpg_9560fe2c-c606-4e43-b475-0094488339c0.jpg,Bacterial Soft Rot
Bacterial Soft Rot/N_456BacterialSoftRot_original_BSRot(77).jpg_962366a4-24dc-448f-b368-900327155bbf.jpg,Bacterial Soft Rot
Bacterial Soft Rot/N_456BacterialSoftRot_original_BSRot(77).jpg_a275b92b-610f-4e31-9cfd-3d60f2a654ec.jpg,Bacterial Soft Rot
Bacterial Soft Rot/N_456BacterialSoftRot_original_BSRot(77).jpg_a5a25599-1de6-46a0-95a0-9ccd321b06da.jpg,Bacterial Soft Rot
Bacterial Soft Rot/N_456BacterialSoftRot_original_BSRot(77).jpg_b12d17a7-fc32-447b-9998-b5d7b4853c4e.jpg,Bacterial Soft Rot
Bacterial Soft Rot/N_456BacterialSoftRot_original_BSRot(77).jpg_b2d2cd4d-444b-49e2-8ce2-1c5622cd3c8c.jpg,Bacterial Soft Rot
Bacterial Soft Rot/N_456BacterialSoftRot_original_BSRot(77).jpg_b54d348b-6e4c-49cd-bd11-2d6797ba9157.jpg,Bacterial Soft Rot
Bacterial Soft Rot/N_456BacterialSoftRot_original_BSRot(77).jpg_c3721c42-3c09-4664-a340-bfb236db93a7.jpg,Bacterial Soft Rot
Bacterial Soft Rot/N_456BacterialSoftRot_original_BSRot(77).jpg_c43a63e2-9509-469f-8de0-c48d96281cc3.jpg,Bacterial Soft Rot
Bacterial Soft Rot/N_456BacterialSoftRot_original_BSRot(77).jpg_df736121-c056-4e30-9d28-09810c1de2ae.jpg,Bacterial Soft Rot
Bacterial Soft Rot/N_456BacterialSoftRot_original_BSRot(77).jpg_fc3535b9-872f-4817-9198-b8a0905c2dac.jpg,Bacterial Soft Rot
Bacterial Soft Rot/N_456BacterialSoftRot_original_BSRot(77).jpg_fc35ceeb-902a-4502-aa7b-17b3a64162fa.jpg,Bacterial Soft Rot
Bacterial Soft Rot/N_456BacterialSoftRot_original_BSRot(78).jpg_07da6159-8e19-4fa1-8ebe-a63652cea247.jpg,Bacterial Soft Rot
Bacterial Soft Rot/N_456BacterialSoftRot_original_BSRot(78).jpg_54dfe2e1-4c40-42f3-b244-34545403f991.jpg,Bacterial Soft Rot
Bacterial Soft Rot/N_456BacterialSoftRot_original_BSRot(78).jpg_5e998b04-61ea-4f24-bb9e-d98782b00102.jpg,Bacterial Soft Rot
Bacterial Soft Rot/N_456BacterialSoftRot_original_BSRot(78).jpg_62f00fab-c605-4d62-afb1-7025408182b4.jpg,Bacterial Soft Rot
Bacterial Soft Rot/N_456BacterialSoftRot_original_BSRot(78).jpg_90e27805-8f54-45f2-9445-46c8d668b751.jpg,Bacterial Soft Rot
Bacterial Soft Rot/N_456BacterialSoftRot_original_BSRot(78).jpg_9ac2d511-3bf6-44cf-b0b1-64d8da3c8fcc.jpg,Bacterial Soft Rot
Bacterial Soft Rot/N_456BacterialSoftRot_original_BSRot(78).jpg_9ffe30cf-8636-4ec6-a749-ed381db8c9d6.jpg,Bacterial Soft Rot
Bacterial Soft Rot/N_456BacterialSoftRot_original_BSRot(78).jpg_bb6d1c97-05d2-4503-ae2e-1bf425dca554.jpg,Bacterial Soft Rot
Bacterial Soft Rot/N_456BacterialSoftRot_original_BSRot(78).jpg_c2195988-febf-44f8-95e1-46247be9681d.jpg,Bacterial Soft Rot
Bacterial Soft Rot/N_456BacterialSoftRot_original_BSRot(78).jpg_c82a7ba5-0f28-4267-acb5-e53350818a55.jpg,Bacterial Soft Rot
Bacterial Soft Rot/N_456BacterialSoftRot_original_BSRot(78).jpg_da5916c9-b1f2-43bc-9017-271c7edf5ea5.jpg,Bacterial Soft Rot
Bacterial Soft Rot/N_456BacterialSoftRot_original_BSRot(78).jpg_e5ca57b1-2efd-4dbe-a32e-0833964ce49a.jpg,Bacterial Soft Rot
Bacterial Soft Rot/N_456BacterialSoftRot_original_BSRot(79).jpg_31242e1c-df02-497e-99f5-9e0ec0e238e0.jpg,Bacterial Soft Rot
Bacterial Soft Rot/N_456BacterialSoftRot_original_BSRot(79).jpg_37f02f7f-1f6e-4471-b0e3-5f578e0cf958.jpg,Bacterial Soft Rot
Bacterial Soft Rot/N_456BacterialSoftRot_original_BSRot(79).jpg_3889f879-691d-4aeb-ac4f-123521e965d7.jpg,Bacterial Soft Rot
Bacterial Soft Rot/N_456BacterialSoftRot_original_BSRot(79).jpg_4ab7c267-6ab0-4960-8773-ffc53381aa6f.jpg,Bacterial Soft Rot
Bacterial Soft Rot/N_456BacterialSoftRot_original_BSRot(79).jpg_597754bd-2987-4335-aba8-a39db8a4efb2.jpg,Bacterial Soft Rot
Bacterial Soft Rot/N_456BacterialSoftRot_original_BSRot(79).jpg_5a73fd3b-bd50-440e-b0e9-2a34c9d64d78.jpg,Bacterial Soft Rot
Bacterial Soft Rot/N_456BacterialSoftRot_original_BSRot(79).jpg_8b40b140-dee2-4998-99b6-b5110d472621.jpg,Bacterial Soft Rot
Bacterial Soft Rot/N_456BacterialSoftRot_original_BSRot(79).jpg_9afe6012-5392-4e74-926d-be2464c1d78c.jpg,Bacterial Soft Rot
Bacterial Soft Rot/N_456BacterialSoftRot_original_BSRot(79).jpg_a76331c7-15b1-43f7-90ef-4206a2ebdcff.jpg,Bacterial Soft Rot
Bacterial Soft Rot/N_456BacterialSoftRot_original_BSRot(79).jpg_b200957f-7a1f-41c5-8b5a-51bdbf1ebbf1.jpg,Bacterial Soft Rot
Bacterial Soft Rot/N_456BacterialSoftRot_original_BSRot(79).jpg_c2a0f02d-719a-40b3-9f3c-b52914b4c3de.jpg,Bacterial Soft Rot
Bacterial Soft Rot/N_456BacterialSoftRot_original_BSRot(79).jpg_d04fc474-bbf4-42d5-9510-8a8e840d71c8.jpg,Bacterial Soft Rot
Bacterial Soft Rot/N_456BacterialSoftRot_original_BSRot(8).jpg_01a5d307-48ab-4073-b41c-225fe2fd9207.jpg,Bacterial Soft Rot
Bacterial Soft Rot/N_456BacterialSoftRot_original_BSRot(8).jpg_029fba56-eacf-420d-8179-675745e1d91e.jpg,Bacterial Soft Rot
Bacterial Soft Rot/N_456BacterialSoftRot_original_BSRot(8).jpg_0eaae58f-53fb-4d53-9436-37044b0d84ee.jpg,Bacterial Soft Rot
Bacterial Soft Rot/N_456BacterialSoftRot_original_BSRot(8).jpg_142dbb01-19c5-4b8c-ae48-3ed41fda92fa.jpg,Bacterial Soft Rot
Bacterial Soft Rot/N_456BacterialSoftRot_original_BSRot(8).jpg_302bcb5a-5371-4e1e-9245-89fbb3d85277.jpg,Bacterial Soft Rot
Bacterial Soft Rot/N_456BacterialSoftRot_original_BSRot(8).jpg_55803778-b78e-4ae4-bdda-c9eb6f3fd76c.jpg,Bacterial Soft Rot
Bacterial Soft Rot/N_456BacterialSoftRot_original_BSRot(8).jpg_59c58120-9f48-409a-b07c-38058d2d8d6c.jpg,Bacterial Soft Rot
Bacterial Soft Rot/N_456BacterialSoftRot_original_BSRot(8).jpg_63f41cdb-f3ff-4f60-8a85-e0b229a7f64d.jpg,Bacterial Soft Rot
Bacterial Soft Rot/N_456BacterialSoftRot_original_BSRot(8).jpg_6fc12a85-c219-4d5d-9b7b-fa30cd8e6ba8.jpg,Bacterial Soft Rot
Bacterial Soft Rot/N_456BacterialSoftRot_original_BSRot(8).jpg_723316bf-d85b-47eb-bf1e-a1de7e76d4bc.jpg,Bacterial Soft Rot
Bacterial Soft Rot/N_456BacterialSoftRot_original_BSRot(8).jpg_77dc0b5e-1497-45dc-aa65-cd1226776a21.jpg,Bacterial Soft Rot
Bacterial Soft Rot/N_456BacterialSoftRot_original_BSRot(8).jpg_bdfecc6d-3ae4-45ab-b239-a89ec9610234.jpg,Bacterial Soft Rot
Bacterial Soft Rot/N_456BacterialSoftRot_original_BSRot(8).jpg_ca67dbed-2cf5-44ef-804c-b7fd1a41142f.jpg,Bacterial Soft Rot
Bacterial Soft Rot/N_456BacterialSoftRot_original_BSRot(80).jpg_1ba4bfe8-5d4c-48be-98aa-67e413a47cd8.jpg,Bacterial Soft Rot
Bacterial Soft Rot/N_456BacterialSoftRot_original_BSRot(80).jpg_6aa42ec1-f97e-497a-94d0-b09aed4a6b9e.jpg,Bacterial Soft Rot
Bacterial Soft Rot/N_456BacterialSoftRot_original_BSRot(80).jpg_80f8d19e-588d-4d08-beab-329d15678fb7.jpg,Bacterial Soft Rot
Bacterial Soft Rot/N_456BacterialSoftRot_original_BSRot(80).jpg_811c37de-a8a2-4ddf-b519-5106b8bb523b.jpg,Bacterial Soft Rot
Bacterial Soft Rot/N_456BacterialSoftRot_original_BSRot(80).jpg_9a89b2f8-9953-4dd5-925c-8dcf3d58d03e.jpg,Bacterial Soft Rot
Bacterial Soft Rot/N_456BacterialSoftRot_original_BSRot(80).jpg_a67245f7-2a8c-4b00-a94d-9dd2a6ce45b3.jpg,Bacterial Soft Rot
Bacterial Soft Rot/N_456BacterialSoftRot_original_BSRot(80).jpg_e5154506-fde2-4ad6-a7af-5f8c62ea1290.jpg,Bacterial Soft Rot
Bacterial Soft Rot/N_456BacterialSoftRot_original_BSRot(80).jpg_e76f117b-e317-413d-8686-3d7e2c821ee3.jpg,Bacterial Soft Rot
Bacterial Soft Rot/N_456BacterialSoftRot_original_BSRot(81).jpg_1ee763f2-bcf3-4442-87de-d24c019c6bfb.jpg,Bacterial Soft Rot
Bacterial Soft Rot/N_456BacterialSoftRot_original_BSRot(81).jpg_3f6e5744-6f16-4bc9-93a5-1b860a0ad4ce.jpg,Bacterial Soft Rot
Bacterial Soft Rot/N_456BacterialSoftRot_original_BSRot(81).jpg_7b350cd0-a3d7-461c-b706-f85831a5f251.jpg,Bacterial Soft Rot
Bacterial Soft Rot/N_456BacterialSoftRot_original_BSRot(81).jpg_9531db60-466c-4b89-9b45-3aae8d7949e5.jpg,Bacterial Soft Rot
Bacterial Soft Rot/N_456BacterialSoftRot_original_BSRot(81).jpg_b3052406-0cce-4f41-bb8c-aa4d9c8debe8.jpg,Bacterial Soft Rot
Bacterial Soft Rot/N_456BacterialSoftRot_original_BSRot(81).jpg_bc19332d-63fa-46e0-a9bd-0101e5a87648.jpg,Bacterial Soft Rot
Bacterial Soft Rot/N_456BacterialSoftRot_original_BSRot(81).jpg_d1a9d0c0-c40c-4bf9-b27e-2a1642738a5a.jpg,Bacterial Soft Rot
Bacterial Soft Rot/N_456BacterialSoftRot_original_BSRot(81).jpg_e7ca2fdd-2f6f-437f-8019-869c36c81d57.jpg,Bacterial Soft Rot
Bacterial Soft Rot/N_456BacterialSoftRot_original_BSRot(81).jpg_fb6d1868-c628-444a-a0bd-0dc3e1bf7b84.jpg,Bacterial Soft Rot
Bacterial Soft Rot/N_456BacterialSoftRot_original_BSRot(81).jpg_fc19537b-06f8-48ac-b007-e1fd9ad0b0a0.jpg,Bacterial Soft Rot
Bacterial Soft Rot/N_456BacterialSoftRot_original_BSRot(82).jpg_0f573842-a346-4665-892b-8c2dcceccde4.jpg,Bacterial Soft Rot
Bacterial Soft Rot/N_456BacterialSoftRot_original_BSRot(82).jpg_120f94f2-819e-4bc3-b229-876fd7f40562.jpg,Bacterial Soft Rot
Bacterial Soft Rot/N_456BacterialSoftRot_original_BSRot(82).jpg_20c48f83-b8ea-4c9e-b216-7c1b587bdd11.jpg,Bacterial Soft Rot
Bacterial Soft Rot/N_456BacterialSoftRot_original_BSRot(82).jpg_23a0d8a1-e7aa-4943-b073-fc7ab425c967.jpg,Bacterial Soft Rot
Bacterial Soft Rot/N_456BacterialSoftRot_original_BSRot(82).jpg_3fa7a35b-11a8-409a-8f3a-3bf009b4a0da.jpg,Bacterial Soft Rot
Bacterial Soft Rot/N_456BacterialSoftRot_original_BSRot(82).jpg_44978bd1-e942-4c47-9024-4f57c9cf7091.jpg,Bacterial Soft Rot
Bacterial Soft Rot/N_456BacterialSoftRot_original_BSRot(82).jpg_50de1622-97e0-48e2-9a47-0003ab7af4bd.jpg,Bacterial Soft Rot
Bacterial Soft Rot/N_456BacterialSoftRot_original_BSRot(82).jpg_65ee5a1b-21a8-4aee-a4f1-ab75921cefcd.jpg,Bacterial Soft Rot
Bacterial Soft Rot/N_456BacterialSoftRot_original_BSRot(82).jpg_7f640a35-c3a1-4e41-b89b-c05d7299d955.jpg,Bacterial Soft Rot
Bacterial Soft Rot/N_456BacterialSoftRot_original_BSRot(82).jpg_878e58a4-eeab-4f40-8081-b1b6a8919302.jpg,Bacterial Soft Rot
Bacterial Soft Rot/N_456BacterialSoftRot_original_BSRot(82).jpg_90e1b549-ea13-44ee-901e-851fff418dba.jpg,Bacterial Soft Rot
Bacterial Soft Rot/N_456BacterialSoftRot_original_BSRot(82).jpg_a48a97b6-9f7b-4648-92ba-2b1e43959f15.jpg,Bacterial Soft Rot
Bacterial Soft Rot/N_456BacterialSoftRot_original_BSRot(82).jpg_aa01bba5-3d57-469a-acea-02edeac225a0.jpg,Bacterial Soft Rot
Bacterial Soft Rot/N_456BacterialSoftRot_original_BSRot(82).jpg_c52e51b5-a574-45d7-905d-1cad325f3b74.jpg,Bacterial Soft Rot
Bacterial Soft Rot/N_456BacterialSoftRot_original_BSRot(82).jpg_d5895b01-5f4a-4911-ae4d-0c9263643c19.jpg,Bacterial Soft Rot
Bacterial Soft Rot/N_456BacterialSoftRot_original_BSRot(82).jpg_d9525ebc-23a6-485b-ade1-d315fe06e1d3.jpg,Bacterial Soft Rot
Bacterial Soft Rot/N_456BacterialSoftRot_original_BSRot(82).jpg_f8c19a16-da07-4a40-88b4-6d1bcbee6c8d.jpg,Bacterial Soft Rot
Bacterial Soft Rot/N_456BacterialSoftRot_original_BSRot(83).jpg_27027d87-404d-415e-a09b-e7e40aec1211.jpg,Bacterial Soft Rot
Bacterial Soft Rot/N_456BacterialSoftRot_original_BSRot(83).jpg_47a09237-ff3d-4b6a-a54a-71569752859d.jpg,Bacterial Soft Rot
Bacterial Soft Rot/N_456BacterialSoftRot_original_BSRot(83).jpg_56b5ecf2-68f0-4f23-ad56-c7d47f16e3be.jpg,Bacterial Soft Rot
Bacterial Soft Rot/N_456BacterialSoftRot_original_BSRot(83).jpg_5787bad9-121f-4f3d-b59f-b4167bac9aff.jpg,Bacterial Soft Rot
Bacterial Soft Rot/N_456BacterialSoftRot_original_BSRot(83).jpg_72734aba-e1d0-4da3-acb6-02cecf55d3dc.jpg,Bacterial Soft Rot
Bacterial Soft Rot/N_456BacterialSoftRot_original_BSRot(83).jpg_7739a6c5-8500-41bb-a9c7-2eea888676a8.jpg,Bacterial Soft Rot
Bacterial Soft Rot/N_456BacterialSoftRot_original_BSRot(83).jpg_7a689792-86c2-48dc-8962-2bf6b9ee6a3e.jpg,Bacterial Soft Rot
Bacterial Soft Rot/N_456BacterialSoftRot_original_BSRot(83).jpg_86811e0c-90dc-4e48-8f52-72215bff9b53.jpg,Bacterial Soft Rot
Bacterial Soft Rot/N_456BacterialSoftRot_original_BSRot(83).jpg_9755c500-65eb-4196-9c0b-accd14c95c4a.jpg,Bacterial Soft Rot
Bacterial Soft Rot/N_456BacterialSoftRot_original_BSRot(83).jpg_a55737a2-8014-40aa-846d-c78c7e361ffa.jpg,Bacterial Soft Rot
Bacterial Soft Rot/N_456BacterialSoftRot_original_BSRot(83).jpg_a603a7ae-8603-4447-a850-6008ee57ded8.jpg,Bacterial Soft Rot
Bacterial Soft Rot/N_456BacterialSoftRot_original_BSRot(83).jpg_b00ba801-f87c-4d4a-8b75-2cc2abb396a6.jpg,Bacterial Soft Rot
Bacterial Soft Rot/N_456BacterialSoftRot_original_BSRot(83).jpg_bd84e3c5-0179-4e29-912f-6dcb0e510bb5.jpg,Bacterial Soft Rot
Bacterial Soft Rot/N_456BacterialSoftRot_original_BSRot(83).jpg_e5602388-f5df-4028-a4e8-3d7a618cee91.jpg,Bacterial Soft Rot
Bacterial Soft Rot/N_456BacterialSoftRot_original_BSRot(83).jpg_fb866dc2-5723-4e29-a06f-2fd4a982e39f.jpg,Bacterial Soft Rot
Bacterial Soft Rot/N_456BacterialSoftRot_original_BSRot(84).jpg_01489201-cc98-461a-9366-b303c88ff22b.jpg,Bacterial Soft Rot
Bacterial Soft Rot/N_456BacterialSoftRot_original_BSRot(84).jpg_720d4e77-f7ba-4a47-b539-34b166feb541.jpg,Bacterial Soft Rot
Bacterial Soft Rot/N_456BacterialSoftRot_original_BSRot(84).jpg_74761eb9-a381-42bf-9b57-060c05b3a415.jpg,Bacterial Soft Rot
Bacterial Soft Rot/N_456BacterialSoftRot_original_BSRot(84).jpg_a8c0cb68-edd3-435d-b1d5-07d87874cbd7.jpg,Bacterial Soft Rot
Bacterial Soft Rot/N_456BacterialSoftRot_original_BSRot(84).jpg_b610d9f1-a4df-41c9-9e92-74c1a834b671.jpg,Bacterial Soft Rot
Bacterial Soft Rot/N_456BacterialSoftRot_original_BSRot(84).jpg_ce642355-0659-41d3-b1c8-d17fbdaa5af6.jpg,Bacterial Soft Rot
Bacterial Soft Rot/N_456BacterialSoftRot_original_BSRot(84).jpg_d718504f-b3bf-4422-a97e-9b5f1fdb4506.jpg,Bacterial Soft Rot
Bacterial Soft Rot/N_456BacterialSoftRot_original_BSRot(85).jpg_0b1266d2-aeca-44e6-ab18-2e62e5ab2c15.jpg,Bacterial Soft Rot
Bacterial Soft Rot/N_456BacterialSoftRot_original_BSRot(85).jpg_141ffc79-c651-4296-9d88-3ba0d0c8ba9b.jpg,Bacterial Soft Rot
Bacterial Soft Rot/N_456BacterialSoftRot_original_BSRot(85).jpg_3998a6c3-ba32-4492-98cd-bb973abe2ed2.jpg,Bacterial Soft Rot
Bacterial Soft Rot/N_456BacterialSoftRot_original_BSRot(85).jpg_47fcab69-74b9-44a7-958c-9a78f257ca88.jpg,Bacterial Soft Rot
Bacterial Soft Rot/N_456BacterialSoftRot_original_BSRot(85).jpg_4cc813e4-ec44-4246-87d9-29e9a84f8687.jpg,Bacterial Soft Rot
Bacterial Soft Rot/N_456BacterialSoftRot_original_BSRot(85).jpg_502fd162-324b-4688-98c2-21ef4f1a7a83.jpg,Bacterial Soft Rot
Bacterial Soft Rot/N_456BacterialSoftRot_original_BSRot(85).jpg_5e832375-3421-4651-8b8b-40213537f227.jpg,Bacterial Soft Rot
Bacterial Soft Rot/N_456BacterialSoftRot_original_BSRot(85).jpg_705e7c8e-7ad0-4394-90e1-acea950af681.jpg,Bacterial Soft Rot
Bacterial Soft Rot/N_456BacterialSoftRot_original_BSRot(85).jpg_76b902d0-3a6d-4e65-ba71-0ec582ffd7bb.jpg,Bacterial Soft Rot
Bacterial Soft Rot/N_456BacterialSoftRot_original_BSRot(85).jpg_7deff500-1a4d-4560-a58c-64fe55f49ddc.jpg,Bacterial Soft Rot
Bacterial Soft Rot/N_456BacterialSoftRot_original_BSRot(85).jpg_b9abd037-90e9-48e9-9fed-43dcf6e2fafc.jpg,Bacterial Soft Rot
Bacterial Soft Rot/N_456BacterialSoftRot_original_BSRot(86).jpg_24b7faa2-5ba8-46f4-87bb-26a4ad06e2da.jpg,Bacterial Soft Rot
Bacterial Soft Rot/N_456BacterialSoftRot_original_BSRot(86).jpg_42a89124-103f-412c-a7c1-820a8e4e06d6.jpg,Bacterial Soft Rot
Bacterial Soft Rot/N_456BacterialSoftRot_original_BSRot(86).jpg_a03808c6-2cf5-4988-affd-f3368ff269d6.jpg,Bacterial Soft Rot
Bacterial Soft Rot/N_456BacterialSoftRot_original_BSRot(86).jpg_a1d3dc22-a983-4194-8c98-5bcfe02d4bb8.jpg,Bacterial Soft Rot
Bacterial Soft Rot/N_456BacterialSoftRot_original_BSRot(86).jpg_a4d55a4e-efd8-479f-bd17-465e9bf7add8.jpg,Bacterial Soft Rot
Bacterial Soft Rot/N_456BacterialSoftRot_original_BSRot(86).jpg_bd14959c-0eb2-4027-8736-7727bfaa0d28.jpg,Bacterial Soft Rot
Bacterial Soft Rot/N_456BacterialSoftRot_original_BSRot(86).jpg_c479c056-3bd1-460e-a4c7-1cbe87e1a2e8.jpg,Bacterial Soft Rot
Bacterial Soft Rot/N_456BacterialSoftRot_original_BSRot(86).jpg_c8bf8d23-3b86-429f-bc9a-eb9101f0b30a.jpg,Bacterial Soft Rot
Bacterial Soft Rot/N_456BacterialSoftRot_original_BSRot(86).jpg_dc3768f0-9622-4133-9a65-2db0ad45185c.jpg,Bacterial Soft Rot
Bacterial Soft Rot/N_456BacterialSoftRot_original_BSRot(87).jpg_036c4465-4600-470b-93d6-5ebbd62657ca.jpg,Bacterial Soft Rot
Bacterial Soft Rot/N_456BacterialSoftRot_original_BSRot(87).jpg_3c4bbef8-595f-4158-b3a5-feed32663c98.jpg,Bacterial Soft Rot
Bacterial Soft Rot/N_456BacterialSoftRot_original_BSRot(87).jpg_3f335713-3e4d-4712-ad80-ef692194313d.jpg,Bacterial Soft Rot
Bacterial Soft Rot/N_456BacterialSoftRot_original_BSRot(87).jpg_68e15a66-828c-40d4-bb2c-0ef8246a026a.jpg,Bacterial Soft Rot
Bacterial Soft Rot/N_456BacterialSoftRot_original_BSRot(87).jpg_6ca1b52a-d12e-4d16-a390-11f2e5519d97.jpg,Bacterial Soft Rot
Bacterial Soft Rot/N_456BacterialSoftRot_original_BSRot(87).jpg_7b9db271-5dea-4ab8-bac5-9f87c0282d52.jpg,Bacterial Soft Rot
Bacterial Soft Rot/N_456BacterialSoftRot_original_BSRot(87).jpg_a4d30c95-738d-4e9d-a08e-a772e91420b6.jpg,Bacterial Soft Rot
Bacterial Soft Rot/N_456BacterialSoftRot_original_BSRot(87).jpg_a9157937-6001-4000-8a90-a2c77676e6c4.jpg,Bacterial Soft Rot
Bacterial Soft Rot/N_456BacterialSoftRot_original_BSRot(87).jpg_c68c80a9-0c0c-4553-8be4-b2646d8a947a.jpg,Bacterial Soft Rot
Bacterial Soft Rot/N_456BacterialSoftRot_original_BSRot(87).jpg_dc9967c4-161c-401d-afe0-268b55e1224b.jpg,Bacterial Soft Rot
Bacterial Soft Rot/N_456BacterialSoftRot_original_BSRot(87).jpg_ee65de55-6541-47d1-ac8d-9cb9d41de363.jpg,Bacterial Soft Rot
Bacterial Soft Rot/N_456BacterialSoftRot_original_BSRot(88).jpg_2b4df501-aca7-4239-bb6b-ffe03566cab9.jpg,Bacterial Soft Rot
Bacterial Soft Rot/N_456BacterialSoftRot_original_BSRot(88).jpg_2efe20b3-2822-4d48-aff8-e4d687e159e8.jpg,Bacterial Soft Rot
Bacterial Soft Rot/N_456BacterialSoftRot_original_BSRot(88).jpg_3f44982a-afe7-43b3-aa09-8c92dd3d85e6.jpg,Bacterial Soft Rot
Bacterial Soft Rot/N_456BacterialSoftRot_original_BSRot(88).jpg_54d380a7-a2ea-4577-9607-24c8024f1d48.jpg,Bacterial Soft Rot
Bacterial Soft Rot/N_456BacterialSoftRot_original_BSRot(88).jpg_650e9d36-dcd8-4abd-a135-9f3a6ce3c957.jpg,Bacterial Soft Rot
Bacterial Soft Rot/N_456BacterialSoftRot_original_BSRot(88).jpg_691b7760-7112-4184-96cd-d8c4de62ef24.jpg,Bacterial Soft Rot
Bacterial Soft Rot/N_456BacterialSoftRot_original_BSRot(88).jpg_8927a890-f7f4-4573-b64e-6e575a31b428.jpg,Bacterial Soft Rot
Bacterial Soft Rot/N_456BacterialSoftRot_original_BSRot(88).jpg_97cefd83-7d13-4a7f-9df2-de1ac898fb0c.jpg,Bacterial Soft Rot
Bacterial Soft Rot/N_456BacterialSoftRot_original_BSRot(88).jpg_9afab666-3c58-44ac-9f75-db9294821662.jpg,Bacterial Soft Rot
Bacterial Soft Rot/N_456BacterialSoftRot_original_BSRot(88).jpg_b3bef106-5ee7-4f03-970f-ef7ac0e37613.jpg,Bacterial Soft Rot
Bacterial Soft Rot/N_456BacterialSoftRot_original_BSRot(89).jpg_4d82b70d-d354-406e-9365-bc58c58feac8.jpg,Bacterial Soft Rot
Bacterial Soft Rot/N_456BacterialSoftRot_original_BSRot(89).jpg_533d24dd-f721-452b-9c4d-5866d813b264.jpg,Bacterial Soft Rot
Bacterial Soft Rot/N_456BacterialSoftRot_original_BSRot(89).jpg_70480519-1384-4ca2-9af5-c980a0bac58a.jpg,Bacterial Soft Rot
Bacterial Soft Rot/N_456BacterialSoftRot_original_BSRot(89).jpg_7a304f1d-0202-4487-91d3-3a6294b7f6a3.jpg,Bacterial Soft Rot
Bacterial Soft Rot/N_456BacterialSoftRot_original_BSRot(89).jpg_854cc00d-ce42-44b2-b63e-2204585374d9.jpg,Bacterial Soft Rot
Bacterial Soft Rot/N_456BacterialSoftRot_original_BSRot(89).jpg_b5ab1bc6-712f-434f-93ee-443f142e90bf.jpg,Bacterial Soft Rot
Bacterial Soft Rot/N_456BacterialSoftRot_original_BSRot(89).jpg_b5dc858e-03b3-403d-86a2-0f119797eccd.jpg,Bacterial Soft Rot
Bacterial Soft Rot/N_456BacterialSoftRot_original_BSRot(89).jpg_b6b650ed-9c5a-4fd6-8391-1d3a7af2d10f.jpg,Bacterial Soft Rot
Bacterial Soft Rot/N_456BacterialSoftRot_original_BSRot(89).jpg_b75d8b03-86d4-4fde-8204-cbac7d65fafe.jpg,Bacterial Soft Rot
Bacterial Soft Rot/N_456BacterialSoftRot_original_BSRot(89).jpg_c6485c3f-261b-40c7-82ff-8f3f29cc63ff.jpg,Bacterial Soft Rot
Bacterial Soft Rot/N_456BacterialSoftRot_original_BSRot(89).jpg_e9944012-c653-4f59-85ae-e784ab8cf930.jpg,Bacterial Soft Rot
Bacterial Soft Rot/N_456BacterialSoftRot_original_BSRot(9).jpg_20fbc128-95cd-4444-9ba1-eff0787d6dbd.jpg,Bacterial Soft Rot
Bacterial Soft Rot/N_456BacterialSoftRot_original_BSRot(9).jpg_54afc3c9-73b6-4cc6-b1b3-9c6577872674.jpg,Bacterial Soft Rot
Bacterial Soft Rot/N_456BacterialSoftRot_original_BSRot(9).jpg_63f71704-5111-407d-8e4b-9372a5cb91f8.jpg,Bacterial Soft Rot
Bacterial Soft Rot/N_456BacterialSoftRot_original_BSRot(9).jpg_7bd555db-4933-4a10-b5c7-09596d9e5e18.jpg,Bacterial Soft Rot
Bacterial Soft Rot/N_456BacterialSoftRot_original_BSRot(9).jpg_8431490a-e87c-4ebf-8074-661801d4d09a.jpg,Bacterial Soft Rot
Bacterial Soft Rot/N_456BacterialSoftRot_original_BSRot(9).jpg_ac252079-9a7b-4a75-af49-47b1b7bbe21e.jpg,Bacterial Soft Rot
Bacterial Soft Rot/N_456BacterialSoftRot_original_BSRot(9).jpg_c7464892-173e-4cd6-8527-e66d66cfc1e5.jpg,Bacterial Soft Rot
Bacterial Soft Rot/N_456BacterialSoftRot_original_BSRot(9).jpg_e4c46c5d-6d0e-4e9f-b3ca-4528300b2857.jpg,Bacterial Soft Rot
Bacterial Soft Rot/N_456BacterialSoftRot_original_BSRot(9).jpg_ef069055-c8d7-4bc2-8abc-a96c438f57a4.jpg,Bacterial Soft Rot
Bacterial Soft Rot/N_456BacterialSoftRot_original_BSRot(90).jpg_11051ae1-d49c-45c9-9685-06331c2b9b47.jpg,Bacterial Soft Rot
Bacterial Soft Rot/N_456BacterialSoftRot_original_BSRot(90).jpg_1a5a45da-905c-45c6-965e-794e8e09f08f.jpg,Bacterial Soft Rot
Bacterial Soft Rot/N_456BacterialSoftRot_original_BSRot(90).jpg_348deddf-0bac-4677-aac4-150b599eaae4.jpg,Bacterial Soft Rot
Bacterial Soft Rot/N_456BacterialSoftRot_original_BSRot(90).jpg_83e159e1-a4dc-4475-972c-b64a621cffd7.jpg,Bacterial Soft Rot
Bacterial Soft Rot/N_456BacterialSoftRot_original_BSRot(90).jpg_abb080dd-3579-43d1-afde-9ec071d90548.jpg,Bacterial Soft Rot
Bacterial Soft Rot/N_456BacterialSoftRot_original_BSRot(90).jpg_ae44864e-c6ae-440c-9872-1442d34d1229.jpg,Bacterial Soft Rot
Bacterial Soft Rot/N_456BacterialSoftRot_original_BSRot(90).jpg_b0d1a47d-d28f-4ea4-9b33-6bdb731adb3e.jpg,Bacterial Soft Rot
Bacterial Soft Rot/N_456BacterialSoftRot_original_BSRot(90).jpg_e32a1c19-1039-42ff-81ba-cd005978c502.jpg,Bacterial Soft Rot
Bacterial Soft Rot/N_456BacterialSoftRot_original_BSRot(90).jpg_ea55611c-f75b-4845-a878-8e7af2c4b65c.jpg,Bacterial Soft Rot
Bacterial Soft Rot/N_456BacterialSoftRot_original_BSRot(91).jpg_0295daed-74c2-49a9-9ca9-ed0621a7cc76.jpg,Bacterial Soft Rot
Bacterial Soft Rot/N_456BacterialSoftRot_original_BSRot(91).jpg_038a679e-1030-41c4-a8f9-a0f197713ce7.jpg,Bacterial Soft Rot
Bacterial Soft Rot/N_456BacterialSoftRot_original_BSRot(91).jpg_118614c7-64d6-4a90-bf03-fb5684c98878.jpg,Bacterial Soft Rot
Bacterial Soft Rot/N_456BacterialSoftRot_original_BSRot(91).jpg_39aef776-5da1-430e-9fef-5766b112c4dd.jpg,Bacterial Soft Rot
Bacterial Soft Rot/N_456BacterialSoftRot_original_BSRot(91).jpg_4737790b-c31f-443a-ba30-be7c05f98439.jpg,Bacterial Soft Rot
Bacterial Soft Rot/N_456BacterialSoftRot_original_BSRot(91).jpg_61aabdd3-574d-475e-8e0c-c9d2aab37119.jpg,Bacterial Soft Rot
Bacterial Soft Rot/N_456BacterialSoftRot_original_BSRot(91).jpg_d94264b1-db72-493d-8085-29609a7a7600.jpg,Bacterial Soft Rot
Bacterial Soft Rot/N_456BacterialSoftRot_original_BSRot(91).jpg_f076088f-fe49-4cf7-94f7-25ee553543df.jpg,Bacterial Soft Rot
Bacterial Soft Rot/N_456BacterialSoftRot_original_BSRot(91).jpg_f3cc8fa7-2f69-49b5-bf4f-885dc66d4a17.jpg,Bacterial Soft Rot
Bacterial Soft Rot/N_456BacterialSoftRot_original_BSRot(91).jpg_f4b29e43-638a-4fb0-84a0-075c81663b99.jpg,Bacterial Soft Rot
Bacterial Soft Rot/N_456BacterialSoftRot_original_BSRot(91).jpg_f7cdfc93-e4ba-4d1d-8616-32532bc630da.jpg,Bacterial Soft Rot
Bacterial Soft Rot/N_456BacterialSoftRot_original_BSRot(92).jpg_631708a6-e9da-4aa9-9652-ccb137574604.jpg,Bacterial Soft Rot
Bacterial Soft Rot/N_456BacterialSoftRot_original_BSRot(92).jpg_80ca40ba-994a-4cd8-b044-09c279e29990.jpg,Bacterial Soft Rot
Bacterial Soft Rot/N_456BacterialSoftRot_original_BSRot(92).jpg_88ed712f-0db1-49e4-9576-939c30f2be0f.jpg,Bacterial Soft Rot
Bacterial Soft Rot/N_456BacterialSoftRot_original_BSRot(92).jpg_9ee77d02-4457-4f4c-bc0b-c8609ab59376.jpg,Bacterial Soft Rot
Bacterial Soft Rot/N_456BacterialSoftRot_original_BSRot(92).jpg_a841d7a9-5090-4725-b122-af6af6fde83f.jpg,Bacterial Soft Rot
Bacterial Soft Rot/N_456BacterialSoftRot_original_BSRot(92).jpg_abc11376-1d87-4bd2-a60a-f7b9cdd31a89.jpg,Bacterial Soft Rot
Bacterial Soft Rot/N_456BacterialSoftRot_original_BSRot(92).jpg_f78b2e20-a6cf-4074-ac1b-6cccad7d8e1f.jpg,Bacterial Soft Rot
Bacterial Soft Rot/N_456BacterialSoftRot_original_BSRot(93).jpg_242e94ef-5370-423f-877f-c0eaec8e7117.jpg,Bacterial Soft Rot
Bacterial Soft Rot/N_456BacterialSoftRot_original_BSRot(93).jpg_38096738-fcd1-4100-ae99-f80f2a738241.jpg,Bacterial Soft Rot
Bacterial Soft Rot/N_456BacterialSoftRot_original_BSRot(93).jpg_4a7f2173-1dd5-4575-b196-895160cda8a9.jpg,Bacterial Soft Rot
Bacterial Soft Rot/N_456BacterialSoftRot_original_BSRot(93).jpg_4b16c220-50fe-404e-9b49-6c1dd205101c.jpg,Bacterial Soft Rot
Bacterial Soft Rot/N_456BacterialSoftRot_original_BSRot(93).jpg_511d12aa-ec7f-4b16-b1ec-e24560373740.jpg,Bacterial Soft Rot
Bacterial Soft Rot/N_456BacterialSoftRot_original_BSRot(93).jpg_85fe3e5d-16a0-4641-bfd9-a53a1618cd0c.jpg,Bacterial Soft Rot
Bacterial Soft Rot/N_456BacterialSoftRot_original_BSRot(93).jpg_c2a4134e-2de0-4cc8-99af-87d8220363c9.jpg,Bacterial Soft Rot
Bacterial Soft Rot/N_456BacterialSoftRot_original_BSRot(94).jpg_1d121924-22df-4743-aea9-5dd6177a08f2.jpg,Bacterial Soft Rot
Bacterial Soft Rot/N_456BacterialSoftRot_original_BSRot(94).jpg_52d33716-a36a-4b32-aeae-dbf1893ff0cb.jpg,Bacterial Soft Rot
Bacterial Soft Rot/N_456BacterialSoftRot_original_BSRot(94).jpg_65d0dba4-68f3-4f1f-a0aa-817b760e9416.jpg,Bacterial Soft Rot
Bacterial Soft Rot/N_456BacterialSoftRot_original_BSRot(94).jpg_a1a4fe0a-5866-4cce-8023-0ebffdefef86.jpg,Bacterial Soft Rot
Bacterial Soft Rot/N_456BacterialSoftRot_original_BSRot(94).jpg_bd09fcd2-353e-438e-b030-373e2742506e.jpg,Bacterial Soft Rot
Bacterial Soft Rot/N_456BacterialSoftRot_original_BSRot(94).jpg_c55db674-b65b-441e-bd80-1d2689340af5.jpg,Bacterial Soft Rot
Bacterial Soft Rot/N_456BacterialSoftRot_original_BSRot(94).jpg_e41bf115-4be7-4786-bbd2-a5474a227daf.jpg,Bacterial Soft Rot
Bacterial Soft Rot/N_456BacterialSoftRot_original_BSRot(95).jpg_1066a69a-e0dd-4368-9cf8-819583841a07.jpg,Bacterial Soft Rot
Bacterial Soft Rot/N_456BacterialSoftRot_original_BSRot(95).jpg_16582b7f-8ff4-405f-8d26-4b4daa469ca9.jpg,Bacterial Soft Rot
Bacterial Soft Rot/N_456BacterialSoftRot_original_BSRot(95).jpg_1748423b-9fd4-4f93-97fc-e8af24b6350a.jpg,Bacterial Soft Rot
Bacterial Soft Rot/N_456BacterialSoftRot_original_BSRot(95).jpg_1ddd1145-ff9c-4943-b561-3981da72c301.jpg,Bacterial Soft Rot
Bacterial Soft Rot/N_456BacterialSoftRot_original_BSRot(95).jpg_3e0f96aa-38b0-4c21-91c4-f3f99976cba8.jpg,Bacterial Soft Rot
Bacterial Soft Rot/N_456BacterialSoftRot_original_BSRot(95).jpg_486862ed-b894-4caf-b079-c031d42f8fce.jpg,Bacterial Soft Rot
Bacterial Soft Rot/N_456BacterialSoftRot_original_BSRot(95).jpg_719d79dc-786e-4fba-82a4-59fa097756d5.jpg,Bacterial Soft Rot
Bacterial Soft Rot/N_456BacterialSoftRot_original_BSRot(95).jpg_77ad5a52-f02f-4b39-ab94-a02f25e425f5.jpg,Bacterial Soft Rot
Bacterial Soft Rot/N_456BacterialSoftRot_original_BSRot(95).jpg_86b3dc6f-3253-4fbe-b8f6-c954445fa1d6.jpg,Bacterial Soft Rot
Bacterial Soft Rot/N_456BacterialSoftRot_original_BSRot(95).jpg_abff5f95-b2ba-4d09-8fed-1b3504fb5ea0.jpg,Bacterial Soft Rot
Bacterial Soft Rot/N_456BacterialSoftRot_original_BSRot(95).jpg_ce47887e-8fb2-4c01-88df-8e7bf3eee78f.jpg,Bacterial Soft Rot
Bacterial Soft Rot/N_456BacterialSoftRot_original_BSRot(95).jpg_d3182ca3-2150-4bf0-971a-c7abfdc1e472.jpg,Bacterial Soft Rot
Bacterial Soft Rot/N_456BacterialSoftRot_original_BSRot(95).jpg_d5794b25-a4b0-415e-8eb3-68d6b567ebc3.jpg,Bacterial Soft Rot
Bacterial Soft Rot/N_456BacterialSoftRot_original_BSRot(95).jpg_efbeb038-f335-4be9-95dc-d9cce3a51491.jpg,Bacterial Soft Rot
Bacterial Soft Rot/N_456BacterialSoftRot_original_BSRot(95).jpg_f901c312-2a77-4357-8093-0cd13d7772dd.jpg,Bacterial Soft Rot
Bacterial Soft Rot/N_456BacterialSoftRot_original_BSRot(96).jpg_07226915-6567-4749-b112-b0c91431a82c.jpg,Bacterial Soft Rot
Bacterial Soft Rot/N_456BacterialSoftRot_original_BSRot(96).jpg_07547721-d012-4d80-9854-80ed8180110e.jpg,Bacterial Soft Rot
Bacterial Soft Rot/N_456BacterialSoftRot_original_BSRot(96).jpg_093f11de-9bf6-481f-bf58-b17ac86e72f1.jpg,Bacterial Soft Rot
Bacterial Soft Rot/N_456BacterialSoftRot_original_BSRot(96).jpg_0a1462c1-47cc-4f1c-8387-9e6e7b4faae5.jpg,Bacterial Soft Rot
Bacterial Soft Rot/N_456BacterialSoftRot_original_BSRot(96).jpg_1920d772-2974-474c-aae8-934df4de9a49.jpg,Bacterial Soft Rot
Bacterial Soft Rot/N_456BacterialSoftRot_original_BSRot(96).jpg_1f8d6619-8162-4d7b-ae7b-48f8c222bbc7.jpg,Bacterial Soft Rot
Bacterial Soft Rot/N_456BacterialSoftRot_original_BSRot(96).jpg_3065235a-c375-4786-a964-9c60df7241e9.jpg,Bacterial Soft Rot
Bacterial Soft Rot/N_456BacterialSoftRot_original_BSRot(96).jpg_4b6f6de9-67bf-43f4-b1a3-1a18d41f12bc.jpg,Bacterial Soft Rot
Bacterial Soft Rot/N_456BacterialSoftRot_original_BSRot(96).jpg_4bda897b-5898-4013-a95d-2270097a96b2.jpg,Bacterial Soft Rot
Bacterial Soft Rot/N_456BacterialSoftRot_original_BSRot(96).jpg_55d4eae3-7013-4013-b404-694fd851e552.jpg,Bacterial Soft Rot
Bacterial Soft Rot/N_456BacterialSoftRot_original_BSRot(96).jpg_5604e43e-5fe3-4726-a6fb-4e0714898072.jpg,Bacterial Soft Rot
Bacterial Soft Rot/N_456BacterialSoftRot_original_BSRot(96).jpg_6211e208-f16e-4c6b-ae77-a538c2d39d5f.jpg,Bacterial Soft Rot
Bacterial Soft Rot/N_456BacterialSoftRot_original_BSRot(96).jpg_6e77eccd-0cd8-482e-960c-49ecfdef5f0d.jpg,Bacterial Soft Rot
Bacterial Soft Rot/N_456BacterialSoftRot_original_BSRot(96).jpg_75b2c96e-cb86-46ef-9020-fad10e3babb6.jpg,Bacterial Soft Rot
Bacterial Soft Rot/N_456BacterialSoftRot_original_BSRot(96).jpg_9459241e-d86d-4eea-911a-da6c8eeeff05.jpg,Bacterial Soft Rot
Bacterial Soft Rot/N_456BacterialSoftRot_original_BSRot(96).jpg_9749db7e-6631-48b3-bbc3-4609621a239e.jpg,Bacterial Soft Rot
Bacterial Soft Rot/N_456BacterialSoftRot_original_BSRot(96).jpg_9a128a09-151f-4671-8309-5454e3dfc65d.jpg,Bacterial Soft Rot
Bacterial Soft Rot/N_456BacterialSoftRot_original_BSRot(96).jpg_9fa04a14-91a8-4956-a551-d9e79422f6aa.jpg,Bacterial Soft Rot
Bacterial Soft Rot/N_456BacterialSoftRot_original_BSRot(96).jpg_a153c795-7e67-4c4b-a1ef-75e964784903.jpg,Bacterial Soft Rot
Bacterial Soft Rot/N_456BacterialSoftRot_original_BSRot(96).jpg_cd55018e-7edc-4237-b514-b98d905a6c21.jpg,Bacterial Soft Rot
Bacterial Soft Rot/N_456BacterialSoftRot_original_BSRot(96).jpg_d4966ef4-aaba-41f4-8609-dd178d303747.jpg,Bacterial Soft Rot
Bacterial Soft Rot/N_456BacterialSoftRot_original_BSRot(96).jpg_daeb83a2-fe65-49ca-9c7b-f0ba75a0fa68.jpg,Bacterial Soft Rot
Bacterial Soft Rot/N_456BacterialSoftRot_original_BSRot(97).jpg_10cbce66-4e17-422a-896c-52363c2d8a9a.jpg,Bacterial Soft Rot
Bacterial Soft Rot/N_456BacterialSoftRot_original_BSRot(97).jpg_13fd9b77-a39a-428f-be5b-7cf4d2e7fe54.jpg,Bacterial Soft Rot
Bacterial Soft Rot/N_456BacterialSoftRot_original_BSRot(97).jpg_22991dbf-b465-4c15-8af7-8e173c38a33e.jpg,Bacterial Soft Rot
Bacterial Soft Rot/N_456BacterialSoftRot_original_BSRot(97).jpg_254d99e7-d30c-420b-8699-13c4a1d7beb7.jpg,Bacterial Soft Rot
Bacterial Soft Rot/N_456BacterialSoftRot_original_BSRot(97).jpg_321409cd-0857-470c-86b8-4dd9a8e36bc8.jpg,Bacterial Soft Rot
Bacterial Soft Rot/N_456BacterialSoftRot_original_BSRot(97).jpg_35517e56-3a45-44ee-b604-683701c684e2.jpg,Bacterial Soft Rot
Bacterial Soft Rot/N_456BacterialSoftRot_original_BSRot(97).jpg_3a5b3217-facd-4dfc-8e40-9af4faba8a3b.jpg,Bacterial Soft Rot
Bacterial Soft Rot/N_456BacterialSoftRot_original_BSRot(97).jpg_3bb2bfd3-2fd6-44fd-a51e-8552ba9ea19e.jpg,Bacterial Soft Rot
Bacterial Soft Rot/N_456BacterialSoftRot_original_BSRot(97).jpg_4097d967-e063-40ab-a32c-145dd674212b.jpg,Bacterial Soft Rot
Bacterial Soft Rot/N_456BacterialSoftRot_original_BSRot(97).jpg_7793ddc5-4bc5-4b03-9baa-4ad8a786b56b.jpg,Bacterial Soft Rot
Bacterial Soft Rot/N_456BacterialSoftRot_original_BSRot(97).jpg_96cdca2e-3549-48f2-aecb-b8104aa50b45.jpg,Bacterial Soft Rot
Bacterial Soft Rot/N_456BacterialSoftRot_original_BSRot(97).jpg_c63648e5-fd67-4fdf-89bb-a29fc7fdf15e.jpg,Bacterial Soft Rot
Bacterial Soft Rot/N_456BacterialSoftRot_original_BSRot(97).jpg_dd5ed990-75e6-47d9-90ad-7eb05dba5a42.jpg,Bacterial Soft Rot
Bacterial Soft Rot/N_456BacterialSoftRot_original_BSRot(97).jpg_ec40e5f7-ed12-4499-be6b-ce9caae4e1c4.jpg,Bacterial Soft Rot
Bacterial Soft Rot/N_456BacterialSoftRot_original_BSRot(97).jpg_ee198541-87ba-4418-8684-76bd99f96613.jpg,Bacterial Soft Rot
Bacterial Soft Rot/N_456BacterialSoftRot_original_BSRot(97).jpg_f22b879d-e2dd-4446-9b57-66ab7fe69cf2.jpg,Bacterial Soft Rot
Bacterial Soft Rot/N_456BacterialSoftRot_original_BSRot(97).jpg_f27264ae-62bf-467a-a78b-4835fd34d652.jpg,Bacterial Soft Rot
Bacterial Soft Rot/N_456BacterialSoftRot_original_BSRot(97).jpg_f7bafd0b-0c42-493c-8773-df3d0e96abc8.jpg,Bacterial Soft Rot
Bacterial Soft Rot/N_456BacterialSoftRot_original_BSRot(98).jpg_1713818d-f2c3-47e5-9362-f14a45bc8292.jpg,Bacterial Soft Rot
Bacterial Soft Rot/N_456BacterialSoftRot_original_BSRot(98).jpg_319bec84-20b6-4a15-8634-0a5674a7de98.jpg,Bacterial Soft Rot
Bacterial Soft Rot/N_456BacterialSoftRot_original_BSRot(98).jpg_51d58d20-cd73-40bb-852a-a46b0061267e.jpg,Bacterial Soft Rot
Bacterial Soft Rot/N_456BacterialSoftRot_original_BSRot(98).jpg_6eb2648a-388f-4813-b259-86d73ac2323e.jpg,Bacterial Soft Rot
Bacterial Soft Rot/N_456BacterialSoftRot_original_BSRot(98).jpg_a280aa46-e918-4798-8362-a88796bd1a39.jpg,Bacterial Soft Rot
Bacterial Soft Rot/N_456BacterialSoftRot_original_BSRot(98).jpg_ac56f591-4f5f-4810-84ef-d68266762a89.jpg,Bacterial Soft Rot
Bacterial Soft Rot/N_456BacterialSoftRot_original_BSRot(98).jpg_cc3286ef-8fff-49a8-993d-e3bc9e478831.jpg,Bacterial Soft Rot
Bacterial Soft Rot/N_456BacterialSoftRot_original_BSRot(98).jpg_d7582f82-cfb6-4bfa-9958-504ebe20b66f.jpg,Bacterial Soft Rot
Bacterial Soft Rot/N_456BacterialSoftRot_original_BSRot(98).jpg_e29a997e-a531-42df-a43e-0c588ac37494.jpg,Bacterial Soft Rot
Bacterial Soft Rot/N_456BacterialSoftRot_original_BSRot(99).jpg_01ae7278-76e1-4ffe-8a19-89d566a8fe52.jpg,Bacterial Soft Rot
Bacterial Soft Rot/N_456BacterialSoftRot_original_BSRot(99).jpg_1dc9bb31-2f32-4664-913f-8f9b8f9cd0c9.jpg,Bacterial Soft Rot
Bacterial Soft Rot/N_456BacterialSoftRot_original_BSRot(99).jpg_222ed280-f7d9-4704-944b-92cf37ffe724.jpg,Bacterial Soft Rot
Bacterial Soft Rot/N_456BacterialSoftRot_original_BSRot(99).jpg_39dc6e17-522e-4837-b195-d4f932859b3d.jpg,Bacterial Soft Rot
Bacterial Soft Rot/N_456BacterialSoftRot_original_BSRot(99).jpg_4b889b09-78a2-4dd4-80ab-5e6cee179554.jpg,Bacterial Soft Rot
Bacterial Soft Rot/N_456BacterialSoftRot_original_BSRot(99).jpg_5ac3fb67-5abf-431d-8b96-d35820c73d6b.jpg,Bacterial Soft Rot
Bacterial Soft Rot/N_456BacterialSoftRot_original_BSRot(99).jpg_5bed4e78-2faf-4b80-b587-1debd61d2d26.jpg,Bacterial Soft Rot
Bacterial Soft Rot/N_456BacterialSoftRot_original_BSRot(99).jpg_74640450-3927-4614-8966-6eb82b068209.jpg,Bacterial Soft Rot
Bacterial Soft Rot/N_456BacterialSoftRot_original_BSRot(99).jpg_a5adb99c-04f5-496f-a5bf-73603337c3a0.jpg,Bacterial Soft Rot
Bacterial Soft Rot/N_456BacterialSoftRot_original_BSRot(99).jpg_efcf1cd9-2c2c-41b7-9375-5746e37afd82.jpg,Bacterial Soft Rot
Black Rot/Black Rot (1).png,Black Rot
Black Rot/Black Rot (101).png,Black Rot
Black Rot/Black Rot (102).png,Black Rot
Black Rot/Black Rot (103).png,Black Rot
Black Rot/Black Rot (104).png,Black Rot
Black Rot/Black Rot (105).png,Black Rot
Black Rot/Black Rot (106).png,Black Rot
Black Rot/Black Rot (107).png,Black Rot
Black Rot/Black Rot (108).png,Black Rot
Black Rot/Black Rot (109).png,Black Rot
Black Rot/Black Rot (110).png,Black Rot
Black Rot/Black Rot (111).png,Black Rot
Black Rot/Black Rot (112).png,Black Rot
Black Rot/Black Rot (113).png,Black Rot
Black Rot/Black Rot (114).png,Black Rot
Black Rot/Black Rot (115).png,Black Rot
Black Rot/Black Rot (116).png,Black Rot
Black Rot/Black Rot (117).png,Black Rot
Black Rot/Black Rot (118).png,Black Rot
Black Rot/Black Rot (119).png,Black Rot
Black Rot/Black Rot (120).png,Black Rot
Black Rot/Black Rot (121).png,Black Rot
Black Rot/Black Rot (122).png,Black Rot
Black Rot/Black Rot (123).png,Black Rot
Black Rot/Black Rot (124).png,Black Rot
Black Rot/Black Rot (125).png,Black Rot
Black Rot/Black Rot (126).png,Black Rot
Black Rot/Black Rot (127).png,Black Rot
Black Rot/Black Rot (128).png,Black Rot
Black Rot/Black Rot (129).png,Black Rot
Black Rot/Black Rot (130).png,Black Rot
Black Rot/Black Rot (131).png,Black Rot
Black Rot/Black Rot (132).png,Black Rot
Black Rot/Black Rot (133).png,Black Rot
Black Rot/Black Rot (134).png,Black Rot
Black Rot/Black Rot (135).png,Black Rot
Black Rot/Black Rot (136).png,Black Rot
Black Rot/Black Rot (137).png,Black Rot
Black Rot/Black Rot (138).png,Black Rot
Black Rot/Black Rot (139).png,Black Rot
Black Rot/Black Rot (140).png,Black Rot
Black Rot/Black Rot (141).png,Black Rot
Black Rot/Black Rot (142).png,Black Rot
Black Rot/Black Rot (143).png,Black Rot
Black Rot/Black Rot (144).png,Black Rot
Black Rot/Black Rot (145).png,Black Rot
Black Rot/Black Rot (146).png,Black Rot
Black Rot/Black Rot (147).png,Black Rot
Black Rot/Black Rot (148).png,Black Rot
Black Rot/Black Rot (149).png,Black Rot
Black Rot/Black Rot (150).png,Black Rot
Black Rot/Black Rot (151).png,Black Rot
Black Rot/Black Rot (152).png,Black Rot
Black Rot/Black Rot (153).png,Black Rot
Black Rot/Black Rot (154).png,Black Rot
Black Rot/Black Rot (155).png,Black Rot
Black Rot/Black Rot (156).png,Black Rot
Black Rot/Black Rot (157).png,Black Rot
Black Rot/Black Rot (158).png,Black Rot
Black Rot/Black Rot (159).png,Black Rot
Black Rot/Black Rot (160).png,Black Rot
Black Rot/Black Rot (161).png,Black Rot
Black Rot/Black Rot (162).png,Black Rot
Black Rot/Black Rot (163).png,Black Rot
Black Rot/Black Rot (164).png,Black Rot
Black Rot/Black Rot (165).png,Black Rot
Black Rot/Black Rot (166).png,Black Rot
Black Rot/Black Rot (167).png,Black Rot
Black Rot/Black Rot (168).png,Black Rot
Black Rot/Black Rot (169).png,Black Rot
Black Rot/Black Rot (170).png,Black Rot
Black Rot/Black Rot (171).png,Black Rot
Black Rot/Black Rot (172).png,Black Rot
Black Rot/Black Rot (173).png,Black Rot
Black Rot/Black Rot (174).png,Black Rot
Black Rot/Black Rot (175).png,Black Rot
Black Rot/Black Rot (176).png,Black Rot
Black Rot/Black Rot (177).png,Black Rot
Black Rot/Black Rot (178).png,Black Rot
Black Rot/Black Rot (179).png,Black Rot
Black Rot/Black Rot (180).png,Black Rot
Black Rot/Black Rot (181).png,Black Rot
Black Rot/Black Rot (182).png,Black Rot
Black Rot/Black Rot (183).png,Black Rot
Black Rot/Black Rot (184).png,Black Rot
Black Rot/Black Rot (185).png,Black Rot
Black Rot/Black Rot (186).png,Black Rot
Black Rot/Black Rot (187).png,Black Rot
Black Rot/Black Rot (188).png,Black Rot
Black Rot/Black Rot (189).png,Black Rot
Black Rot/Black Rot (190).png,Black Rot
Black Rot/Black Rot (191).png,Black Rot
Black Rot/Black Rot (192).png,Black Rot
Black Rot/Black Rot (193).png,Black Rot
Black Rot/Black Rot (194).png,Black Rot
Black Rot/Black Rot (195).png,Black Rot
Black Rot/Black Rot (196).png,Black Rot
Black Rot/Black Rot (197).png,Black Rot
Black Rot/Black Rot (198).png,Black Rot
Black Rot/Black Rot (199).png,Black Rot
Black Rot/Black Rot (200).png,Black Rot
Black Rot/Black Rot (201).png,Black Rot
Black Rot/Black Rot (202).png,Black Rot
Black Rot/Black Rot (203).png,Black Rot
Black Rot/Black Rot (204).png,Black Rot
Black Rot/Black Rot (205).png,Black Rot
Black Rot/Black Rot (206).png,Black Rot
Black Rot/Black Rot (207).png,Black Rot
Black Rot/Black Rot (208).png,Black Rot
Black Rot/Black Rot (209).png,Black Rot
Black Rot/Black Rot (210).png,Black Rot
Black Rot/Black Rot (211).png,Black Rot
Black Rot/Black Rot (212).png,Black Rot
Black Rot/Black Rot (213).png,Black Rot
Black Rot/Black Rot (214).png,Black Rot
Black Rot/Black Rot (215).png,Black Rot
Black Rot/Black Rot (216).png,Black Rot
Black Rot/Black Rot (217).png,Black Rot
Black Rot/Black Rot (218).png,Black Rot
Black Rot/Black Rot (219).png,Black Rot
Black Rot/Black Rot (220).png,Black Rot
Black Rot/Black Rot (221).png,Black Rot
Black Rot/Black Rot (222).png,Black Rot
Black Rot/Black Rot (223).png,Black Rot
Black Rot/Black Rot (224).png,Black Rot
Black Rot/Black Rot (225).png,Black Rot
Black Rot/Black Rot (226).png,Black Rot
Black Rot/Black Rot (227).png,Black Rot
Black Rot/Black Rot (228).png,Black Rot
Black Rot/Black Rot (229).png,Black Rot
Black Rot/Black Rot (230).png,Black Rot
Black Rot/Black Rot (231).png,Black Rot
Black Rot/Black Rot (232).png,Black Rot
Black Rot/Black Rot (233).png,Black Rot
Black Rot/Black Rot (234).png,Black Rot
Black Rot/Black Rot (235).png,Black Rot
Black Rot/Black Rot (236).png,Black Rot
Black Rot/Black Rot (237).png,Black Rot
Black Rot/Black Rot (238).png,Black Rot
Black Rot/Black Rot (239).png,Black Rot
Black Rot/Black Rot (240).png,Black Rot
Black Rot/Black Rot (241).png,Black Rot
Black Rot/Black Rot (242).png,Black Rot
Black Rot/Black Rot (243).png,Black Rot
Black Rot/Black Rot (244).png,Black Rot
Black Rot/Black Rot (245).png,Black Rot
Black Rot/Black Rot (246).png,Black Rot
Black Rot/Black Rot (247).png,Black Rot
Black Rot/Black Rot (248).png,Black Rot
Black Rot/Black Rot (249).png,Black Rot
Black Rot/Black Rot (250).png,Black Rot
Black Rot/Black Rot (251).png,Black Rot
Black Rot/Black Rot (252).png,Black Rot
Black Rot/Black Rot (253).png,Black Rot
Black Rot/Black Rot (254).png,Black Rot
Black Rot/Black Rot (255).png,Black Rot
Black Rot/Black Rot (256).png,Black Rot
Black Rot/Black Rot (257).png,Black Rot
Black Rot/Black Rot (258).png,Black Rot
Black Rot/Black Rot (259).png,Black Rot
Black Rot/Black Rot (260).png,Black Rot
Black Rot/Black Rot (261).png,Black Rot
Black Rot/Black Rot (262).png,Black Rot
Black Rot/Black Rot (263).png,Black Rot
Black Rot/Black Rot (264).png,Black Rot
Black Rot/Black Rot (265).png,Black Rot
Black Rot/Black Rot (266).png,Black Rot
Black Rot/Black Rot (267).png,Black Rot
Black Rot/Black Rot (268).png,Black Rot
Black Rot/Black Rot (269).png,Black Rot
Black Rot/Black Rot (270).png,Black Rot
Black Rot/Black Rot (271).png,Black Rot
Black Rot/Black Rot (272).png,Black Rot
Black Rot/Black Rot (273).png,Black Rot
Black Rot/Black Rot (274).png,Black Rot
Black Rot/Black Rot (275).png,Black Rot
Black Rot/Black Rot (276).png,Black Rot
Black Rot/Black Rot (277).png,Black Rot
Black Rot/Black Rot (278).png,Black Rot
Black Rot/Black Rot (279).png,Black Rot
Black Rot/Black Rot (280).png,Black Rot
Black Rot/Black Rot (281).png,Black Rot
Black Rot/Black Rot (282).png,Black Rot
Black Rot/Black Rot (283).png,Black Rot
Black Rot/Black Rot (284).png,Black Rot
Black Rot/Black Rot (285).png,Black Rot
Black Rot/Black Rot (286).png,Black Rot
Black Rot/Black Rot (287).png,Black Rot
Black Rot/Black Rot (288).png,Black Rot
Black Rot/Black Rot (289).png,Black Rot
Black Rot/Black Rot (290).png,Black Rot
Black Rot/Black Rot (291).png,Black Rot
Black Rot/Black Rot (292).png,Black Rot
Black Rot/Black Rot (293).png,Black Rot
Black Rot/Black Rot (294).png,Black Rot
Black Rot/Black Rot (295).png,Black Rot
Black Rot/Black Rot (296).png,Black Rot
Black Rot/Black Rot (297).png,Black Rot
Black Rot/Black Rot (298).png,Black Rot
Black Rot/Black Rot (299).png,Black Rot
Black Rot/Black Rot (300).png,Black Rot
Black Rot/Black Rot (301).png,Black Rot
Black Rot/Black Rot (302).png,Black Rot
Black Rot/Black Rot (303).png,Black Rot
Black Rot/Black Rot (304).png,Black Rot
Black Rot/Black Rot (305).png,Black Rot
Black Rot/Black Rot (306).png,Black Rot
Black Rot/Black Rot (307).png,Black Rot
Black Rot/Black Rot (308).png,Black Rot
Black Rot/Black Rot (309).png,Black Rot
Black Rot/Black Rot (310).png,Black Rot
Black Rot/Black Rot (311).png,Black Rot
Black Rot/Black Rot (312).png,Black Rot
Black Rot/Black Rot (313).png,Black Rot
Black Rot/Black Rot (314).png,Black Rot
Black Rot/Black Rot (315).png,Black Rot
Black Rot/Black Rot (316).png,Black Rot
Black Rot/Black Rot (317).png,Black Rot
Black Rot/Black Rot (318).png,Black Rot
Black Rot/Black Rot (319).png,Black Rot
Black Rot/Black Rot (320).png,Black Rot
Black Rot/Black Rot (321).png,Black Rot
Black Rot/Black Rot (322).png,Black Rot
Black Rot/Black Rot (323).png,Black Rot
Black Rot/Black Rot (324).png,Black Rot
Black Rot/Black Rot (325).png,Black Rot
Black Rot/Black Rot (326).png,Black Rot
Black Rot/Black Rot (327).png,Black Rot
Black Rot/Black Rot (328).png,Black Rot
Black Rot/Black Rot (329).png,Black Rot
Black Rot/Black Rot (330).png,Black Rot
Black Rot/Black Rot (331).png,Black Rot
Black Rot/Black Rot (332).png,Black Rot
Black Rot/Black Rot (333).png,Black Rot
Black Rot/Black Rot (334).png,Black Rot
Black Rot/Black Rot (335).png,Black Rot
Black Rot/Black Rot (336).png,Black Rot
Black Rot/Black Rot (337).png,Black Rot
Black Rot/Black Rot (338).png,Black Rot
Black Rot/Black Rot (339).png,Black Rot
Black Rot/Black Rot (340).png,Black Rot
Black Rot/Black Rot (341).png,Black Rot
Black Rot/Black Rot (342).png,Black Rot
Black Rot/Black Rot (343).png,Black Rot
Black Rot/Black Rot (344).png,Black Rot
Black Rot/Black Rot (345).png,Black Rot
Black Rot/Black Rot (346).png,Black Rot
Black Rot/Black Rot (347).png,Black Rot
Black Rot/Black Rot (348).png,Black Rot
Black Rot/Black Rot (349).png,Black Rot
Black Rot/Black Rot (350).png,Black Rot
Black Rot/Black Rot (351).png,Black Rot
Black Rot/Black Rot (352).png,Black Rot
Black Rot/Black Rot (353).png,Black Rot
Black Rot/Black Rot (354).png,Black Rot
Black Rot/Black Rot (355).png,Black Rot
Black Rot/Black Rot (356).png,Black Rot
Black Rot/Black Rot (357).png,Black Rot
Black Rot/Black Rot (358).png,Black Rot
Black Rot/Black Rot (359).png,Black Rot
Black Rot/Black Rot (360).png,Black Rot
Black Rot/Black Rot (361).png,Black Rot
Black Rot/Black Rot (362).png,Black Rot
Black Rot/Black Rot (363).png,Black Rot
Black Rot/Black Rot (364).png,Black Rot
Black Rot/Black Rot (365).png,Black Rot
Black Rot/Black Rot (366).png,Black Rot
Black Rot/Black Rot (367).png,Black Rot
Black Rot/Black Rot (368).png,Black Rot
Black Rot/Black Rot (369).png,Black Rot
Black Rot/Black Rot (370).png,Black Rot
Black Rot/Black Rot (371).png,Black Rot
Black Rot/Black Rot (372).png,Black Rot
Black Rot/Black Rot (373).png,Black Rot
Black Rot/Black Rot (374).png,Black Rot
Black Rot/Black Rot (375).png,Black Rot
Black Rot/Black Rot (376).png,Black Rot
Black Rot/Black Rot (377).png,Black Rot
Black Rot/Black Rot (378).png,Black Rot
Black Rot/Black Rot (379).png,Black Rot
Black Rot/Black Rot (380).png,Black Rot
Black Rot/Black Rot (381).png,Black Rot
Black Rot/Black Rot (382).png,Black Rot
Black Rot/Black Rot (383).png,Black Rot
Black Rot/Black Rot (384).png,Black Rot
Black Rot/Black Rot (385).png,Black Rot
Black Rot/Black Rot (386).png,Black Rot
Black Rot/Black Rot (387).png,Black Rot
Black Rot/Black Rot (388).png,Black Rot
Black Rot/Black Rot (389).png,Black Rot
Black Rot/Black Rot (390).png,Black Rot
Black Rot/Black Rot (391).png,Black Rot
Black Rot/Black Rot (392).png,Black Rot
Black Rot/Black Rot (393).png,Black Rot
Black Rot/Black Rot (394).png,Black Rot
Black Rot/Black Rot (395).png,Black Rot
Black Rot/Black Rot (396).png,Black Rot
Black Rot/Black Rot (397).png,Black Rot
Black Rot/Black Rot (398).png,Black Rot
Black Rot/Black Rot (399).png,Black Rot
Black Rot/Black Rot (400).png,Black Rot
Black Rot/Black Rot (401).png,Black Rot
Black Rot/Black Rot (402).png,Black Rot
Black Rot/Black Rot (403).png,Black Rot
Black Rot/Black Rot (404).png,Black Rot
Black Rot/Black Rot (405).png,Black Rot
Black Rot/Black Rot (406).png,Black Rot
Black Rot/Black Rot (407).png,Black Rot
Black Rot/Black Rot (408).png,Black Rot
Black Rot/Black Rot (409).png,Black Rot
Black Rot/Black Rot (410).png,Black Rot
Black Rot/Black Rot (411).png,Black Rot
Black Rot/Black Rot (412).png,Black Rot
Black Rot/Black Rot (413).png,Black Rot
Black Rot/Black Rot (414).png,Black Rot
Black Rot/Black Rot (415).png,Black Rot
Black Rot/Black Rot (416).png,Black Rot
Black Rot/Black Rot (417).png,Black Rot
Black Rot/Black Rot (418).png,Black Rot
Black Rot/Black Rot (419).png,Black Rot
Black Rot/Black Rot (420).png,Black Rot
Black Rot/Black Rot (421).png,Black Rot
Black Rot/Black Rot (422).png,Black Rot
Black Rot/Black Rot (423).png,Black Rot
Black Rot/Black Rot (424).png,Black Rot
Black Rot/Black Rot (425).png,Black Rot
Black Rot/Black Rot (426).png,Black Rot
Black Rot/Black Rot (427).png,Black Rot
Black Rot/Black Rot (428).png,Black Rot
Black Rot/Black Rot (429).png,Black Rot
Black Rot/Black Rot (430).png,Black Rot
Black Rot/Black Rot (431).png,Black Rot
Black Rot/Black Rot (432).png,Black Rot
Black Rot/Black Rot (433).png,Black Rot
Black Rot/Black Rot (434).png,Black Rot
Black Rot/Black Rot (435).png,Black Rot
Black Rot/Black Rot (436).png,Black Rot
Black Rot/Black Rot (437).png,Black Rot
Black Rot/Black Rot (438).png,Black Rot
Black Rot/Black Rot (439).png,Black Rot
Black Rot/Black Rot (440).png,Black Rot
Black Rot/Black Rot (441).png,Black Rot
Black Rot/Black Rot (442).png,Black Rot
Black Rot/Black Rot (443).png,Black Rot
Black Rot/Black Rot (444).png,Black Rot
Black Rot/Black Rot (445).png,Black Rot
Black Rot/Black Rot (446).png,Black Rot
Black Rot/Black Rot (447).png,Black Rot
Black Rot/Black Rot (448).png,Black Rot
Black Rot/Black Rot (449).png,Black Rot
Black Rot/Black Rot (450).png,Black Rot
Black Rot/Black Rot (451).png,Black Rot
Black Rot/Black Rot (452).png,Black Rot
Black Rot/Black Rot (453).png,Black Rot
Black Rot/Black Rot (454).png,Black Rot
Black Rot/Black Rot (455).png,Black Rot
Black Rot/Black Rot (456).png,Black Rot
Black Rot/Black Rot (457).png,Black Rot
Black Rot/Black Rot (458).png,Black Rot
Black Rot/Black Rot (459).png,Black Rot
Black Rot/Black Rot (460).png,Black Rot
Black Rot/Black Rot (461).png,Black Rot
Black Rot/Black Rot (462).png,Black Rot
Black Rot/Black Rot (463).png,Black Rot
Black Rot/Black Rot (464).png,Black Rot
Black Rot/Black Rot (465).png,Black Rot
Black Rot/Black Rot (466).png,Black Rot
Black Rot/Black Rot (467).png,Black Rot
Black Rot/Black Rot (468).png,Black Rot
Black Rot/Black Rot (469).png,Black Rot
Black Rot/Black Rot (470).png,Black Rot
Black Rot/Black Rot (471).png,Black Rot
Black Rot/Black Rot (472).png,Black Rot
Black Rot/Black Rot (473).png,Black Rot
Black Rot/Black Rot (474).png,Black Rot
Black Rot/Black Rot (475).png,Black Rot
Black Rot/Black Rot (476).png,Black Rot
Black Rot/Black Rot (477).png,Black Rot
Black Rot/Black Rot (478).png,Black Rot
Black Rot/Black Rot (479).png,Black Rot
Black Rot/Black Rot (480).png,Black Rot
Black Rot/Black Rot (481).png,Black Rot
Black Rot/Black Rot (482).png,Black Rot
Black Rot/Black Rot (483).png,Black Rot
Black Rot/Black Rot (484).png,Black Rot
Black Rot/Black Rot (485).png,Black Rot
Black Rot/Black Rot (486).png,Black Rot
Black Rot/Black Rot (487).png,Black Rot
Black Rot/Black Rot (488).png,Black Rot
Black Rot/Black Rot (489).png,Black Rot
Black Rot/Black Rot (490).png,Black Rot
Black Rot/Black Rot (491).png,Black Rot
Black Rot/Black Rot (492).png,Black Rot
Black Rot/Black Rot (493).png,Black Rot
Black Rot/Black Rot (494).png,Black Rot
Black Rot/Black Rot (495).png,Black Rot
Black Rot/Black Rot (496).png,Black Rot
Black Rot/Black Rot (497).png,Black Rot
Black Rot/Black Rot (498).png,Black Rot
Black Rot/Black Rot (499).png,Black Rot
Black Rot/Black Rot (500).png,Black Rot
Black Rot/Black Rot (501).png,Black Rot
Black Rot/Black Rot (502).png,Black Rot
Black Rot/Black Rot (503).png,Black Rot
Black Rot/Black Rot (504).png,Black Rot
Black Rot/Black Rot (505).png,Black Rot
Black Rot/Black Rot (506).png,Black Rot
Black Rot/Black Rot (507).png,Black Rot
Black Rot/Black Rot (508).png,Black Rot
Black Rot/Black Rot (509).png,Black Rot
Black Rot/Black Rot (510).png,Black Rot
Black Rot/Black Rot (511).png,Black Rot
Black Rot/Black Rot (512).png,Black Rot
Black Rot/Black Rot (513).png,Black Rot
Black Rot/Black Rot (514).png,Black Rot
Black Rot/Black Rot (515).png,Black Rot
Black Rot/Black Rot (516).png,Black Rot
Black Rot/Black Rot (517).png,Black Rot
Black Rot/Black Rot (518).png,Black Rot
Black Rot/Black Rot (519).png,Black Rot
Black Rot/Black Rot (520).png,Black Rot
Black Rot/Black Rot (521).png,Black Rot
Black Rot/Black Rot (522).png,Black Rot
Black Rot/Black Rot (523).png,Black Rot
Black Rot/Black Rot (524).png,Black Rot
Black Rot/Black Rot (525).png,Black Rot
Black Rot/Black Rot (526).png,Black Rot
Black Rot/Black Rot (527).png,Black Rot
Black Rot/Black Rot (528).png,Black Rot
Black Rot/Black Rot (529).png,Black Rot
Black Rot/Black Rot (530).png,Black Rot
Black Rot/Black Rot (531).png,Black Rot
Black Rot/Black Rot (532).png,Black Rot
Black Rot/Black Rot (533).png,Black Rot
Black Rot/Black Rot (534).png,Black Rot
Black Rot/Black Rot (535).png,Black Rot
Black Rot/Black Rot (536).png,Black Rot
Black Rot/Black Rot (537).png,Black Rot
Black Rot/Black Rot (538).png,Black Rot
Black Rot/Black Rot (539).png,Black Rot
Black Rot/Black Rot (540).png,Black Rot
Black Rot/Black Rot (541).png,Black Rot
Black Rot/Black Rot (542).png,Black Rot
Black Rot/Black Rot (543).png,Black Rot
Black Rot/Black Rot (544).png,Black Rot
Black Rot/Black Rot (545).png,Black Rot
Black Rot/Black Rot (546).png,Black Rot
Black Rot/Black Rot (547).png,Black Rot
Black Rot/Black Rot (548).png,Black Rot
Black Rot/Black Rot (549).png,Black Rot
Black Rot/Black Rot (550).png,Black Rot
Black Rot/Black Rot (551).png,Black Rot
Black Rot/Black Rot (552).png,Black Rot
Black Rot/Black Rot (553).png,Black Rot
Black Rot/Black Rot (554).png,Black Rot
Black Rot/Black Rot (555).png,Black Rot
Black Rot/Black Rot (556).png,Black Rot
Black Rot/Black Rot (557).png,Black Rot
Black Rot/Black Rot (558).png,Black Rot
Black Rot/Black Rot (559).png,Black Rot
Black Rot/Black Rot (560).png,Black Rot
Black Rot/Black Rot (561).png,Black Rot
Black Rot/Black Rot (562).png,Black Rot
Black Rot/Black Rot (563).png,Black Rot
Black Rot/Black Rot (564).png,Black Rot
Black Rot/Black Rot (565).png,Black Rot
Black Rot/Black Rot (566).png,Black Rot
Black Rot/Black Rot (567).png,Black Rot
Black Rot/Black Rot (568).png,Black Rot
Black Rot/Black Rot (569).png,Black Rot
Black Rot/Black Rot (570).png,Black Rot
Black Rot/Black Rot (571).png,Black Rot
Black Rot/Black Rot (572).png,Black Rot
Black Rot/Black Rot (573).png,Black Rot
Black Rot/Black Rot (574).png,Black Rot
Black Rot/Black Rot (575).png,Black Rot
Black Rot/Black Rot (576).png,Black Rot
Black Rot/Black Rot (577).png,Black Rot
Black Rot/Black Rot (578).png,Black Rot
Black Rot/Black Rot (579).png,Black Rot
Black Rot/Black Rot (580).png,Black Rot
Black Rot/Black Rot (581).png,Black Rot
Black Rot/Black Rot (582).png,Black Rot
Black Rot/Black Rot (583).png,Black Rot
Black Rot/Black Rot (584).png,Black Rot
Black Rot/Black Rot (585).png,Black Rot
Black Rot/Black Rot (586).png,Black Rot
Black Rot/Black Rot (587).png,Black Rot
Black Rot/Black Rot (588).png,Black Rot
Black Rot/Black Rot (589).png,Black Rot
Black Rot/Black Rot (590).png,Black Rot
Black Rot/Black Rot (591).png,Black Rot
Black Rot/Black Rot (592).png,Black Rot
Black Rot/Black Rot (593).png,Black Rot
Black Rot/Black Rot (594).png,Black Rot
Black Rot/Black Rot (595).png,Black Rot
Black Rot/Black Rot (596).png,Black Rot
Black Rot/Black Rot (597).png,Black Rot
Black Rot/Black Rot (598).png,Black Rot
Black Rot/Black Rot (599).png,Black Rot
Black Rot/Black Rot (600).png,Black Rot
Black Rot/Black Rot (601).png,Black Rot
Black Rot/Black Rot (602).png,Black Rot
Black Rot/Black Rot (603).png,Black Rot
Black Rot/Black Rot (604).png,Black Rot
Black Rot/Black Rot (605).png,Black Rot
Black Rot/Black Rot (606).png,Black Rot
Black Rot/Black Rot (607).png,Black Rot
Black Rot/Black Rot (608).png,Black Rot
Black Rot/Black Rot (609).png,Black Rot
Black Rot/Black Rot (610).png,Black Rot
Black Rot/Black Rot (611).png,Black Rot
Black Rot/Black Rot (612).png,Black Rot
Black Rot/Black Rot (613).png,Black Rot
Black Rot/Black Rot (614).png,Black Rot
Black Rot/Black Rot (615).png,Black Rot
Black Rot/Black Rot (616).png,Black Rot
Black Rot/Black Rot (617).png,Black Rot
Black Rot/Black Rot (618).png,Black Rot
Black Rot/Black Rot (619).png,Black Rot
Black Rot/Black Rot (620).png,Black Rot
Black Rot/Black Rot (621).png,Black Rot
Black Rot/Black Rot (622).png,Black Rot
Black Rot/Black Rot (623).png,Black Rot
Black Rot/Black Rot (624).png,Black Rot
Black Rot/Black Rot (625).png,Black Rot
Black Rot/Black Rot (626).png,Black Rot
Black Rot/Black Rot (627).png,Black Rot
Black Rot/Black Rot (628).png,Black Rot
Black Rot/Black Rot (629).png,Black Rot
Black Rot/Black Rot (630).png,Black Rot
Black Rot/Black Rot (631).png,Black Rot
Black Rot/Black Rot (632).png,Black Rot
Black Rot/Black Rot (633).png,Black Rot
Black Rot/Black Rot (634).png,Black Rot
Black Rot/Black Rot (635).png,Black Rot
Black Rot/Black Rot (636).png,Black Rot
Black Rot/Black Rot (637).png,Black Rot
Black Rot/Black Rot (638).png,Black Rot
Black Rot/Black Rot (639).png,Black Rot
Black Rot/Black Rot (640).png,Black Rot
Black Rot/Black Rot (641).png,Black Rot
Black Rot/Black Rot (642).png,Black Rot
Black Rot/Black Rot (643).png,Black Rot
Black Rot/Black Rot (644).png,Black Rot
Black Rot/Black Rot (645).png,Black Rot
Black Rot/Black Rot (646).png,Black Rot
Black Rot/Black Rot (647).png,Black Rot
Black Rot/Black Rot (648).png,Black Rot
Black Rot/Black Rot (649).png,Black Rot
Black Rot/Black Rot (650).png,Black Rot
Black Rot/Black Rot (651).png,Black Rot
Black Rot/Black Rot (652).png,Black Rot
Black Rot/Black Rot (653).png,Black Rot
Black Rot/Black Rot (654).png,Black Rot
Black Rot/Black Rot (655).png,Black Rot
Black Rot/Black Rot (656).png,Black Rot
Black Rot/Black Rot (657).png,Black Rot
Black Rot/Black Rot (658).png,Black Rot
Black Rot/Black Rot (659).png,Black Rot
Black Rot/Black Rot (660).png,Black Rot
Black Rot/Black Rot (661).png,Black Rot
Black Rot/Black Rot (662).png,Black Rot
Black Rot/Black Rot (663).png,Black Rot
Black Rot/Black Rot (664).png,Black Rot
Black Rot/Black Rot (665).png,Black Rot
Black Rot/Black Rot (666).png,Black Rot
Black Rot/Black Rot (667).png,Black Rot
Black Rot/Black Rot (668).png,Black Rot
Black Rot/Black Rot (669).png,Black Rot
Black Rot/Black Rot (670).png,Black Rot
Black Rot/Black Rot (671).png,Black Rot
Black Rot/Black Rot (672).png,Black Rot
Black Rot/Black Rot (673).png,Black Rot
Black Rot/Black Rot (674).png,Black Rot
Black Rot/Black Rot (675).png,Black Rot
Black Rot/Black Rot (676).png,Black Rot
Black Rot/Black Rot (677).png,Black Rot
Black Rot/Black Rot (678).png,Black Rot
Black Rot/Black Rot (679).png,Black Rot
Black Rot/Black Rot (680).png,Black Rot
Black Rot/Black Rot (681).png,Black Rot
Black Rot/Black Rot (682).png,Black Rot
Black Rot/Black Rot (683).png,Black Rot
Black Rot/Black Rot (684).png,Black Rot
Black Rot/Black Rot (685).png,Black Rot
Black Rot/Black Rot (686).png,Black Rot
Black Rot/Black Rot (687).png,Black Rot
Black Rot/Black Rot (688).png,Black Rot
Black Rot/Black Rot (689).png,Black Rot
Black Rot/Black Rot (690).png,Black Rot
Black Rot/Black Rot (691).png,Black Rot
Black Rot/Black Rot (692).png,Black Rot
Black Rot/Black Rot (693).png,Black Rot
Black Rot/Black Rot (694).png,Black Rot
Black Rot/Black Rot (695).png,Black Rot
Black Rot/Black Rot (696).png,Black Rot
Black Rot/Black Rot (697).png,Black Rot
Black Rot/Black Rot (698).png,Black Rot
Black Rot/Black Rot (699).png,Black Rot
Black Rot/Black Rot (700).png,Black Rot
Black Rot/Black Rot (701).png,Black Rot
Black Rot/Black Rot (702).png,Black Rot
Black Rot/Black Rot (703).png,Black Rot
Black Rot/Black Rot (704).png,Black Rot
Black Rot/Black Rot (705).png,Black Rot
Black Rot/Black Rot (706).png,Black Rot
Black Rot/Black Rot (707).png,Black Rot
Black Rot/Black Rot (708).png,Black Rot
Black Rot/Black Rot (709).png,Black Rot
Black Rot/Black Rot (710).png,Black Rot
Black Rot/Black Rot (711).png,Black Rot
Black Rot/Black Rot (712).png,Black Rot
Black Rot/Black Rot (713).png,Black Rot
Black Rot/Black Rot (714).png,Black Rot
Black Rot/Black Rot (715).png,Black Rot
Black Rot/Black Rot (716).png,Black Rot
Black Rot/Black Rot (717).png,Black Rot
Black Rot/Black Rot (718).png,Black Rot
Black Rot/Black Rot (719).png,Black Rot
Black Rot/Black Rot (720).png,Black Rot
Black Rot/Black Rot (721).png,Black Rot
Black Rot/Black Rot (722).png,Black Rot
Black Rot/Black Rot (723).png,Black Rot
Black Rot/Black Rot (724).png,Black Rot
Black Rot/Black Rot (725).png,Black Rot
Black Rot/Black Rot (726).png,Black Rot
Black Rot/Black Rot (727).png,Black Rot
Black Rot/Black Rot (728).png,Black Rot
Black Rot/Black Rot (729).png,Black Rot
Black Rot/Black Rot (730).png,Black Rot
Black Rot/Black Rot (731).png,Black Rot
Black Rot/Black Rot (732).png,Black Rot
Black Rot/Black Rot (733).png,Black Rot
Black Rot/Black Rot (734).png,Black Rot
Black Rot/Black Rot (735).png,Black Rot
Black Rot/Black Rot (736).png,Black Rot
Black Rot/Black Rot (737).png,Black Rot
Black Rot/Black Rot (738).png,Black Rot
Black Rot/Black Rot (739).png,Black Rot
Black Rot/Black Rot (740).png,Black Rot
Black Rot/Black Rot (741).png,Black Rot
Black Rot/Black Rot (742).png,Black Rot
Black Rot/Black Rot (743).png,Black Rot
Black Rot/Black Rot (744).png,Black Rot
Black Rot/Black Rot (745).png,Black Rot
Black Rot/Black Rot (746).png,Black Rot
Black Rot/Black Rot (747).png,Black Rot
Black Rot/Black Rot (748).png,Black Rot
Black Rot/Black Rot (749).png,Black Rot
Black Rot/Black Rot (750).png,Black Rot
Black Rot/Black Rot (751).png,Black Rot
Black Rot/Black Rot (752).png,Black Rot
Black Rot/Black Rot (753).png,Black Rot
Black Rot/Black Rot (754).png,Black Rot
Black Rot/Black Rot (755).png,Black Rot
Black Rot/Black Rot (756).png,Black Rot
Black Rot/Black Rot (757).png,Black Rot
Black Rot/Black Rot (758).png,Black Rot
Black Rot/Black Rot (759).png,Black Rot
Black Rot/Black Rot (760).png,Black Rot
Black Rot/Black Rot (761).png,Black Rot
Black Rot/Black Rot (762).png,Black Rot
Black Rot/Black Rot (763).png,Black Rot
Black Rot/Black Rot (764).png,Black Rot
Black Rot/Black Rot (765).png,Black Rot
Black Rot/Black Rot (766).png,Black Rot
Black Rot/Black Rot (767).png,Black Rot
Black Rot/Black Rot (768).png,Black Rot
Black Rot/Black Rot (769).png,Black Rot
Black Rot/Black Rot (770).png,Black Rot
Black Rot/Black Rot (771).png,Black Rot
Black Rot/Black Rot (772).png,Black Rot
Black Rot/Black Rot (773).png,Black Rot
Black Rot/Black Rot (774).png,Black Rot
Black Rot/Black Rot (775).png,Black Rot
Black Rot/Black Rot (776).png,Black Rot
Black Rot/Black Rot (777).png,Black Rot
Black Rot/Black Rot (778).png,Black Rot
Black Rot/Black Rot (779).png,Black Rot
Black Rot/Black Rot (780).png,Black Rot
Black Rot/Black Rot (781).png,Black Rot
Black Rot/Black Rot (782).png,Black Rot
Black Rot/Black Rot (783).png,Black Rot
Black Rot/Black Rot (784).png,Black Rot
Black Rot/Black Rot (785).png,Black Rot
Black Rot/Black Rot (786).png,Black Rot
Black Rot/Black Rot (787).png,Black Rot
Black Rot/Black Rot (788).png,Black Rot
Black Rot/Black Rot (789).png,Black Rot
Black Rot/Black Rot (790).png,Black Rot
Black Rot/Black Rot (791).png,Black Rot
Black Rot/Black Rot (792).png,Black Rot
Black Rot/Black Rot (793).png,Black Rot
Black Rot/Black Rot (794).png,Black Rot
Black Rot/Black Rot (795).png,Black Rot
Black Rot/Black Rot (796).png,Black Rot
Black Rot/Black Rot (797).png,Black Rot
Black Rot/Black Rot (798).png,Black Rot
Black Rot/Black Rot (799).png,Black Rot
Black Rot/Black Rot(1).jpeg,Black Rot
Black Rot/Black Rot(1).jpg,Black Rot
Black Rot/Black Rot(10).jpeg,Black Rot
Black Rot/Black Rot(10).jpg,Black Rot
Black Rot/Black Rot(11).jpeg,Black Rot
Black Rot/Black Rot(11).jpg,Black Rot
Black Rot/Black Rot(12).jpeg,Black Rot
Black Rot/Black Rot(12).jpg,Black Rot
Black Rot/Black Rot(13).jpeg,Black Rot
Black Rot/Black Rot(13).jpg,Black Rot
Black Rot/Black Rot(14).jpeg,Black Rot
Black Rot/Black Rot(14).jpg,Black Rot
Black Rot/Black Rot(15).jpeg,Black Rot
Black Rot/Black Rot(15).jpg,Black Rot
Black Rot/Black Rot(16).jpeg,Black Rot
Black Rot/Black Rot(16).jpg,Black Rot
Black Rot/Black Rot(17).jpeg,Black Rot
Black Rot/Black Rot(17).jpg,Black Rot
Black Rot/Black Rot(18).jpeg,Black Rot
Black Rot/Black Rot(18).jpg,Black Rot
Black Rot/Black Rot(19).jpeg,Black Rot
Black Rot/Black Rot(19).jpg,Black Rot
Black Rot/Black Rot(2).jpeg,Black Rot
Black Rot/Black Rot(2).jpg,Black Rot
Black Rot/Black Rot(20).jpeg,Black Rot
Black Rot/Black Rot(20).jpg,Black Rot
Black Rot/Black Rot(21).jpeg,Black Rot
Black Rot/Black Rot(21).jpg,Black Rot
Black Rot/Black Rot(22).jpeg,Black Rot
Black Rot/Black Rot(22).jpg,Black Rot
Black Rot/Black Rot(23).jpeg,Black Rot
Black Rot/Black Rot(23).jpg,Black Rot
Black Rot/Black Rot(24).jpeg,Black Rot
Black Rot/Black Rot(24).jpg,Black Rot
Black Rot/Black Rot(25).jpeg,Black Rot
Black Rot/Black Rot(25).jpg,Black Rot
Black Rot/Black Rot(26).jpeg,Black Rot
Black Rot/Black Rot(26).jpg,Black Rot
Black Rot/Black Rot(27).jpeg,Black Rot
Black Rot/Black Rot(27).jpg,Black Rot
Black Rot/Black Rot(28).jpeg,Black Rot
Black Rot/Black Rot(28).jpg,Black Rot
Black Rot/Black Rot(29).jpeg,Black Rot
Black Rot/Black Rot(29).jpg,Black Rot
Black Rot/Black Rot(3).jpeg,Black Rot
Black Rot/Black Rot(3).jpg,Black Rot
Black Rot/Black Rot(30).jpeg,Black Rot
Black Rot/Black Rot(30).jpg,Black Rot
Black Rot/Black Rot(31).jpeg,Black Rot
Black Rot/Black Rot(31).jpg,Black Rot
Black Rot/Black Rot(32).jpeg,Black Rot
Black Rot/Black Rot(32).jpg,Black Rot
Black Rot/Black Rot(33).jpeg,Black Rot
Black Rot/Black Rot(33).jpg,Black Rot
Black Rot/Black Rot(34).jpeg,Black Rot
Black Rot/Black Rot(34).jpg,Black Rot
Black Rot/Black Rot(35).jpeg,Black Rot
Black Rot/Black Rot(35).jpg,Black Rot
Black Rot/Black Rot(36).jpeg,Black Rot
Black Rot/Black Rot(36).jpg,Black Rot
Black Rot/Black Rot(37).jpeg,Black Rot
Black Rot/Black Rot(37).jpg,Black Rot
Black Rot/Black Rot(38).jpeg,Black Rot
Black Rot/Black Rot(38).jpg,Black Rot
Black Rot/Black Rot(39).jpeg,Black Rot
Black Rot/Black Rot(39).jpg,Black Rot
Black Rot/Black Rot(4).jpeg,Black Rot
Black Rot/Black Rot(4).jpg,Black Rot
Black Rot/Black Rot(40).jpeg,Black Rot
Black Rot/Black Rot(40).jpg,Black Rot
Black Rot/Black Rot(41).jpeg,Black Rot
Black Rot/Black Rot(42).jpeg,Black Rot
Black Rot/Black Rot(43).jpeg,Black Rot
Black Rot/Black Rot(44).jpeg,Black Rot
Black Rot/Black Rot(45).jpeg,Black Rot
Black Rot/Black Rot(46).jpeg,Black Rot
Black Rot/Black Rot(47).jpeg,Black Rot
Black Rot/Black Rot(48).jpeg,Black Rot
Black Rot/Black Rot(49).jpeg,Black Rot
Black Rot/Black Rot(5).jpeg,Black Rot
Black Rot/Black Rot(5).jpg,Black Rot
Black Rot/Black Rot(50).jpeg,Black Rot
Black Rot/Black Rot(51).jpeg,Black Rot
Black Rot/Black Rot(52).jpeg,Black Rot
Black Rot/Black Rot(53).jpeg,Black Rot
Black Rot/Black Rot(54).jpeg,Black Rot
Black Rot/Black Rot(55).jpeg,Black Rot
Black Rot/Black Rot(56).jpeg,Black Rot
Black Rot/Black Rot(57).jpeg,Black Rot
Black Rot/Black Rot(58).jpeg,Black Rot
Black Rot/Black Rot(59).jpeg,Black Rot
Black Rot/Black Rot(6).jpeg,Black Rot
Black Rot/Black Rot(6).jpg,Black Rot
Black Rot/Black Rot(60).jpeg,Black Rot
Black Rot/Black Rot(7).jpeg,Black Rot
Black Rot/Black Rot(7).jpg,Black Rot
Black Rot/Black Rot(8).jpeg,Black Rot
Black Rot/Black Rot(8).jpg,Black Rot
Black Rot/Black Rot(9).jpeg,Black Rot
Black Rot/Black Rot(9).jpg,Black Rot
Black Spot/Black_spot_1.jpg,Black Spot
Black Spot/Black_spot_10.jpg,Black Spot
Black Spot/Black_spot_100.jpg,Black Spot
Black Spot/Black_spot_101.jpg,Black Spot
Black Spot/Black_spot_102.jpg,Black Spot
Black Spot/Black_spot_103.jpg,Black Spot
Black Spot/Black_spot_104.jpg,Black Spot
Black Spot/Black_spot_105.jpg,Black Spot
Black Spot/Black_spot_106.jpg,Black Spot
Black Spot/Black_spot_107.jpg,Black Spot
Black Spot/Black_spot_108.jpg,Black Spot
Black Spot/Black_spot_109.jpg,Black Spot
Black Spot/Black_spot_11.jpg,Black Spot
Black Spot/Black_spot_110.jpg,Black Spot
Black Spot/Black_spot_111.jpg,Black Spot
Black Spot/Black_spot_112.jpg,Black Spot
Black Spot/Black_spot_113.jpg,Black Spot
Black Spot/Black_spot_114.jpg,Black Spot
Black Spot/Black_spot_115.jpg,Black Spot
Black Spot/Black_spot_116.jpg,Black Spot
Black Spot/Black_spot_117.jpg,Black Spot
Black Spot/Black_spot_118.jpg,Black Spot
Black Spot/Black_spot_119.jpg,Black Spot
Black Spot/Black_spot_12.jpg,Black Spot
Black Spot/Black_spot_120.jpg,Black Spot
Black Spot/Black_spot_121.jpg,Black Spot
Black Spot/Black_spot_122.jpg,Black Spot
Black Spot/Black_spot_123.jpg,Black Spot
Black Spot/Black_spot_124.jpg,Black Spot
Black Spot/Black_spot_125.jpg,Black Spot
Black Spot/Black_spot_126.jpg,Black Spot
Black Spot/Black_spot_127.jpg,Black Spot
Black Spot/Black_spot_128.jpg,Black Spot
Black Spot/Black_spot_129.jpg,Black Spot
Black Spot/Black_spot_13.jpg,Black Spot
Black Spot/Black_spot_130.jpg,Black Spot
Black Spot/Black_spot_131.jpg,Black Spot
Black Spot/Black_spot_132.jpg,Black Spot
Black Spot/Black_spot_133.jpg,Black Spot
Black Spot/Black_spot_134.jpg,Black Spot
Black Spot/Black_spot_135.jpg,Black Spot
Black Spot/Black_spot_136.jpg,Black Spot
Black Spot/Black_spot_137.jpg,Black Spot
Black Spot/Black_spot_138.jpg,Black Spot
Black Spot/Black_spot_139.jpg,Black Spot
Black Spot/Black_spot_14.jpg,Black Spot
Black Spot/Black_spot_140.jpg,Black Spot
Black Spot/Black_spot_141.jpg,Black Spot
Black Spot/Black_spot_142.jpg,Black Spot
Black Spot/Black_spot_143.jpg,Black Spot
Black Spot/Black_spot_144.jpg,Black Spot
Black Spot/Black_spot_145.jpg,Black Spot
Black Spot/Black_spot_146.jpg,Black Spot
Black Spot/Black_spot_147.jpg,Black Spot
Black Spot/Black_spot_148.jpg,Black Spot
Black Spot/Black_spot_149.jpg,Black Spot
Black Spot/Black_spot_15.jpg,Black Spot
Black Spot/Black_spot_150.jpg,Black Spot
Black Spot/Black_spot_151.jpg,Black Spot
Black Spot/Black_spot_152.jpg,Black Spot
Black Spot/Black_spot_153.jpg,Black Spot
Black Spot/Black_spot_154.jpg,Black Spot
Black Spot/Black_spot_155.jpg,Black Spot
Black Spot/Black_spot_156.jpg,Black Spot
Black Spot/Black_spot_157.jpg,Black Spot
Black Spot/Black_spot_158.jpg,Black Spot
Black Spot/Black_spot_159.jpg,Black Spot
Black Spot/Black_spot_16.jpg,Black Spot
Black Spot/Black_spot_160.jpg,Black Spot
Black Spot/Black_spot_161.jpg,Black Spot
Black Spot/Black_spot_162.jpg,Black Spot
Black Spot/Black_spot_163.jpg,Black Spot
Black Spot/Black_spot_164.jpg,Black Spot
Black Spot/Black_spot_165.jpg,Black Spot
Black Spot/Black_spot_166.jpg,Black Spot
Black Spot/Black_spot_167.jpg,Black Spot
Black Spot/Black_spot_168.jpg,Black Spot
Black Spot/Black_spot_169.jpg,Black Spot
Black Spot/Black_spot_17.jpg,Black Spot
Black Spot/Black_spot_170.jpg,Black Spot
Black Spot/Black_spot_171.jpg,Black Spot
Black Spot/Black_spot_172.jpg,Black Spot
Black Spot/Black_spot_173.jpg,Black Spot
Black Spot/Black_spot_174.jpg,Black Spot
Black Spot/Black_spot_175.jpg,Black Spot
Black Spot/Black_spot_176.jpg,Black Spot
Black Spot/Black_spot_177.jpg,Black Spot
Black Spot/Black_spot_178.jpg,Black Spot
Black Spot/Black_spot_179.jpg,Black Spot
Black Spot/Black_spot_18.jpg,Black Spot
Black Spot/Black_spot_180.jpg,Black Spot
Black Spot/Black_spot_181.jpg,Black Spot
Black Spot/Black_spot_182.jpg,Black Spot
Black Spot/Black_spot_183.jpg,Black Spot
Black Spot/Black_spot_184.jpg,Black Spot
Black Spot/Black_spot_185.jpg,Black Spot
Black Spot/Black_spot_186.jpg,Black Spot
Black Spot/Black_spot_187.jpg,Black Spot
Black Spot/Black_spot_188.jpg,Black Spot
Black Spot/Black_spot_189.jpg,Black Spot
Black Spot/Black_spot_19.jpg,Black Spot
Black Spot/Black_spot_190.jpg,Black Spot
Black Spot/Black_spot_191.jpg,Black Spot
Black Spot/Black_spot_192.jpg,Black Spot
Black Spot/Black_spot_193.jpg,Black Spot
Black Spot/Black_spot_194.jpg,Black Spot
Black Spot/Black_spot_195.jpg,Black Spot
Black Spot/Black_spot_196.jpg,Black Spot
Black Spot/Black_spot_197.jpg,Black Spot
Black Spot/Black_spot_198.jpg,Black Spot
Black Spot/Black_spot_199.jpg,Black Spot
Black Spot/Black_spot_2.jpg,Black Spot
Black Spot/Black_spot_20.jpg,Black Spot
Black Spot/Black_spot_200.jpg,Black Spot
Black Spot/Black_spot_201.jpg,Black Spot
Black Spot/Black_spot_202.jpg,Black Spot
Black Spot/Black_spot_203.jpg,Black Spot
Black Spot/Black_spot_204.jpg,Black Spot
Black Spot/Black_spot_205.jpg,Black Spot
Black Spot/Black_spot_206.jpg,Black Spot
Black Spot/Black_spot_207.jpg,Black Spot
Black Spot/Black_spot_208.jpg,Black Spot
Black Spot/Black_spot_209.jpg,Black Spot
Black Spot/Black_spot_21.jpg,Black Spot
Black Spot/Black_spot_210.jpg,Black Spot
Black Spot/Black_spot_211.jpg,Black Spot
Black Spot/Black_spot_212.jpg,Black Spot
Black Spot/Black_spot_213.jpg,Black Spot
Black Spot/Black_spot_214.jpg,Black Spot
Black Spot/Black_spot_215.jpg,Black Spot
Black Spot/Black_spot_216.jpg,Black Spot
Black Spot/Black_spot_217.jpg,Black Spot
Black Spot/Black_spot_218.jpg,Black Spot
Black Spot/Black_spot_219.jpg,Black Spot
Black Spot/Black_spot_22.jpg,Black Spot
Black Spot/Black_spot_220.jpg,Black Spot
Black Spot/Black_spot_221.jpg,Black Spot
Black Spot/Black_spot_222.jpg,Black Spot
Black Spot/Black_spot_223.jpg,Black Spot
Black Spot/Black_spot_224.jpg,Black Spot
Black Spot/Black_spot_225.jpg,Black Spot
Black Spot/Black_spot_226.jpg,Black Spot
Black Spot/Black_spot_227.jpg,Black Spot
Black Spot/Black_spot_228.jpg,Black Spot
Black Spot/Black_spot_229.jpg,Black Spot
Black Spot/Black_spot_23.jpg,Black Spot
Black Spot/Black_spot_230.jpg,Black Spot
Black Spot/Black_spot_231.jpg,Black Spot
Black Spot/Black_spot_232.jpg,Black Spot
Black Spot/Black_spot_233.jpg,Black Spot
Black Spot/Black_spot_234.jpg,Black Spot
Black Spot/Black_spot_235.jpg,Black Spot
Black Spot/Black_spot_236.jpg,Black Spot
Black Spot/Black_spot_237.jpg,Black Spot
Black Spot/Black_spot_238.jpg,Black Spot
Black Spot/Black_spot_239.jpg,Black Spot
Black Spot/Black_spot_24.jpg,Black Spot
Black Spot/Black_spot_240.jpg,Black Spot
Black Spot/Black_spot_241.jpg,Black Spot
Black Spot/Black_spot_242.jpg,Black Spot
Black Spot/Black_spot_243.jpg,Black Spot
Black Spot/Black_spot_244.jpg,Black Spot
Black Spot/Black_spot_245.jpg,Black Spot
Black Spot/Black_spot_246.jpg,Black Spot
Black Spot/Black_spot_247.jpg,Black Spot
Black Spot/Black_spot_248.jpg,Black Spot
Black Spot/Black_spot_249.jpg,Black Spot
Black Spot/Black_spot_25.jpg,Black Spot
Black Spot/Black_spot_250.jpg,Black Spot
Black Spot/Black_spot_251.jpg,Black Spot
Black Spot/Black_spot_26.jpg,Black Spot
Black Spot/Black_spot_27.jpg,Black Spot
Black Spot/Black_spot_28.jpg,Black Spot
Black Spot/Black_spot_29.jpg,Black Spot
Black Spot/Black_spot_3.jpg,Black Spot
Black Spot/Black_spot_30.jpg,Black Spot
Black Spot/Black_spot_31.jpg,Black Spot
Black Spot/Black_spot_32.jpg,Black Spot
Black Spot/Black_spot_33.jpg,Black Spot
Black Spot/Black_spot_34.jpg,Black Spot
Black Spot/Black_spot_35.jpg,Black Spot
Black Spot/Black_spot_36.jpg,Black Spot
Black Spot/Black_spot_37.jpg,Black Spot
Black Spot/Black_spot_38.jpg,Black Spot
Black Spot/Black_spot_39.jpg,Black Spot
Black Spot/Black_spot_4.jpg,Black Spot
Black Spot/Black_spot_40.jpg,Black Spot
Black Spot/Black_spot_41.jpg,Black Spot
Black Spot/Black_spot_42.jpg,Black Spot
Black Spot/Black_spot_43.jpg,Black Spot
Black Spot/Black_spot_44.jpg,Black Spot
Black Spot/Black_spot_45.jpg,Black Spot
Black Spot/Black_spot_46.jpg,Black Spot
Black Spot/Black_spot_47.jpg,Black Spot
Black Spot/Black_spot_48.jpg,Black Spot
Black Spot/Black_spot_49.jpg,Black Spot
Black Spot/Black_spot_5.jpg,Black Spot
Black Spot/Black_spot_50.jpg,Black Spot
Black Spot/Black_spot_51.jpg,Black Spot
Black Spot/Black_spot_52.jpg,Black Spot
Black Spot/Black_spot_53.jpg,Black Spot
Black Spot/Black_spot_54.jpg,Black Spot
Black Spot/Black_spot_55.jpg,Black Spot
Black Spot/Black_spot_56.jpg,Black Spot
Black Spot/Black_spot_57.jpg,Black Spot
Black Spot/Black_spot_58.jpg,Black Spot
Black Spot/Black_spot_59.jpg,Black Spot
Black Spot/Black_spot_6.jpg,Black Spot
Black Spot/Black_spot_60.jpg,Black Spot
Black Spot/Black_spot_61.jpg,Black Spot
Black Spot/Black_spot_62.jpg,Black Spot
Black Spot/Black_spot_63.jpg,Black Spot
Black Spot/Black_spot_64.jpg,Black Spot
Black Spot/Black_spot_65.jpg,Black Spot
Black Spot/Black_spot_66.jpg,Black Spot
Black Spot/Black_spot_67.jpg,Black Spot
Black Spot/Black_spot_68.jpg,Black Spot
Black Spot/Black_spot_69.jpg,Black Spot
Black Spot/Black_spot_7.jpg,Black Spot
Black Spot/Black_spot_70.jpg,Black Spot
Black Spot/Black_spot_71.jpg,Black Spot
Black Spot/Black_spot_72.jpg,Black Spot
Black Spot/Black_spot_73.jpg,Black Spot
Black Spot/Black_spot_74.jpg,Black Spot
Black Spot/Black_spot_75.jpg,Black Spot
Black Spot/Black_spot_76.jpg,Black Spot
Black Spot/Black_spot_77.jpg,Black Spot
Black Spot/Black_spot_78.jpg,Black Spot
Black Spot/Black_spot_79.jpg,Black Spot
Black Spot/Black_spot_8.jpg,Black Spot
Black Spot/Black_spot_80.jpg,Black Spot
Black Spot/Black_spot_81.jpg,Black Spot
Black Spot/Black_spot_82.jpg,Black Spot
Black Spot/Black_spot_83.jpg,Black Spot
Black Spot/Black_spot_84.jpg,Black Spot
Black Spot/Black_spot_85.jpg,Black Spot
Black Spot/Black_spot_86.jpg,Black Spot
Black Spot/Black_spot_87.jpg,Black Spot
Black Spot/Black_spot_88.jpg,Black Spot
Black Spot/Black_spot_89.jpg,Black Spot
Black Spot/Black_spot_9.jpg,Black Spot
Black Spot/Black_spot_90.jpg,Black Spot
Black Spot/Black_spot_91.jpg,Black Spot
Black Spot/Black_spot_92.jpg,Black Spot
Black Spot/Black_spot_93.jpg,Black Spot
Black Spot/Black_spot_94.jpg,Black Spot
Black Spot/Black_spot_95.jpg,Black Spot
Black Spot/Black_spot_96.jpg,Black Spot
Black Spot/Black_spot_97.jpg,Black Spot
Black Spot/Black_spot_98.jpg,Black Spot
Black Spot/Black_spot_99.jpg,Black Spot
Downy Mildew/Downy Mildew (1).png,Downy Mildew
Downy Mildew/Downy Mildew (101).png,Downy Mildew
Downy Mildew/Downy Mildew (102).png,Downy Mildew
Downy Mildew/Downy Mildew (103).png,Downy Mildew
Downy Mildew/Downy Mildew (104).png,Downy Mildew
Downy Mildew/Downy Mildew (105).png,Downy Mildew
Downy Mildew/Downy Mildew (106).png,Downy Mildew
Downy Mildew/Downy Mildew (107).png,Downy Mildew
Downy Mildew/Downy Mildew (108).png,Downy Mildew
Downy Mildew/Downy Mildew (109).png,Downy Mildew
Downy Mildew/Downy Mildew (110).png,Downy Mildew
Downy Mildew/Downy Mildew (111).png,Downy Mildew
Downy Mildew/Downy Mildew (112).png,Downy Mildew
Downy Mildew/Downy Mildew (113).png,Downy Mildew
Downy Mildew/Downy Mildew (114).png,Downy Mildew
Downy Mildew/Downy Mildew (115).png,Downy Mildew
Downy Mildew/Downy Mildew (116).png,Downy Mildew
Downy Mildew/Downy Mildew (117).png,Downy Mildew
Downy Mildew/Downy Mildew (118).png,Downy Mildew
Downy Mildew/Downy Mildew (119).png,Downy Mildew
Downy Mildew/Downy Mildew (120).png,Downy Mildew
Downy Mildew/Downy Mildew (121).png,Downy Mildew
Downy Mildew/Downy Mildew (122).png,Downy Mildew
Downy Mildew/Downy Mildew (123).png,Downy Mildew
Downy Mildew/Downy Mildew (124).png,Downy Mildew
Downy Mildew/Downy Mildew (125).png,Downy Mildew
Downy Mildew/Downy Mildew (126).png,Downy Mildew
Downy Mildew/Downy Mildew (127).png,Downy Mildew
Downy Mildew/Downy Mildew (128).png,Downy Mildew
Downy Mildew/Downy Mildew (129).png,Downy Mildew
Downy Mildew/Downy Mildew (130).png,Downy Mildew
Downy Mildew/Downy Mildew (131).png,Downy Mildew
Downy Mildew/Downy Mildew (132).png,Downy Mildew
Downy Mildew/Downy Mildew (133).png,Downy Mildew
Downy Mildew/Downy Mildew (134).png,Downy Mildew
Downy Mildew/Downy Mildew (135).png,Downy Mildew
Downy Mildew/Downy Mildew (136).png,Downy Mildew
Downy Mildew/Downy Mildew (137).png,Downy Mildew
Downy Mildew/Downy Mildew (138).png,Downy Mildew
Downy Mildew/Downy Mildew (139).png,Downy Mildew
Downy Mildew/Downy Mildew (140).png,Downy Mildew
Downy Mildew/Downy Mildew (141).png,Downy Mildew
Downy Mildew/Downy Mildew (142).png,Downy Mildew
Downy Mildew/Downy Mildew (143).png,Downy Mildew
Downy Mildew/Downy Mildew (144).png,Downy Mildew
Downy Mildew/Downy Mildew (145).png,Downy Mildew
Downy Mildew/Downy Mildew (146).png,Downy Mildew
Downy Mildew/Downy Mildew (147).png,Downy Mildew
Downy Mildew/Downy Mildew (148).png,Downy Mildew
Downy Mildew/Downy Mildew (149).png,Downy Mildew
Downy Mildew/Downy Mildew (150).png,Downy Mildew
Downy Mildew/Downy Mildew (151).png,Downy Mildew
Downy Mildew/Downy Mildew (152).png,Downy Mildew
Downy Mildew/Downy Mildew (153).png,Downy Mildew
Downy Mildew/Downy Mildew (154).png,Downy Mildew
Downy Mildew/Downy Mildew (155).png,Downy Mildew
Downy Mildew/Downy Mildew (156).png,Downy Mildew
Downy Mildew/Downy Mildew (157).png,Downy Mildew
Downy Mildew/Downy Mildew (158).png,Downy Mildew
Downy Mildew/Downy Mildew (159).png,Downy Mildew
Downy Mildew/Downy Mildew (160).png,Downy Mildew
Downy Mildew/Downy Mildew (161).png,Downy Mildew
Downy Mildew/Downy Mildew (162).png,Downy Mildew
Downy Mildew/Downy Mildew (163).png,Downy Mildew
Downy Mildew/Downy Mildew (164).png,Downy Mildew
Downy Mildew/Downy Mildew (165).png,Downy Mildew
Downy Mildew/Downy Mildew (166).png,Downy Mildew
Downy Mildew/Downy Mildew (167).png,Downy Mildew
Downy Mildew/Downy Mildew (168).png,Downy Mildew
Downy Mildew/Downy Mildew (169).png,Downy Mildew
Downy Mildew/Downy Mildew (170).png,Downy Mildew
Downy Mildew/Downy Mildew (171).png,Downy Mildew
Downy Mildew/Downy Mildew (172).png,Downy Mildew
Downy Mildew/Downy Mildew (173).png,Downy Mildew
Downy Mildew/Downy Mildew (174).png,Downy Mildew
Downy Mildew/Downy Mildew (175).png,Downy Mildew
Downy Mildew/Downy Mildew (176).png,Downy Mildew
Downy Mildew/Downy Mildew (177).png,Downy Mildew
Downy Mildew/Downy Mildew (178).png,Downy Mildew
Downy Mildew/Downy Mildew (179).png,Downy Mildew
Downy Mildew/Downy Mildew (180).png,Downy Mildew
Downy Mildew/Downy Mildew (181).png,Downy Mildew
Downy Mildew/Downy Mildew (182).png,Downy Mildew
Downy Mildew/Downy Mildew (183).png,Downy Mildew
Downy Mildew/Downy Mildew (184).png,Downy Mildew
Downy Mildew/Downy Mildew (185).png,Downy Mildew
Downy Mildew/Downy Mildew (186).png,Downy Mildew
Downy Mildew/Downy Mildew (187).png,Downy Mildew
Downy Mildew/Downy Mildew (188).png,Downy Mildew
Downy Mildew/Downy Mildew (189).png,Downy Mildew
Downy Mildew/Downy Mildew (190).png,Downy Mildew
Downy Mildew/Downy Mildew (191).png,Downy Mildew
Downy Mildew/Downy Mildew (192).png,Downy Mildew
Downy Mildew/Downy Mildew (193).png,Downy Mildew
Downy Mildew/Downy Mildew (194).png,Downy Mildew
Downy Mildew/Downy Mildew (195).png,Downy Mildew
Downy Mildew/Downy Mildew (196).png,Downy Mildew
Downy Mildew/Downy Mildew (197).png,Downy Mildew
Downy Mildew/Downy Mildew (198).png,Downy Mildew
Downy Mildew/Downy Mildew (199).png,Downy Mildew
Downy Mildew/Downy Mildew (200).png,Downy Mildew
Downy Mildew/Downy Mildew (201).png,Downy Mildew
Downy Mildew/Downy Mildew (202).png,Downy Mildew
Downy Mildew/Downy Mildew (203).png,Downy Mildew
Downy Mildew/Downy Mildew (204).png,Downy Mildew
Downy Mildew/Downy Mildew (205).png,Downy Mildew
Downy Mildew/Downy Mildew (206).png,Downy Mildew
Downy Mildew/Downy Mildew (207).png,Downy Mildew
Downy Mildew/Downy Mildew (208).png,Downy Mildew
Downy Mildew/Downy Mildew (209).png,Downy Mildew
Downy Mildew/Downy Mildew (210).png,Downy Mildew
Downy Mildew/Downy Mildew (211).png,Downy Mildew
Downy Mildew/Downy Mildew (212).png,Downy Mildew
Downy Mildew/Downy Mildew (213).png,Downy Mildew
Downy Mildew/Downy Mildew (214).png,Downy Mildew
Downy Mildew/Downy Mildew (215).png,Downy Mildew
Downy Mildew/Downy Mildew (216).png,Downy Mildew
Downy Mildew/Downy Mildew (217).png,Downy Mildew
Downy Mildew/Downy Mildew (218).png,Downy Mildew
Downy Mildew/Downy Mildew (219).png,Downy Mildew
Downy Mildew/Downy Mildew (220).png,Downy Mildew
Downy Mildew/Downy Mildew (221).png,Downy Mildew
Downy Mildew/Downy Mildew (222).png,Downy Mildew
Downy Mildew/Downy Mildew (223).png,Downy Mildew
Downy Mildew/Downy Mildew (224).png,Downy Mildew
Downy Mildew/Downy Mildew (225).png,Downy Mildew
Downy Mildew/Downy Mildew (226).png,Downy Mildew
Downy Mildew/Downy Mildew (227).png,Downy Mildew
Downy Mildew/Downy Mildew (228).png,Downy Mildew
Downy Mildew/Downy Mildew (229).png,Downy Mildew
Downy Mildew/Downy Mildew (230).png,Downy Mildew
Downy Mildew/Downy Mildew (231).png,Downy Mildew
Downy Mildew/Downy Mildew (232).png,Downy Mildew
Downy Mildew/Downy Mildew (233).png,Downy Mildew
Downy Mildew/Downy Mildew (234).png,Downy Mildew
Downy Mildew/Downy Mildew (235).png,Downy Mildew
Downy Mildew/Downy Mildew (236).png,Downy Mildew
Downy Mildew/Downy Mildew (237).png,Downy Mildew
Downy Mildew/Downy Mildew (238).png,Downy Mildew
Downy Mildew/Downy Mildew (239).png,Downy Mildew
Downy Mildew/Downy Mildew (240).png,Downy Mildew
Downy Mildew/Downy Mildew (241).png,Downy Mildew
Downy Mildew/Downy Mildew (242).png,Downy Mildew
Downy Mildew/Downy Mildew (243).png,Downy Mildew
Downy Mildew/Downy Mildew (244).png,Downy Mildew
Downy Mildew/Downy Mildew (245).png,Downy Mildew
Downy Mildew/Downy Mildew (246).png,Downy Mildew
Downy Mildew/Downy Mildew (247).png,Downy Mildew
Downy Mildew/Downy Mildew (248).png,Downy Mildew
Downy Mildew/Downy Mildew (249).png,Downy Mildew
Downy Mildew/Downy Mildew (250).png,Downy Mildew
Downy Mildew/Downy Mildew (251).png,Downy Mildew
Downy Mildew/Downy Mildew (252).png,Downy Mildew
Downy Mildew/Downy Mildew (253).png,Downy Mildew
Downy Mildew/Downy Mildew (254).png,Downy Mildew
Downy Mildew/Downy Mildew (255).png,Downy Mildew
Downy Mildew/Downy Mildew (256).png,Downy Mildew
Downy Mildew/Downy Mildew (257).png,Downy Mildew
Downy Mildew/Downy Mildew (258).png,Downy Mildew
Downy Mildew/Downy Mildew (259).png,Downy Mildew
Downy Mildew/Downy Mildew (260).png,Downy Mildew
Downy Mildew/Downy Mildew (261).png,Downy Mildew
Downy Mildew/Downy Mildew (262).png,Downy Mildew
Downy Mildew/Downy Mildew (263).png,Downy Mildew
Downy Mildew/Downy Mildew (264).png,Downy Mildew
Downy Mildew/Downy Mildew (265).png,Downy Mildew
Downy Mildew/Downy Mildew (266).png,Downy Mildew
Downy Mildew/Downy Mildew (267).png,Downy Mildew
Downy Mildew/Downy Mildew (268).png,Downy Mildew
Downy Mildew/Downy Mildew (269).png,Downy Mildew
Downy Mildew/Downy Mildew (270).png,Downy Mildew
Downy Mildew/Downy Mildew (271).png,Downy Mildew
Downy Mildew/Downy Mildew (272).png,Downy Mildew
Downy Mildew/Downy Mildew (273).png,Downy Mildew
Downy Mildew/Downy Mildew (274).png,Downy Mildew
Downy Mildew/Downy Mildew (275).png,Downy Mildew
Downy Mildew/Downy Mildew (276).png,Downy Mildew
Downy Mildew/Downy Mildew (277).png,Downy Mildew
Downy Mildew/Downy Mildew (278).png,Downy Mildew
Downy Mildew/Downy Mildew (279).png,Downy Mildew
Downy Mildew/Downy Mildew (280).png,Downy Mildew
Downy Mildew/Downy Mildew (281).png,Downy Mildew
Downy Mildew/Downy Mildew (282).png,Downy Mildew
Downy Mildew/Downy Mildew (283).png,Downy Mildew
Downy Mildew/Downy Mildew (284).png,Downy Mildew
Downy Mildew/Downy Mildew (285).png,Downy Mildew
Downy Mildew/Downy Mildew (286).png,Downy Mildew
Downy Mildew/Downy Mildew (287).png,Downy Mildew
Downy Mildew/Downy Mildew (288).png,Downy Mildew
Downy Mildew/Downy Mildew (289).png,Downy Mildew
Downy Mildew/Downy Mildew (290).png,Downy Mildew
Downy Mildew/Downy Mildew (291).png,Downy Mildew
Downy Mildew/Downy Mildew (292).png,Downy Mildew
Downy Mildew/Downy Mildew (293).png,Downy Mildew
Downy Mildew/Downy Mildew (294).png,Downy Mildew
Downy Mildew/Downy Mildew (295).png,Downy Mildew
Downy Mildew/Downy Mildew (296).png,Downy Mildew
Downy Mildew/Downy Mildew (297).png,Downy Mildew
Downy Mildew/Downy Mildew (298).png,Downy Mildew
Downy Mildew/Downy Mildew (299).png,Downy Mildew
Downy Mildew/Downy Mildew (300).png,Downy Mildew
Downy Mildew/Downy Mildew (301).png,Downy Mildew
Downy Mildew/Downy Mildew (302).png,Downy Mildew
Downy Mildew/Downy Mildew (303).png,Downy Mildew
Downy Mildew/Downy Mildew (304).png,Downy Mildew
Downy Mildew/Downy Mildew (305).png,Downy Mildew
Downy Mildew/Downy Mildew (306).png,Downy Mildew
Downy Mildew/Downy Mildew (307).png,Downy Mildew
Downy Mildew/Downy Mildew (308).png,Downy Mildew
Downy Mildew/Downy Mildew (309).png,Downy Mildew
Downy Mildew/Downy Mildew (310).png,Downy Mildew
Downy Mildew/Downy Mildew (311).png,Downy Mildew
Downy Mildew/Downy Mildew (312).png,Downy Mildew
Downy Mildew/Downy Mildew (313).png,Downy Mildew
Downy Mildew/Downy Mildew (314).png,Downy Mildew
Downy Mildew/Downy Mildew (315).png,Downy Mildew
Downy Mildew/Downy Mildew (316).png,Downy Mildew
Downy Mildew/Downy Mildew (317).png,Downy Mildew
Downy Mildew/Downy Mildew (318).png,Downy Mildew
Downy Mildew/Downy Mildew (319).png,Downy Mildew
Downy Mildew/Downy Mildew (320).png,Downy Mildew
Downy Mildew/Downy Mildew (321).png,Downy Mildew
Downy Mildew/Downy Mildew (322).png,Downy Mildew
Downy Mildew/Downy Mildew (323).png,Downy Mildew
Downy Mildew/Downy Mildew (324).png,Downy Mildew
Downy Mildew/Downy Mildew (325).png,Downy Mildew
Downy Mildew/Downy Mildew (326).png,Downy Mildew
Downy Mildew/Downy Mildew (327).png,Downy Mildew
Downy Mildew/Downy Mildew (328).png,Downy Mildew
Downy Mildew/Downy Mildew (329).png,Downy Mildew
Downy Mildew/Downy Mildew (330).png,Downy Mildew
Downy Mildew/Downy Mildew (331).png,Downy Mildew
Downy Mildew/Downy Mildew (332).png,Downy Mildew
Downy Mildew/Downy Mildew (333).png,Downy Mildew
Downy Mildew/Downy Mildew (334).png,Downy Mildew
Downy Mildew/Downy Mildew (335).png,Downy Mildew
Downy Mildew/Downy Mildew (336).png,Downy Mildew
Downy Mildew/Downy Mildew (337).png,Downy Mildew
Downy Mildew/Downy Mildew (338).png,Downy Mildew
Downy Mildew/Downy Mildew (339).png,Downy Mildew
Downy Mildew/Downy Mildew (340).png,Downy Mildew
Downy Mildew/Downy Mildew (341).png,Downy Mildew
Downy Mildew/Downy Mildew (342).png,Downy Mildew
Downy Mildew/Downy Mildew (343).png,Downy Mildew
Downy Mildew/Downy Mildew (344).png,Downy Mildew
Downy Mildew/Downy Mildew (345).png,Downy Mildew
Downy Mildew/Downy Mildew (346).png,Downy Mildew
Downy Mildew/Downy Mildew (347).png,Downy Mildew
Downy Mildew/Downy Mildew (348).png,Downy Mildew
Downy Mildew/Downy Mildew (349).png,Downy Mildew
Downy Mildew/Downy Mildew (350).png,Downy Mildew
Downy Mildew/Downy Mildew (351).png,Downy Mildew
Downy Mildew/Downy Mildew (352).png,Downy Mildew
Downy Mildew/Downy Mildew (353).png,Downy Mildew
Downy Mildew/Downy Mildew (354).png,Downy Mildew
Downy Mildew/Downy Mildew (355).png,Downy Mildew
Downy Mildew/Downy Mildew (356).png,Downy Mildew
Downy Mildew/Downy Mildew (357).png,Downy Mildew
Downy Mildew/Downy Mildew (358).png,Downy Mildew
Downy Mildew/Downy Mildew (359).png,Downy Mildew
Downy Mildew/Downy Mildew (360).png,Downy Mildew
Downy Mildew/Downy Mildew (361).png,Downy Mildew
Downy Mildew/Downy Mildew (362).png,Downy Mildew
Downy Mildew/Downy Mildew (363).png,Downy Mildew
Downy Mildew/Downy Mildew (364).png,Downy Mildew
Downy Mildew/Downy Mildew (365).png,Downy Mildew
Downy Mildew/Downy Mildew (366).png,Downy Mildew
Downy Mildew/Downy Mildew (367).png,Downy Mildew
Downy Mildew/Downy Mildew (368).png,Downy Mildew
Downy Mildew/Downy Mildew (369).png,Downy Mildew
Downy Mildew/Downy Mildew (370).png,Downy Mildew
Downy Mildew/Downy Mildew (371).png,Downy Mildew
Downy Mildew/Downy Mildew (372).png,Downy Mildew
Downy Mildew/Downy Mildew (373).png,Downy Mildew
Downy Mildew/Downy Mildew (374).png,Downy Mildew
Downy Mildew/Downy Mildew (375).png,Downy Mildew
Downy Mildew/Downy Mildew (376).png,Downy Mildew
Downy Mildew/Downy Mildew (377).png,Downy Mildew
Downy Mildew/Downy Mildew (378).png,Downy Mildew
Downy Mildew/Downy Mildew (379).png,Downy Mildew
Downy Mildew/Downy Mildew (380).png,Downy Mildew
Downy Mildew/Downy Mildew (381).png,Downy Mildew
Downy Mildew/Downy Mildew (382).png,Downy Mildew
Downy Mildew/Downy Mildew (383).png,Downy Mildew
Downy Mildew/Downy Mildew (384).png,Downy Mildew
Downy Mildew/Downy Mildew (385).png,Downy Mildew
Downy Mildew/Downy Mildew (386).png,Downy Mildew
Downy Mildew/Downy Mildew (387).png,Downy Mildew
Downy Mildew/Downy Mildew (388).png,Downy Mildew
Downy Mildew/Downy Mildew (389).png,Downy Mildew
Downy Mildew/Downy Mildew (390).png,Downy Mildew
Downy Mildew/Downy Mildew (391).png,Downy Mildew
Downy Mildew/Downy Mildew (392).png,Downy Mildew
Downy Mildew/Downy Mildew (393).png,Downy Mildew
Downy Mildew/Downy Mildew (394).png,Downy Mildew
Downy Mildew/Downy Mildew (395).png,Downy Mildew
Downy Mildew/Downy Mildew (396).png,Downy Mildew
Downy Mildew/Downy Mildew (397).png,Downy Mildew
Downy Mildew/Downy Mildew (398).png,Downy Mildew
Downy Mildew/Downy Mildew (399).png,Downy Mildew
Downy Mildew/Downy Mildew (400).png,Downy Mildew
Downy Mildew/Downy Mildew (401).png,Downy Mildew
Downy Mildew/Downy Mildew (402).png,Downy Mildew
Downy Mildew/Downy Mildew (403).png,Downy Mildew
Downy Mildew/Downy Mildew (404).png,Downy Mildew
Downy Mildew/Downy Mildew (405).png,Downy Mildew
Downy Mildew/Downy Mildew (406).png,Downy Mildew
Downy Mildew/Downy Mildew (407).png,Downy Mildew
Downy Mildew/Downy Mildew (408).png,Downy Mildew
Downy Mildew/Downy Mildew (409).png,Downy Mildew
Downy Mildew/Downy Mildew (410).png,Downy Mildew
Downy Mildew/Downy Mildew (411).png,Downy Mildew
Downy Mildew/Downy Mildew (412).png,Downy Mildew
Downy Mildew/Downy Mildew (413).png,Downy Mildew
Downy Mildew/Downy Mildew (414).png,Downy Mildew
Downy Mildew/Downy Mildew (415).png,Downy Mildew
Downy Mildew/Downy Mildew (416).png,Downy Mildew
Downy Mildew/Downy Mildew (417).png,Downy Mildew
Downy Mildew/Downy Mildew (418).png,Downy Mildew
Downy Mildew/Downy Mildew (419).png,Downy Mildew
Downy Mildew/Downy Mildew (420).png,Downy Mildew
Downy Mildew/Downy Mildew (421).png,Downy Mildew
Downy Mildew/Downy Mildew (422).png,Downy Mildew
Downy Mildew/Downy Mildew (423).png,Downy Mildew
Downy Mildew/Downy Mildew (424).png,Downy Mildew
Downy Mildew/Downy Mildew (425).png,Downy Mildew
Downy Mildew/Downy Mildew (426).png,Downy Mildew
Downy Mildew/Downy Mildew (427).png,Downy Mildew
Downy Mildew/Downy Mildew (428).png,Downy Mildew
Downy Mildew/Downy Mildew (429).png,Downy Mildew
Downy Mildew/Downy Mildew (430).png,Downy Mildew
Downy Mildew/Downy Mildew (431).png,Downy Mildew
Downy Mildew/Downy Mildew (432).png,Downy Mildew
Downy Mildew/Downy Mildew (433).png,Downy Mildew
Downy Mildew/Downy Mildew (434).png,Downy Mildew
Downy Mildew/Downy Mildew (435).png,Downy Mildew
Downy Mildew/Downy Mildew (436).png,Downy Mildew
Downy Mildew/Downy Mildew (437).png,Downy Mildew
Downy Mildew/Downy Mildew (438).png,Downy Mildew
Downy Mildew/Downy Mildew (439).png,Downy Mildew
Downy Mildew/Downy Mildew (440).png,Downy Mildew
Downy Mildew/Downy Mildew (441).png,Downy Mildew
Downy Mildew/Downy Mildew (442).png,Downy Mildew
Downy Mildew/Downy Mildew (443).png,Downy Mildew
Downy Mildew/Downy Mildew (444).png,Downy Mildew
Downy Mildew/Downy Mildew (445).png,Downy Mildew
Downy Mildew/Downy Mildew (446).png,Downy Mildew
Downy Mildew/Downy Mildew (447).png,Downy Mildew
Downy Mildew/Downy Mildew (448).png,Downy Mildew
Downy Mildew/Downy Mildew (449).png,Downy Mildew
Downy Mildew/Downy Mildew (450).png,Downy Mildew
Downy Mildew/Downy Mildew (451).png,Downy Mildew
Downy Mildew/Downy Mildew (452).png,Downy Mildew
Downy Mildew/Downy Mildew (453).png,Downy Mildew
Downy Mildew/Downy Mildew (454).png,Downy Mildew
Downy Mildew/Downy Mildew (455).png,Downy Mildew
Downy Mildew/Downy Mildew (456).png,Downy Mildew
Downy Mildew/Downy Mildew (457).png,Downy Mildew
Downy Mildew/Downy Mildew (458).png,Downy Mildew
Downy Mildew/Downy Mildew (459).png,Downy Mildew
Downy Mildew/Downy Mildew (460).png,Downy Mildew
Downy Mildew/Downy Mildew (461).png,Downy Mildew
Downy Mildew/Downy Mildew (462).png,Downy Mildew
Downy Mildew/Downy Mildew (463).png,Downy Mildew
Downy Mildew/Downy Mildew (464).png,Downy Mildew
Downy Mildew/Downy Mildew (465).png,Downy Mildew
Downy Mildew/Downy Mildew (466).png,Downy Mildew
Downy Mildew/Downy Mildew (467).png,Downy Mildew
Downy Mildew/Downy Mildew (468).png,Downy Mildew
Downy Mildew/Downy Mildew (469).png,Downy Mildew
Downy Mildew/Downy Mildew (470).png,Downy Mildew
Downy Mildew/Downy Mildew (471).png,Downy Mildew
Downy Mildew/Downy Mildew (472).png,Downy Mildew
Downy Mildew/Downy Mildew (473).png,Downy Mildew
Downy Mildew/Downy Mildew (474).png,Downy Mildew
Downy Mildew/Downy Mildew (475).png,Downy Mildew
Downy Mildew/Downy Mildew (476).png,Downy Mildew
Downy Mildew/Downy Mildew (477).png,Downy Mildew
Downy Mildew/Downy Mildew (478).png,Downy Mildew
Downy Mildew/Downy Mildew (479).png,Downy Mildew
Downy Mildew/Downy Mildew (480).png,Downy Mildew
Downy Mildew/Downy Mildew (481).png,Downy Mildew
Downy Mildew/Downy Mildew (482).png,Downy Mildew
Downy Mildew/Downy Mildew (483).png,Downy Mildew
Downy Mildew/Downy Mildew (484).png,Downy Mildew
Downy Mildew/Downy Mildew (485).png,Downy Mildew
Downy Mildew/Downy Mildew (486).png,Downy Mildew
Downy Mildew/Downy Mildew (487).png,Downy Mildew
Downy Mildew/Downy Mildew (488).png,Downy Mildew
Downy Mildew/Downy Mildew (489).png,Downy Mildew
Downy Mildew/Downy Mildew (490).png,Downy Mildew
Downy Mildew/Downy Mildew (491).png,Downy Mildew
Downy Mildew/Downy Mildew (492).png,Downy Mildew
Downy Mildew/Downy Mildew (493).png,Downy Mildew
Downy Mildew/Downy Mildew (494).png,Downy Mildew
Downy Mildew/Downy Mildew (495).png,Downy Mildew
Downy Mildew/Downy Mildew (496).png,Downy Mildew
Downy Mildew/Downy Mildew (497).png,Downy Mildew
Downy Mildew/Downy Mildew (498).png,Downy Mildew
Downy Mildew/Downy Mildew (499).png,Downy Mildew
Downy Mildew/Downy Mildew (500).png,Downy Mildew
Downy Mildew/Downy Mildew (501).png,Downy Mildew
Downy Mildew/Downy Mildew (502).png,Downy Mildew
Downy Mildew/Downy Mildew (503).png,Downy Mildew
Downy Mildew/Downy Mildew (504).png,Downy Mildew
Downy Mildew/Downy Mildew (505).png,Downy Mildew
Downy Mildew/Downy Mildew (506).png,Downy Mildew
Downy Mildew/Downy Mildew (507).png,Downy Mildew
Downy Mildew/Downy Mildew (508).png,Downy Mildew
Downy Mildew/Downy Mildew (509).png,Downy Mildew
Downy Mildew/Downy Mildew (510).png,Downy Mildew
Downy Mildew/Downy Mildew (511).png,Downy Mildew
Downy Mildew/Downy Mildew (512).png,Downy Mildew
Downy Mildew/Downy Mildew (513).png,Downy Mildew
Downy Mildew/Downy Mildew (514).png,Downy Mildew
Downy Mildew/Downy Mildew (515).png,Downy Mildew
Downy Mildew/Downy Mildew (516).png,Downy Mildew
Downy Mildew/Downy Mildew (517).png,Downy Mildew
Downy Mildew/Downy Mildew (518).png,Downy Mildew
Downy Mildew/Downy Mildew (519).png,Downy Mildew
Downy Mildew/Downy Mildew (520).png,Downy Mildew
Downy Mildew/Downy Mildew (521).png,Downy Mildew
Downy Mildew/Downy Mildew (522).png,Downy Mildew
Downy Mildew/Downy Mildew (523).png,Downy Mildew
Downy Mildew/Downy Mildew (524).png,Downy Mildew
Downy Mildew/Downy Mildew (525).png,Downy Mildew
Downy Mildew/Downy Mildew (526).png,Downy Mildew
Downy Mildew/Downy Mildew (527).png,Downy Mildew
Downy Mildew/Downy Mildew (528).png,Downy Mildew
Downy Mildew/Downy Mildew (529).png,Downy Mildew
Downy Mildew/Downy Mildew (530).png,Downy Mildew
Downy Mildew/Downy Mildew (531).png,Downy Mildew
Downy Mildew/Downy Mildew (532).png,Downy Mildew
Downy Mildew/Downy Mildew (533).png,Downy Mildew
Downy Mildew/Downy Mildew (534).png,Downy Mildew
Downy Mildew/Downy Mildew (535).png,Downy Mildew
Downy Mildew/Downy Mildew (536).png,Downy Mildew
Downy Mildew/Downy Mildew (537).png,Downy Mildew
Downy Mildew/Downy Mildew (538).png,Downy Mildew
Downy Mildew/Downy Mildew (539).png,Downy Mildew
Downy Mildew/Downy Mildew (540).png,Downy Mildew
Downy Mildew/Downy Mildew (541).png,Downy Mildew
Downy Mildew/Downy Mildew (542).png,Downy Mildew
Downy Mildew/Downy Mildew (543).png,Downy Mildew
Downy Mildew/Downy Mildew (544).png,Downy Mildew
Downy Mildew/Downy Mildew (545).png,Downy Mildew
Downy Mildew/Downy Mildew (546).png,Downy Mildew
Downy Mildew/Downy Mildew (547).png,Downy Mildew
Downy Mildew/Downy Mildew (548).png,Downy Mildew
Downy Mildew/Downy Mildew (549).png,Downy Mildew
Downy Mildew/Downy Mildew (550).png,Downy Mildew
Downy Mildew/Downy Mildew (551).png,Downy Mildew
Downy Mildew/Downy Mildew (552).png,Downy Mildew
Downy Mildew/Downy Mildew (553).png,Downy Mildew
Downy Mildew/Downy Mildew (554).png,Downy Mildew
Downy Mildew/Downy Mildew (555).png,Downy Mildew
Downy Mildew/Downy Mildew (556).png,Downy Mildew
Downy Mildew/Downy Mildew (557).png,Downy Mildew
Downy Mildew/Downy Mildew (558).png,Downy Mildew
Downy Mildew/Downy Mildew (559).png,Downy Mildew
Downy Mildew/Downy Mildew (560).png,Downy Mildew
Downy Mildew/Downy Mildew (561).png,Downy Mildew
Downy Mildew/Downy Mildew (562).png,Downy Mildew
Downy Mildew/Downy Mildew (563).png,Downy Mildew
Downy Mildew/Downy Mildew (564).png,Downy Mildew
Downy Mildew/Downy Mildew (565).png,Downy Mildew
Downy Mildew/Downy Mildew (566).png,Downy Mildew
Downy Mildew/Downy Mildew (567).png,Downy Mildew
Downy Mildew/Downy Mildew (568).png,Downy Mildew
Downy Mildew/Downy Mildew (569).png,Downy Mildew
Downy Mildew/Downy Mildew (570).png,Downy Mildew
Downy Mildew/Downy Mildew (571).png,Downy Mildew
Downy Mildew/Downy Mildew (572).png,Downy Mildew
Downy Mildew/Downy Mildew (573).png,Downy Mildew
Downy Mildew/Downy Mildew (574).png,Downy Mildew
Downy Mildew/Downy Mildew (575).png,Downy Mildew
Downy Mildew/Downy Mildew (576).png,Downy Mildew
Downy Mildew/Downy Mildew (577).png,Downy Mildew
Downy Mildew/Downy Mildew (578).png,Downy Mildew
Downy Mildew/Downy Mildew (579).png,Downy Mildew
Downy Mildew/Downy Mildew (580).png,Downy Mildew
Downy Mildew/Downy Mildew (581).png,Downy Mildew
Downy Mildew/Downy Mildew (582).png,Downy Mildew
Downy Mildew/Downy Mildew (583).png,Downy Mildew
Downy Mildew/Downy Mildew (584).png,Downy Mildew
Downy Mildew/Downy Mildew (585).png,Downy Mildew
Downy Mildew/Downy Mildew (586).png,Downy Mildew
Downy Mildew/Downy Mildew (587).png,Downy Mildew
Downy Mildew/Downy Mildew (588).png,Downy Mildew
Downy Mildew/Downy Mildew (589).png,Downy Mildew
Downy Mildew/Downy Mildew (590).png,Downy Mildew
Downy Mildew/Downy Mildew (591).png,Downy Mildew
Downy Mildew/Downy Mildew (592).png,Downy Mildew
Downy Mildew/Downy Mildew (593).png,Downy Mildew
Downy Mildew/Downy Mildew (594).png,Downy Mildew
Downy Mildew/Downy Mildew (595).png,Downy Mildew
Downy Mildew/Downy Mildew (596).png,Downy Mildew
Downy Mildew/Downy Mildew (597).png,Downy Mildew
Downy Mildew/Downy Mildew (598).png,Downy Mildew
Downy Mildew/Downy Mildew (599).png,Downy Mildew
Downy Mildew/Downy Mildew (600).png,Downy Mildew
Downy Mildew/Downy Mildew (601).png,Downy Mildew
Downy Mildew/Downy Mildew (602).png,Downy Mildew
Downy Mildew/Downy Mildew (603).png,Downy Mildew
Downy Mildew/Downy Mildew (604).png,Downy Mildew
Downy Mildew/Downy Mildew (605).png,Downy Mildew
Downy Mildew/Downy Mildew (606).png,Downy Mildew
Downy Mildew/Downy Mildew (607).png,Downy Mildew
Downy Mildew/Downy Mildew (608).png,Downy Mildew
Downy Mildew/Downy Mildew (609).png,Downy Mildew
Downy Mildew/Downy Mildew (610).png,Downy Mildew
Downy Mildew/Downy Mildew (611).png,Downy Mildew
Downy Mildew/Downy Mildew (612).png,Downy Mildew
Downy Mildew/Downy Mildew (613).png,Downy Mildew
Downy Mildew/Downy Mildew (614).png,Downy Mildew
Downy Mildew/Downy Mildew (615).png,Downy Mildew
Downy Mildew/Downy Mildew (616).png,Downy Mildew
Downy Mildew/Downy Mildew (617).png,Downy Mildew
Downy Mildew/Downy Mildew (618).png,Downy Mildew
Downy Mildew/Downy Mildew (619).png,Downy Mildew
Downy Mildew/Downy Mildew (620).png,Downy Mildew
Downy Mildew/Downy Mildew (621).png,Downy Mildew
Downy Mildew/Downy Mildew (622).png,Downy Mildew
Downy Mildew/Downy Mildew (623).png,Downy Mildew
Downy Mildew/Downy Mildew (624).png,Downy Mildew
Downy Mildew/Downy Mildew (625).png,Downy Mildew
Downy Mildew/Downy Mildew (626).png,Downy Mildew
Downy Mildew/Downy Mildew (627).png,Downy Mildew
Downy Mildew/Downy Mildew (628).png,Downy Mildew
Downy Mildew/Downy Mildew (629).png,Downy Mildew
Downy Mildew/Downy Mildew (630).png,Downy Mildew
Downy Mildew/Downy Mildew (631).png,Downy Mildew
Downy Mildew/Downy Mildew (632).png,Downy Mildew
Downy Mildew/Downy Mildew (633).png,Downy Mildew
Downy Mildew/Downy Mildew (634).png,Downy Mildew
Downy Mildew/Downy Mildew (635).png,Downy Mildew
Downy Mildew/Downy Mildew (636).png,Downy Mildew
Downy Mildew/Downy Mildew (637).png,Downy Mildew
Downy Mildew/Downy Mildew (638).png,Downy Mildew
Downy Mildew/Downy Mildew (639).png,Downy Mildew
Downy Mildew/Downy Mildew (640).png,Downy Mildew
Downy Mildew/Downy Mildew (641).png,Downy Mildew
Downy Mildew/Downy Mildew (642).png,Downy Mildew
Downy Mildew/Downy Mildew (643).png,Downy Mildew
Downy Mildew/Downy Mildew (644).png,Downy Mildew
Downy Mildew/Downy Mildew (645).png,Downy Mildew
Downy Mildew/Downy Mildew (646).png,Downy Mildew
Downy Mildew/Downy Mildew (647).png,Downy Mildew
Downy Mildew/Downy Mildew (648).png,Downy Mildew
Downy Mildew/Downy Mildew (649).png,Downy Mildew
Downy Mildew/Downy Mildew (650).png,Downy Mildew
Downy Mildew/Downy Mildew (651).png,Downy Mildew
Downy Mildew/Downy Mildew (652).png,Downy Mildew
Downy Mildew/Downy Mildew (653).png,Downy Mildew
Downy Mildew/Downy Mildew (654).png,Downy Mildew
Downy Mildew/Downy Mildew (655).png,Downy Mildew
Downy Mildew/Downy Mildew (656).png,Downy Mildew
Downy Mildew/Downy Mildew (657).png,Downy Mildew
Downy Mildew/Downy Mildew (658).png,Downy Mildew
Downy Mildew/Downy Mildew (659).png,Downy Mildew
Downy Mildew/Downy Mildew (660).png,Downy Mildew
Downy Mildew/Downy Mildew (661).png,Downy Mildew
Downy Mildew/Downy Mildew (662).png,Downy Mildew
Downy Mildew/Downy Mildew (663).png,Downy Mildew
Downy Mildew/Downy Mildew (664).png,Downy Mildew
Downy Mildew/Downy Mildew (665).png,Downy Mildew
Downy Mildew/Downy Mildew (666).png,Downy Mildew
Downy Mildew/Downy Mildew (667).png,Downy Mildew
Downy Mildew/Downy Mildew (668).png,Downy Mildew
Downy Mildew/Downy Mildew (669).png,Downy Mildew
Downy Mildew/Downy Mildew (670).png,Downy Mildew
Downy Mildew/Downy Mildew (671).png,Downy Mildew
Downy Mildew/Downy Mildew (672).png,Downy Mildew
Downy Mildew/Downy Mildew (673).png,Downy Mildew
Downy Mildew/Downy Mildew (674).png,Downy Mildew
Downy Mildew/Downy Mildew (675).png,Downy Mildew
Downy Mildew/Downy Mildew (676).png,Downy Mildew
Downy Mildew/Downy Mildew (677).png,Downy Mildew
Downy Mildew/Downy Mildew (678).png,Downy Mildew
Downy Mildew/Downy Mildew (679).png,Downy Mildew
Downy Mildew/Downy Mildew (680).png,Downy Mildew
Downy Mildew/Downy Mildew (681).png,Downy Mildew
Downy Mildew/Downy Mildew (682).png,Downy Mildew
Downy Mildew/Downy Mildew (683).png,Downy Mildew
Downy Mildew/Downy Mildew (684).png,Downy Mildew
Downy Mildew/Downy Mildew (685).png,Downy Mildew
Downy Mildew/Downy Mildew (686).png,Downy Mildew
Downy Mildew/Downy Mildew (687).png,Downy Mildew
Downy Mildew/Downy Mildew (688).png,Downy Mildew
Downy Mildew/Downy Mildew (689).png,Downy Mildew
Downy Mildew/Downy Mildew (690).png,Downy Mildew
Downy Mildew/Downy Mildew (691).png,Downy Mildew
Downy Mildew/Downy Mildew (692).png,Downy Mildew
Downy Mildew/Downy Mildew (693).png,Downy Mildew
Downy Mildew/Downy Mildew (694).png,Downy Mildew
Downy Mildew/Downy Mildew (695).png,Downy Mildew
Downy Mildew/Downy Mildew (696).png,Downy Mildew
Downy Mildew/Downy Mildew (697).png,Downy Mildew
Downy Mildew/Downy Mildew (698).png,Downy Mildew
Downy Mildew/Downy Mildew (699).png,Downy Mildew
Downy Mildew/Downy Mildew (700).png,Downy Mildew
Downy Mildew/Downy Mildew (701).png,Downy Mildew
Downy Mildew/Downy Mildew (702).png,Downy Mildew
Downy Mildew/Downy Mildew (703).png,Downy Mildew
Downy Mildew/Downy Mildew (704).png,Downy Mildew
Downy Mildew/Downy Mildew (705).png,Downy Mildew
Downy Mildew/Downy Mildew (706).png,Downy Mildew
Downy Mildew/Downy Mildew (707).png,Downy Mildew
Downy Mildew/Downy Mildew (708).png,Downy Mildew
Downy Mildew/Downy Mildew (709).png,Downy Mildew
Downy Mildew/Downy Mildew (710).png,Downy Mildew
Downy Mildew/Downy Mildew (711).png,Downy Mildew
Downy Mildew/Downy Mildew (712).png,Downy Mildew
Downy Mildew/Downy Mildew (713).png,Downy Mildew
Downy Mildew/Downy Mildew (714).png,Downy Mildew
Downy Mildew/Downy Mildew (715).png,Downy Mildew
Downy Mildew/Downy Mildew (716).png,Downy Mildew
Downy Mildew/Downy Mildew (717).png,Downy Mildew
Downy Mildew/Downy Mildew (718).png,Downy Mildew
Downy Mildew/Downy Mildew (719).png,Downy Mildew
Downy Mildew/Downy Mildew (720).png,Downy Mildew
Downy Mildew/Downy Mildew (721).png,Downy Mildew
Downy Mildew/Downy Mildew (722).png,Downy Mildew
Downy Mildew/Downy Mildew (723).png,Downy Mildew
Downy Mildew/Downy Mildew (724).png,Downy Mildew
Downy Mildew/Downy Mildew (725).png,Downy Mildew
Downy Mildew/Downy Mildew (726).png,Downy Mildew
Downy Mildew/Downy Mildew (727).png,Downy Mildew
Downy Mildew/Downy Mildew (728).png,Downy Mildew
Downy Mildew/Downy Mildew (729).png,Downy Mildew
Downy Mildew/Downy Mildew (730).png,Downy Mildew
Downy Mildew/Downy Mildew (731).png,Downy Mildew
Downy Mildew/Downy Mildew (732).png,Downy Mildew
Downy Mildew/Downy Mildew (733).png,Downy Mildew
Downy Mildew/Downy Mildew (734).png,Downy Mildew
Downy Mildew/Downy Mildew (735).png,Downy Mildew
Downy Mildew/Downy Mildew (736).png,Downy Mildew
Downy Mildew/Downy Mildew (737).png,Downy Mildew
Downy Mildew/Downy Mildew (738).png,Downy Mildew
Downy Mildew/Downy Mildew (739).png,Downy Mildew
Downy Mildew/Downy Mildew (740).png,Downy Mildew
Downy Mildew/Downy Mildew (741).png,Downy Mildew
Downy Mildew/Downy Mildew (742).png,Downy Mildew
Downy Mildew/Downy Mildew (743).png,Downy Mildew
Downy Mildew/Downy Mildew (744).png,Downy Mildew
Downy Mildew/Downy Mildew (745).png,Downy Mildew
Downy Mildew/Downy Mildew (746).png,Downy Mildew
Downy Mildew/Downy Mildew (747).png,Downy Mildew
Downy Mildew/Downy Mildew (748).png,Downy Mildew
Downy Mildew/Downy Mildew (749).png,Downy Mildew
Downy Mildew/Downy Mildew (750).png,Downy Mildew
Downy Mildew/Downy Mildew (751).png,Downy Mildew
Downy Mildew/Downy Mildew (752).png,Downy Mildew
Downy Mildew/Downy Mildew (753).png,Downy Mildew
Downy Mildew/Downy Mildew (754).png,Downy Mildew
Downy Mildew/Downy Mildew (755).png,Downy Mildew
Downy Mildew/Downy Mildew (756).png,Downy Mildew
Downy Mildew/Downy Mildew (757).png,Downy Mildew
Downy Mildew/Downy Mildew (758).png,Downy Mildew
Downy Mildew/Downy Mildew (759).png,Downy Mildew
Downy Mildew/Downy Mildew (760).png,Downy Mildew
Downy Mildew/Downy Mildew (761).png,Downy Mildew
Downy Mildew/Downy Mildew (762).png,Downy Mildew
Downy Mildew/Downy Mildew (763).png,Downy Mildew
Downy Mildew/Downy Mildew (764).png,Downy Mildew
Downy Mildew/Downy Mildew (765).png,Downy Mildew
Downy Mildew/Downy Mildew (766).png,Downy Mildew
Downy Mildew/Downy Mildew (767).png,Downy Mildew
Downy Mildew/Downy Mildew (768).png,Downy Mildew
Downy Mildew/Downy Mildew (769).png,Downy Mildew
Downy Mildew/Downy Mildew (770).png,Downy Mildew
Downy Mildew/Downy Mildew (771).png,Downy Mildew
Downy Mildew/Downy Mildew (772).png,Downy Mildew
Downy Mildew/Downy Mildew (773).png,Downy Mildew
Downy Mildew/Downy Mildew (774).png,Downy Mildew
Downy Mildew/Downy Mildew (775).png,Downy Mildew
Downy Mildew/Downy Mildew (776).png,Downy Mildew
Downy Mildew/Downy Mildew (777).png,Downy Mildew
Downy Mildew/Downy Mildew (778).png,Downy Mildew
Downy Mildew/Downy Mildew (779).png,Downy Mildew
Downy Mildew/Downy Mildew (780).png,Downy Mildew
Downy Mildew/Downy Mildew (781).png,Downy Mildew
Downy Mildew/Downy Mildew (782).png,Downy Mildew
Downy Mildew/Downy Mildew (783).png,Downy Mildew
Downy Mildew/Downy Mildew (784).png,Downy Mildew
Downy Mildew/Downy Mildew (785).png,Downy Mildew
Downy Mildew/Downy Mildew (786).png,Downy Mildew
Downy Mildew/Downy Mildew (787).png,Downy Mildew
Downy Mildew/Downy Mildew (788).png,Downy Mildew
Downy Mildew/Downy Mildew (789).png,Downy Mildew
Downy Mildew/Downy Mildew (790).png,Downy Mildew
Downy Mildew/Downy Mildew (791).png,Downy Mildew
Downy Mildew/Downy Mildew (792).png,Downy Mildew
Downy Mildew/Downy Mildew (793).png,Downy Mildew
Downy Mildew/Downy Mildew (794).png,Downy Mildew
Downy Mildew/Downy Mildew (795).png,Downy Mildew
Downy Mildew/Downy Mildew (796).png,Downy Mildew
Downy Mildew/Downy Mildew (797).png,Downy Mildew
Downy Mildew/Downy Mildew (798).png,Downy Mildew
Downy Mildew/Downy Mildew (799).png,Downy Mildew
Downy Mildew/Downy Mildew. (1).jpeg,Downy Mildew
Downy Mildew/Downy Mildew. (1).jpg,Downy Mildew
Downy Mildew/Downy Mildew. (10).jpeg,Downy Mildew
Downy Mildew/Downy Mildew. (10).jpg,Downy Mildew
Downy Mildew/Downy Mildew. (100).jpg,Downy Mildew
Downy Mildew/Downy Mildew. (101).jpg,Downy Mildew
Downy Mildew/Downy Mildew. (102).jpg,Downy Mildew
Downy Mildew/Downy Mildew. (103).jpg,Downy Mildew
Downy Mildew/Downy Mildew. (104).jpg,Downy Mildew
Downy Mildew/Downy Mildew. (105).jpg,Downy Mildew
Downy Mildew/Downy Mildew. (106).jpg,Downy Mildew
Downy Mildew/Downy Mildew. (107).jpg,Downy Mildew
Downy Mildew/Downy Mildew. (108).jpg,Downy Mildew
Downy Mildew/Downy Mildew. (109).jpg,Downy Mildew
Downy Mildew/Downy Mildew. (11).jpeg,Downy Mildew
Downy Mildew/Downy Mildew. (11).jpg,Downy Mildew
Downy Mildew/Downy Mildew. (110).jpg,Downy Mildew
Downy Mildew/Downy Mildew. (111).jpg,Downy Mildew
Downy Mildew/Downy Mildew. (112).jpg,Downy Mildew
Downy Mildew/Downy Mildew. (113).jpg,Downy Mildew
Downy Mildew/Downy Mildew. (114).jpg,Downy Mildew
Downy Mildew/Downy Mildew. (115).jpg,Downy Mildew
Downy Mildew/Downy Mildew. (116).jpg,Downy Mildew
Downy Mildew/Downy Mildew. (117).jpg,Downy Mildew
Downy Mildew/Downy Mildew. (118).jpg,Downy Mildew
Downy Mildew/Downy Mildew. (119).jpg,Downy Mildew
Downy Mildew/Downy Mildew. (12).jpeg,Downy Mildew
Downy Mildew/Downy Mildew. (12).jpg,Downy Mildew
Downy Mildew/Downy Mildew. (120).jpg,Downy Mildew
Downy Mildew/Downy Mildew. (121).jpg,Downy Mildew
Downy Mildew/Downy Mildew. (122).jpg,Downy Mildew
Downy Mildew/Downy Mildew. (123).jpg,Downy Mildew
Downy Mildew/Downy Mildew. (124).jpg,Downy Mildew
Downy Mildew/Downy Mildew. (125).jpg,Downy Mildew
Downy Mildew/Downy Mildew. (126).jpg,Downy Mildew
Downy Mildew/Downy Mildew. (127).jpg,Downy Mildew
Downy Mildew/Downy Mildew. (128).jpg,Downy Mildew
Downy Mildew/Downy Mildew. (129).jpg,Downy Mildew
Downy Mildew/Downy Mildew. (13).jpeg,Downy Mildew
Downy Mildew/Downy Mildew. (13).jpg,Downy Mildew
Downy Mildew/Downy Mildew. (130).jpg,Downy Mildew
Downy Mildew/Downy Mildew. (131).jpg,Downy Mildew
Downy Mildew/Downy Mildew. (132).jpg,Downy Mildew
Downy Mildew/Downy Mildew. (133).jpg,Downy Mildew
Downy Mildew/Downy Mildew. (134).jpg,Downy Mildew
Downy Mildew/Downy Mildew. (135).jpg,Downy Mildew
Downy Mildew/Downy Mildew. (136).jpg,Downy Mildew
Downy Mildew/Downy Mildew. (137).jpg,Downy Mildew
Downy Mildew/Downy Mildew. (138).jpg,Downy Mildew
Downy Mildew/Downy Mildew. (139).jpg,Downy Mildew
Downy Mildew/Downy Mildew. (14).jpeg,Downy Mildew
Downy Mildew/Downy Mildew. (14).jpg,Downy Mildew
Downy Mildew/Downy Mildew. (140).jpg,Downy Mildew
Downy Mildew/Downy Mildew. (141).jpg,Downy Mildew
Downy Mildew/Downy Mildew. (142).jpg,Downy Mildew
Downy Mildew/Downy Mildew. (143).jpg,Downy Mildew
Downy Mildew/Downy Mildew. (144).jpg,Downy Mildew
Downy Mildew/Downy Mildew. (145).jpg,Downy Mildew
Downy Mildew/Downy Mildew. (146).jpg,Downy Mildew
Downy Mildew/Downy Mildew. (15).jpeg,Downy Mildew
Downy Mildew/Downy Mildew. (15).jpg,Downy Mildew
Downy Mildew/Downy Mildew. (16).jpeg,Downy Mildew
Downy Mildew/Downy Mildew. (16).jpg,Downy Mildew
Downy Mildew/Downy Mildew. (17).jpeg,Downy Mildew
Downy Mildew/Downy Mildew. (17).jpg,Downy Mildew
Downy Mildew/Downy Mildew. (18).jpeg,Downy Mildew
Downy Mildew/Downy Mildew. (18).jpg,Downy Mildew
Downy Mildew/Downy Mildew. (19).jpeg,Downy Mildew
Downy Mildew/Downy Mildew. (19).jpg,Downy Mildew
Downy Mildew/Downy Mildew. (2).jpeg,Downy Mildew
Downy Mildew/Downy Mildew. (2).jpg,Downy Mildew
Downy Mildew/Downy Mildew. (20).jpeg,Downy Mildew
Downy Mildew/Downy Mildew. (20).jpg,Downy Mildew
Downy Mildew/Downy Mildew. (21).jpeg,Downy Mildew
Downy Mildew/Downy Mildew. (21).jpg,Downy Mildew
Downy Mildew/Downy Mildew. (22).jpeg,Downy Mildew
Downy Mildew/Downy Mildew. (22).jpg,Downy Mildew
Downy Mildew/Downy Mildew. (23).jpeg,Downy Mildew
Downy Mildew/Downy Mildew. (23).jpg,Downy Mildew
Downy Mildew/Downy Mildew. (24).jpeg,Downy Mildew
Downy Mildew/Downy Mildew. (24).jpg,Downy Mildew
Downy Mildew/Downy Mildew. (25).jpeg,Downy Mildew
Downy Mildew/Downy Mildew. (25).jpg,Downy Mildew
Downy Mildew/Downy Mildew. (26).jpeg,Downy Mildew
Downy Mildew/Downy Mildew. (26).jpg,Downy Mildew
Downy Mildew/Downy Mildew. (27).jpeg,Downy Mildew
Downy Mildew/Downy Mildew. (27).jpg,Downy Mildew
Downy Mildew/Downy Mildew. (28).jpeg,Downy Mildew
Downy Mildew/Downy Mildew. (28).jpg,Downy Mildew
Downy Mildew/Downy Mildew. (29).jpeg,Downy Mildew
Downy Mildew/Downy Mildew. (29).jpg,Downy Mildew
Downy Mildew/Downy Mildew. (3).jpeg,Downy Mildew
Downy Mildew/Downy Mildew. (3).jpg,Downy Mildew
Downy Mildew/Downy Mildew. (30).jpeg,Downy Mildew
Downy Mildew/Downy Mildew. (30).jpg,Downy Mildew
Downy Mildew/Downy Mildew. (31).jpeg,Downy Mildew
Downy Mildew/Downy Mildew. (31).jpg,Downy Mildew
Downy Mildew/Downy Mildew. (32).jpg,Downy Mildew
Downy Mildew/Downy Mildew. (33).jpg,Downy Mildew
Downy Mildew/Downy Mildew. (34).jpg,Downy Mildew
Downy Mildew/Downy Mildew. (35).jpg,Downy Mildew
Downy Mildew/Downy Mildew. (36).jpg,Downy Mildew
Downy Mildew/Downy Mildew. (37).jpg,Downy Mildew
Downy Mildew/Downy Mildew. (38).jpg,Downy Mildew
Downy Mildew/Downy Mildew. (39).jpg,Downy Mildew
Downy Mildew/Downy Mildew. (4).jpeg,Downy Mildew
Downy Mildew/Downy Mildew. (4).jpg,Downy Mildew
Downy Mildew/Downy Mildew. (40).jpg,Downy Mildew
Downy Mildew/Downy Mildew. (41).jpg,Downy Mildew
Downy Mildew/Downy Mildew. (42).jpg,Downy Mildew
Downy Mildew/Downy Mildew. (43).jpg,Downy Mildew
Downy Mildew/Downy Mildew. (44).jpg,Downy Mildew
Downy Mildew/Downy Mildew. (45).jpg,Downy Mildew
Downy Mildew/Downy Mildew. (46).jpg,Downy Mildew
Downy Mildew/Downy Mildew. (47).jpg,Downy Mildew
Downy Mildew/Downy Mildew. (48).jpg,Downy Mildew
Downy Mildew/Downy Mildew. (49).jpg,Downy Mildew
Downy Mildew/Downy Mildew. (5).jpeg,Downy Mildew
Downy Mildew/Downy Mildew. (5).jpg,Downy Mildew
Downy Mildew/Downy Mildew. (50).jpg,Downy Mildew
Downy Mildew/Downy Mildew. (51).jpg,Downy Mildew
Downy Mildew/Downy Mildew. (52).jpg,Downy Mildew
Downy Mildew/Downy Mildew. (53).jpg,Downy Mildew
Downy Mildew/Downy Mildew. (54).jpg,Downy Mildew
Downy Mildew/Downy Mildew. (55).jpg,Downy Mildew
Downy Mildew/Downy Mildew. (56).jpg,Downy Mildew
Downy Mildew/Downy Mildew. (57).jpg,Downy Mildew
Downy Mildew/Downy Mildew. (58).jpg,Downy Mildew
Downy Mildew/Downy Mildew. (59).jpg,Downy Mildew
Downy Mildew/Downy Mildew. (6).jpeg,Downy Mildew
Downy Mildew/Downy Mildew. (6).jpg,Downy Mildew
Downy Mildew/Downy Mildew. (60).jpg,Downy Mildew
Downy Mildew/Downy Mildew. (61).jpg,Downy Mildew
Downy Mildew/Downy Mildew. (62).jpg,Downy Mildew
Downy Mildew/Downy Mildew. (63).jpg,Downy Mildew
Downy Mildew/Downy Mildew. (64).jpg,Downy Mildew
Downy Mildew/Downy Mildew. (65).jpg,Downy Mildew
Downy Mildew/Downy Mildew. (66).jpg,Downy Mildew
Downy Mildew/Downy Mildew. (67).jpg,Downy Mildew
Downy Mildew/Downy Mildew. (68).jpg,Downy Mildew
Downy Mildew/Downy Mildew. (69).jpg,Downy Mildew
Downy Mildew/Downy Mildew. (7).jpeg,Downy Mildew
Downy Mildew/Downy Mildew. (7).jpg,Downy Mildew
Downy Mildew/Downy Mildew. (70).jpg,Downy Mildew
Downy Mildew/Downy Mildew. (71).jpg,Downy Mildew
Downy Mildew/Downy Mildew. (72).jpg,Downy Mildew
Downy Mildew/Downy Mildew. (73).jpg,Downy Mildew
Downy Mildew/Downy Mildew. (74).jpg,Downy Mildew
Downy Mildew/Downy Mildew. (75).jpg,Downy Mildew
Downy Mildew/Downy Mildew. (76).jpg,Downy Mildew
Downy Mildew/Downy Mildew. (77).jpg,Downy Mildew
Downy Mildew/Downy Mildew. (78).jpg,Downy Mildew
Downy Mildew/Downy Mildew. (79).jpg,Downy Mildew
Downy Mildew/Downy Mildew. (8).jpeg,Downy Mildew
Downy Mildew/Downy Mildew. (8).jpg,Downy Mildew
Downy Mildew/Downy Mildew. (80).jpg,Downy Mildew
Downy Mildew/Downy Mildew. (81).jpg,Downy Mildew
Downy Mildew/Downy Mildew. (82).jpg,Downy Mildew
Downy Mildew/Downy Mildew. (83).jpg,Downy Mildew
Downy Mildew/Downy Mildew. (84).jpg,Downy Mildew
Downy Mildew/Downy Mildew. (85).jpg,Downy Mildew
Downy Mildew/Downy Mildew. (86).jpg,Downy Mildew
Downy Mildew/Downy Mildew. (87).jpg,Downy Mildew
Downy Mildew/Downy Mildew. (88).jpg,Downy Mildew
Downy Mildew/Downy Mildew. (89).jpg,Downy Mildew
Downy Mildew/Downy Mildew. (9).jpeg,Downy Mildew
Downy Mildew/Downy Mildew. (9).jpg,Downy Mildew
Downy Mildew/Downy Mildew. (90).jpg,Downy Mildew
Downy Mildew/Downy Mildew. (91).jpg,Downy Mildew
Downy Mildew/Downy Mildew. (92).jpg,Downy Mildew
Downy Mildew/Downy Mildew. (93).jpg,Downy Mildew
Downy Mildew/Downy Mildew. (94).jpg,Downy Mildew
Downy Mildew/Downy Mildew. (95).jpg,Downy Mildew
Downy Mildew/Downy Mildew. (96).jpg,Downy Mildew
Downy Mildew/Downy Mildew. (97).jpg,Downy Mildew
Downy Mildew/Downy Mildew. (98).jpg,Downy Mildew
Downy Mildew/Downy Mildew. (99).jpg,Downy Mildew
Downy Mildew/Downy Mildew_1.jpeg,Downy Mildew
Downy Mildew/Downy Mildew_1.jpg,Downy Mildew
Downy Mildew/Downy Mildew_10.jpeg,Downy Mildew
Downy Mildew/Downy Mildew_10.jpg,Downy Mildew
Downy Mildew/Downy Mildew_100.jpeg,Downy Mildew
Downy Mildew/Downy Mildew_100.jpg,Downy Mildew
Downy Mildew/Downy Mildew_101.jpeg,Downy Mildew
Downy Mildew/Downy Mildew_101.jpg,Downy Mildew
Downy Mildew/Downy Mildew_102.jpeg,Downy Mildew
Downy Mildew/Downy Mildew_102.jpg,Downy Mildew
Downy Mildew/Downy Mildew_103.jpeg,Downy Mildew
Downy Mildew/Downy Mildew_103.jpg,Downy Mildew
Downy Mildew/Downy Mildew_104.jpeg,Downy Mildew
Downy Mildew/Downy Mildew_104.jpg,Downy Mildew
Downy Mildew/Downy Mildew_105.jpeg,Downy Mildew
Downy Mildew/Downy Mildew_105.jpg,Downy Mildew
Downy Mildew/Downy Mildew_106.jpeg,Downy Mildew
Downy Mildew/Downy Mildew_106.jpg,Downy Mildew
Downy Mildew/Downy Mildew_107.jpeg,Downy Mildew
Downy Mildew/Downy Mildew_107.jpg,Downy Mildew
Downy Mildew/Downy Mildew_108.jpeg,Downy Mildew
Downy Mildew/Downy Mildew_108.jpg,Downy Mildew
Downy Mildew/Downy Mildew_109.jpeg,Downy Mildew
Downy Mildew/Downy Mildew_109.jpg,Downy Mildew
Downy Mildew/Downy Mildew_11.jpeg,Downy Mildew
Downy Mildew/Downy Mildew_11.jpg,Downy Mildew
Downy Mildew/Downy Mildew_110.jpeg,Downy Mildew
Downy Mildew/Downy Mildew_110.jpg,Downy Mildew
Downy Mildew/Downy Mildew_111.jpeg,Downy Mildew
Downy Mildew/Downy Mildew_111.jpg,Downy Mildew
Downy Mildew/Downy Mildew_112.jpeg,Downy Mildew
Downy Mildew/Downy Mildew_112.jpg,Downy Mildew
Downy Mildew/Downy Mildew_113.jpeg,Downy Mildew
Downy Mildew/Downy Mildew_113.jpg,Downy Mildew
Downy Mildew/Downy Mildew_114.jpeg,Downy Mildew
Downy Mildew/Downy Mildew_114.jpg,Downy Mildew
Downy Mildew/Downy Mildew_115.jpeg,Downy Mildew
Downy Mildew/Downy Mildew_115.jpg,Downy Mildew
Downy Mildew/Downy Mildew_116.jpeg,Downy Mildew
Downy Mildew/Downy Mildew_116.jpg,Downy Mildew
Downy Mildew/Downy Mildew_117.jpeg,Downy Mildew
Downy Mildew/Downy Mildew_117.jpg,Downy Mildew
Downy Mildew/Downy Mildew_118.jpeg,Downy Mildew
Downy Mildew/Downy Mildew_118.jpg,Downy Mildew
Downy Mildew/Downy Mildew_119.jpeg,Downy Mildew
Downy Mildew/Downy Mildew_119.jpg,Downy Mildew
Downy Mildew/Downy Mildew_12.jpeg,Downy Mildew
Downy Mildew/Downy Mildew_12.jpg,Downy Mildew
Downy Mildew/Downy Mildew_120.jpeg,Downy Mildew
Downy Mildew/Downy Mildew_120.jpg,Downy Mildew
Downy Mildew/Downy Mildew_121.jpeg,Downy Mildew
Downy Mildew/Downy Mildew_121.jpg,Downy Mildew
Downy Mildew/Downy Mildew_122.jpeg,Downy Mildew
Downy Mildew/Downy Mildew_122.jpg,Downy Mildew
Downy Mildew/Downy Mildew_123.jpeg,Downy Mildew
Downy Mildew/Downy Mildew_123.jpg,Downy Mildew
Downy Mildew/Downy Mildew_124.jpeg,Downy Mildew
Downy Mildew/Downy Mildew_124.jpg,Downy Mildew
Downy Mildew/Downy Mildew_125.jpeg,Downy Mildew
Downy Mildew/Downy Mildew_125.jpg,Downy Mildew
Downy Mildew/Downy Mildew_126.jpeg,Downy Mildew
Downy Mildew/Downy Mildew_126.jpg,Downy Mildew
Downy Mildew/Downy Mildew_127.jpeg,Downy Mildew
Downy Mildew/Downy Mildew_127.jpg,Downy Mildew
Downy Mildew/Downy Mildew_128.jpeg,Downy Mildew
Downy Mildew/Downy Mildew_128.jpg,Downy Mildew
Downy Mildew/Downy Mildew_129.jpeg,Downy Mildew
Downy Mildew/Downy Mildew_129.jpg,Downy Mildew
Downy Mildew/Downy Mildew_13.jpeg,Downy Mildew
Downy Mildew/Downy Mildew_13.jpg,Downy Mildew
Downy Mildew/Downy Mildew_130.jpeg,Downy Mildew
Downy Mildew/Downy Mildew_130.jpg,Downy Mildew
Downy Mildew/Downy Mildew_131.jpeg,Downy Mildew
Downy Mildew/Downy Mildew_131.jpg,Downy Mildew
Downy Mildew/Downy Mildew_132.jpeg,Downy Mildew
Downy Mildew/Downy Mildew_132.jpg,Downy Mildew
Downy Mildew/Downy Mildew_133.jpeg,Downy Mildew
Downy Mildew/Downy Mildew_133.jpg,Downy Mildew
Downy Mildew/Downy Mildew_134.jpeg,Downy Mildew
Downy Mildew/Downy Mildew_134.jpg,Downy Mildew
Downy Mildew/Downy Mildew_135.jpeg,Downy Mildew
Downy Mildew/Downy Mildew_135.jpg,Downy Mildew
Downy Mildew/Downy Mildew_136.jpeg,Downy Mildew
Downy Mildew/Downy Mildew_136.jpg,Downy Mildew
Downy Mildew/Downy Mildew_137.jpeg,Downy Mildew
Downy Mildew/Downy Mildew_137.jpg,Downy Mildew
Downy Mildew/Downy Mildew_138.jpeg,Downy Mildew
Downy Mildew/Downy Mildew_138.jpg,Downy Mildew
Downy Mildew/Downy Mildew_139.jpeg,Downy Mildew
Downy Mildew/Downy Mildew_139.jpg,Downy Mildew
Downy Mildew/Downy Mildew_14.jpeg,Downy Mildew
Downy Mildew/Downy Mildew_14.jpg,Downy Mildew
Downy Mildew/Downy Mildew_140.jpeg,Downy Mildew
Downy Mildew/Downy Mildew_140.jpg,Downy Mildew
Downy Mildew/Downy Mildew_141.jpeg,Downy Mildew
Downy Mildew/Downy Mildew_141.jpg,Downy Mildew
Downy Mildew/Downy Mildew_142.jpeg,Downy Mildew
Downy Mildew/Downy Mildew_142.jpg,Downy Mildew
Downy Mildew/Downy Mildew_143.jpeg,Downy Mildew
Downy Mildew/Downy Mildew_143.jpg,Downy Mildew
Downy Mildew/Downy Mildew_144.jpeg,Downy Mildew
Downy Mildew/Downy Mildew_144.jpg,Downy Mildew
Downy Mildew/Downy Mildew_145.jpeg,Downy Mildew
Downy Mildew/Downy Mildew_145.jpg,Downy Mildew
Downy Mildew/Downy Mildew_146.jpeg,Downy Mildew
Downy Mildew/Downy Mildew_146.jpg,Downy Mildew
Downy Mildew/Downy Mildew_147.jpeg,Downy Mildew
Downy Mildew/Downy Mildew_147.jpg,Downy Mildew
Downy Mildew/Downy Mildew_148.jpeg,Downy Mildew
Downy Mildew/Downy Mildew_148.jpg,Downy Mildew
Downy Mildew/Downy Mildew_149.jpeg,Downy Mildew
Downy Mildew/Downy Mildew_149.jpg,Downy Mildew
Downy Mildew/Downy Mildew_15.jpeg,Downy Mildew
Downy Mildew/Downy Mildew_15.jpg,Downy Mildew
Downy Mildew/Downy Mildew_150.jpeg,Downy Mildew
Downy Mildew/Downy Mildew_150.jpg,Downy Mildew
Downy Mildew/Downy Mildew_151.jpeg,Downy Mildew
Downy Mildew/Downy Mildew_151.jpg,Downy Mildew
Downy Mildew/Downy Mildew_152.jpeg,Downy Mildew
Downy Mildew/Downy Mildew_152.jpg,Downy Mildew
Downy Mildew/Downy Mildew_153.jpeg,Downy Mildew
Downy Mildew/Downy Mildew_153.jpg,Downy Mildew
Downy Mildew/Downy Mildew_154.jpeg,Downy Mildew
Downy Mildew/Downy Mildew_154.jpg,Downy Mildew
Downy Mildew/Downy Mildew_155.jpeg,Downy Mildew
Downy Mildew/Downy Mildew_156.jpeg,Downy Mildew
Downy Mildew/Downy Mildew_157.jpeg,Downy Mildew
Downy Mildew/Downy Mildew_158.jpeg,Downy Mildew
Downy Mildew/Downy Mildew_159.jpeg,Downy Mildew
Downy Mildew/Downy Mildew_16.jpeg,Downy Mildew
Downy Mildew/Downy Mildew_16.jpg,Downy Mildew
Downy Mildew/Downy Mildew_160.jpeg,Downy Mildew
Downy Mildew/Downy Mildew_161.jpeg,Downy Mildew
Downy Mildew/Downy Mildew_162.jpeg,Downy Mildew
Downy Mildew/Downy Mildew_163.jpeg,Downy Mildew
Downy Mildew/Downy Mildew_164.jpeg,Downy Mildew
Downy Mildew/Downy Mildew_165.jpeg,Downy Mildew
Downy Mildew/Downy Mildew_166.jpeg,Downy Mildew
Downy Mildew/Downy Mildew_167.jpeg,Downy Mildew
Downy Mildew/Downy Mildew_168.jpeg,Downy Mildew
Downy Mildew/Downy Mildew_169.jpeg,Downy Mildew
Downy Mildew/Downy Mildew_17.jpeg,Downy Mildew
Downy Mildew/Downy Mildew_17.jpg,Downy Mildew
Downy Mildew/Downy Mildew_170.jpeg,Downy Mildew
Downy Mildew/Downy Mildew_171.jpeg,Downy Mildew
Downy Mildew/Downy Mildew_172.jpeg,Downy Mildew
Downy Mildew/Downy Mildew_173.jpeg,Downy Mildew
Downy Mildew/Downy Mildew_174.jpeg,Downy Mildew
Downy Mildew/Downy Mildew_175.jpeg,Downy Mildew
Downy Mildew/Downy Mildew_176.jpeg,Downy Mildew
Downy Mildew/Downy Mildew_177.jpeg,Downy Mildew
Downy Mildew/Downy Mildew_178.jpeg,Downy Mildew
Downy Mildew/Downy Mildew_179.jpeg,Downy Mildew
Downy Mildew/Downy Mildew_18.jpeg,Downy Mildew
Downy Mildew/Downy Mildew_18.jpg,Downy Mildew
Downy Mildew/Downy Mildew_180.jpeg,Downy Mildew
Downy Mildew/Downy Mildew_181.jpeg,Downy Mildew
Downy Mildew/Downy Mildew_182.jpeg,Downy Mildew
Downy Mildew/Downy Mildew_183.jpeg,Downy Mildew
Downy Mildew/Downy Mildew_184.jpeg,Downy Mildew
Downy Mildew/Downy Mildew_185.jpeg,Downy Mildew
Downy Mildew/Downy Mildew_186.jpeg,Downy Mildew
Downy Mildew/Downy Mildew_187.jpeg,Downy Mildew
Downy Mildew/Downy Mildew_188.jpeg,Downy Mildew
Downy Mildew/Downy Mildew_189.jpeg,Downy Mildew
Downy Mildew/Downy Mildew_19.jpeg,Downy Mildew
Downy Mildew/Downy Mildew_19.jpg,Downy Mildew
Downy Mildew/Downy Mildew_190.jpeg,Downy Mildew
Downy Mildew/Downy Mildew_191.jpeg,Downy Mildew
Downy Mildew/Downy Mildew_192.jpeg,Downy Mildew
Downy Mildew/Downy Mildew_193.jpeg,Downy Mildew
Downy Mildew/Downy Mildew_194.jpeg,Downy Mildew
Downy Mildew/Downy Mildew_195.jpeg,Downy Mildew
Downy Mildew/Downy Mildew_196.jpeg,Downy Mildew
Downy Mildew/Downy Mildew_197.jpeg,Downy Mildew
Downy Mildew/Downy Mildew_198.jpeg,Downy Mildew
Downy Mildew/Downy Mildew_199.jpeg,Downy Mildew
Downy Mildew/Downy Mildew_2.jpeg,Downy Mildew
Downy Mildew/Downy Mildew_2.jpg,Downy Mildew
Downy Mildew/Downy Mildew_20.jpeg,Downy Mildew
Downy Mildew/Downy Mildew_20.jpg,Downy Mildew
Downy Mildew/Downy Mildew_200.jpeg,Downy Mildew
Downy Mildew/Downy Mildew_201.jpeg,Downy Mildew
Downy Mildew/Downy Mildew_202.jpeg,Downy Mildew
Downy Mildew/Downy Mildew_203.jpeg,Downy Mildew
Downy Mildew/Downy Mildew_204.jpeg,Downy Mildew
Downy Mildew/Downy Mildew_205.jpeg,Downy Mildew
Downy Mildew/Downy Mildew_206.jpeg,Downy Mildew
Downy Mildew/Downy Mildew_207.jpeg,Downy Mildew
Downy Mildew/Downy Mildew_208.jpeg,Downy Mildew
Downy Mildew/Downy Mildew_209.jpeg,Downy Mildew
Downy Mildew/Downy Mildew_21.jpeg,Downy Mildew
Downy Mildew/Downy Mildew_21.jpg,Downy Mildew
Downy Mildew/Downy Mildew_210.jpeg,Downy Mildew
Downy Mildew/Downy Mildew_211.jpeg,Downy Mildew
Downy Mildew/Downy Mildew_212.jpeg,Downy Mildew
Downy Mildew/Downy Mildew_213.jpeg,Downy Mildew
Downy Mildew/Downy Mildew_214.jpeg,Downy Mildew
Downy Mildew/Downy Mildew_215.jpeg,Downy Mildew
Downy Mildew/Downy Mildew_216.jpeg,Downy Mildew
Downy Mildew/Downy Mildew_217.jpeg,Downy Mildew
Downy Mildew/Downy Mildew_218.jpeg,Downy Mildew
Downy Mildew/Downy Mildew_219.jpeg,Downy Mildew
Downy Mildew/Downy Mildew_22.jpeg,Downy Mildew
Downy Mildew/Downy Mildew_22.jpg,Downy Mildew
Downy Mildew/Downy Mildew_220.jpeg,Downy Mildew
Downy Mildew/Downy Mildew_221.jpeg,Downy Mildew
Downy Mildew/Downy Mildew_222.jpeg,Downy Mildew
Downy Mildew/Downy Mildew_223.jpeg,Downy Mildew
Downy Mildew/Downy Mildew_224.jpeg,Downy Mildew
Downy Mildew/Downy Mildew_225.jpeg,Downy Mildew
Downy Mildew/Downy Mildew_226.jpeg,Downy Mildew
Downy Mildew/Downy Mildew_227.jpeg,Downy Mildew
Downy Mildew/Downy Mildew_228.jpeg,Downy Mildew
Downy Mildew/Downy Mildew_229.jpeg,Downy Mildew
Downy Mildew/Downy Mildew_23.jpeg,Downy Mildew
Downy Mildew/Downy Mildew_23.jpg,Downy Mildew
Downy Mildew/Downy Mildew_230.jpeg,Downy Mildew
Downy Mildew/Downy Mildew_231.jpeg,Downy Mildew
Downy Mildew/Downy Mildew_232.jpeg,Downy Mildew
Downy Mildew/Downy Mildew_233.jpeg,Downy Mildew
Downy Mildew/Downy Mildew_234.jpeg,Downy Mildew
Downy Mildew/Downy Mildew_235.jpeg,Downy Mildew
Downy Mildew/Downy Mildew_236.jpeg,Downy Mildew
Downy Mildew/Downy Mildew_237.jpeg,Downy Mildew
Downy Mildew/Downy Mildew_238.jpeg,Downy Mildew
Downy Mildew/Downy Mildew_239.jpeg,Downy Mildew
Downy Mildew/Downy Mildew_24.jpeg,Downy Mildew
Downy Mildew/Downy Mildew_24.jpg,Downy Mildew
Downy Mildew/Downy Mildew_240.jpeg,Downy Mildew
Downy Mildew/Downy Mildew_241.jpeg,Downy Mildew
Downy Mildew/Downy Mildew_242.jpeg,Downy Mildew
Downy Mildew/Downy Mildew_243.jpeg,Downy Mildew
Downy Mildew/Downy Mildew_244.jpeg,Downy Mildew
Downy Mildew/Downy Mildew_245.jpeg,Downy Mildew
Downy Mildew/Downy Mildew_246.jpeg,Downy Mildew
Downy Mildew/Downy Mildew_247.jpeg,Downy Mildew
Downy Mildew/Downy Mildew_248.jpeg,Downy Mildew
Downy Mildew/Downy Mildew_249.jpeg,Downy Mildew
Downy Mildew/Downy Mildew_25.jpeg,Downy Mildew
Downy Mildew/Downy Mildew_25.jpg,Downy Mildew
Downy Mildew/Downy Mildew_250.jpeg,Downy Mildew
Downy Mildew/Downy Mildew_251.jpeg,Downy Mildew
Downy Mildew/Downy Mildew_252.jpeg,Downy Mildew
Downy Mildew/Downy Mildew_253.jpeg,Downy Mildew
Downy Mildew/Downy Mildew_254.jpeg,Downy Mildew
Downy Mildew/Downy Mildew_255.jpeg,Downy Mildew
Downy Mildew/Downy Mildew_256.jpeg,Downy Mildew
Downy Mildew/Downy Mildew_26.jpeg,Downy Mildew
Downy Mildew/Downy Mildew_26.jpg,Downy Mildew
Downy Mildew/Downy Mildew_27.jpeg,Downy Mildew
Downy Mildew/Downy Mildew_27.jpg,Downy Mildew
Downy Mildew/Downy Mildew_28.jpeg,Downy Mildew
Downy Mildew/Downy Mildew_28.jpg,Downy Mildew
Downy Mildew/Downy Mildew_29.jpeg,Downy Mildew
Downy Mildew/Downy Mildew_29.jpg,Downy Mildew
Downy Mildew/Downy Mildew_3.jpeg,Downy Mildew
Downy Mildew/Downy Mildew_3.jpg,Downy Mildew
Downy Mildew/Downy Mildew_30.jpeg,Downy Mildew
Downy Mildew/Downy Mildew_30.jpg,Downy Mildew
Downy Mildew/Downy Mildew_31.jpeg,Downy Mildew
Downy Mildew/Downy Mildew_31.jpg,Downy Mildew
Downy Mildew/Downy Mildew_32.jpeg,Downy Mildew
Downy Mildew/Downy Mildew_32.jpg,Downy Mildew
Downy Mildew/Downy Mildew_33.jpeg,Downy Mildew
Downy Mildew/Downy Mildew_33.jpg,Downy Mildew
Downy Mildew/Downy Mildew_34.jpeg,Downy Mildew
Downy Mildew/Downy Mildew_34.jpg,Downy Mildew
Downy Mildew/Downy Mildew_35.jpeg,Downy Mildew
Downy Mildew/Downy Mildew_35.jpg,Downy Mildew
Downy Mildew/Downy Mildew_36.jpeg,Downy Mildew
Downy Mildew/Downy Mildew_36.jpg,Downy Mildew
Downy Mildew/Downy Mildew_37.jpeg,Downy Mildew
Downy Mildew/Downy Mildew_37.jpg,Downy Mildew
Downy Mildew/Downy Mildew_38.jpeg,Downy Mildew
Downy Mildew/Downy Mildew_38.jpg,Downy Mildew
Downy Mildew/Downy Mildew_39.jpeg,Downy Mildew
Downy Mildew/Downy Mildew_39.jpg,Downy Mildew
Downy Mildew/Downy Mildew_4.jpeg,Downy Mildew
Downy Mildew/Downy Mildew_4.jpg,Downy Mildew
Downy Mildew/Downy Mildew_40.jpeg,Downy Mildew
Downy Mildew/Downy Mildew_40.jpg,Downy Mildew
Downy Mildew/Downy Mildew_41.jpeg,Downy Mildew
Downy Mildew/Downy Mildew_41.jpg,Downy Mildew
Downy Mildew/Downy Mildew_42.jpeg,Downy Mildew
Downy Mildew/Downy Mildew_42.jpg,Downy Mildew
Downy Mildew/Downy Mildew_43.jpeg,Downy Mildew
Downy Mildew/Downy Mildew_43.jpg,Downy Mildew
Downy Mildew/Downy Mildew_44.jpeg,Downy Mildew
Downy Mildew/Downy Mildew_44.jpg,Downy Mildew
Downy Mildew/Downy Mildew_45.jpeg,Downy Mildew
Downy Mildew/Downy Mildew_45.jpg,Downy Mildew
Downy Mildew/Downy Mildew_46.jpeg,Downy Mildew
Downy Mildew/Downy Mildew_46.jpg,Downy Mildew
Downy Mildew/Downy Mildew_47.jpeg,Downy Mildew
Downy Mildew/Downy Mildew_47.jpg,Downy Mildew
Downy Mildew/Downy Mildew_48.jpeg,Downy Mildew
Downy Mildew/Downy Mildew_48.jpg,Downy Mildew
Downy Mildew/Downy Mildew_49.jpeg,Downy Mildew
Downy Mildew/Downy Mildew_49.jpg,Downy Mildew
Downy Mildew/Downy Mildew_5.jpeg,Downy Mildew
Downy Mildew/Downy Mildew_5.jpg,Downy Mildew
Downy Mildew/Downy Mildew_50.jpeg,Downy Mildew
Downy Mildew/Downy Mildew_50.jpg,Downy Mildew
Downy Mildew/Downy Mildew_51.jpeg,Downy Mildew
Downy Mildew/Downy Mildew_51.jpg,Downy Mildew
Downy Mildew/Downy Mildew_52.jpeg,Downy Mildew
Downy Mildew/Downy Mildew_52.jpg,Downy Mildew
Downy Mildew/Downy Mildew_53.jpeg,Downy Mildew
Downy Mildew/Downy Mildew_53.jpg,Downy Mildew
Downy Mildew/Downy Mildew_54.jpeg,Downy Mildew
Downy Mildew/Downy Mildew_54.jpg,Downy Mildew
Downy Mildew/Downy Mildew_55.jpeg,Downy Mildew
Downy Mildew/Downy Mildew_55.jpg,Downy Mildew
Downy Mildew/Downy Mildew_56.jpeg,Downy Mildew
Downy Mildew/Downy Mildew_56.jpg,Downy Mildew
Downy Mildew/Downy Mildew_57.jpeg,Downy Mildew
Downy Mildew/Downy Mildew_57.jpg,Downy Mildew
Downy Mildew/Downy Mildew_58.jpeg,Downy Mildew
Downy Mildew/Downy Mildew_58.jpg,Downy Mildew
Downy Mildew/Downy Mildew_59.jpeg,Downy Mildew
Downy Mildew/Downy Mildew_59.jpg,Downy Mildew
Downy Mildew/Downy Mildew_6.jpeg,Downy Mildew
Downy Mildew/Downy Mildew_6.jpg,Downy Mildew
Downy Mildew/Downy Mildew_60.jpeg,Downy Mildew
Downy Mildew/Downy Mildew_60.jpg,Downy Mildew
Downy Mildew/Downy Mildew_61.jpeg,Downy Mildew
Downy Mildew/Downy Mildew_61.jpg,Downy Mildew
Downy Mildew/Downy Mildew_62.jpeg,Downy Mildew
Downy Mildew/Downy Mildew_62.jpg,Downy Mildew
Downy Mildew/Downy Mildew_63.jpeg,Downy Mildew
Downy Mildew/Downy Mildew_63.jpg,Downy Mildew
Downy Mildew/Downy Mildew_64.jpeg,Downy Mildew
Downy Mildew/Downy Mildew_64.jpg,Downy Mildew
Downy Mildew/Downy Mildew_65.jpeg,Downy Mildew
Downy Mildew/Downy Mildew_65.jpg,Downy Mildew
Downy Mildew/Downy Mildew_66.jpeg,Downy Mildew
Downy Mildew/Downy Mildew_66.jpg,Downy Mildew
Downy Mildew/Downy Mildew_67.jpeg,Downy Mildew
Downy Mildew/Downy Mildew_67.jpg,Downy Mildew
Downy Mildew/Downy Mildew_68.jpeg,Downy Mildew
Downy Mildew/Downy Mildew_68.jpg,Downy Mildew
Downy Mildew/Downy Mildew_69.jpeg,Downy Mildew
Downy Mildew/Downy Mildew_69.jpg,Downy Mildew
Downy Mildew/Downy Mildew_7.jpeg,Downy Mildew
Downy Mildew/Downy Mildew_7.jpg,Downy Mildew
Downy Mildew/Downy Mildew_70.jpeg,Downy Mildew
Downy Mildew/Downy Mildew_70.jpg,Downy Mildew
Downy Mildew/Downy Mildew_71.jpeg,Downy Mildew
Downy Mildew/Downy Mildew_71.jpg,Downy Mildew
Downy Mildew/Downy Mildew_72.jpeg,Downy Mildew
Downy Mildew/Downy Mildew_72.jpg,Downy Mildew
Downy Mildew/Downy Mildew_73.jpeg,Downy Mildew
Downy Mildew/Downy Mildew_73.jpg,Downy Mildew
Downy Mildew/Downy Mildew_74.jpeg,Downy Mildew
Downy Mildew/Downy Mildew_74.jpg,Downy Mildew
Downy Mildew/Downy Mildew_75.jpeg,Downy Mildew
Downy Mildew/Downy Mildew_75.jpg,Downy Mildew
Downy Mildew/Downy Mildew_76.jpeg,Downy Mildew
Downy Mildew/Downy Mildew_76.jpg,Downy Mildew
Downy Mildew/Downy Mildew_77.jpeg,Downy Mildew
Downy Mildew/Downy Mildew_77.jpg,Downy Mildew
Downy Mildew/Downy Mildew_78.jpeg,Downy Mildew
Downy Mildew/Downy Mildew_78.jpg,Downy Mildew
Downy Mildew/Downy Mildew_79.jpeg,Downy Mildew
Downy Mildew/Downy Mildew_79.jpg,Downy Mildew
Downy Mildew/Downy Mildew_8.jpeg,Downy Mildew
Downy Mildew/Downy Mildew_8.jpg,Downy Mildew
Downy Mildew/Downy Mildew_80.jpeg,Downy Mildew
Downy Mildew/Downy Mildew_80.jpg,Downy Mildew
Downy Mildew/Downy Mildew_81.jpeg,Downy Mildew
Downy Mildew/Downy Mildew_81.jpg,Downy Mildew
Downy Mildew/Downy Mildew_82.jpeg,Downy Mildew
Downy Mildew/Downy Mildew_82.jpg,Downy Mildew
Downy Mildew/Downy Mildew_83.jpeg,Downy Mildew
Downy Mildew/Downy Mildew_83.jpg,Downy Mildew
Downy Mildew/Downy Mildew_84.jpeg,Downy Mildew
Downy Mildew/Downy Mildew_84.jpg,Downy Mildew
Downy Mildew/Downy Mildew_85.jpeg,Downy Mildew
Downy Mildew/Downy Mildew_85.jpg,Downy Mildew
Downy Mildew/Downy Mildew_86.jpeg,Downy Mildew
Downy Mildew/Downy Mildew_86.jpg,Downy Mildew
Downy Mildew/Downy Mildew_87.jpeg,Downy Mildew
Downy Mildew/Downy Mildew_87.jpg,Downy Mildew
Downy Mildew/Downy Mildew_88.jpeg,Downy Mildew
Downy Mildew/Downy Mildew_88.jpg,Downy Mildew
Downy Mildew/Downy Mildew_89.jpeg,Downy Mildew
Downy Mildew/Downy Mildew_89.jpg,Downy Mildew
Downy Mildew/Downy Mildew_9.jpeg,Downy Mildew
Downy Mildew/Downy Mildew_9.jpg,Downy Mildew
Downy Mildew/Downy Mildew_90.jpeg,Downy Mildew
Downy Mildew/Downy Mildew_90.jpg,Downy Mildew
Downy Mildew/Downy Mildew_91.jpeg,Downy Mildew
Downy Mildew/Downy Mildew_91.jpg,Downy Mildew
Downy Mildew/Downy Mildew_92.jpeg,Downy Mildew
Downy Mildew/Downy Mildew_92.jpg,Downy Mildew
Downy Mildew/Downy Mildew_93.jpeg,Downy Mildew
Downy Mildew/Downy Mildew_93.jpg,Downy Mildew
Downy Mildew/Downy Mildew_94.jpeg,Downy Mildew
Downy Mildew/Downy Mildew_94.jpg,Downy Mildew
Downy Mildew/Downy Mildew_95.jpeg,Downy Mildew
Downy Mildew/Downy Mildew_95.jpg,Downy Mildew
Downy Mildew/Downy Mildew_96.jpeg,Downy Mildew
Downy Mildew/Downy Mildew_96.jpg,Downy Mildew
Downy Mildew/Downy Mildew_97.jpeg,Downy Mildew
Downy Mildew/Downy Mildew_97.jpg,Downy Mildew
Downy Mildew/Downy Mildew_98.jpeg,Downy Mildew
Downy Mildew/Downy Mildew_98.jpg,Downy Mildew
Downy Mildew/Downy Mildew_99.jpeg,Downy Mildew
Downy Mildew/Downy Mildew_99.jpg,Downy Mildew
Healthy/Healthy Fruit (1).png,Healthy
Healthy/Healthy Fruit (101).png,Healthy
Healthy/Healthy Fruit (102).png,Healthy
Healthy/Healthy Fruit (103).png,Healthy
Healthy/Healthy Fruit (104).png,Healthy
Healthy/Healthy Fruit (105).png,Healthy
Healthy/Healthy Fruit (106).png,Healthy
Healthy/Healthy Fruit (107).png,Healthy
Healthy/Healthy Fruit (108).png,Healthy
Healthy/Healthy Fruit (109).png,Healthy
Healthy/Healthy Fruit (110).png,Healthy
Healthy/Healthy Fruit (111).png,Healthy
Healthy/Healthy Fruit (112).png,Healthy
Healthy/Healthy Fruit (113).png,Healthy
Healthy/Healthy Fruit (114).png,Healthy
Healthy/Healthy Fruit (115).png,Healthy
Healthy/Healthy Fruit (116).png,Healthy
Healthy/Healthy Fruit (117).png,Healthy
Healthy/Healthy Fruit (118).png,Healthy
Healthy/Healthy Fruit (119).png,Healthy
Healthy/Healthy Fruit (120).png,Healthy
Healthy/Healthy Fruit (121).png,Healthy
Healthy/Healthy Fruit (122).png,Healthy
Healthy/Healthy Fruit (123).png,Healthy
Healthy/Healthy Fruit (124).png,Healthy
Healthy/Healthy Fruit (125).png,Healthy
Healthy/Healthy Fruit (126).png,Healthy
Healthy/Healthy Fruit (127).png,Healthy
Healthy/Healthy Fruit (128).png,Healthy
Healthy/Healthy Fruit (129).png,Healthy
Healthy/Healthy Fruit (130).png,Healthy
Healthy/Healthy Fruit (131).png,Healthy
Healthy/Healthy Fruit (132).png,Healthy
Healthy/Healthy Fruit (133).png,Healthy
Healthy/Healthy Fruit (134).png,Healthy
Healthy/Healthy Fruit (135).png,Healthy
Healthy/Healthy Fruit (136).png,Healthy
Healthy/Healthy Fruit (137).png,Healthy
Healthy/Healthy Fruit (138).png,Healthy
Healthy/Healthy Fruit (139).png,Healthy
Healthy/Healthy Fruit (140).png,Healthy
Healthy/Healthy Fruit (141).png,Healthy
Healthy/Healthy Fruit (142).png,Healthy
Healthy/Healthy Fruit (143).png,Healthy
Healthy/Healthy Fruit (144).png,Healthy
Healthy/Healthy Fruit (145).png,Healthy
Healthy/Healthy Fruit (146).png,Healthy
Healthy/Healthy Fruit (147).png,Healthy
Healthy/Healthy Fruit (148).png,Healthy
Healthy/Healthy Fruit (149).png,Healthy
Healthy/Healthy Fruit (150).png,Healthy
Healthy/Healthy Fruit (151).png,Healthy
Healthy/Healthy Fruit (152).png,Healthy
Healthy/Healthy Fruit (153).png,Healthy
Healthy/Healthy Fruit (154).png,Healthy
Healthy/Healthy Fruit (155).png,Healthy
Healthy/Healthy Fruit (156).png,Healthy
Healthy/Healthy Fruit (157).png,Healthy
Healthy/Healthy Fruit (158).png,Healthy
Healthy/Healthy Fruit (159).png,Healthy
Healthy/Healthy Fruit (160).png,Healthy
Healthy/Healthy Fruit (161).png,Healthy
Healthy/Healthy Fruit (162).png,Healthy
Healthy/Healthy Fruit (163).png,Healthy
Healthy/Healthy Fruit (164).png,Healthy
Healthy/Healthy Fruit (165).png,Healthy
Healthy/Healthy Fruit (166).png,Healthy
Healthy/Healthy Fruit (167).png,Healthy
Healthy/Healthy Fruit (168).png,Healthy
Healthy/Healthy Fruit (169).png,Healthy
Healthy/Healthy Fruit (170).png,Healthy
Healthy/Healthy Fruit (171).png,Healthy
Healthy/Healthy Fruit (172).png,Healthy
Healthy/Healthy Fruit (173).png,Healthy
Healthy/Healthy Fruit (174).png,Healthy
Healthy/Healthy Fruit (175).png,Healthy
Healthy/Healthy Fruit (176).png,Healthy
Healthy/Healthy Fruit (177).png,Healthy
Healthy/Healthy Fruit (178).png,Healthy
Healthy/Healthy Fruit (179).png,Healthy
Healthy/Healthy Fruit (180).png,Healthy
Healthy/Healthy Fruit (181).png,Healthy
Healthy/Healthy Fruit (182).png,Healthy
Healthy/Healthy Fruit (183).png,Healthy
Healthy/Healthy Fruit (184).png,Healthy
Healthy/Healthy Fruit (185).png,Healthy
Healthy/Healthy Fruit (186).png,Healthy
Healthy/Healthy Fruit (187).png,Healthy
Healthy/Healthy Fruit (188).png,Healthy
Healthy/Healthy Fruit (189).png,Healthy
Healthy/Healthy Fruit (190).png,Healthy
Healthy/Healthy Fruit (191).png,Healthy
Healthy/Healthy Fruit (192).png,Healthy
Healthy/Healthy Fruit (193).png,Healthy
Healthy/Healthy Fruit (194).png,Healthy
Healthy/Healthy Fruit (195).png,Healthy
Healthy/Healthy Fruit (196).png,Healthy
Healthy/Healthy Fruit (197).png,Healthy
Healthy/Healthy Fruit (198).png,Healthy
Healthy/Healthy Fruit (199).png,Healthy
Healthy/Healthy Fruit (200).png,Healthy
Healthy/Healthy Fruit (201).png,Healthy
Healthy/Healthy Fruit (202).png,Healthy
Healthy/Healthy Fruit (203).png,Healthy
Healthy/Healthy Fruit (204).png,Healthy
Healthy/Healthy Fruit (205).png,Healthy
Healthy/Healthy Fruit (206).png,Healthy
Healthy/Healthy Fruit (207).png,Healthy
Healthy/Healthy Fruit (208).png,Healthy
Healthy/Healthy Fruit (209).png,Healthy
Healthy/Healthy Fruit (210).png,Healthy
Healthy/Healthy Fruit (211).png,Healthy
Healthy/Healthy Fruit (212).png,Healthy
Healthy/Healthy Fruit (213).png,Healthy
Healthy/Healthy Fruit (214).png,Healthy
Healthy/Healthy Fruit (215).png,Healthy
Healthy/Healthy Fruit (216).png,Healthy
Healthy/Healthy Fruit (217).png,Healthy
Healthy/Healthy Fruit (218).png,Healthy
Healthy/Healthy Fruit (219).png,Healthy
Healthy/Healthy Fruit (220).png,Healthy
Healthy/Healthy Fruit (221).png,Healthy
Healthy/Healthy Fruit (222).png,Healthy
Healthy/Healthy Fruit (223).png,Healthy
Healthy/Healthy Fruit (224).png,Healthy
Healthy/Healthy Fruit (225).png,Healthy
Healthy/Healthy Fruit (226).png,Healthy
Healthy/Healthy Fruit (227).png,Healthy
Healthy/Healthy Fruit (228).png,Healthy
Healthy/Healthy Fruit (229).png,Healthy
Healthy/Healthy Fruit (230).png,Healthy
Healthy/Healthy Fruit (231).png,Healthy
Healthy/Healthy Fruit (232).png,Healthy
Healthy/Healthy Fruit (233).png,Healthy
Healthy/Healthy Fruit (234).png,Healthy
Healthy/Healthy Fruit (235).png,Healthy
Healthy/Healthy Fruit (236).png,Healthy
Healthy/Healthy Fruit (237).png,Healthy
Healthy/Healthy Fruit (238).png,Healthy
Healthy/Healthy Fruit (239).png,Healthy
Healthy/Healthy Fruit (240).png,Healthy
Healthy/Healthy Fruit (241).png,Healthy
Healthy/Healthy Fruit (242).png,Healthy
Healthy/Healthy Fruit (243).png,Healthy
Healthy/Healthy Fruit (244).png,Healthy
Healthy/Healthy Fruit (245).png,Healthy
Healthy/Healthy Fruit (246).png,Healthy
Healthy/Healthy Fruit (247).png,Healthy
Healthy/Healthy Fruit (248).png,Healthy
Healthy/Healthy Fruit (249).png,Healthy
Healthy/Healthy Fruit (250).png,Healthy
Healthy/Healthy Fruit (251).png,Healthy
Healthy/Healthy Fruit (252).png,Healthy
Healthy/Healthy Fruit (253).png,Healthy
Healthy/Healthy Fruit (254).png,Healthy
Healthy/Healthy Fruit (255).png,Healthy
Healthy/Healthy Fruit (256).png,Healthy
Healthy/Healthy Fruit (257).png,Healthy
Healthy/Healthy Fruit (258).png,Healthy
Healthy/Healthy Fruit (259).png,Healthy
Healthy/Healthy Fruit (260).png,Healthy
Healthy/Healthy Fruit (261).png,Healthy
Healthy/Healthy Fruit (262).png,Healthy
Healthy/Healthy Fruit (263).png,Healthy
Healthy/Healthy Fruit (264).png,Healthy
Healthy/Healthy Fruit (265).png,Healthy
Healthy/Healthy Fruit (266).png,Healthy
Healthy/Healthy Fruit (267).png,Healthy
Healthy/Healthy Fruit (268).png,Healthy
Healthy/Healthy Fruit (269).png,Healthy
Healthy/Healthy Fruit (270).png,Healthy
Healthy/Healthy Fruit (271).png,Healthy
Healthy/Healthy Fruit (272).png,Healthy
Healthy/Healthy Fruit (273).png,Healthy
Healthy/Healthy Fruit (274).png,Healthy
Healthy/Healthy Fruit (275).png,Healthy
Healthy/Healthy Fruit (276).png,Healthy
Healthy/Healthy Fruit (277).png,Healthy
Healthy/Healthy Fruit (278).png,Healthy
Healthy/Healthy Fruit (279).png,Healthy
Healthy/Healthy Fruit (280).png,Healthy
Healthy/Healthy Fruit (281).png,Healthy
Healthy/Healthy Fruit (282).png,Healthy
Healthy/Healthy Fruit (283).png,Healthy
Healthy/Healthy Fruit (284).png,Healthy
Healthy/Healthy Fruit (285).png,Healthy
Healthy/Healthy Fruit (286).png,Healthy
Healthy/Healthy Fruit (287).png,Healthy
Healthy/Healthy Fruit (288).png,Healthy
Healthy/Healthy Fruit (289).png,Healthy
Healthy/Healthy Fruit (290).png,Healthy
Healthy/Healthy Fruit (291).png,Healthy
Healthy/Healthy Fruit (292).png,Healthy
Healthy/Healthy Fruit (293).png,Healthy
Healthy/Healthy Fruit (294).png,Healthy
Healthy/Healthy Fruit (295).png,Healthy
Healthy/Healthy Fruit (296).png,Healthy
Healthy/Healthy Fruit (297).png,Healthy
Healthy/Healthy Fruit (298).png,Healthy
Healthy/Healthy Fruit (299).png,Healthy
Healthy/Healthy Fruit (300).png,Healthy
Healthy/Healthy Fruit (301).png,Healthy
Healthy/Healthy Fruit (302).png,Healthy
Healthy/Healthy Fruit (303).png,Healthy
Healthy/Healthy Fruit (304).png,Healthy
Healthy/Healthy Fruit (305).png,Healthy
Healthy/Healthy Fruit (306).png,Healthy
Healthy/Healthy Fruit (307).png,Healthy
Healthy/Healthy Fruit (308).png,Healthy
Healthy/Healthy Fruit (309).png,Healthy
Healthy/Healthy Fruit (310).png,Healthy
Healthy/Healthy Fruit (311).png,Healthy
Healthy/Healthy Fruit (312).png,Healthy
Healthy/Healthy Fruit (313).png,Healthy
Healthy/Healthy Fruit (314).png,Healthy
Healthy/Healthy Fruit (315).png,Healthy
Healthy/Healthy Fruit (316).png,Healthy
Healthy/Healthy Fruit (317).png,Healthy
Healthy/Healthy Fruit (318).png,Healthy
Healthy/Healthy Fruit (319).png,Healthy
Healthy/Healthy Fruit (320).png,Healthy
Healthy/Healthy Fruit (321).png,Healthy
Healthy/Healthy Fruit (322).png,Healthy
Healthy/Healthy Fruit (323).png,Healthy
Healthy/Healthy Fruit (324).png,Healthy
Healthy/Healthy Fruit (325).png,Healthy
Healthy/Healthy Fruit (326).png,Healthy
Healthy/Healthy Fruit (327).png,Healthy
Healthy/Healthy Fruit (328).png,Healthy
Healthy/Healthy Fruit (329).png,Healthy
Healthy/Healthy Fruit (330).png,Healthy
Healthy/Healthy Fruit (331).png,Healthy
Healthy/Healthy Fruit (332).png,Healthy
Healthy/Healthy Fruit (333).png,Healthy
Healthy/Healthy Fruit (334).png,Healthy
Healthy/Healthy Fruit (335).png,Healthy
Healthy/Healthy Fruit (336).png,Healthy
Healthy/Healthy Fruit (337).png,Healthy
Healthy/Healthy Fruit (338).png,Healthy
Healthy/Healthy Fruit (339).png,Healthy
Healthy/Healthy Fruit (340).png,Healthy
Healthy/Healthy Fruit (341).png,Healthy
Healthy/Healthy Fruit (342).png,Healthy
Healthy/Healthy Fruit (343).png,Healthy
Healthy/Healthy Fruit (344).png,Healthy
Healthy/Healthy Fruit (345).png,Healthy
Healthy/Healthy Fruit (346).png,Healthy
Healthy/Healthy Fruit (347).png,Healthy
Healthy/Healthy Fruit (348).png,Healthy
Healthy/Healthy Fruit (349).png,Healthy
Healthy/Healthy Fruit (350).png,Healthy
Healthy/Healthy Fruit (351).png,Healthy
Healthy/Healthy Fruit (352).png,Healthy
Healthy/Healthy Fruit (353).png,Healthy
Healthy/Healthy Fruit (354).png,Healthy
Healthy/Healthy Fruit (355).png,Healthy
Healthy/Healthy Fruit (356).png,Healthy
Healthy/Healthy Fruit (357).png,Healthy
Healthy/Healthy Fruit (358).png,Healthy
Healthy/Healthy Fruit (359).png,Healthy
Healthy/Healthy Fruit (360).png,Healthy
Healthy/Healthy Fruit (361).png,Healthy
Healthy/Healthy Fruit (362).png,Healthy
Healthy/Healthy Fruit (363).png,Healthy
Healthy/Healthy Fruit (364).png,Healthy
Healthy/Healthy Fruit (365).png,Healthy
Healthy/Healthy Fruit (366).png,Healthy
Healthy/Healthy Fruit (367).png,Healthy
Healthy/Healthy Fruit (368).png,Healthy
Healthy/Healthy Fruit (369).png,Healthy
Healthy/Healthy Fruit (370).png,Healthy
Healthy/Healthy Fruit (371).png,Healthy
Healthy/Healthy Fruit (372).png,Healthy
Healthy/Healthy Fruit (373).png,Healthy
Healthy/Healthy Fruit (374).png,Healthy
Healthy/Healthy Fruit (375).png,Healthy
Healthy/Healthy Fruit (376).png,Healthy
Healthy/Healthy Fruit (377).png,Healthy
Healthy/Healthy Fruit (378).png,Healthy
Healthy/Healthy Fruit (379).png,Healthy
Healthy/Healthy Fruit (380).png,Healthy
Healthy/Healthy Fruit (381).png,Healthy
Healthy/Healthy Fruit (382).png,Healthy
Healthy/Healthy Fruit (383).png,Healthy
Healthy/Healthy Fruit (384).png,Healthy
Healthy/Healthy Fruit (385).png,Healthy
Healthy/Healthy Fruit (386).png,Healthy
Healthy/Healthy Fruit (387).png,Healthy
Healthy/Healthy Fruit (388).png,Healthy
Healthy/Healthy Fruit (389).png,Healthy
Healthy/Healthy Fruit (390).png,Healthy
Healthy/Healthy Fruit (391).png,Healthy
Healthy/Healthy Fruit (392).png,Healthy
Healthy/Healthy Fruit (393).png,Healthy
Healthy/Healthy Fruit (394).png,Healthy
Healthy/Healthy Fruit (395).png,Healthy
Healthy/Healthy Fruit (396).png,Healthy
Healthy/Healthy Fruit (397).png,Healthy
Healthy/Healthy Fruit (398).png,Healthy
Healthy/Healthy Fruit (399).png,Healthy
Healthy/Healthy Fruit (400).png,Healthy
Healthy/Healthy Fruit (401).png,Healthy
Healthy/Healthy Fruit (402).png,Healthy
Healthy/Healthy Fruit (403).png,Healthy
Healthy/Healthy Fruit (404).png,Healthy
Healthy/Healthy Fruit (405).png,Healthy
Healthy/Healthy Fruit (406).png,Healthy
Healthy/Healthy Fruit (407).png,Healthy
Healthy/Healthy Fruit (408).png,Healthy
Healthy/Healthy Fruit (409).png,Healthy
Healthy/Healthy Fruit (410).png,Healthy
Healthy/Healthy Fruit (411).png,Healthy
Healthy/Healthy Fruit (412).png,Healthy
Healthy/Healthy Fruit (413).png,Healthy
Healthy/Healthy Fruit (414).png,Healthy
Healthy/Healthy Fruit (415).png,Healthy
Healthy/Healthy Fruit (416).png,Healthy
Healthy/Healthy Fruit (417).png,Healthy
Healthy/Healthy Fruit (418).png,Healthy
Healthy/Healthy Fruit (419).png,Healthy
Healthy/Healthy Fruit (420).png,Healthy
Healthy/Healthy Fruit (421).png,Healthy
Healthy/Healthy Fruit (422).png,Healthy
Healthy/Healthy Fruit (423).png,Healthy
Healthy/Healthy Fruit (424).png,Healthy
Healthy/Healthy Fruit (425).png,Healthy
Healthy/Healthy Fruit (426).png,Healthy
Healthy/Healthy Fruit (427).png,Healthy
Healthy/Healthy Fruit (428).png,Healthy
Healthy/Healthy Fruit (429).png,Healthy
Healthy/Healthy Fruit (430).png,Healthy
Healthy/Healthy Fruit (431).png,Healthy
Healthy/Healthy Fruit (432).png,Healthy
Healthy/Healthy Fruit (433).png,Healthy
Healthy/Healthy Fruit (434).png,Healthy
Healthy/Healthy Fruit (435).png,Healthy
Healthy/Healthy Fruit (436).png,Healthy
Healthy/Healthy Fruit (437).png,Healthy
Healthy/Healthy Fruit (438).png,Healthy
Healthy/Healthy Fruit (439).png,Healthy
Healthy/Healthy Fruit (440).png,Healthy
Healthy/Healthy Fruit (441).png,Healthy
Healthy/Healthy Fruit (442).png,Healthy
Healthy/Healthy Fruit (443).png,Healthy
Healthy/Healthy Fruit (444).png,Healthy
Healthy/Healthy Fruit (445).png,Healthy
Healthy/Healthy Fruit (446).png,Healthy
Healthy/Healthy Fruit (447).png,Healthy
Healthy/Healthy Fruit (448).png,Healthy
Healthy/Healthy Fruit (449).png,Healthy
Healthy/Healthy Fruit (450).png,Healthy
Healthy/Healthy Fruit (451).png,Healthy
Healthy/Healthy Fruit (452).png,Healthy
Healthy/Healthy Fruit (453).png,Healthy
Healthy/Healthy Fruit (454).png,Healthy
Healthy/Healthy Fruit (455).png,Healthy
Healthy/Healthy Fruit (456).png,Healthy
Healthy/Healthy Fruit (457).png,Healthy
Healthy/Healthy Fruit (458).png,Healthy
Healthy/Healthy Fruit (459).png,Healthy
Healthy/Healthy Fruit (460).png,Healthy
Healthy/Healthy Fruit (461).png,Healthy
Healthy/Healthy Fruit (462).png,Healthy
Healthy/Healthy Fruit (463).png,Healthy
Healthy/Healthy Fruit (464).png,Healthy
Healthy/Healthy Fruit (465).png,Healthy
Healthy/Healthy Fruit (466).png,Healthy
Healthy/Healthy Fruit (467).png,Healthy
Healthy/Healthy Fruit (468).png,Healthy
Healthy/Healthy Fruit (469).png,Healthy
Healthy/Healthy Fruit (470).png,Healthy
Healthy/Healthy Fruit (471).png,Healthy
Healthy/Healthy Fruit (472).png,Healthy
Healthy/Healthy Fruit (473).png,Healthy
Healthy/Healthy Fruit (474).png,Healthy
Healthy/Healthy Fruit (475).png,Healthy
Healthy/Healthy Fruit (476).png,Healthy
Healthy/Healthy Fruit (477).png,Healthy
Healthy/Healthy Fruit (478).png,Healthy
Healthy/Healthy Fruit (479).png,Healthy
Healthy/Healthy Fruit (480).png,Healthy
Healthy/Healthy Fruit (481).png,Healthy
Healthy/Healthy Fruit (482).png,Healthy
Healthy/Healthy Fruit (483).png,Healthy
Healthy/Healthy Fruit (484).png,Healthy
Healthy/Healthy Fruit (485).png,Healthy
Healthy/Healthy Fruit (486).png,Healthy
Healthy/Healthy Fruit (487).png,Healthy
Healthy/Healthy Fruit (488).png,Healthy
Healthy/Healthy Fruit (489).png,Healthy
Healthy/Healthy Fruit (490).png,Healthy
Healthy/Healthy Fruit (491).png,Healthy
Healthy/Healthy Fruit (492).png,Healthy
Healthy/Healthy Fruit (493).png,Healthy
Healthy/Healthy Fruit (494).png,Healthy
Healthy/Healthy Fruit (495).png,Healthy
Healthy/Healthy Fruit (496).png,Healthy
Healthy/Healthy Fruit (497).png,Healthy
Healthy/Healthy Fruit (498).png,Healthy
Healthy/Healthy Fruit (499).png,Healthy
Healthy/Healthy Fruit (500).png,Healthy
Healthy/Healthy Fruit (501).png,Healthy
Healthy/Healthy Fruit (502).png,Healthy
Healthy/Healthy Fruit (503).png,Healthy
Healthy/Healthy Fruit (504).png,Healthy
Healthy/Healthy Fruit (505).png,Healthy
Healthy/Healthy Fruit (506).png,Healthy
Healthy/Healthy Fruit (507).png,Healthy
Healthy/Healthy Fruit (508).png,Healthy
Healthy/Healthy Fruit (509).png,Healthy
Healthy/Healthy Fruit (510).png,Healthy
Healthy/Healthy Fruit (511).png,Healthy
Healthy/Healthy Fruit (512).png,Healthy
Healthy/Healthy Fruit (513).png,Healthy
Healthy/Healthy Fruit (514).png,Healthy
Healthy/Healthy Fruit (515).png,Healthy
Healthy/Healthy Fruit (516).png,Healthy
Healthy/Healthy Fruit (517).png,Healthy
Healthy/Healthy Fruit (518).png,Healthy
Healthy/Healthy Fruit (519).png,Healthy
Healthy/Healthy Fruit (520).png,Healthy
Healthy/Healthy Fruit (521).png,Healthy
Healthy/Healthy Fruit (522).png,Healthy
Healthy/Healthy Fruit (523).png,Healthy
Healthy/Healthy Fruit (524).png,Healthy
Healthy/Healthy Fruit (525).png,Healthy
Healthy/Healthy Fruit (526).png,Healthy
Healthy/Healthy Fruit (527).png,Healthy
Healthy/Healthy Fruit (528).png,Healthy
Healthy/Healthy Fruit (529).png,Healthy
Healthy/Healthy Fruit (530).png,Healthy
Healthy/Healthy Fruit (531).png,Healthy
Healthy/Healthy Fruit (532).png,Healthy
Healthy/Healthy Fruit (533).png,Healthy
Healthy/Healthy Fruit (534).png,Healthy
Healthy/Healthy Fruit (535).png,Healthy
Healthy/Healthy Fruit (536).png,Healthy
Healthy/Healthy Fruit (537).png,Healthy
Healthy/Healthy Fruit (538).png,Healthy
Healthy/Healthy Fruit (539).png,Healthy
Healthy/Healthy Fruit (540).png,Healthy
Healthy/Healthy Fruit (541).png,Healthy
Healthy/Healthy Fruit (542).png,Healthy
Healthy/Healthy Fruit (543).png,Healthy
Healthy/Healthy Fruit (544).png,Healthy
Healthy/Healthy Fruit (545).png,Healthy
Healthy/Healthy Fruit (546).png,Healthy
Healthy/Healthy Fruit (547).png,Healthy
Healthy/Healthy Fruit (548).png,Healthy
Healthy/Healthy Fruit (549).png,Healthy
Healthy/Healthy Fruit (550).png,Healthy
Healthy/Healthy Fruit (551).png,Healthy
Healthy/Healthy Fruit (552).png,Healthy
Healthy/Healthy Fruit (553).png,Healthy
Healthy/Healthy Fruit (554).png,Healthy
Healthy/Healthy Fruit (555).png,Healthy
Healthy/Healthy Fruit (556).png,Healthy
Healthy/Healthy Fruit (557).png,Healthy
Healthy/Healthy Fruit (558).png,Healthy
Healthy/Healthy Fruit (559).png,Healthy
Healthy/Healthy Fruit (560).png,Healthy
Healthy/Healthy Fruit (561).png,Healthy
Healthy/Healthy Fruit (562).png,Healthy
Healthy/Healthy Fruit (563).png,Healthy
Healthy/Healthy Fruit (564).png,Healthy
Healthy/Healthy Fruit (565).png,Healthy
Healthy/Healthy Fruit (566).png,Healthy
Healthy/Healthy Fruit (567).png,Healthy
Healthy/Healthy Fruit (568).png,Healthy
Healthy/Healthy Fruit (569).png,Healthy
Healthy/Healthy Fruit (570).png,Healthy
Healthy/Healthy Fruit (571).png,Healthy
Healthy/Healthy Fruit (572).png,Healthy
Healthy/Healthy Fruit (573).png,Healthy
Healthy/Healthy Fruit (574).png,Healthy
Healthy/Healthy Fruit (575).png,Healthy
Healthy/Healthy Fruit (576).png,Healthy
Healthy/Healthy Fruit (577).png,Healthy
Healthy/Healthy Fruit (578).png,Healthy
Healthy/Healthy Fruit (579).png,Healthy
Healthy/Healthy Fruit (580).png,Healthy
Healthy/Healthy Fruit (581).png,Healthy
Healthy/Healthy Fruit (582).png,Healthy
Healthy/Healthy Fruit (583).png,Healthy
Healthy/Healthy Fruit (584).png,Healthy
Healthy/Healthy Fruit (585).png,Healthy
Healthy/Healthy Fruit (586).png,Healthy
Healthy/Healthy Fruit (587).png,Healthy
Healthy/Healthy Fruit (588).png,Healthy
Healthy/Healthy Fruit (589).png,Healthy
Healthy/Healthy Fruit (590).png,Healthy
Healthy/Healthy Fruit (591).png,Healthy
Healthy/Healthy Fruit (592).png,Healthy
Healthy/Healthy Fruit (593).png,Healthy
Healthy/Healthy Fruit (594).png,Healthy
Healthy/Healthy Fruit (595).png,Healthy
Healthy/Healthy Fruit (596).png,Healthy
Healthy/Healthy Fruit (597).png,Healthy
Healthy/Healthy Fruit (598).png,Healthy
Healthy/Healthy Fruit (599).png,Healthy
Healthy/Healthy Fruit (600).png,Healthy
Healthy/Healthy Fruit (601).png,Healthy
Healthy/Healthy Fruit (602).png,Healthy
Healthy/Healthy Fruit (603).png,Healthy
Healthy/Healthy Fruit (604).png,Healthy
Healthy/Healthy Fruit (605).png,Healthy
Healthy/Healthy Fruit (606).png,Healthy
Healthy/Healthy Fruit (607).png,Healthy
Healthy/Healthy Fruit (608).png,Healthy
Healthy/Healthy Fruit (609).png,Healthy
Healthy/Healthy Fruit (610).png,Healthy
Healthy/Healthy Fruit (611).png,Healthy
Healthy/Healthy Fruit (612).png,Healthy
Healthy/Healthy Fruit (613).png,Healthy
Healthy/Healthy Fruit (614).png,Healthy
Healthy/Healthy Fruit (615).png,Healthy
Healthy/Healthy Fruit (616).png,Healthy
Healthy/Healthy Fruit (617).png,Healthy
Healthy/Healthy Fruit (618).png,Healthy
Healthy/Healthy Fruit (619).png,Healthy
Healthy/Healthy Fruit (620).png,Healthy
Healthy/Healthy Fruit (621).png,Healthy
Healthy/Healthy Fruit (622).png,Healthy
Healthy/Healthy Fruit (623).png,Healthy
Healthy/Healthy Fruit (624).png,Healthy
Healthy/Healthy Fruit (625).png,Healthy
Healthy/Healthy Fruit (626).png,Healthy
Healthy/Healthy Fruit (627).png,Healthy
Healthy/Healthy Fruit (628).png,Healthy
Healthy/Healthy Fruit (629).png,Healthy
Healthy/Healthy Fruit (630).png,Healthy
Healthy/Healthy Fruit (631).png,Healthy
Healthy/Healthy Fruit (632).png,Healthy
Healthy/Healthy Fruit (633).png,Healthy
Healthy/Healthy Fruit (634).png,Healthy
Healthy/Healthy Fruit (635).png,Healthy
Healthy/Healthy Fruit (636).png,Healthy
Healthy/Healthy Fruit (637).png,Healthy
Healthy/Healthy Fruit (638).png,Healthy
Healthy/Healthy Fruit (639).png,Healthy
Healthy/Healthy Fruit (640).png,Healthy
Healthy/Healthy Fruit (641).png,Healthy
Healthy/Healthy Fruit (642).png,Healthy
Healthy/Healthy Fruit (643).png,Healthy
Healthy/Healthy Fruit (644).png,Healthy
Healthy/Healthy Fruit (645).png,Healthy
Healthy/Healthy Fruit (646).png,Healthy
Healthy/Healthy Fruit (647).png,Healthy
Healthy/Healthy Fruit (648).png,Healthy
Healthy/Healthy Fruit (649).png,Healthy
Healthy/Healthy Fruit (650).png,Healthy
Healthy/Healthy Fruit (651).png,Healthy
Healthy/Healthy Fruit (652).png,Healthy
Healthy/Healthy Fruit (653).png,Healthy
Healthy/Healthy Fruit (654).png,Healthy
Healthy/Healthy Fruit (655).png,Healthy
Healthy/Healthy Fruit (656).png,Healthy
Healthy/Healthy Fruit (657).png,Healthy
Healthy/Healthy Fruit (658).png,Healthy
Healthy/Healthy Fruit (659).png,Healthy
Healthy/Healthy Fruit (660).png,Healthy
Healthy/Healthy Fruit (661).png,Healthy
Healthy/Healthy Fruit (662).png,Healthy
Healthy/Healthy Fruit (663).png,Healthy
Healthy/Healthy Fruit (664).png,Healthy
Healthy/Healthy Fruit (665).png,Healthy
Healthy/Healthy Fruit (666).png,Healthy
Healthy/Healthy Fruit (667).png,Healthy
Healthy/Healthy Fruit (668).png,Healthy
Healthy/Healthy Fruit (669).png,Healthy
Healthy/Healthy Fruit (670).png,Healthy
Healthy/Healthy Fruit (671).png,Healthy
Healthy/Healthy Fruit (672).png,Healthy
Healthy/Healthy Fruit (673).png,Healthy
Healthy/Healthy Fruit (674).png,Healthy
Healthy/Healthy Fruit (675).png,Healthy
Healthy/Healthy Fruit (676).png,Healthy
Healthy/Healthy Fruit (677).png,Healthy
Healthy/Healthy Fruit (678).png,Healthy
Healthy/Healthy Fruit (679).png,Healthy
Healthy/Healthy Fruit (680).png,Healthy
Healthy/Healthy Fruit (681).png,Healthy
Healthy/Healthy Fruit (682).png,Healthy
Healthy/Healthy Fruit (683).png,Healthy
Healthy/Healthy Fruit (684).png,Healthy
Healthy/Healthy Fruit (685).png,Healthy
Healthy/Healthy Fruit (686).png,Healthy
Healthy/Healthy Fruit (687).png,Healthy
Healthy/Healthy Fruit (688).png,Healthy
Healthy/Healthy Fruit (689).png,Healthy
Healthy/Healthy Fruit (690).png,Healthy
Healthy/Healthy Fruit (691).png,Healthy
Healthy/Healthy Fruit (692).png,Healthy
Healthy/Healthy Fruit (693).png,Healthy
Healthy/Healthy Fruit (694).png,Healthy
Healthy/Healthy Fruit (695).png,Healthy
Healthy/Healthy Fruit (696).png,Healthy
Healthy/Healthy Fruit (697).png,Healthy
Healthy/Healthy Fruit (698).png,Healthy
Healthy/Healthy Fruit (699).png,Healthy
Healthy/Healthy Fruit (700).png,Healthy
Healthy/Healthy Fruit (701).png,Healthy
Healthy/Healthy Fruit (702).png,Healthy
Healthy/Healthy Fruit (703).png,Healthy
Healthy/Healthy Fruit (704).png,Healthy
Healthy/Healthy Fruit (705).png,Healthy
Healthy/Healthy Fruit (706).png,Healthy
Healthy/Healthy Fruit (707).png,Healthy
Healthy/Healthy Fruit (708).png,Healthy
Healthy/Healthy Fruit (709).png,Healthy
Healthy/Healthy Fruit (710).png,Healthy
Healthy/Healthy Fruit (711).png,Healthy
Healthy/Healthy Fruit (712).png,Healthy
Healthy/Healthy Fruit (713).png,Healthy
Healthy/Healthy Fruit (714).png,Healthy
Healthy/Healthy Fruit (715).png,Healthy
Healthy/Healthy Fruit (716).png,Healthy
Healthy/Healthy Fruit (717).png,Healthy
Healthy/Healthy Fruit (718).png,Healthy
Healthy/Healthy Fruit (719).png,Healthy
Healthy/Healthy Fruit (720).png,Healthy
Healthy/Healthy Fruit (721).png,Healthy
Healthy/Healthy Fruit (722).png,Healthy
Healthy/Healthy Fruit (723).png,Healthy
Healthy/Healthy Fruit (724).png,Healthy
Healthy/Healthy Fruit (725).png,Healthy
Healthy/Healthy Fruit (726).png,Healthy
Healthy/Healthy Fruit (727).png,Healthy
Healthy/Healthy Fruit (728).png,Healthy
Healthy/Healthy Fruit (729).png,Healthy
Healthy/Healthy Fruit (730).png,Healthy
Healthy/Healthy Fruit (731).png,Healthy
Healthy/Healthy Fruit (732).png,Healthy
Healthy/Healthy Fruit (733).png,Healthy
Healthy/Healthy Fruit (734).png,Healthy
Healthy/Healthy Fruit (735).png,Healthy
Healthy/Healthy Fruit (736).png,Healthy
Healthy/Healthy Fruit (737).png,Healthy
Healthy/Healthy Fruit (738).png,Healthy
Healthy/Healthy Fruit (739).png,Healthy
Healthy/Healthy Fruit (740).png,Healthy
Healthy/Healthy Fruit (741).png,Healthy
Healthy/Healthy Fruit (742).png,Healthy
Healthy/Healthy Fruit (743).png,Healthy
Healthy/Healthy Fruit (744).png,Healthy
Healthy/Healthy Fruit (745).png,Healthy
Healthy/Healthy Fruit (746).png,Healthy
Healthy/Healthy Fruit (747).png,Healthy
Healthy/Healthy Fruit (748).png,Healthy
Healthy/Healthy Fruit (749).png,Healthy
Healthy/Healthy Fruit (750).png,Healthy
Healthy/Healthy Fruit (751).png,Healthy
Healthy/Healthy Fruit (752).png,Healthy
Healthy/Healthy Fruit (753).png,Healthy
Healthy/Healthy Fruit (754).png,Healthy
Healthy/Healthy Fruit (755).png,Healthy
Healthy/Healthy Fruit (756).png,Healthy
Healthy/Healthy Fruit (757).png,Healthy
Healthy/Healthy Fruit (758).png,Healthy
Healthy/Healthy Fruit (759).png,Healthy
Healthy/Healthy Fruit (760).png,Healthy
Healthy/Healthy Fruit (761).png,Healthy
Healthy/Healthy Fruit (762).png,Healthy
Healthy/Healthy Fruit (763).png,Healthy
Healthy/Healthy Fruit (764).png,Healthy
Healthy/Healthy Fruit (765).png,Healthy
Healthy/Healthy Fruit (766).png,Healthy
Healthy/Healthy Fruit (767).png,Healthy
Healthy/Healthy Fruit (768).png,Healthy
Healthy/Healthy Fruit (769).png,Healthy
Healthy/Healthy Fruit (770).png,Healthy
Healthy/Healthy Fruit (771).png,Healthy
Healthy/Healthy Fruit (772).png,Healthy
Healthy/Healthy Fruit (773).png,Healthy
Healthy/Healthy Fruit (774).png,Healthy
Healthy/Healthy Fruit (775).png,Healthy
Healthy/Healthy Fruit (776).png,Healthy
Healthy/Healthy Fruit (777).png,Healthy
Healthy/Healthy Fruit (778).png,Healthy
Healthy/Healthy Fruit (779).png,Healthy
Healthy/Healthy Fruit (780).png,Healthy
Healthy/Healthy Fruit (781).png,Healthy
Healthy/Healthy Fruit (782).png,Healthy
Healthy/Healthy Fruit (783).png,Healthy
Healthy/Healthy Fruit (784).png,Healthy
Healthy/Healthy Fruit (785).png,Healthy
Healthy/Healthy Fruit (786).png,Healthy
Healthy/Healthy Fruit (787).png,Healthy
Healthy/Healthy Fruit (788).png,Healthy
Healthy/Healthy Fruit (789).png,Healthy
Healthy/Healthy Fruit (790).png,Healthy
Healthy/Healthy Fruit (791).png,Healthy
Healthy/Healthy Fruit (792).png,Healthy
Healthy/Healthy Fruit (793).png,Healthy
Healthy/Healthy Fruit (794).png,Healthy
Healthy/Healthy Fruit (795).png,Healthy
Healthy/Healthy Fruit (796).png,Healthy
Healthy/Healthy Fruit (797).png,Healthy
Healthy/Healthy Fruit (798).png,Healthy
Healthy/Healthy Fruit (799).png,Healthy
Healthy/Healthy Leaves_1.jpeg,Healthy
Healthy/Healthy Leaves_1.jpg,Healthy
Healthy/Healthy Leaves_1.png,Healthy
Healthy/Healthy Leaves_10.jpeg,Healthy
Healthy/Healthy Leaves_10.jpg,Healthy
Healthy/Healthy Leaves_100.jpeg,Healthy
Healthy/Healthy Leaves_101.jpeg,Healthy
Healthy/Healthy Leaves_102.jpeg,Healthy
Healthy/Healthy Leaves_103.jpeg,Healthy
Healthy/Healthy Leaves_104.jpeg,Healthy
Healthy/Healthy Leaves_105.jpeg,Healthy
Healthy/Healthy Leaves_106.jpeg,Healthy
Healthy/Healthy Leaves_107.jpeg,Healthy
Healthy/Healthy Leaves_108.jpeg,Healthy
Healthy/Healthy Leaves_109.jpeg,Healthy
Healthy/Healthy Leaves_11.jpeg,Healthy
Healthy/Healthy Leaves_11.jpg,Healthy
Healthy/Healthy Leaves_110.jpeg,Healthy
Healthy/Healthy Leaves_111.jpeg,Healthy
Healthy/Healthy Leaves_112.jpeg,Healthy
Healthy/Healthy Leaves_113.jpeg,Healthy
Healthy/Healthy Leaves_114.jpeg,Healthy
Healthy/Healthy Leaves_115.jpeg,Healthy
Healthy/Healthy Leaves_116.jpeg,Healthy
Healthy/Healthy Leaves_117.jpeg,Healthy
Healthy/Healthy Leaves_118.jpeg,Healthy
Healthy/Healthy Leaves_119.jpeg,Healthy
Healthy/Healthy Leaves_12.jpeg,Healthy
Healthy/Healthy Leaves_12.jpg,Healthy
Healthy/Healthy Leaves_120.jpeg,Healthy
Healthy/Healthy Leaves_121.jpeg,Healthy
Healthy/Healthy Leaves_122.jpeg,Healthy
Healthy/Healthy Leaves_123.jpeg,Healthy
Healthy/Healthy Leaves_124.jpeg,Healthy
Healthy/Healthy Leaves_125.jpeg,Healthy
Healthy/Healthy Leaves_126.jpeg,Healthy
Healthy/Healthy Leaves_127.jpeg,Healthy
Healthy/Healthy Leaves_128.jpeg,Healthy
Healthy/Healthy Leaves_129.jpeg,Healthy
Healthy/Healthy Leaves_13.jpeg,Healthy
Healthy/Healthy Leaves_13.jpg,Healthy
Healthy/Healthy Leaves_130.jpeg,Healthy
Healthy/Healthy Leaves_131.jpeg,Healthy
Healthy/Healthy Leaves_132.jpeg,Healthy
Healthy/Healthy Leaves_133.jpeg,Healthy
Healthy/Healthy Leaves_134.jpeg,Healthy
Healthy/Healthy Leaves_135.jpeg,Healthy
Healthy/Healthy Leaves_136.jpeg,Healthy
Healthy/Healthy Leaves_137.jpeg,Healthy
Healthy/Healthy Leaves_138.jpeg,Healthy
Healthy/Healthy Leaves_139.jpeg,Healthy
Healthy/Healthy Leaves_14.jpeg,Healthy
Healthy/Healthy Leaves_14.jpg,Healthy
Healthy/Healthy Leaves_140.jpeg,Healthy
Healthy/Healthy Leaves_141.jpeg,Healthy
Healthy/Healthy Leaves_142.jpeg,Healthy
Healthy/Healthy Leaves_143.jpeg,Healthy
Healthy/Healthy Leaves_144.jpeg,Healthy
Healthy/Healthy Leaves_145.jpeg,Healthy
Healthy/Healthy Leaves_146.jpeg,Healthy
Healthy/Healthy Leaves_147.jpeg,Healthy
Healthy/Healthy Leaves_148.jpeg,Healthy
Healthy/Healthy Leaves_149.jpeg,Healthy
Healthy/Healthy Leaves_15.jpeg,Healthy
Healthy/Healthy Leaves_15.jpg,Healthy
Healthy/Healthy Leaves_150.jpeg,Healthy
Healthy/Healthy Leaves_151.jpeg,Healthy
Healthy/Healthy Leaves_152.jpeg,Healthy
Healthy/Healthy Leaves_153.jpeg,Healthy
Healthy/Healthy Leaves_154.jpeg,Healthy
Healthy/Healthy Leaves_155.jpeg,Healthy
Healthy/Healthy Leaves_156.jpeg,Healthy
Healthy/Healthy Leaves_157.jpeg,Healthy
Healthy/Healthy Leaves_158.jpeg,Healthy
Healthy/Healthy Leaves_159.jpeg,Healthy
Healthy/Healthy Leaves_16.jpeg,Healthy
Healthy/Healthy Leaves_16.jpg,Healthy
Healthy/Healthy Leaves_160.jpeg,Healthy
Healthy/Healthy Leaves_161.jpeg,Healthy
Healthy/Healthy Leaves_162.jpeg,Healthy
Healthy/Healthy Leaves_163.jpeg,Healthy
Healthy/Healthy Leaves_164.jpeg,Healthy
Healthy/Healthy Leaves_165.jpeg,Healthy
Healthy/Healthy Leaves_166.jpeg,Healthy
Healthy/Healthy Leaves_167.jpeg,Healthy
Healthy/Healthy Leaves_168.jpeg,Healthy
Healthy/Healthy Leaves_169.jpeg,Healthy
Healthy/Healthy Leaves_17.jpeg,Healthy
Healthy/Healthy Leaves_17.jpg,Healthy
Healthy/Healthy Leaves_170.jpeg,Healthy
Healthy/Healthy Leaves_171.jpeg,Healthy
Healthy/Healthy Leaves_172.jpeg,Healthy
Healthy/Healthy Leaves_173.jpeg,Healthy
Healthy/Healthy Leaves_174.jpeg,Healthy
Healthy/Healthy Leaves_175.jpeg,Healthy
Healthy/Healthy Leaves_176.jpeg,Healthy
Healthy/Healthy Leaves_177.jpeg,Healthy
Healthy/Healthy Leaves_178.jpeg,Healthy
Healthy/Healthy Leaves_179.jpeg,Healthy
Healthy/Healthy Leaves_18.jpeg,Healthy
Healthy/Healthy Leaves_18.jpg,Healthy
Healthy/Healthy Leaves_180.jpeg,Healthy
Healthy/Healthy Leaves_181.jpeg,Healthy
Healthy/Healthy Leaves_182.jpeg,Healthy
Healthy/Healthy Leaves_183.jpeg,Healthy
Healthy/Healthy Leaves_184.jpeg,Healthy
Healthy/Healthy Leaves_185.jpeg,Healthy
Healthy/Healthy Leaves_186.jpeg,Healthy
Healthy/Healthy Leaves_187.jpeg,Healthy
Healthy/Healthy Leaves_188.jpeg,Healthy
Healthy/Healthy Leaves_189.jpeg,Healthy
Healthy/Healthy Leaves_19.jpeg,Healthy
Healthy/Healthy Leaves_19.jpg,Healthy
Healthy/Healthy Leaves_190.jpeg,Healthy
Healthy/Healthy Leaves_191.jpeg,Healthy
Healthy/Healthy Leaves_192.jpeg,Healthy
Healthy/Healthy Leaves_193.jpeg,Healthy
Healthy/Healthy Leaves_194.jpeg,Healthy
Healthy/Healthy Leaves_195.jpeg,Healthy
Healthy/Healthy Leaves_196.jpeg,Healthy
Healthy/Healthy Leaves_197.jpeg,Healthy
Healthy/Healthy Leaves_198.jpeg,Healthy
Healthy/Healthy Leaves_199.jpeg,Healthy
Healthy/Healthy Leaves_2.jpeg,Healthy
Healthy/Healthy Leaves_2.jpg,Healthy
Healthy/Healthy Leaves_2.png,Healthy
Healthy/Healthy Leaves_20.jpeg,Healthy
Healthy/Healthy Leaves_20.jpg,Healthy
Healthy/Healthy Leaves_200.jpeg,Healthy
Healthy/Healthy Leaves_201.jpeg,Healthy
Healthy/Healthy Leaves_202.jpeg,Healthy
Healthy/Healthy Leaves_203.jpeg,Healthy
Healthy/Healthy Leaves_204.jpeg,Healthy
Healthy/Healthy Leaves_205.jpeg,Healthy
Healthy/Healthy Leaves_206.jpeg,Healthy
Healthy/Healthy Leaves_207.jpeg,Healthy
Healthy/Healthy Leaves_208.jpeg,Healthy
Healthy/Healthy Leaves_209.jpeg,Healthy
Healthy/Healthy Leaves_21.jpeg,Healthy
Healthy/Healthy Leaves_21.jpg,Healthy
Healthy/Healthy Leaves_210.jpeg,Healthy
Healthy/Healthy Leaves_211.jpeg,Healthy
Healthy/Healthy Leaves_212.jpeg,Healthy
Healthy/Healthy Leaves_213.jpeg,Healthy
Healthy/Healthy Leaves_214.jpeg,Healthy
Healthy/Healthy Leaves_215.jpeg,Healthy
Healthy/Healthy Leaves_216.jpeg,Healthy
Healthy/Healthy Leaves_217.jpeg,Healthy
Healthy/Healthy Leaves_218.jpeg,Healthy
Healthy/Healthy Leaves_219.jpeg,Healthy
Healthy/Healthy Leaves_22.jpeg,Healthy
Healthy/Healthy Leaves_22.jpg,Healthy
Healthy/Healthy Leaves_220.jpeg,Healthy
Healthy/Healthy Leaves_221.jpeg,Healthy
Healthy/Healthy Leaves_222.jpeg,Healthy
Healthy/Healthy Leaves_223.jpeg,Healthy
Healthy/Healthy Leaves_224.jpeg,Healthy
Healthy/Healthy Leaves_225.jpeg,Healthy
Healthy/Healthy Leaves_226.jpeg,Healthy
Healthy/Healthy Leaves_227.jpeg,Healthy
Healthy/Healthy Leaves_228.jpeg,Healthy
Healthy/Healthy Leaves_229.jpeg,Healthy
Healthy/Healthy Leaves_23.jpeg,Healthy
Healthy/Healthy Leaves_23.jpg,Healthy
Healthy/Healthy Leaves_230.jpeg,Healthy
Healthy/Healthy Leaves_231.jpeg,Healthy
Healthy/Healthy Leaves_232.jpeg,Healthy
Healthy/Healthy Leaves_233.jpeg,Healthy
Healthy/Healthy Leaves_234.jpeg,Healthy
Healthy/Healthy Leaves_235.jpeg,Healthy
Healthy/Healthy Leaves_236.jpeg,Healthy
Healthy/Healthy Leaves_237.jpeg,Healthy
Healthy/Healthy Leaves_238.jpeg,Healthy
Healthy/Healthy Leaves_239.jpeg,Healthy
Healthy/Healthy Leaves_24.jpeg,Healthy
Healthy/Healthy Leaves_24.jpg,Healthy
Healthy/Healthy Leaves_240.jpeg,Healthy
Healthy/Healthy Leaves_241.jpeg,Healthy
Healthy/Healthy Leaves_242.jpeg,Healthy
Healthy/Healthy Leaves_243.jpeg,Healthy
Healthy/Healthy Leaves_244.jpeg,Healthy
Healthy/Healthy Leaves_245.jpeg,Healthy
Healthy/Healthy Leaves_25.jpeg,Healthy
Healthy/Healthy Leaves_25.jpg,Healthy
Healthy/Healthy Leaves_26.jpeg,Healthy
Healthy/Healthy Leaves_26.jpg,Healthy
Healthy/Healthy Leaves_27.jpeg,Healthy
Healthy/Healthy Leaves_27.jpg,Healthy
Healthy/Healthy Leaves_28.jpeg,Healthy
Healthy/Healthy Leaves_28.jpg,Healthy
Healthy/Healthy Leaves_29.jpeg,Healthy
Healthy/Healthy Leaves_29.jpg,Healthy
Healthy/Healthy Leaves_3.jpeg,Healthy
Healthy/Healthy Leaves_3.jpg,Healthy
Healthy/Healthy Leaves_3.png,Healthy
Healthy/Healthy Leaves_30.jpeg,Healthy
Healthy/Healthy Leaves_30.jpg,Healthy
Healthy/Healthy Leaves_31.jpeg,Healthy
Healthy/Healthy Leaves_31.jpg,Healthy
Healthy/Healthy Leaves_32.jpeg,Healthy
Healthy/Healthy Leaves_32.jpg,Healthy
Healthy/Healthy Leaves_33.jpeg,Healthy
Healthy/Healthy Leaves_33.jpg,Healthy
Healthy/Healthy Leaves_34.jpeg,Healthy
Healthy/Healthy Leaves_34.jpg,Healthy
Healthy/Healthy Leaves_35.jpeg,Healthy
Healthy/Healthy Leaves_35.jpg,Healthy
Healthy/Healthy Leaves_36.jpeg,Healthy
Healthy/Healthy Leaves_36.jpg,Healthy
Healthy/Healthy Leaves_37.jpeg,Healthy
Healthy/Healthy Leaves_37.jpg,Healthy
Healthy/Healthy Leaves_38.jpeg,Healthy
Healthy/Healthy Leaves_38.jpg,Healthy
Healthy/Healthy Leaves_39.jpeg,Healthy
Healthy/Healthy Leaves_39.jpg,Healthy
Healthy/Healthy Leaves_4.jpeg,Healthy
Healthy/Healthy Leaves_4.jpg,Healthy
Healthy/Healthy Leaves_4.png,Healthy
Healthy/Healthy Leaves_40.jpeg,Healthy
Healthy/Healthy Leaves_40.jpg,Healthy
Healthy/Healthy Leaves_41.jpeg,Healthy
Healthy/Healthy Leaves_41.jpg,Healthy
Healthy/Healthy Leaves_42.jpeg,Healthy
Healthy/Healthy Leaves_42.jpg,Healthy
Healthy/Healthy Leaves_43.jpeg,Healthy
Healthy/Healthy Leaves_43.jpg,Healthy
Healthy/Healthy Leaves_44.jpeg,Healthy
Healthy/Healthy Leaves_44.jpg,Healthy
Healthy/Healthy Leaves_45.jpeg,Healthy
Healthy/Healthy Leaves_45.jpg,Healthy
Healthy/Healthy Leaves_46.jpeg,Healthy
Healthy/Healthy Leaves_46.jpg,Healthy
Healthy/Healthy Leaves_47.jpeg,Healthy
Healthy/Healthy Leaves_47.jpg,Healthy
Healthy/Healthy Leaves_48.jpeg,Healthy
Healthy/Healthy Leaves_48.jpg,Healthy
Healthy/Healthy Leaves_49.jpeg,Healthy
Healthy/Healthy Leaves_49.jpg,Healthy
Healthy/Healthy Leaves_5.jpeg,Healthy
Healthy/Healthy Leaves_5.jpg,Healthy
Healthy/Healthy Leaves_5.png,Healthy
Healthy/Healthy Leaves_50.jpeg,Healthy
Healthy/Healthy Leaves_50.jpg,Healthy
Healthy/Healthy Leaves_51.jpeg,Healthy
Healthy/Healthy Leaves_51.jpg,Healthy
Healthy/Healthy Leaves_52.jpeg,Healthy
Healthy/Healthy Leaves_52.jpg,Healthy
Healthy/Healthy Leaves_53.jpeg,Healthy
Healthy/Healthy Leaves_54.jpeg,Healthy
Healthy/Healthy Leaves_55.jpeg,Healthy
Healthy/Healthy Leaves_56.jpeg,Healthy
Healthy/Healthy Leaves_57.jpeg,Healthy
Healthy/Healthy Leaves_58.jpeg,Healthy
Healthy/Healthy Leaves_59.jpeg,Healthy
Healthy/Healthy Leaves_6.jpeg,Healthy
Healthy/Healthy Leaves_6.jpg,Healthy
Healthy/Healthy Leaves_60.jpeg,Healthy
Healthy/Healthy Leaves_61.jpeg,Healthy
Healthy/Healthy Leaves_62.jpeg,Healthy
Healthy/Healthy Leaves_63.jpeg,Healthy
Healthy/Healthy Leaves_64.jpeg,Healthy
Healthy/Healthy Leaves_65.jpeg,Healthy
Healthy/Healthy Leaves_66.jpeg,Healthy
Healthy/Healthy Leaves_67.jpeg,Healthy
Healthy/Healthy Leaves_68.jpeg,Healthy
Healthy/Healthy Leaves_69.jpeg,Healthy
Healthy/Healthy Leaves_7.jpeg,Healthy
Healthy/Healthy Leaves_7.jpg,Healthy
Healthy/Healthy Leaves_70.jpeg,Healthy
Healthy/Healthy Leaves_71.jpeg,Healthy
Healthy/Healthy Leaves_72.jpeg,Healthy
Healthy/Healthy Leaves_73.jpeg,Healthy
Healthy/Healthy Leaves_74.jpeg,Healthy
Healthy/Healthy Leaves_75.jpeg,Healthy
Healthy/Healthy Leaves_76.jpeg,Healthy
Healthy/Healthy Leaves_77.jpeg,Healthy
Healthy/Healthy Leaves_78.jpeg,Healthy
Healthy/Healthy Leaves_79.jpeg,Healthy
Healthy/Healthy Leaves_8.jpeg,Healthy
Healthy/Healthy Leaves_8.jpg,Healthy
Healthy/Healthy Leaves_80.jpeg,Healthy
Healthy/Healthy Leaves_81.jpeg,Healthy
Healthy/Healthy Leaves_82.jpeg,Healthy
Healthy/Healthy Leaves_83.jpeg,Healthy
Healthy/Healthy Leaves_84.jpeg,Healthy
Healthy/Healthy Leaves_85.jpeg,Healthy
Healthy/Healthy Leaves_86.jpeg,Healthy
Healthy/Healthy Leaves_87.jpeg,Healthy
Healthy/Healthy Leaves_88.jpeg,Healthy
Healthy/Healthy Leaves_89.jpeg,Healthy
Healthy/Healthy Leaves_9.jpeg,Healthy
Healthy/Healthy Leaves_9.jpg,Healthy
Healthy/Healthy Leaves_90.jpeg,Healthy
Healthy/Healthy Leaves_91.jpeg,Healthy
Healthy/Healthy Leaves_92.jpeg,Healthy
Healthy/Healthy Leaves_93.jpeg,Healthy
Healthy/Healthy Leaves_94.jpeg,Healthy
Healthy/Healthy Leaves_95.jpeg,Healthy
Healthy/Healthy Leaves_96.jpeg,Healthy
Healthy/Healthy Leaves_97.jpeg,Healthy
Healthy/Healthy Leaves_98.jpeg,Healthy
Healthy/Healthy Leaves_99.jpeg,Healthy
Healthy/Healthy_0_1106.jpeg,Healthy
Healthy/Healthy_0_1330.jpeg,Healthy
Healthy/Healthy_0_2732.jpeg,Healthy
Healthy/Healthy_0_3193.jpeg,Healthy
Healthy/Healthy_0_3201.jpeg,Healthy
Healthy/Healthy_0_3262.jpeg,Healthy
Healthy/Healthy_0_3379.jpeg,Healthy
Healthy/Healthy_0_395.jpeg,Healthy
Healthy/Healthy_0_401.jpeg,Healthy
Healthy/Healthy_0_4076.jpeg,Healthy
Healthy/Healthy_0_41.jpeg,Healthy
Healthy/Healthy_0_4201.jpeg,Healthy
Healthy/Healthy_0_4247.jpeg,Healthy
Healthy/Healthy_0_4490.jpeg,Healthy
Healthy/Healthy_0_4561.jpeg,Healthy
Healthy/Healthy_0_4650.jpeg,Healthy
Healthy/Healthy_0_5325.jpeg,Healthy
Healthy/Healthy_0_6365.jpeg,Healthy
Healthy/Healthy_0_8232.jpeg,Healthy
Healthy/Healthy_0_8411.jpeg,Healthy
Healthy/Healthy_0_8451.jpeg,Healthy
Healthy/Healthy_0_8854.jpeg,Healthy
Healthy/Healthy_0_9071.jpeg,Healthy
Healthy/Healthy_0_9477.jpeg,Healthy
Healthy/Healthy_0_9720.jpeg,Healthy
Healthy/Healthy_1.jpeg,Healthy
Healthy/Healthy_1.jpg,Healthy
Healthy/Healthy_1.png,Healthy
Healthy/Healthy_10.jpeg,Healthy
Healthy/Healthy_10.jpg,Healthy
Healthy/Healthy_10.png,Healthy
Healthy/Healthy_100.jpeg,Healthy
Healthy/Healthy_100.jpg,Healthy
Healthy/Healthy_100.png,Healthy
Healthy/Healthy_101.jpeg,Healthy
Healthy/Healthy_101.jpg,Healthy
Healthy/Healthy_101.png,Healthy
Healthy/Healthy_102.jpeg,Healthy
Healthy/Healthy_102.jpg,Healthy
Healthy/Healthy_102.png,Healthy
Healthy/Healthy_103.jpeg,Healthy
Healthy/Healthy_103.jpg,Healthy
Healthy/Healthy_103.png,Healthy
Healthy/Healthy_104.jpeg,Healthy
Healthy/Healthy_104.jpg,Healthy
Healthy/Healthy_104.png,Healthy
Healthy/Healthy_105.jpeg,Healthy
Healthy/Healthy_105.jpg,Healthy
Healthy/Healthy_105.png,Healthy
Healthy/Healthy_106.jpeg,Healthy
Healthy/Healthy_106.jpg,Healthy
Healthy/Healthy_106.png,Healthy
Healthy/Healthy_107.jpeg,Healthy
Healthy/Healthy_107.jpg,Healthy
Healthy/Healthy_107.png,Healthy
Healthy/Healthy_108.jpeg,Healthy
Healthy/Healthy_108.jpg,Healthy
Healthy/Healthy_108.png,Healthy
Healthy/Healthy_109.jpg,Healthy
Healthy/Healthy_109.png,Healthy
Healthy/Healthy_11.jpeg,Healthy
Healthy/Healthy_11.jpg,Healthy
Healthy/Healthy_11.png,Healthy
Healthy/Healthy_110.jpg,Healthy
Healthy/Healthy_110.png,Healthy
Healthy/Healthy_111.jpg,Healthy
Healthy/Healthy_111.png,Healthy
Healthy/Healthy_112.jpg,Healthy
Healthy/Healthy_112.png,Healthy
Healthy/Healthy_113.jpg,Healthy
Healthy/Healthy_113.png,Healthy
Healthy/Healthy_114.jpg,Healthy
Healthy/Healthy_114.png,Healthy
Healthy/Healthy_115.jpg,Healthy
Healthy/Healthy_115.png,Healthy
Healthy/Healthy_116.jpg,Healthy
Healthy/Healthy_116.png,Healthy
Healthy/Healthy_117.jpg,Healthy
Healthy/Healthy_117.png,Healthy
Healthy/Healthy_118.jpg,Healthy
Healthy/Healthy_118.png,Healthy
Healthy/Healthy_119.jpg,Healthy
Healthy/Healthy_119.png,Healthy
Healthy/Healthy_12.jpeg,Healthy
Healthy/Healthy_12.jpg,Healthy
Healthy/Healthy_12.png,Healthy
Healthy/Healthy_120.jpg,Healthy
Healthy/Healthy_120.png,Healthy
Healthy/Healthy_121.jpg,Healthy
Healthy/Healthy_121.png,Healthy
Healthy/Healthy_122.jpg,Healthy
Healthy/Healthy_122.png,Healthy
Healthy/Healthy_123.jpg,Healthy
Healthy/Healthy_123.png,Healthy
Healthy/Healthy_124.jpg,Healthy
Healthy/Healthy_125.jpg,Healthy
Healthy/Healthy_126.jpg,Healthy
Healthy/Healthy_127.jpg,Healthy
Healthy/Healthy_128.jpg,Healthy
Healthy/Healthy_129.jpg,Healthy
Healthy/Healthy_13.jpeg,Healthy
Healthy/Healthy_13.jpg,Healthy
Healthy/Healthy_13.png,Healthy
Healthy/Healthy_130.jpg,Healthy
Healthy/Healthy_131.jpg,Healthy
Healthy/Healthy_132.jpg,Healthy
Healthy/Healthy_133.jpg,Healthy
Healthy/Healthy_134.jpg,Healthy
Healthy/Healthy_135.jpg,Healthy
Healthy/Healthy_136.jpg,Healthy
Healthy/Healthy_137.jpg,Healthy
Healthy/Healthy_138.jpg,Healthy
Healthy/Healthy_139.jpg,Healthy
Healthy/Healthy_14.jpeg,Healthy
Healthy/Healthy_14.jpg,Healthy
Healthy/Healthy_14.png,Healthy
Healthy/Healthy_140.jpg,Healthy
Healthy/Healthy_141.jpg,Healthy
Healthy/Healthy_142.jpg,Healthy
Healthy/Healthy_143.jpg,Healthy
Healthy/Healthy_144.jpg,Healthy
Healthy/Healthy_145.jpg,Healthy
Healthy/Healthy_146.jpg,Healthy
Healthy/Healthy_147.jpg,Healthy
Healthy/Healthy_148.jpg,Healthy
Healthy/Healthy_149.jpg,Healthy
Healthy/Healthy_15.jpeg,Healthy
Healthy/Healthy_15.jpg,Healthy
Healthy/Healthy_15.png,Healthy
Healthy/Healthy_150.jpg,Healthy
Healthy/Healthy_151.jpg,Healthy
Healthy/Healthy_152.jpg,Healthy
Healthy/Healthy_153.jpg,Healthy
Healthy/Healthy_154.jpg,Healthy
Healthy/Healthy_155.jpg,Healthy
Healthy/Healthy_156.jpg,Healthy
Healthy/Healthy_157.jpg,Healthy
Healthy/Healthy_158.jpg,Healthy
Healthy/Healthy_159.jpg,Healthy
Healthy/Healthy_16.jpeg,Healthy
Healthy/Healthy_16.jpg,Healthy
Healthy/Healthy_16.png,Healthy
Healthy/Healthy_160.jpg,Healthy
Healthy/Healthy_161.jpg,Healthy
Healthy/Healthy_162.jpg,Healthy
Healthy/Healthy_163.jpg,Healthy
Healthy/Healthy_164.jpg,Healthy
Healthy/Healthy_165.jpg,Healthy
Healthy/Healthy_166.jpg,Healthy
Healthy/Healthy_167.jpg,Healthy
Healthy/Healthy_168.jpg,Healthy
Healthy/Healthy_169.jpg,Healthy
Healthy/Healthy_17.jpeg,Healthy
Healthy/Healthy_17.jpg,Healthy
Healthy/Healthy_17.png,Healthy
Healthy/Healthy_170.jpg,Healthy
Healthy/Healthy_171.jpg,Healthy
Healthy/Healthy_172.jpg,Healthy
Healthy/Healthy_173.jpg,Healthy
Healthy/Healthy_174.jpg,Healthy
Healthy/Healthy_175.jpg,Healthy
Healthy/Healthy_176.jpg,Healthy
Healthy/Healthy_177.jpg,Healthy
Healthy/Healthy_178.jpg,Healthy
Healthy/Healthy_179.jpg,Healthy
Healthy/Healthy_18.jpeg,Healthy
Healthy/Healthy_18.jpg,Healthy
Healthy/Healthy_18.png,Healthy
Healthy/Healthy_180.jpg,Healthy
Healthy/Healthy_181.jpg,Healthy
Healthy/Healthy_182.jpg,Healthy
Healthy/Healthy_183.jpg,Healthy
Healthy/Healthy_184.jpg,Healthy
Healthy/Healthy_185.jpg,Healthy
Healthy/Healthy_186.jpg,Healthy
Healthy/Healthy_187.jpg,Healthy
Healthy/Healthy_188.jpg,Healthy
Healthy/Healthy_189.jpg,Healthy
Healthy/Healthy_19.jpeg,Healthy
Healthy/Healthy_19.jpg,Healthy
Healthy/Healthy_19.png,Healthy
Healthy/Healthy_190.jpg,Healthy
Healthy/Healthy_191.jpg,Healthy
Healthy/Healthy_192.jpg,Healthy
Healthy/Healthy_193.jpg,Healthy
Healthy/Healthy_194.jpg,Healthy
Healthy/Healthy_195.jpg,Healthy
Healthy/Healthy_196.jpg,Healthy
Healthy/Healthy_197.jpg,Healthy
Healthy/Healthy_198.jpg,Healthy
Healthy/Healthy_199.jpg,Healthy
Healthy/Healthy_2.jpeg,Healthy
Healthy/Healthy_2.jpg,Healthy
Healthy/Healthy_2.png,Healthy
Healthy/Healthy_20.jpeg,Healthy
Healthy/Healthy_20.jpg,Healthy
Healthy/Healthy_20.png,Healthy
Healthy/Healthy_200.jpg,Healthy
Healthy/Healthy_201.jpg,Healthy
Healthy/Healthy_202.jpg,Healthy
Healthy/Healthy_203.jpg,Healthy
Healthy/Healthy_204.jpg,Healthy
Healthy/Healthy_205.jpg,Healthy
Healthy/Healthy_206.jpg,Healthy
Healthy/Healthy_207.jpg,Healthy
Healthy/Healthy_208.jpg,Healthy
Healthy/Healthy_209.jpg,Healthy
Healthy/Healthy_21.jpeg,Healthy
Healthy/Healthy_21.jpg,Healthy
Healthy/Healthy_21.png,Healthy
Healthy/Healthy_210.jpg,Healthy
Healthy/Healthy_211.jpg,Healthy
Healthy/Healthy_212.jpg,Healthy
Healthy/Healthy_213.jpg,Healthy
Healthy/Healthy_214.jpg,Healthy
Healthy/Healthy_215.jpg,Healthy
Healthy/Healthy_216.jpg,Healthy
Healthy/Healthy_217.jpg,Healthy
Healthy/Healthy_218.jpg,Healthy
Healthy/Healthy_219.jpg,Healthy
Healthy/Healthy_22.jpeg,Healthy
Healthy/Healthy_22.jpg,Healthy
Healthy/Healthy_22.png,Healthy
Healthy/Healthy_220.jpg,Healthy
Healthy/Healthy_221.jpg,Healthy
Healthy/Healthy_222.jpg,Healthy
Healthy/Healthy_223.jpg,Healthy
Healthy/Healthy_224.jpg,Healthy
Healthy/Healthy_225.jpg,Healthy
Healthy/Healthy_226.jpg,Healthy
Healthy/Healthy_227.jpg,Healthy
Healthy/Healthy_228.jpg,Healthy
Healthy/Healthy_229.jpg,Healthy
Healthy/Healthy_23.jpeg,Healthy
Healthy/Healthy_23.jpg,Healthy
Healthy/Healthy_23.png,Healthy
Healthy/Healthy_230.jpg,Healthy
Healthy/Healthy_231.jpg,Healthy
Healthy/Healthy_232.jpg,Healthy
Healthy/Healthy_233.jpg,Healthy
Healthy/Healthy_234.jpg,Healthy
Healthy/Healthy_235.jpg,Healthy
Healthy/Healthy_236.jpg,Healthy
Healthy/Healthy_237.jpg,Healthy
Healthy/Healthy_238.jpg,Healthy
Healthy/Healthy_239.jpg,Healthy
Healthy/Healthy_24.jpeg,Healthy
Healthy/Healthy_24.jpg,Healthy
Healthy/Healthy_24.png,Healthy
Healthy/Healthy_240.jpg,Healthy
Healthy/Healthy_241.jpg,Healthy
Healthy/Healthy_242.jpg,Healthy
Healthy/Healthy_243.jpg,Healthy
Healthy/Healthy_244.jpg,Healthy
Healthy/Healthy_245.jpg,Healthy
Healthy/Healthy_246.jpg,Healthy
Healthy/Healthy_247.jpg,Healthy
Healthy/Healthy_248.jpg,Healthy
Healthy/Healthy_249.jpg,Healthy
Healthy/Healthy_25.jpeg,Healthy
Healthy/Healthy_25.jpg,Healthy
Healthy/Healthy_25.png,Healthy
Healthy/Healthy_250.jpg,Healthy
Healthy/Healthy_251.jpg,Healthy
Healthy/Healthy_252.jpg,Healthy
Healthy/Healthy_253.jpg,Healthy
Healthy/Healthy_254.jpg,Healthy
Healthy/Healthy_255.jpg,Healthy
Healthy/Healthy_256.jpg,Healthy
Healthy/Healthy_257.jpg,Healthy
Healthy/Healthy_258.jpg,Healthy
Healthy/Healthy_259.jpg,Healthy
Healthy/Healthy_26.jpeg,Healthy
Healthy/Healthy_26.jpg,Healthy
Healthy/Healthy_26.png,Healthy
Healthy/Healthy_260.jpg,Healthy
Healthy/Healthy_261.jpg,Healthy
Healthy/Healthy_262.jpg,Healthy
Healthy/Healthy_263.jpg,Healthy
Healthy/Healthy_264.jpg,Healthy
Healthy/Healthy_265.jpg,Healthy
Healthy/Healthy_266.jpg,Healthy
Healthy/Healthy_267.jpg,Healthy
Healthy/Healthy_268.jpg,Healthy
Healthy/Healthy_269.jpg,Healthy
Healthy/Healthy_27.jpeg,Healthy
Healthy/Healthy_27.jpg,Healthy
Healthy/Healthy_27.png,Healthy
Healthy/Healthy_270.jpg,Healthy
Healthy/Healthy_271.jpg,Healthy
Healthy/Healthy_272.jpg,Healthy
Healthy/Healthy_273.jpg,Healthy
Healthy/Healthy_274.jpg,Healthy
Healthy/Healthy_275.jpg,Healthy
Healthy/Healthy_276.jpg,Healthy
Healthy/Healthy_277.jpg,Healthy
Healthy/Healthy_278.jpg,Healthy
Healthy/Healthy_279.jpg,Healthy
Healthy/Healthy_28.jpeg,Healthy
Healthy/Healthy_28.jpg,Healthy
Healthy/Healthy_28.png,Healthy
Healthy/Healthy_280.jpg,Healthy
Healthy/Healthy_281.jpg,Healthy
Healthy/Healthy_282.jpg,Healthy
Healthy/Healthy_283.jpg,Healthy
Healthy/Healthy_284.jpg,Healthy
Healthy/Healthy_285.jpg,Healthy
Healthy/Healthy_286.jpg,Healthy
Healthy/Healthy_287.jpg,Healthy
Healthy/Healthy_288.jpg,Healthy
Healthy/Healthy_289.jpg,Healthy
Healthy/Healthy_29.jpeg,Healthy
Healthy/Healthy_29.jpg,Healthy
Healthy/Healthy_29.png,Healthy
Healthy/Healthy_290.jpg,Healthy
Healthy/Healthy_291.jpg,Healthy
Healthy/Healthy_292.jpg,Healthy
Healthy/Healthy_293.jpg,Healthy
Healthy/Healthy_294.jpg,Healthy
Healthy/Healthy_295.jpg,Healthy
Healthy/Healthy_296.jpg,Healthy
Healthy/Healthy_297.jpg,Healthy
Healthy/Healthy_298.jpg,Healthy
Healthy/Healthy_299.jpg,Healthy
Healthy/Healthy_3.jpeg,Healthy
Healthy/Healthy_3.jpg,Healthy
Healthy/Healthy_3.png,Healthy
Healthy/Healthy_30.jpeg,Healthy
Healthy/Healthy_30.jpg,Healthy
Healthy/Healthy_30.png,Healthy
Healthy/Healthy_300.jpg,Healthy
Healthy/Healthy_301.jpg,Healthy
Healthy/Healthy_302.jpg,Healthy
Healthy/Healthy_303.jpg,Healthy
Healthy/Healthy_304.jpg,Healthy
Healthy/Healthy_305.jpg,Healthy
Healthy/Healthy_306.jpg,Healthy
Healthy/Healthy_307.jpg,Healthy
Healthy/Healthy_308.jpg,Healthy
Healthy/Healthy_309.jpg,Healthy
Healthy/Healthy_31.jpeg,Healthy
Healthy/Healthy_31.jpg,Healthy
Healthy/Healthy_31.png,Healthy
Healthy/Healthy_310.jpg,Healthy
Healthy/Healthy_311.jpg,Healthy
Healthy/Healthy_312.jpg,Healthy
Healthy/Healthy_313.jpg,Healthy
Healthy/Healthy_314.jpg,Healthy
Healthy/Healthy_315.jpg,Healthy
Healthy/Healthy_316.jpg,Healthy
Healthy/Healthy_317.jpg,Healthy
Healthy/Healthy_318.jpg,Healthy
Healthy/Healthy_319.jpg,Healthy
Healthy/Healthy_32.jpeg,Healthy
Healthy/Healthy_32.jpg,Healthy
Healthy/Healthy_32.png,Healthy
Healthy/Healthy_320.jpg,Healthy
Healthy/Healthy_321.jpg,Healthy
Healthy/Healthy_322.jpg,Healthy
Healthy/Healthy_323.jpg,Healthy
Healthy/Healthy_324.jpg,Healthy
Healthy/Healthy_325.jpg,Healthy
Healthy/Healthy_326.jpg,Healthy
Healthy/Healthy_327.jpg,Healthy
Healthy/Healthy_328.jpg,Healthy
Healthy/Healthy_329.jpg,Healthy
Healthy/Healthy_33.jpeg,Healthy
Healthy/Healthy_33.jpg,Healthy
Healthy/Healthy_33.png,Healthy
Healthy/Healthy_330.jpg,Healthy
Healthy/Healthy_331.jpg,Healthy
Healthy/Healthy_332.jpg,Healthy
Healthy/Healthy_333.jpg,Healthy
Healthy/Healthy_334.jpg,Healthy
Healthy/Healthy_335.jpg,Healthy
Healthy/Healthy_336.jpg,Healthy
Healthy/Healthy_337.jpg,Healthy
Healthy/Healthy_338.jpg,Healthy
Healthy/Healthy_339.jpg,Healthy
Healthy/Healthy_34.jpeg,Healthy
Healthy/Healthy_34.jpg,Healthy
Healthy/Healthy_34.png,Healthy
Healthy/Healthy_340.jpg,Healthy
Healthy/Healthy_341.jpg,Healthy
Healthy/Healthy_342.jpg,Healthy
Healthy/Healthy_343.jpg,Healthy
Healthy/Healthy_344.jpg,Healthy
Healthy/Healthy_345.jpg,Healthy
Healthy/Healthy_346.jpg,Healthy
Healthy/Healthy_35.jpeg,Healthy
Healthy/Healthy_35.jpg,Healthy
Healthy/Healthy_35.png,Healthy
Healthy/Healthy_36.jpeg,Healthy
Healthy/Healthy_36.jpg,Healthy
Healthy/Healthy_36.png,Healthy
Healthy/Healthy_37.jpeg,Healthy
Healthy/Healthy_37.jpg,Healthy
Healthy/Healthy_37.png,Healthy
Healthy/Healthy_38.jpeg,Healthy
Healthy/Healthy_38.jpg,Healthy
Healthy/Healthy_38.png,Healthy
Healthy/Healthy_39.jpeg,Healthy
Healthy/Healthy_39.jpg,Healthy
Healthy/Healthy_39.png,Healthy
Healthy/Healthy_4.jpeg,Healthy
Healthy/Healthy_4.jpg,Healthy
Healthy/Healthy_4.png,Healthy
Healthy/Healthy_40.jpeg,Healthy
Healthy/Healthy_40.jpg,Healthy
Healthy/Healthy_40.png,Healthy
Healthy/Healthy_41.jpeg,Healthy
Healthy/Healthy_41.jpg,Healthy
Healthy/Healthy_41.png,Healthy
Healthy/Healthy_42.jpeg,Healthy
Healthy/Healthy_42.jpg,Healthy
Healthy/Healthy_42.png,Healthy
Healthy/Healthy_43.jpeg,Healthy
Healthy/Healthy_43.jpg,Healthy
Healthy/Healthy_43.png,Healthy
Healthy/Healthy_44.jpeg,Healthy
Healthy/Healthy_44.jpg,Healthy
Healthy/Healthy_44.png,Healthy
Healthy/Healthy_45.jpeg,Healthy
Healthy/Healthy_45.jpg,Healthy
Healthy/Healthy_45.png,Healthy
Healthy/Healthy_46.jpeg,Healthy
Healthy/Healthy_46.jpg,Healthy
Healthy/Healthy_46.png,Healthy
Healthy/Healthy_47.jpeg,Healthy
Healthy/Healthy_47.jpg,Healthy
Healthy/Healthy_47.png,Healthy
Healthy/Healthy_48.jpeg,Healthy
Healthy/Healthy_48.jpg,Healthy
Healthy/Healthy_48.png,Healthy
Healthy/Healthy_49.jpeg,Healthy
Healthy/Healthy_49.jpg,Healthy
Healthy/Healthy_49.png,Healthy
Healthy/Healthy_5.jpeg,Healthy
Healthy/Healthy_5.jpg,Healthy
Healthy/Healthy_5.png,Healthy
Healthy/Healthy_50.jpeg,Healthy
Healthy/Healthy_50.jpg,Healthy
Healthy/Healthy_50.png,Healthy
Healthy/Healthy_51.jpeg,Healthy
Healthy/Healthy_51.jpg,Healthy
Healthy/Healthy_51.png,Healthy
Healthy/Healthy_52.jpeg,Healthy
Healthy/Healthy_52.jpg,Healthy
Healthy/Healthy_52.png,Healthy
Healthy/Healthy_53.jpeg,Healthy
Healthy/Healthy_53.jpg,Healthy
Healthy/Healthy_53.png,Healthy
Healthy/Healthy_54.jpeg,Healthy
Healthy/Healthy_54.jpg,Healthy
Healthy/Healthy_54.png,Healthy
Healthy/Healthy_55.jpeg,Healthy
Healthy/Healthy_55.jpg,Healthy
Healthy/Healthy_55.png,Healthy
Healthy/Healthy_56.jpeg,Healthy
Healthy/Healthy_56.jpg,Healthy
Healthy/Healthy_56.png,Healthy
Healthy/Healthy_57.jpeg,Healthy
Healthy/Healthy_57.jpg,Healthy
Healthy/Healthy_57.png,Healthy
Healthy/Healthy_58.jpeg,Healthy
Healthy/Healthy_58.jpg,Healthy
Healthy/Healthy_58.png,Healthy
Healthy/Healthy_59.jpeg,Healthy
Healthy/Healthy_59.jpg,Healthy
Healthy/Healthy_59.png,Healthy
Healthy/Healthy_6.jpeg,Healthy
Healthy/Healthy_6.jpg,Healthy
Healthy/Healthy_6.png,Healthy
Healthy/Healthy_60.jpeg,Healthy
Healthy/Healthy_60.jpg,Healthy
Healthy/Healthy_60.png,Healthy
Healthy/Healthy_61.jpeg,Healthy
Healthy/Healthy_61.jpg,Healthy
Healthy/Healthy_61.png,Healthy
Healthy/Healthy_62.jpeg,Healthy
Healthy/Healthy_62.jpg,Healthy
Healthy/Healthy_62.png,Healthy
Healthy/Healthy_63.jpeg,Healthy
Healthy/Healthy_63.jpg,Healthy
Healthy/Healthy_63.png,Healthy
Healthy/Healthy_64.jpeg,Healthy
Healthy/Healthy_64.jpg,Healthy
Healthy/Healthy_64.png,Healthy
Healthy/Healthy_65.jpeg,Healthy
Healthy/Healthy_65.jpg,Healthy
Healthy/Healthy_65.png,Healthy
Healthy/Healthy_66.jpeg,Healthy
Healthy/Healthy_66.jpg,Healthy
Healthy/Healthy_66.png,Healthy
Healthy/Healthy_67.jpeg,Healthy
Healthy/Healthy_67.jpg,Healthy
Healthy/Healthy_67.png,Healthy
Healthy/Healthy_68.jpeg,Healthy
Healthy/Healthy_68.jpg,Healthy
Healthy/Healthy_68.png,Healthy
Healthy/Healthy_69.jpeg,Healthy
Healthy/Healthy_69.jpg,Healthy
Healthy/Healthy_69.png,Healthy
Healthy/Healthy_7.jpeg,Healthy
Healthy/Healthy_7.jpg,Healthy
Healthy/Healthy_7.png,Healthy
Healthy/Healthy_70.jpeg,Healthy
Healthy/Healthy_70.jpg,Healthy
Healthy/Healthy_70.png,Healthy
Healthy/Healthy_71.jpeg,Healthy
Healthy/Healthy_71.jpg,Healthy
Healthy/Healthy_71.png,Healthy
Healthy/Healthy_72.jpeg,Healthy
Healthy/Healthy_72.jpg,Healthy
Healthy/Healthy_72.png,Healthy
Healthy/Healthy_73.jpeg,Healthy
Healthy/Healthy_73.jpg,Healthy
Healthy/Healthy_73.png,Healthy
Healthy/Healthy_74.jpeg,Healthy
Healthy/Healthy_74.jpg,Healthy
Healthy/Healthy_74.png,Healthy
Healthy/Healthy_75.jpeg,Healthy
Healthy/Healthy_75.jpg,Healthy
Healthy/Healthy_75.png,Healthy
Healthy/Healthy_76.jpeg,Healthy
Healthy/Healthy_76.jpg,Healthy
Healthy/Healthy_76.png,Healthy
Healthy/Healthy_77.jpeg,Healthy
Healthy/Healthy_77.jpg,Healthy
Healthy/Healthy_77.png,Healthy
Healthy/Healthy_78.jpeg,Healthy
Healthy/Healthy_78.jpg,Healthy
Healthy/Healthy_78.png,Healthy
Healthy/Healthy_79.jpeg,Healthy
Healthy/Healthy_79.jpg,Healthy
Healthy/Healthy_79.png,Healthy
Healthy/Healthy_8.jpeg,Healthy
Healthy/Healthy_8.jpg,Healthy
Healthy/Healthy_8.png,Healthy
Healthy/Healthy_80.jpeg,Healthy
Healthy/Healthy_80.jpg,Healthy
Healthy/Healthy_80.png,Healthy
Healthy/Healthy_81.jpeg,Healthy
Healthy/Healthy_81.jpg,Healthy
Healthy/Healthy_81.png,Healthy
Healthy/Healthy_82.jpeg,Healthy
Healthy/Healthy_82.jpg,Healthy
Healthy/Healthy_82.png,Healthy
Healthy/Healthy_83.jpeg,Healthy
Healthy/Healthy_83.jpg,Healthy
Healthy/Healthy_83.png,Healthy
Healthy/Healthy_84.jpeg,Healthy
Healthy/Healthy_84.jpg,Healthy
Healthy/Healthy_84.png,Healthy
Healthy/Healthy_85.jpeg,Healthy
Healthy/Healthy_85.jpg,Healthy
Healthy/Healthy_85.png,Healthy
Healthy/Healthy_86.jpeg,Healthy
Healthy/Healthy_86.jpg,Healthy
Healthy/Healthy_86.png,Healthy
Healthy/Healthy_87.jpeg,Healthy
Healthy/Healthy_87.jpg,Healthy
Healthy/Healthy_87.png,Healthy
Healthy/Healthy_88.jpeg,Healthy
Healthy/Healthy_88.jpg,Healthy
Healthy/Healthy_88.png,Healthy
Healthy/Healthy_89.jpeg,Healthy
Healthy/Healthy_89.jpg,Healthy
Healthy/Healthy_89.png,Healthy
Healthy/Healthy_9.jpeg,Healthy
Healthy/Healthy_9.jpg,Healthy
Healthy/Healthy_9.png,Healthy
Healthy/Healthy_90.jpeg,Healthy
Healthy/Healthy_90.jpg,Healthy
Healthy/Healthy_90.png,Healthy
Healthy/Healthy_91.jpeg,Healthy
Healthy/Healthy_91.jpg,Healthy
Healthy/Healthy_91.png,Healthy
Healthy/Healthy_92.jpeg,Healthy
Healthy/Healthy_92.jpg,Healthy
Healthy/Healthy_92.png,Healthy
Healthy/Healthy_93.jpeg,Healthy
Healthy/Healthy_93.jpg,Healthy
Healthy/Healthy_93.png,Healthy
Healthy/Healthy_94.jpeg,Healthy
Healthy/Healthy_94.jpg,Healthy
Healthy/Healthy_94.png,Healthy
Healthy/Healthy_95.jpeg,Healthy
Healthy/Healthy_95.jpg,Healthy
Healthy/Healthy_95.png,Healthy
Healthy/Healthy_96.jpeg,Healthy
Healthy/Healthy_96.jpg,Healthy
Healthy/Healthy_96.png,Healthy
Healthy/Healthy_97.jpeg,Healthy
Healthy/Healthy_97.jpg,Healthy
Healthy/Healthy_97.png,Healthy
Healthy/Healthy_98.jpeg,Healthy
Healthy/Healthy_98.jpg,Healthy
Healthy/Healthy_98.png,Healthy
Healthy/Healthy_99.jpeg,Healthy
Healthy/Healthy_99.jpg,Healthy
Healthy/Healthy_99.png,Healthy
Healthy/N_456HealthPlants_original_HealthyC(1).jpg_13d721c7-81e7-4853-bff9-3dbcbe6df51d.jpg,Healthy
Healthy/N_456HealthPlants_original_HealthyC(1).jpg_1a35d3f4-0c87-439d-857a-df35e21c109b.jpg,Healthy
Healthy/N_456HealthPlants_original_HealthyC(1).jpg_44ac4aa8-3a14-45bb-b5f7-75e2a5647b78.jpg,Healthy
Healthy/N_456HealthPlants_original_HealthyC(1).jpg_4592653b-16c9-41fe-a68c-6e26fcf4c1d4.jpg,Healthy
Healthy/N_456HealthPlants_original_HealthyC(1).jpg_562a0da3-d8a7-4d0e-944f-d80ce98d6146.jpg,Healthy
Healthy/N_456HealthPlants_original_HealthyC(1).jpg_60e86faf-e33c-485f-9900-908c92f64d5b.jpg,Healthy
Healthy/N_456HealthPlants_original_HealthyC(1).jpg_71b34562-ce9f-4ace-8638-2ccb2cf66e1a.jpg,Healthy
Healthy/N_456HealthPlants_original_HealthyC(1).jpg_721c9910-bccb-4ff9-9435-75e03e24f5e4.jpg,Healthy
Healthy/N_456HealthPlants_original_HealthyC(1).jpg_7a0197fc-b326-4bad-95e6-e25f950efc27.jpg,Healthy
Healthy/N_456HealthPlants_original_HealthyC(1).jpg_99e79646-9649-4611-91c6-13eef1d464d1.jpg,Healthy
Healthy/N_456HealthPlants_original_HealthyC(10).jpg_0e7e166a-b9e2-4a32-80a2-40054f54ec21.jpg,Healthy
Healthy/N_456HealthPlants_original_HealthyC(10).jpg_266b029c-4103-4593-8286-b0ba1244a359.jpg,Healthy
Healthy/N_456HealthPlants_original_HealthyC(10).jpg_2dc8582f-a183-4803-afd7-f08c013d6e2c.jpg,Healthy
Healthy/N_456HealthPlants_original_HealthyC(10).jpg_4ca87969-22a0-4f24-a118-b8eb36c369d2.jpg,Healthy
Healthy/N_456HealthPlants_original_HealthyC(10).jpg_55dc9ab0-e120-4cce-a83c-928b25b8205b.jpg,Healthy
Healthy/N_456HealthPlants_original_HealthyC(10).jpg_cb0120bf-846b-47be-8708-7c84dbb8d7a2.jpg,Healthy
Healthy/N_456HealthPlants_original_HealthyC(10).jpg_da539b78-0247-45da-9166-f6e88607b702.jpg,Healthy
Healthy/N_456HealthPlants_original_HealthyC(10).jpg_e4934013-d7b3-4d9c-a04f-7534080e89fe.jpg,Healthy
Healthy/N_456HealthPlants_original_HealthyC(10).jpg_f6350f8b-efee-4104-aa28-96d195356cc3.jpg,Healthy
Healthy/N_456HealthPlants_original_HealthyC(10).jpg_fbc3b80e-b884-46d9-a039-0a331f037e69.jpg,Healthy
Healthy/N_456HealthPlants_original_HealthyC(11).jpg_1b910c9c-054e-4986-907c-1d39c6fe0248.jpg,Healthy
Healthy/N_456HealthPlants_original_HealthyC(11).jpg_365f3055-dda4-4252-b104-2c98e87fd081.jpg,Healthy
Healthy/N_456HealthPlants_original_HealthyC(11).jpg_39633988-52e4-448e-8b99-b6856fe19f42.jpg,Healthy
Healthy/N_456HealthPlants_original_HealthyC(11).jpg_3b4146b8-05a9-4186-8a97-e4a9be905776.jpg,Healthy
Healthy/N_456HealthPlants_original_HealthyC(11).jpg_6454cd78-8f78-4a57-ae7b-848a58545a91.jpg,Healthy
Healthy/N_456HealthPlants_original_HealthyC(11).jpg_af56ce4f-8094-487c-9fa4-46b24e57700e.jpg,Healthy
Healthy/N_456HealthPlants_original_HealthyC(11).jpg_afacd276-7ae1-44f2-9f30-a691b07dc1fe.jpg,Healthy
Healthy/N_456HealthPlants_original_HealthyC(11).jpg_d735d193-d912-4d05-a5e3-3c72f834bacd.jpg,Healthy
Healthy/N_456HealthPlants_original_HealthyC(12).jpg_03125440-72ee-4357-ad03-180a7f40c84a.jpg,Healthy
Healthy/N_456HealthPlants_original_HealthyC(12).jpg_192f86cc-2745-45e4-bda9-7dca78607a40.jpg,Healthy
Healthy/N_456HealthPlants_original_HealthyC(12).jpg_38a603f6-7862-445d-bc26-07e020245740.jpg,Healthy
Healthy/N_456HealthPlants_original_HealthyC(12).jpg_3b172ded-991f-43f9-88ac-0f1c7dc7877b.jpg,Healthy
Healthy/N_456HealthPlants_original_HealthyC(12).jpg_3d96f48c-274a-4d80-a4fa-9e7f7a892218.jpg,Healthy
Healthy/N_456HealthPlants_original_HealthyC(12).jpg_49532692-2641-427c-b8a7-6c7d004c0252.jpg,Healthy
Healthy/N_456HealthPlants_original_HealthyC(12).jpg_5eda5fd1-f92e-4bae-8538-bd39843a8656.jpg,Healthy
Healthy/N_456HealthPlants_original_HealthyC(12).jpg_84fefaa7-5474-4ba9-bb73-3fd8e00a7f5a.jpg,Healthy
Healthy/N_456HealthPlants_original_HealthyC(12).jpg_a7d54d43-98aa-4052-9653-76cf0a4577dd.jpg,Healthy
Healthy/N_456HealthPlants_original_HealthyC(12).jpg_b0487e14-ff75-430d-bb33-43190d2c2f8d.jpg,Healthy
Healthy/N_456HealthPlants_original_HealthyC(12).jpg_b4f6e5eb-aaa4-4635-b05b-25a30484acd3.jpg,Healthy
Healthy/N_456HealthPlants_original_HealthyC(12).jpg_e55f24e5-2e1e-4973-a965-24fca2248ff0.jpg,Healthy
Healthy/N_456HealthPlants_original_HealthyC(12).jpg_e9a87670-0c69-4c99-a5f8-70d1d85e87d0.jpg,Healthy
Healthy/N_456HealthPlants_original_HealthyC(12).jpg_ff301599-9ea5-4eb0-96ff-9c1e92abe0dc.jpg,Healthy
Healthy/N_456HealthPlants_original_HealthyC(13).jpg_073ad7d7-82df-4809-abe3-120ce0f9f144.jpg,Healthy
Healthy/N_456HealthPlants_original_HealthyC(13).jpg_276755cf-daab-4ac3-955b-ee7eac1e2d5b.jpg,Healthy
Healthy/N_456HealthPlants_original_HealthyC(13).jpg_2d52847f-9860-40a2-bfa3-d21cbc10718d.jpg,Healthy
Healthy/N_456HealthPlants_original_HealthyC(13).jpg_2f53af8a-6aea-4f35-8653-a7bd668e8cbc.jpg,Healthy
Healthy/N_456HealthPlants_original_HealthyC(13).jpg_32ec770a-319f-44ff-95e9-ab9ad3bdf954.jpg,Healthy
Healthy/N_456HealthPlants_original_HealthyC(13).jpg_35992131-3cdd-4267-9983-1ba24259778b.jpg,Healthy
Healthy/N_456HealthPlants_original_HealthyC(13).jpg_3796c739-7c16-46c4-b0d9-cf518e544f01.jpg,Healthy
Healthy/N_456HealthPlants_original_HealthyC(13).jpg_454ddf9a-6155-442a-87d9-8971dbd002a4.jpg,Healthy
Healthy/N_456HealthPlants_original_HealthyC(13).jpg_71639ce7-7839-473d-b53a-ffd397903d3c.jpg,Healthy
Healthy/N_456HealthPlants_original_HealthyC(13).jpg_8bada1b7-a2f9-4db0-af77-5b39c71e76c1.jpg,Healthy
Healthy/N_456HealthPlants_original_HealthyC(13).jpg_93d82348-ab86-40d4-91e5-699ae452e97f.jpg,Healthy
Healthy/N_456HealthPlants_original_HealthyC(13).jpg_f0a25ce2-3002-4968-8b86-4cf57f14815c.jpg,Healthy
Healthy/N_456HealthPlants_original_HealthyC(13).jpg_fd08e56d-0db8-4375-8785-94d89028a481.jpg,Healthy
Healthy/N_456HealthPlants_original_HealthyC(14).jpg_017209c4-9c79-4817-bf87-3cf4c21bcd31.jpg,Healthy
Healthy/N_456HealthPlants_original_HealthyC(14).jpg_13cde987-72de-4d70-be3a-079452abc8ee.jpg,Healthy
Healthy/N_456HealthPlants_original_HealthyC(14).jpg_1bbfb908-b7df-4035-93b9-fb7af2a64b88.jpg,Healthy
Healthy/N_456HealthPlants_original_HealthyC(14).jpg_570663b9-dc3a-415a-b964-d32b897d6ede.jpg,Healthy
Healthy/N_456HealthPlants_original_HealthyC(14).jpg_68e3e184-e1a4-4722-8b9d-2274148ab3d9.jpg,Healthy
Healthy/N_456HealthPlants_original_HealthyC(14).jpg_7d2921a4-83c7-40c3-b8f8-1250aaea47f3.jpg,Healthy
Healthy/N_456HealthPlants_original_HealthyC(14).jpg_9668d1d5-09dc-4d4f-b2f8-44e376eb88dc.jpg,Healthy
Healthy/N_456HealthPlants_original_HealthyC(14).jpg_a3be88b9-8c77-4f3a-af76-40bd3bd1c225.jpg,Healthy
Healthy/N_456HealthPlants_original_HealthyC(14).jpg_a6e463de-f6e5-4587-a726-90a2b91b757e.jpg,Healthy
Healthy/N_456HealthPlants_original_HealthyC(14).jpg_af84d336-eb3e-4191-a678-6e4636a12d08.jpg,Healthy
Healthy/N_456HealthPlants_original_HealthyC(14).jpg_b6eeca23-a335-4f7b-bd6b-cb587bba2f9e.jpg,Healthy
Healthy/N_456HealthPlants_original_HealthyC(14).jpg_e75aced8-b4a5-426d-b381-b52b309ef2ce.jpg,Healthy
Healthy/N_456HealthPlants_original_HealthyC(15).jpg_26f106c2-78bc-4f31-9c9b-ffb0f85d4e24.jpg,Healthy
Healthy/N_456HealthPlants_original_HealthyC(15).jpg_56d97ffb-d00d-4108-8dc0-0f32000fb038.jpg,Healthy
Healthy/N_456HealthPlants_original_HealthyC(15).jpg_6d078885-0013-47fc-9944-448dc075905b.jpg,Healthy
Healthy/N_456HealthPlants_original_HealthyC(15).jpg_6d419520-0c82-42a5-b7f3-ab53f6bd5ec8.jpg,Healthy
Healthy/N_456HealthPlants_original_HealthyC(15).jpg_72938fdc-decd-4e78-b488-68786d15661e.jpg,Healthy
Healthy/N_456HealthPlants_original_HealthyC(15).jpg_72968c99-83ee-4cd8-a142-aba64f23cdeb.jpg,Healthy
Healthy/N_456HealthPlants_original_HealthyC(15).jpg_8ccb52a1-ef98-448c-9b8e-91691474ef7a.jpg,Healthy
Healthy/N_456HealthPlants_original_HealthyC(15).jpg_8f69808a-d37c-4a17-a798-6fae68618d5c.jpg,Healthy
Healthy/N_456HealthPlants_original_HealthyC(15).jpg_ab83da87-59f1-4a54-8cff-6e88c18a5d04.jpg,Healthy
Healthy/N_456HealthPlants_original_HealthyC(16).jpg_14ee8ec9-0dfa-4351-8600-81b124b5e712.jpg,Healthy
Healthy/N_456HealthPlants_original_HealthyC(16).jpg_1b7d8395-db1d-4660-95e6-e935934911c2.jpg,Healthy
Healthy/N_456HealthPlants_original_HealthyC(16).jpg_32c3a7c5-bc0c-4840-af3c-e8bc59bb15ee.jpg,Healthy
Healthy/N_456HealthPlants_original_HealthyC(16).jpg_6ab6ae13-be47-4803-a7c1-69842a079656.jpg,Healthy
Healthy/N_456HealthPlants_original_HealthyC(16).jpg_6f22affc-e09e-4180-9af5-2b50f312170a.jpg,Healthy
Healthy/N_456HealthPlants_original_HealthyC(16).jpg_7d363e64-e7b2-4aca-ad46-ded2402d70a2.jpg,Healthy
Healthy/N_456HealthPlants_original_HealthyC(16).jpg_b9dcef09-d3be-4253-8812-f33719a3a913.jpg,Healthy
Healthy/N_456HealthPlants_original_HealthyC(16).jpg_cf956125-9b6d-460a-b96c-0de8e5f7d241.jpg,Healthy
Healthy/N_456HealthPlants_original_HealthyC(16).jpg_d202e00d-5ced-4171-82d7-71af26c538ef.jpg,Healthy
Healthy/N_456HealthPlants_original_HealthyC(16).jpg_d70fdf89-c912-42a5-9980-28f332a05aac.jpg,Healthy
Healthy/N_456HealthPlants_original_HealthyC(16).jpg_dcaafe51-8393-4b1a-8981-d18c21f313e9.jpg,Healthy
Healthy/N_456HealthPlants_original_HealthyC(16).jpg_dd838db1-80b4-4777-8e97-fc04c75a0232.jpg,Healthy
Healthy/N_456HealthPlants_original_HealthyC(16).jpg_e4d4ae6a-3dad-4107-8798-a965767e4085.jpg,Healthy
Healthy/N_456HealthPlants_original_HealthyC(17).jpg_042416b8-5445-4d41-b581-7d13db70ee29.jpg,Healthy
Healthy/N_456HealthPlants_original_HealthyC(17).jpg_0b806e2e-4444-46d5-9523-3734297bbad0.jpg,Healthy
Healthy/N_456HealthPlants_original_HealthyC(17).jpg_1bebe066-507a-44c6-af8a-5be34f44620c.jpg,Healthy
Healthy/N_456HealthPlants_original_HealthyC(17).jpg_275b847c-a504-4c57-954f-30e590ab9283.jpg,Healthy
Healthy/N_456HealthPlants_original_HealthyC(17).jpg_2e7269bb-a3f6-4202-bcee-655e0b217079.jpg,Healthy
Healthy/N_456HealthPlants_original_HealthyC(17).jpg_3aae346a-741b-4f52-9ee6-a6820cd20a17.jpg,Healthy
Healthy/N_456HealthPlants_original_HealthyC(17).jpg_7bb362a6-3a19-4ae0-b57a-d01672213439.jpg,Healthy
Healthy/N_456HealthPlants_original_HealthyC(17).jpg_d5106fdf-b729-4ff9-9008-3c6bdeaa63a8.jpg,Healthy
Healthy/N_456HealthPlants_original_HealthyC(17).jpg_d75b5cf2-3107-4c78-bf63-83f1d964bf1d.jpg,Healthy
Healthy/N_456HealthPlants_original_HealthyC(17).jpg_e5f33e37-51db-4384-b37d-384725b163a0.jpg,Healthy
Healthy/N_456HealthPlants_original_HealthyC(17).jpg_f5292ce9-df45-4f1e-b4cf-979249267da9.jpg,Healthy
Healthy/N_456HealthPlants_original_HealthyC(18).jpg_19a1b8e7-620c-486e-9cb5-16a484ffc81c.jpg,Healthy
Healthy/N_456HealthPlants_original_HealthyC(18).jpg_1b4b0aca-9b01-4bf6-a554-17ec139aa12e.jpg,Healthy
Healthy/N_456HealthPlants_original_HealthyC(18).jpg_1d874a7e-39e3-4ce2-b030-5f7b5c3992e1.jpg,Healthy
Healthy/N_456HealthPlants_original_HealthyC(18).jpg_2c5d4552-dd90-4392-b662-3a7f53941800.jpg,Healthy
Healthy/N_456HealthPlants_original_HealthyC(18).jpg_39b3d86d-ffcf-4154-a952-82293b23630f.jpg,Healthy
Healthy/N_456HealthPlants_original_HealthyC(18).jpg_5184e743-0663-443b-96f1-9993a4947a13.jpg,Healthy
Healthy/N_456HealthPlants_original_HealthyC(18).jpg_6a08dfe5-5a34-41f3-a386-27a65703b0e8.jpg,Healthy
Healthy/N_456HealthPlants_original_HealthyC(18).jpg_b0c45155-7dd1-402e-9b09-e6ab774c1d1b.jpg,Healthy
Healthy/N_456HealthPlants_original_HealthyC(18).jpg_b881eb8e-8048-4656-91f9-b82374e18b16.jpg,Healthy
Healthy/N_456HealthPlants_original_HealthyC(18).jpg_c0b24d7f-e781-4715-b0b9-209621d9bea9.jpg,Healthy
Healthy/N_456HealthPlants_original_HealthyC(18).jpg_c765d73d-5d15-4679-a83c-ed6d32dc29cb.jpg,Healthy
Healthy/N_456HealthPlants_original_HealthyC(18).jpg_e5f4e4a4-2385-4be3-898c-29cd9e52d415.jpg,Healthy
Healthy/N_456HealthPlants_original_HealthyC(18).jpg_ed4d48f0-5c37-42cb-a1d6-3629df4807be.jpg,Healthy
Healthy/N_456HealthPlants_original_HealthyC(18).jpg_f8d6e102-0c34-45ef-8606-9208e8a9182f.jpg,Healthy
Healthy/N_456HealthPlants_original_HealthyC(19).jpg_04028b6c-554e-4427-a84b-688eb2170efa.jpg,Healthy
Healthy/N_456HealthPlants_original_HealthyC(19).jpg_23ba8c5a-1352-4425-a1e1-e9f481451054.jpg,Healthy
Healthy/N_456HealthPlants_original_HealthyC(19).jpg_2ec28aa9-d5e0-4170-a600-895c4926834c.jpg,Healthy
Healthy/N_456HealthPlants_original_HealthyC(19).jpg_3c48308a-812a-4e8c-a0f6-062dd1487af3.jpg,Healthy
Healthy/N_456HealthPlants_original_HealthyC(19).jpg_3ca128d9-cfc9-4a39-8017-7ebd06b7bf24.jpg,Healthy
Healthy/N_456HealthPlants_original_HealthyC(19).jpg_56066aa5-46ab-4b9c-bd82-0413e55ae7a0.jpg,Healthy
Healthy/N_456HealthPlants_original_HealthyC(19).jpg_6dfcaf9f-9e7f-474f-b355-13144af7ef99.jpg,Healthy
Healthy/N_456HealthPlants_original_HealthyC(19).jpg_760db90d-c96c-4606-853f-9885ab4fbc27.jpg,Healthy
Healthy/N_456HealthPlants_original_HealthyC(19).jpg_829d636a-2c54-4b0c-93ad-3b0ddbc912b6.jpg,Healthy
Healthy/N_456HealthPlants_original_HealthyC(19).jpg_8da5ac81-5ef1-4d50-9279-68ac3502c7b9.jpg,Healthy
Healthy/N_456HealthPlants_original_HealthyC(19).jpg_a7a9a51e-4151-4095-a82f-ac4d94ef9c61.jpg,Healthy
Healthy/N_456HealthPlants_original_HealthyC(19).jpg_c7668311-5414-43cf-93b8-94129848fa34.jpg,Healthy
Healthy/N_456HealthPlants_original_HealthyC(19).jpg_e1efe3f9-0f4e-4ddd-ada6-f122754a3497.jpg,Healthy
Healthy/N_456HealthPlants_original_HealthyC(19).jpg_e4a8fde8-16fb-4eb0-8dc1-93ec5340bb42.jpg,Healthy
Healthy/N_456HealthPlants_original_HealthyC(19).jpg_e6e8d39a-2738-4270-91a9-f1d5a7b3cbbd.jpg,Healthy
Healthy/N_456HealthPlants_original_HealthyC(19).jpg_fa5ae32f-df33-4ac2-a02d-6c642283c58b.jpg,Healthy
Healthy/N_456HealthPlants_original_HealthyC(19).jpg_ffd5326b-e778-45d7-b799-c0151ab5b30d.jpg,Healthy
Healthy/N_456HealthPlants_original_HealthyC(2).jpg_0c8b685f-c02e-4259-9c69-4a7090202842.jpg,Healthy
Healthy/N_456HealthPlants_original_HealthyC(2).jpg_0dc0d764-6f53-4236-8e42-76082bc73eb2.jpg,Healthy
Healthy/N_456HealthPlants_original_HealthyC(2).jpg_20a87404-7617-4550-80c5-5ef895cfaf40.jpg,Healthy
Healthy/N_456HealthPlants_original_HealthyC(2).jpg_2ab7aa5e-3780-41b1-b14c-b867ad90fb05.jpg,Healthy
Healthy/N_456HealthPlants_original_HealthyC(2).jpg_2ad19e13-aa8b-4ea1-be46-fd2357a09391.jpg,Healthy
Healthy/N_456HealthPlants_original_HealthyC(2).jpg_320fe3ed-fb5a-4056-b586-91ae258d7331.jpg,Healthy
Healthy/N_456HealthPlants_original_HealthyC(2).jpg_3419de98-ea14-4391-8f1e-8b56b64029af.jpg,Healthy
Healthy/N_456HealthPlants_original_HealthyC(2).jpg_489b57c5-1129-4e5d-bccf-bbf29a839d2b.jpg,Healthy
Healthy/N_456HealthPlants_original_HealthyC(2).jpg_54741822-d4c8-4f81-b425-e572c9eaac29.jpg,Healthy
Healthy/N_456HealthPlants_original_HealthyC(2).jpg_56982e02-1c57-4272-ac83-46eb0c88c7cc.jpg,Healthy
Healthy/N_456HealthPlants_original_HealthyC(2).jpg_af1fdc55-dab4-4b43-8604-258193371d48.jpg,Healthy
Healthy/N_456HealthPlants_original_HealthyC(2).jpg_c57fc393-d7ec-490d-8cb1-f5b1c9c71ebe.jpg,Healthy
Healthy/N_456HealthPlants_original_HealthyC(2).jpg_cf9f239b-8e79-43f4-a509-074d63e34825.jpg,Healthy
Healthy/N_456HealthPlants_original_HealthyC(2).jpg_d473a297-49d3-4717-94fd-5ff55e8a78af.jpg,Healthy
Healthy/N_456HealthPlants_original_HealthyC(2).jpg_e074237f-986d-4b75-9eca-415c4de1878c.jpg,Healthy
Healthy/N_456HealthPlants_original_HealthyC(2).jpg_e70115b2-4e96-4f0c-a9f2-ee07a05eaf4d.jpg,Healthy
Healthy/N_456HealthPlants_original_HealthyC(2).jpg_e8c57087-a3f5-402b-b866-5445a9d5d51a.jpg,Healthy
Healthy/N_456HealthPlants_original_HealthyC(2).jpg_e95834b3-68a5-416e-b23b-a9297476c87d.jpg,Healthy
Healthy/N_456HealthPlants_original_HealthyC(20).jpg_0ac379a0-300c-4f71-b3c4-9cd7c7dd49a8.jpg,Healthy
Healthy/N_456HealthPlants_original_HealthyC(20).jpg_14648773-1145-4b2f-a106-0d2059356575.jpg,Healthy
Healthy/N_456HealthPlants_original_HealthyC(20).jpg_24ee7279-7e50-459e-bd91-b0fc4c8e967a.jpg,Healthy
Healthy/N_456HealthPlants_original_HealthyC(20).jpg_3b9731c1-12fb-49e0-bb88-f1844815c9e9.jpg,Healthy
Healthy/N_456HealthPlants_original_HealthyC(20).jpg_3dff9831-0e09-4d0c-b501-eef9715f7fe9.jpg,Healthy
Healthy/N_456HealthPlants_original_HealthyC(20).jpg_4d331638-30b9-496c-8846-f47d03ee7702.jpg,Healthy
Healthy/N_456HealthPlants_original_HealthyC(20).jpg_8c6ee566-fe01-4442-a1df-39125da63cda.jpg,Healthy
Healthy/N_456HealthPlants_original_HealthyC(20).jpg_9cc488fc-65b3-46be-8992-2f406a817bde.jpg,Healthy
Healthy/N_456HealthPlants_original_HealthyC(20).jpg_a40f1dbd-4c78-4859-aa95-645a238786d4.jpg,Healthy
Healthy/N_456HealthPlants_original_HealthyC(20).jpg_a88b73ca-6857-428d-9a62-f087abb3e342.jpg,Healthy
Healthy/N_456HealthPlants_original_HealthyC(20).jpg_ac4afc4b-d660-4322-a227-fba095b7e728.jpg,Healthy
Healthy/N_456HealthPlants_original_HealthyC(20).jpg_bb02a32e-7be6-47d2-bdc6-487ea488b9f8.jpg,Healthy
Healthy/N_456HealthPlants_original_HealthyC(20).jpg_d4b8f88d-7f11-49e9-9dac-6e49e50b9c49.jpg,Healthy
Healthy/N_456HealthPlants_original_HealthyC(20).jpg_d7ae3adf-a268-47f1-9823-9ab2cc3e270f.jpg,Healthy
Healthy/N_456HealthPlants_original_HealthyC(20).jpg_eaaf6d98-cdf8-4c1d-b9b5-68f08744552d.jpg,Healthy
Healthy/N_456HealthPlants_original_HealthyC(20).jpg_f1625874-946c-46f6-8329-372c077e24a8.jpg,Healthy
Healthy/N_456HealthPlants_original_HealthyC(20).jpg_fe382a58-585b-4bf0-86a5-22cd1accc275.jpg,Healthy
Healthy/N_456HealthPlants_original_HealthyC(21).jpg_0f5d81f9-7e1f-4495-abc5-74a16fee2d38.jpg,Healthy
Healthy/N_456HealthPlants_original_HealthyC(21).jpg_46c28acb-497d-469b-abb3-2700bcd735ca.jpg,Healthy
Healthy/N_456HealthPlants_original_HealthyC(21).jpg_54d5237e-5c58-4703-9e3c-475fb1b190bd.jpg,Healthy
Healthy/N_456HealthPlants_original_HealthyC(21).jpg_5acb551c-4764-4774-9e0b-54b67f0e5493.jpg,Healthy
Healthy/N_456HealthPlants_original_HealthyC(21).jpg_6a7042e0-62da-4add-b26b-713b6ac48e07.jpg,Healthy
Healthy/N_456HealthPlants_original_HealthyC(21).jpg_9acd4425-7c03-4e8b-894e-dcc87f5e812a.jpg,Healthy
Healthy/N_456HealthPlants_original_HealthyC(21).jpg_ad0ecf51-919d-4585-be50-3584d8c9cb9a.jpg,Healthy
Healthy/N_456HealthPlants_original_HealthyC(21).jpg_adadf798-d3e1-4c76-9af9-472805da7220.jpg,Healthy
Healthy/N_456HealthPlants_original_HealthyC(21).jpg_d2b1fe10-9842-4982-9563-1c5f71e5f285.jpg,Healthy
Healthy/N_456HealthPlants_original_HealthyC(21).jpg_d51208b7-494e-4396-a349-1af12e8cc632.jpg,Healthy
Healthy/N_456HealthPlants_original_HealthyC(22).jpg_0daaebee-6693-4b2c-8461-dd0b365eaec4.jpg,Healthy
Healthy/N_456HealthPlants_original_HealthyC(22).jpg_38173be9-bd77-42f9-8020-cf52b80a823b.jpg,Healthy
Healthy/N_456HealthPlants_original_HealthyC(22).jpg_45ea7a69-4487-4c74-b07d-49beb13cba4d.jpg,Healthy
Healthy/N_456HealthPlants_original_HealthyC(22).jpg_5a6a6d1f-4215-4832-8db4-abcb8f93cbc9.jpg,Healthy
Healthy/N_456HealthPlants_original_HealthyC(22).jpg_60f1a939-ea93-4cd6-95c1-0da629170902.jpg,Healthy
Healthy/N_456HealthPlants_original_HealthyC(22).jpg_74cdc8e0-f8ab-4688-8e60-a60a74ef92cd.jpg,Healthy
Healthy/N_456HealthPlants_original_HealthyC(22).jpg_9a80f1c3-b56b-41ca-ada4-663340492844.jpg,Healthy
Healthy/N_456HealthPlants_original_HealthyC(22).jpg_ac399a06-d8fc-4fb0-9d89-170209f488c2.jpg,Healthy
Healthy/N_456HealthPlants_original_HealthyC(22).jpg_f874cf53-1175-4793-b3c7-b561b0cd5c12.jpg,Healthy
Healthy/N_456HealthPlants_original_HealthyC(22).jpg_fba4fe2d-bac1-48c8-aaae-0eccc470dd09.jpg,Healthy
Healthy/N_456HealthPlants_original_HealthyC(23).jpg_042c6769-7a20-41bb-98bb-231f015d9974.jpg,Healthy
Healthy/N_456HealthPlants_original_HealthyC(23).jpg_20c4137a-6e93-481d-b6b3-354fefb71608.jpg,Healthy
Healthy/N_456HealthPlants_original_HealthyC(23).jpg_3695bc12-6c38-4aa3-b297-e0c7267ce3dc.jpg,Healthy
Healthy/N_456HealthPlants_original_HealthyC(23).jpg_38745cf2-2267-4bba-96f3-495da21727c7.jpg,Healthy
Healthy/N_456HealthPlants_original_HealthyC(23).jpg_3b268635-9d80-415a-9ea7-c14a98331e13.jpg,Healthy
Healthy/N_456HealthPlants_original_HealthyC(23).jpg_3ffd4465-626e-4847-876e-1268aa3d41ae.jpg,Healthy
Healthy/N_456HealthPlants_original_HealthyC(23).jpg_6554737e-a6df-4091-883b-5f674d3150e1.jpg,Healthy
Healthy/N_456HealthPlants_original_HealthyC(23).jpg_a1030288-70c6-4fcf-b715-0495409b19f6.jpg,Healthy
Healthy/N_456HealthPlants_original_HealthyC(23).jpg_f18f5b90-75ee-4b02-86e4-05d7613c5b8a.jpg,Healthy
Healthy/N_456HealthPlants_original_HealthyC(23).jpg_fb18b616-bd97-47a9-9085-3e1c18c1ca41.jpg,Healthy
Healthy/N_456HealthPlants_original_HealthyC(24).jpg_154aeeb4-9428-48e7-856b-7ff0f2911ab6.jpg,Healthy
Healthy/N_456HealthPlants_original_HealthyC(24).jpg_30d54756-fefc-4d2f-b345-b7d28d1ce84a.jpg,Healthy
Healthy/N_456HealthPlants_original_HealthyC(24).jpg_3655a2d3-9516-4a77-8d1c-7fbffbfff659.jpg,Healthy
Healthy/N_456HealthPlants_original_HealthyC(24).jpg_3a29725b-a7df-4806-84a1-fdbce21b0e69.jpg,Healthy
Healthy/N_456HealthPlants_original_HealthyC(24).jpg_407793bb-0466-4879-aa72-1daeb9b84056.jpg,Healthy
Healthy/N_456HealthPlants_original_HealthyC(24).jpg_482d535c-1665-44f7-be85-1a66ff2aa904.jpg,Healthy
Healthy/N_456HealthPlants_original_HealthyC(24).jpg_54337bf2-6851-497c-b362-a6d6492cbcac.jpg,Healthy
Healthy/N_456HealthPlants_original_HealthyC(24).jpg_65bda94a-559e-409a-a02d-cbb5e458e51d.jpg,Healthy
Healthy/N_456HealthPlants_original_HealthyC(24).jpg_7c77975a-88b7-4eec-93bb-9910f8c29cd8.jpg,Healthy
Healthy/N_456HealthPlants_original_HealthyC(24).jpg_87ed9533-3723-4470-93fa-f6cfa92d87dd.jpg,Healthy
Healthy/N_456HealthPlants_original_HealthyC(24).jpg_88863988-bec7-4833-ba01-09541e3565bc.jpg,Healthy
Healthy/N_456HealthPlants_original_HealthyC(24).jpg_a016ac43-512f-4d5d-8990-991442121ad7.jpg,Healthy
Healthy/N_456HealthPlants_original_HealthyC(24).jpg_a78e0c82-fb78-4e6d-8ecf-fc913964c9e3.jpg,Healthy
Healthy/N_456HealthPlants_original_HealthyC(24).jpg_d0c5faa6-b354-40bf-a8db-ae470407b69c.jpg,Healthy
Healthy/N_456HealthPlants_original_HealthyC(24).jpg_f540dc0c-5fff-439a-89d7-ee716bbf3388.jpg,Healthy
Healthy/N_456HealthPlants_original_HealthyC(24).jpg_fd81a769-1d17-41ac-abee-41f359e49ca2.jpg,Healthy
Healthy/N_456HealthPlants_original_HealthyC(25).jpg_2291d9d6-5b87-47b0-8937-d4c0729af104.jpg,Healthy
Healthy/N_456HealthPlants_original_HealthyC(25).jpg_3c5f85ec-8f22-4a1e-ab16-053a1a476014.jpg,Healthy
Healthy/N_456HealthPlants_original_HealthyC(25).jpg_5dd1c30c-8455-4923-a9a6-24c09f0bd648.jpg,Healthy
Healthy/N_456HealthPlants_original_HealthyC(25).jpg_94639691-ca2c-40d1-aed7-d63000031284.jpg,Healthy
Healthy/N_456HealthPlants_original_HealthyC(25).jpg_b453be6e-2648-4cb7-bb65-f761571fdb42.jpg,Healthy
Healthy/N_456HealthPlants_original_HealthyC(26).jpg_07a4737c-3d2e-43e1-ac3a-cfdd29d5aab8.jpg,Healthy
Healthy/N_456HealthPlants_original_HealthyC(26).jpg_1b003b91-5c6e-469b-af1c-1d2cd25c3bda.jpg,Healthy
Healthy/N_456HealthPlants_original_HealthyC(26).jpg_201f3cd7-2f53-4b00-8292-360041a90ff3.jpg,Healthy
Healthy/N_456HealthPlants_original_HealthyC(26).jpg_20f01085-6e4d-417b-a18c-a5f43ee00f6a.jpg,Healthy
Healthy/N_456HealthPlants_original_HealthyC(26).jpg_4287fadc-de95-4cfd-a401-9feab9cc0b56.jpg,Healthy
Healthy/N_456HealthPlants_original_HealthyC(26).jpg_4c760208-e711-45d9-bf76-0c2c7148aea3.jpg,Healthy
Healthy/N_456HealthPlants_original_HealthyC(26).jpg_57a1b729-b49c-4169-a00b-97fce957e805.jpg,Healthy
Healthy/N_456HealthPlants_original_HealthyC(26).jpg_94139583-6371-4645-a67d-397b2eeac08d.jpg,Healthy
Healthy/N_456HealthPlants_original_HealthyC(26).jpg_964d7173-645c-4b7c-96f4-ae597f66f657.jpg,Healthy
Healthy/N_456HealthPlants_original_HealthyC(26).jpg_cf2bf1e1-62dd-454b-83b5-1409aed93dbe.jpg,Healthy
Healthy/N_456HealthPlants_original_HealthyC(26).jpg_db0c234e-5cb1-489d-af08-e060d2b65140.jpg,Healthy
Healthy/N_456HealthPlants_original_HealthyC(26).jpg_ded613b1-69ad-4c81-8d3b-ee551eefcfde.jpg,Healthy
Healthy/N_456HealthPlants_original_HealthyC(26).jpg_eaaca488-b54a-401c-a5b9-56611233b8ea.jpg,Healthy
Healthy/N_456HealthPlants_original_HealthyC(26).jpg_f3a36af3-fdb7-4537-8a3b-1f3cdcf4ff51.jpg,Healthy
Healthy/N_456HealthPlants_original_HealthyC(27).jpg_18f26748-e10b-49ff-b385-1245660ccb67.jpg,Healthy
Healthy/N_456HealthPlants_original_HealthyC(27).jpg_3daedb9c-e91f-40b4-bb18-6f5f8a6dca07.jpg,Healthy
Healthy/N_456HealthPlants_original_HealthyC(27).jpg_45a3b98f-8a19-4614-92e7-5a2b7560b930.jpg,Healthy
Healthy/N_456HealthPlants_original_HealthyC(27).jpg_52146c90-a560-4d4e-993e-0c4cd1d22227.jpg,Healthy
Healthy/N_456HealthPlants_original_HealthyC(27).jpg_7a160019-38d5-4c08-849c-605b131b46b0.jpg,Healthy
Healthy/N_456HealthPlants_original_HealthyC(27).jpg_8007e7f3-40b2-4ff6-ae6f-1061fd677f9e.jpg,Healthy
Healthy/N_456HealthPlants_original_HealthyC(27).jpg_941aef36-37fc-4926-9036-0faf940f58e5.jpg,Healthy
Healthy/N_456HealthPlants_original_HealthyC(27).jpg_aab6f0c2-4172-49d7-b4c8-fb169745534a.jpg,Healthy
Healthy/N_456HealthPlants_original_HealthyC(27).jpg_aff384f6-8e37-486f-bdf6-5d0819288130.jpg,Healthy
Healthy/N_456HealthPlants_original_HealthyC(27).jpg_b38dc469-49fb-49c0-980e-7c1addffe014.jpg,Healthy
Healthy/N_456HealthPlants_original_HealthyC(27).jpg_c3c67d67-fb66-4936-be11-e024b5e0a9a2.jpg,Healthy
Healthy/N_456HealthPlants_original_HealthyC(27).jpg_ec6175ed-b865-4857-9e6f-e467bc886c76.jpg,Healthy
Healthy/N_456HealthPlants_original_HealthyC(27).jpg_fcd35a3e-7520-498d-83ef-e37b11790886.jpg,Healthy
Healthy/N_456HealthPlants_original_HealthyC(28).jpg_015c3fde-6e3d-4c4f-9c8c-749c2ae96ee4.jpg,Healthy
Healthy/N_456HealthPlants_original_HealthyC(28).jpg_33f732b4-4ded-454e-a3eb-7089809cf64d.jpg,Healthy
Healthy/N_456HealthPlants_original_HealthyC(28).jpg_4dd2eb49-d779-40a6-b6bb-30d82e7fea3a.jpg,Healthy
Healthy/N_456HealthPlants_original_HealthyC(28).jpg_6392b8bc-40ae-4e27-8aa4-6518d35cd182.jpg,Healthy
Healthy/N_456HealthPlants_original_HealthyC(28).jpg_7a1350fe-fc35-425d-b315-487b090bf482.jpg,Healthy
Healthy/N_456HealthPlants_original_HealthyC(28).jpg_882a9819-5d5e-4106-9786-f4ae919081b6.jpg,Healthy
Healthy/N_456HealthPlants_original_HealthyC(28).jpg_89681110-d7c4-4601-9188-cd5d81290573.jpg,Healthy
Healthy/N_456HealthPlants_original_HealthyC(28).jpg_9837c078-1e30-4c61-a7f9-9f86a21a7538.jpg,Healthy
Healthy/N_456HealthPlants_original_HealthyC(28).jpg_a7e766d9-278c-4e78-abf2-8f77c8e25bf4.jpg,Healthy
Healthy/N_456HealthPlants_original_HealthyC(28).jpg_b93508f6-beac-4c3e-b261-7f7ebc115fc2.jpg,Healthy
Healthy/N_456HealthPlants_original_HealthyC(28).jpg_ba4062bd-276c-428a-97f9-7e04ba15b0e7.jpg,Healthy
Healthy/N_456HealthPlants_original_HealthyC(28).jpg_cfd09eb7-e4e5-4af4-9565-4b159d173d73.jpg,Healthy
Healthy/N_456HealthPlants_original_HealthyC(28).jpg_db700a89-5224-4168-a5aa-4e45db37fcf7.jpg,Healthy
Healthy/N_456HealthPlants_original_HealthyC(28).jpg_e6e9f295-fbf8-4727-b637-26ace154b2ba.jpg,Healthy
Healthy/N_456HealthPlants_original_HealthyC(29).jpg_02901501-3688-4176-9e93-ba87c314828f.jpg,Healthy
Healthy/N_456HealthPlants_original_HealthyC(29).jpg_02c9413e-36ce-42fc-9d38-2d0abfcade8a.jpg,Healthy
Healthy/N_456HealthPlants_original_HealthyC(29).jpg_1a08e0ae-7922-4e61-9ec5-63b019a1ae19.jpg,Healthy
Healthy/N_456HealthPlants_original_HealthyC(29).jpg_1cca34b3-283e-4907-a1c7-c74a11f19fd4.jpg,Healthy
Healthy/N_456HealthPlants_original_HealthyC(29).jpg_2c4d1d7a-64fa-4899-b168-9a378dd69902.jpg,Healthy
Healthy/N_456HealthPlants_original_HealthyC(29).jpg_34a1aee3-e9d7-48f5-a398-314a122739f9.jpg,Healthy
Healthy/N_456HealthPlants_original_HealthyC(29).jpg_43add25e-c346-4de5-a8c2-80153977972a.jpg,Healthy
Healthy/N_456HealthPlants_original_HealthyC(29).jpg_4e9857e6-2f06-486b-af57-25f8008868a1.jpg,Healthy
Healthy/N_456HealthPlants_original_HealthyC(29).jpg_654d357e-38e8-4891-adf8-2732c9de028f.jpg,Healthy
Healthy/N_456HealthPlants_original_HealthyC(29).jpg_690d8293-4b57-4210-9ed5-69700767cc3c.jpg,Healthy
Healthy/N_456HealthPlants_original_HealthyC(29).jpg_6ea523cc-3d36-4a2e-a091-ec56d2359407.jpg,Healthy
Healthy/N_456HealthPlants_original_HealthyC(29).jpg_71065943-2019-42cf-9ab1-e5d6bf3a0cf9.jpg,Healthy
Healthy/N_456HealthPlants_original_HealthyC(29).jpg_926d2ed2-6d84-4cfb-b9d7-f0ce34b01bd2.jpg,Healthy
Healthy/N_456HealthPlants_original_HealthyC(29).jpg_cdfb9058-d60b-45be-a426-8f793f16fc71.jpg,Healthy
Healthy/N_456HealthPlants_original_HealthyC(29).jpg_f13e75ff-9900-4c44-8c5f-9d3b3edc9755.jpg,Healthy
Healthy/N_456HealthPlants_original_HealthyC(3).jpg_0da23363-e87f-4dfc-b5e6-17b6dd71f3d0.jpg,Healthy
Healthy/N_456HealthPlants_original_HealthyC(3).jpg_2286b0fb-3da1-470c-a765-00e49c088073.jpg,Healthy
Healthy/N_456HealthPlants_original_HealthyC(3).jpg_426271e4-0f5f-4b63-bf7b-d73be4fecb6d.jpg,Healthy
Healthy/N_456HealthPlants_original_HealthyC(3).jpg_48445ec6-c924-4a5c-920c-45c61ab6416d.jpg,Healthy
Healthy/N_456HealthPlants_original_HealthyC(3).jpg_52a8bae5-e20c-4af3-8547-d6dccd47fef8.jpg,Healthy
Healthy/N_456HealthPlants_original_HealthyC(3).jpg_738746de-600c-411d-9ba4-12d7d0e696d0.jpg,Healthy
Healthy/N_456HealthPlants_original_HealthyC(3).jpg_97b294a9-cd0c-4107-bb9f-3602b2868ed5.jpg,Healthy
Healthy/N_456HealthPlants_original_HealthyC(3).jpg_9ec1ac37-55ef-4ba1-b141-d6de8f38d92c.jpg,Healthy
Healthy/N_456HealthPlants_original_HealthyC(3).jpg_ab23c852-9430-4156-b9ba-d55040282aab.jpg,Healthy
Healthy/N_456HealthPlants_original_HealthyC(3).jpg_c1341c6e-609c-4baf-9f9d-b62f4523ba13.jpg,Healthy
Healthy/N_456HealthPlants_original_HealthyC(3).jpg_d06cf3ac-59db-47d7-8e35-5b73e9e492a3.jpg,Healthy
Healthy/N_456HealthPlants_original_HealthyC(3).jpg_d3be93c2-39d6-49c0-b7e6-a6cdf5d0f04e.jpg,Healthy
Healthy/N_456HealthPlants_original_HealthyC(3).jpg_e64dba37-3204-4262-9fb0-fe649bf1b467.jpg,Healthy
Healthy/N_456HealthPlants_original_HealthyC(3).jpg_e7a79754-69f1-4a74-b1b4-821ff0eed25c.jpg,Healthy
Healthy/N_456HealthPlants_original_HealthyC(3).jpg_e7e18094-9de4-4fe1-9944-b767e4f82688.jpg,Healthy
Healthy/N_456HealthPlants_original_HealthyC(3).jpg_ea9f097a-7273-4d3f-abb8-8696d9fc66ac.jpg,Healthy
Healthy/N_456HealthPlants_original_HealthyC(3).jpg_f0b80aa2-b0e8-42be-acf9-ec99c5993a54.jpg,Healthy
Healthy/N_456HealthPlants_original_HealthyC(30).jpg_47b5908e-2907-4171-a417-65c1286aae0f.jpg,Healthy
Healthy/N_456HealthPlants_original_HealthyC(30).jpg_4ff6e59c-4fa3-4c85-a7b1-fd6f7da91b0e.jpg,Healthy
Healthy/N_456HealthPlants_original_HealthyC(30).jpg_62eacc17-3a54-4c8c-bdec-8e90e61b91a8.jpg,Healthy
Healthy/N_456HealthPlants_original_HealthyC(30).jpg_84962b25-3005-4da0-8440-66049e7fab72.jpg,Healthy
Healthy/N_456HealthPlants_original_HealthyC(30).jpg_8eb53ca7-0cef-4d98-985a-59d9b4e619c0.jpg,Healthy
Healthy/N_456HealthPlants_original_HealthyC(30).jpg_998f4fa9-c05e-47ca-b886-e472def553c5.jpg,Healthy
Healthy/N_456HealthPlants_original_HealthyC(30).jpg_a349bc21-daf6-4bc3-9d98-feae3246dc51.jpg,Healthy
Healthy/N_456HealthPlants_original_HealthyC(30).jpg_ca9ea8ab-bad9-4d95-a717-c8101eeb22a1.jpg,Healthy
Healthy/N_456HealthPlants_original_HealthyC(30).jpg_db9c9bf0-aef5-4257-9aca-550e19bf58fa.jpg,Healthy
Healthy/N_456HealthPlants_original_HealthyC(30).jpg_df703ebc-f326-4551-81ad-b04d515b8954.jpg,Healthy
Healthy/N_456HealthPlants_original_HealthyC(30).jpg_eebf3b09-2abf-452f-9eee-5a9996785de5.jpg,Healthy
Healthy/N_456HealthPlants_original_HealthyC(31).jpg_092c68fc-cb65-4cc2-a41f-89383fadbef4.jpg,Healthy
Healthy/N_456HealthPlants_original_HealthyC(31).jpg_181d472d-9f52-4401-9157-5717b6c0f01d.jpg,Healthy
Healthy/N_456HealthPlants_original_HealthyC(31).jpg_22bcdd75-48b2-4c58-a7ba-a9c8e86a0f7a.jpg,Healthy
Healthy/N_456HealthPlants_original_HealthyC(31).jpg_3b681b30-96ed-44ab-996c-86ed703fa2d1.jpg,Healthy
Healthy/N_456HealthPlants_original_HealthyC(31).jpg_4db7f66d-d3b8-4ed9-8550-e780ae8c4c0f.jpg,Healthy
Healthy/N_456HealthPlants_original_HealthyC(31).jpg_510ee7f2-2692-4c78-9953-14f2f4b55833.jpg,Healthy
Healthy/N_456HealthPlants_original_HealthyC(31).jpg_676c7554-4028-44c3-9f13-7782a5514abc.jpg,Healthy
Healthy/N_456HealthPlants_original_HealthyC(31).jpg_79288672-1b0d-4565-99be-23736068ba6b.jpg,Healthy
Healthy/N_456HealthPlants_original_HealthyC(31).jpg_92fc3a5e-2ec0-46c1-b3c4-12fb51411738.jpg,Healthy
Healthy/N_456HealthPlants_original_HealthyC(31).jpg_a2b5bae5-a265-4200-990a-7070fad26bad.jpg,Healthy
Healthy/N_456HealthPlants_original_HealthyC(31).jpg_b5e9c728-aa90-4ca1-a456-7e7072bf22cd.jpg,Healthy
Healthy/N_456HealthPlants_original_HealthyC(31).jpg_bf82663d-c36c-4d02-83c5-13f18aad86b5.jpg,Healthy
Healthy/N_456HealthPlants_original_HealthyC(31).jpg_d25ef004-6350-4a6c-aa29-d5a802c8d46d.jpg,Healthy
Healthy/N_456HealthPlants_original_HealthyC(31).jpg_d5604fce-a57a-4490-b12b-f3187060cc09.jpg,Healthy
Healthy/N_456HealthPlants_original_HealthyC(31).jpg_d8cb963e-c0ec-4b22-952b-14b3621c836c.jpg,Healthy
Healthy/N_456HealthPlants_original_HealthyC(31).jpg_dce5fa0d-892f-4c4f-9fb3-ede666ee243d.jpg,Healthy
Healthy/N_456HealthPlants_original_HealthyC(31).jpg_df17521f-0a62-4ab2-bacb-196b2ce1715c.jpg,Healthy
Healthy/N_456HealthPlants_original_HealthyC(31).jpg_f01b4775-7fcf-4cf0-8488-b548dd4793e3.jpg,Healthy
Healthy/N_456HealthPlants_original_HealthyC(31).jpg_fdf40ec7-a380-4099-8fab-5979c03ddcfa.jpg,Healthy
Healthy/N_456HealthPlants_original_HealthyC(32).jpg_03dd0a10-3474-4cbf-bd78-bb7df2bb59ee.jpg,Healthy
Healthy/N_456HealthPlants_original_HealthyC(32).jpg_2a4495a4-d5b0-4fe6-80b5-07bcf4daf58a.jpg,Healthy
Healthy/N_456HealthPlants_original_HealthyC(32).jpg_398dac1d-2f01-49f6-a07d-e9692ccc5c2c.jpg,Healthy
Healthy/N_456HealthPlants_original_HealthyC(32).jpg_3b339cf2-89aa-44f9-92c8-5483f1455a65.jpg,Healthy
Healthy/N_456HealthPlants_original_HealthyC(32).jpg_56eb440f-0490-420e-b893-bd6e2f834553.jpg,Healthy
Healthy/N_456HealthPlants_original_HealthyC(32).jpg_5e207b2e-1d45-44dc-9b4e-247ef7ac31b1.jpg,Healthy
Healthy/N_456HealthPlants_original_HealthyC(32).jpg_6b23c5fb-22c7-476a-b811-56de5b5f9de4.jpg,Healthy
Healthy/N_456HealthPlants_original_HealthyC(32).jpg_74782b69-1c60-4b5d-84b8-35cc8366b1c6.jpg,Healthy
Healthy/N_456HealthPlants_original_HealthyC(32).jpg_a762afd1-198a-4242-98cc-d3d76fa5ca20.jpg,Healthy
Healthy/N_456HealthPlants_original_HealthyC(32).jpg_a8522c2a-0d99-4d84-8180-6681370f8efd.jpg,Healthy
Healthy/N_456HealthPlants_original_HealthyC(32).jpg_bd9cd275-4b24-4de8-be34-a5992a3fba72.jpg,Healthy
Healthy/N_456HealthPlants_original_HealthyC(32).jpg_f41efb20-0b7d-447b-8182-803112c812aa.jpg,Healthy
Healthy/N_456HealthPlants_original_HealthyC(32).jpg_fcad541d-ea7b-4aa5-8a87-2119720a9529.jpg,Healthy
Healthy/N_456HealthPlants_original_HealthyC(33).jpg_59ecb01c-f38c-4448-b8ad-112732d62097.jpg,Healthy
Healthy/N_456HealthPlants_original_HealthyC(33).jpg_6896f2c6-2392-4aa9-a6fa-383d040a9d21.jpg,Healthy
Healthy/N_456HealthPlants_original_HealthyC(33).jpg_84146eb7-cbf2-45ae-9fe3-23807823843c.jpg,Healthy
Healthy/N_456HealthPlants_original_HealthyC(33).jpg_b9f2e61d-c5e3-49a9-8201-b78ff1edc43d.jpg,Healthy
Healthy/N_456HealthPlants_original_HealthyC(33).jpg_bac5fba8-8545-4ebd-8fbb-8c98225b8ce0.jpg,Healthy
Healthy/N_456HealthPlants_original_HealthyC(33).jpg_bdeadce8-af34-44af-aafd-e0a867a40e0e.jpg,Healthy
Healthy/N_456HealthPlants_original_HealthyC(33).jpg_c6bff792-a13f-4cd5-bfe6-66c8d01bc532.jpg,Healthy
Healthy/N_456HealthPlants_original_HealthyC(33).jpg_f4458bba-63ed-420d-8dc7-386f8066a21e.jpg,Healthy
Healthy/N_456HealthPlants_original_HealthyC(34).jpg_142afbac-c0ce-41dd-8cbf-5efac1093986.jpg,Healthy
Healthy/N_456HealthPlants_original_HealthyC(34).jpg_17f624c7-6365-4004-a1df-49b6be4af754.jpg,Healthy
Healthy/N_456HealthPlants_original_HealthyC(34).jpg_31882fc6-5478-478b-b6d3-e40fa2fdaf7a.jpg,Healthy
Healthy/N_456HealthPlants_original_HealthyC(34).jpg_3c8fc0cb-8ee5-4ebe-85e7-75cd8083af5c.jpg,Healthy
Healthy/N_456HealthPlants_original_HealthyC(34).jpg_6c60aa75-ad96-47c5-a7ea-aefffcdc277b.jpg,Healthy
Healthy/N_456HealthPlants_original_HealthyC(34).jpg_7c67642f-1b29-4a9c-a561-9bcfdfa0c065.jpg,Healthy
Healthy/N_456HealthPlants_original_HealthyC(34).jpg_8a10c034-04d9-4b6d-a3f7-c944df73d943.jpg,Healthy
Healthy/N_456HealthPlants_original_HealthyC(34).jpg_9b0d4a91-bc44-4f39-af86-f5bd2685cb16.jpg,Healthy
Healthy/N_456HealthPlants_original_HealthyC(34).jpg_a68aec36-5ce4-4988-8e46-83e070294611.jpg,Healthy
Healthy/N_456HealthPlants_original_HealthyC(34).jpg_b440c1b8-8d2d-4f23-b369-397c73faae17.jpg,Healthy
Healthy/N_456HealthPlants_original_HealthyC(34).jpg_b993f66e-7a6c-4435-bb54-b07914c65163.jpg,Healthy
Healthy/N_456HealthPlants_original_HealthyC(35).jpg_14367ccf-cf42-4836-89fe-925d3b555e80.jpg,Healthy
Healthy/N_456HealthPlants_original_HealthyC(35).jpg_23fc95ac-eda6-421e-9c0e-065efe6f7e5e.jpg,Healthy
Healthy/N_456HealthPlants_original_HealthyC(35).jpg_3647ca2a-41a1-4254-a101-655e266f1100.jpg,Healthy
Healthy/N_456HealthPlants_original_HealthyC(35).jpg_4160ba04-0049-4991-89bc-3509f2039a7c.jpg,Healthy
Healthy/N_456HealthPlants_original_HealthyC(35).jpg_45f9e02f-2e9f-46b8-85fa-2b18378b5a13.jpg,Healthy
Healthy/N_456HealthPlants_original_HealthyC(35).jpg_49f90c6e-b319-40f5-9794-47a71bcd8260.jpg,Healthy
Healthy/N_456HealthPlants_original_HealthyC(35).jpg_4b93d9c5-9942-45a9-b3f5-4bcc81fae91f.jpg,Healthy
Healthy/N_456HealthPlants_original_HealthyC(35).jpg_5a41cf46-b8fa-4f85-93c6-638a374058f6.jpg,Healthy
Healthy/N_456HealthPlants_original_HealthyC(35).jpg_7ca17959-4968-4a59-8673-9c673f9476ba.jpg,Healthy
Healthy/N_456HealthPlants_original_HealthyC(35).jpg_891af652-a92c-48ad-af9b-bd56d5053a9e.jpg,Healthy
Healthy/N_456HealthPlants_original_HealthyC(35).jpg_8a4bd685-969a-43db-ab78-2c663e12725e.jpg,Healthy
Healthy/N_456HealthPlants_original_HealthyC(35).jpg_9627af52-0862-4201-b61e-4be1e70c63cc.jpg,Healthy
Healthy/N_456HealthPlants_original_HealthyC(35).jpg_a26ec844-c259-4fef-9093-23970489a864.jpg,Healthy
Healthy/N_456HealthPlants_original_HealthyC(35).jpg_c4db409c-3996-4599-a19d-cf7d9ade0976.jpg,Healthy
Healthy/N_456HealthPlants_original_HealthyC(35).jpg_d390a321-98aa-4340-b9c3-d197b2a46bf7.jpg,Healthy
Healthy/N_456HealthPlants_original_HealthyC(35).jpg_f1e6fada-ca83-4056-b1f6-ee35a50aac18.jpg,Healthy
Healthy/N_456HealthPlants_original_HealthyC(35).jpg_f338487e-051d-4af5-aa70-3f30cd02c38b.jpg,Healthy
Healthy/N_456HealthPlants_original_HealthyC(35).jpg_f7038b29-56f9-43e4-a90c-844544220bae.jpg,Healthy
Healthy/N_456HealthPlants_original_HealthyC(36).jpg_005adae2-52f6-4e28-9e3c-105e90db6679.jpg,Healthy
Healthy/N_456HealthPlants_original_HealthyC(36).jpg_0c8433cb-7067-472a-99d7-b235c6065259.jpg,Healthy
Healthy/N_456HealthPlants_original_HealthyC(36).jpg_27e79b6c-c784-4db3-9bc7-e4dcaa6ea307.jpg,Healthy
Healthy/N_456HealthPlants_original_HealthyC(36).jpg_39babe1b-174d-4daa-a993-c6475dd77028.jpg,Healthy
Healthy/N_456HealthPlants_original_HealthyC(36).jpg_52dd7ad3-ef02-48a7-8175-ebd46d20a0d7.jpg,Healthy
Healthy/N_456HealthPlants_original_HealthyC(36).jpg_6fdd9aa7-8c0e-4a30-93f4-3f5fb2739bdb.jpg,Healthy
Healthy/N_456HealthPlants_original_HealthyC(36).jpg_78f51355-028e-4bd6-b646-98a207a10a8d.jpg,Healthy
Healthy/N_456HealthPlants_original_HealthyC(36).jpg_7ca4a414-4d5f-496f-b9b8-b6d60e6c40d5.jpg,Healthy
Healthy/N_456HealthPlants_original_HealthyC(36).jpg_893246a6-445b-49a3-9434-a9e13a9194ac.jpg,Healthy
Healthy/N_456HealthPlants_original_HealthyC(36).jpg_c7e9aeb0-5002-4a41-93e0-754d78e1c617.jpg,Healthy
Healthy/N_456HealthPlants_original_HealthyC(36).jpg_cc2394c4-77ed-4fec-95cd-7d2df6b937d3.jpg,Healthy
Healthy/N_456HealthPlants_original_HealthyC(36).jpg_cf790307-0684-46f5-90d0-f89d85273c45.jpg,Healthy
Healthy/N_456HealthPlants_original_HealthyC(36).jpg_d4141093-f1a4-43f4-b46c-2c0899985b51.jpg,Healthy
Healthy/N_456HealthPlants_original_HealthyC(37).jpg_23c78c18-42a6-4179-8794-908668451de4.jpg,Healthy
Healthy/N_456HealthPlants_original_HealthyC(37).jpg_246842c8-8734-4283-a63a-110dc03d10ed.jpg,Healthy
Healthy/N_456HealthPlants_original_HealthyC(37).jpg_2aee7aff-dde3-44b7-bcab-15fdd8810c84.jpg,Healthy
Healthy/N_456HealthPlants_original_HealthyC(37).jpg_48c197e9-4ae6-4da5-b513-b94dc131ceb2.jpg,Healthy
Healthy/N_456HealthPlants_original_HealthyC(37).jpg_4a3be30c-b63a-4e47-80a5-46d5f4aadde1.jpg,Healthy
Healthy/N_456HealthPlants_original_HealthyC(37).jpg_895c5f0a-c88b-4a04-9923-4fe68f5bab13.jpg,Healthy
Healthy/N_456HealthPlants_original_HealthyC(37).jpg_9a694a1e-93b8-458b-8841-bb0b236b8966.jpg,Healthy
Healthy/N_456HealthPlants_original_HealthyC(37).jpg_b075b218-7002-4ff3-afde-0dcf85070825.jpg,Healthy
Healthy/N_456HealthPlants_original_HealthyC(37).jpg_bc48c144-b696-4e0d-9603-3996f8bf1d2d.jpg,Healthy
Healthy/N_456HealthPlants_original_HealthyC(37).jpg_c2e778f7-71b4-4cd8-8061-352fabfad555.jpg,Healthy
Healthy/N_456HealthPlants_original_HealthyC(37).jpg_fde5bf55-79e0-4c78-bc17-64e8a845a841.jpg,Healthy
Healthy/N_456HealthPlants_original_HealthyC(38).jpg_1613f858-0f0f-4a94-b7f5-c50f88b7de45.jpg,Healthy
Healthy/N_456HealthPlants_original_HealthyC(38).jpg_325a9f34-7a27-4d43-b759-1306d5b63c34.jpg,Healthy
Healthy/N_456HealthPlants_original_HealthyC(38).jpg_4ffc38a7-2b81-4005-86bd-d8ac5b968711.jpg,Healthy
Healthy/N_456HealthPlants_original_HealthyC(38).jpg_6f51a444-5364-48cd-b872-70aa4234ec4c.jpg,Healthy
Healthy/N_456HealthPlants_original_HealthyC(38).jpg_72aa37e8-11d6-4a34-8642-d42c547d5d8c.jpg,Healthy
Healthy/N_456HealthPlants_original_HealthyC(38).jpg_755f1764-90d4-47ae-b7ab-c679a058b3b7.jpg,Healthy
Healthy/N_456HealthPlants_original_HealthyC(38).jpg_86ac4c7f-713b-479a-9d79-99eb760cf230.jpg,Healthy
Healthy/N_456HealthPlants_original_HealthyC(38).jpg_8a1b50db-b732-42c6-9efa-0f2f999f3853.jpg,Healthy
Healthy/N_456HealthPlants_original_HealthyC(38).jpg_94e796d3-b314-4b0b-8aeb-beeee3a408b0.jpg,Healthy
Healthy/N_456HealthPlants_original_HealthyC(38).jpg_9ab8a857-3602-43f5-ad23-50e7c8fa6217.jpg,Healthy
Healthy/N_456HealthPlants_original_HealthyC(38).jpg_a6d5df85-d693-493e-8096-0323964e4159.jpg,Healthy
Healthy/N_456HealthPlants_original_HealthyC(38).jpg_ac63285f-5d58-4c78-b424-a43629ce2bc3.jpg,Healthy
Healthy/N_456HealthPlants_original_HealthyC(38).jpg_b9fcbbaf-2483-4f9c-904c-d9b99dd59619.jpg,Healthy
Healthy/N_456HealthPlants_original_HealthyC(38).jpg_c2805c38-75b5-44ea-805f-6000d1f6361f.jpg,Healthy
Healthy/N_456HealthPlants_original_HealthyC(39).jpg_0d3f4742-6f84-4d6f-b5aa-6c98636f4cab.jpg,Healthy
Healthy/N_456HealthPlants_original_HealthyC(39).jpg_30879186-cf61-4d5b-97a9-9e1e0a1108c9.jpg,Healthy
Healthy/N_456HealthPlants_original_HealthyC(39).jpg_43722742-0943-45a5-aa6d-e5134aae7de9.jpg,Healthy
Healthy/N_456HealthPlants_original_HealthyC(39).jpg_472a5f5d-a2ab-404d-a020-59fb0e1bdd0f.jpg,Healthy
Healthy/N_456HealthPlants_original_HealthyC(39).jpg_47a1c0f9-341a-4d19-b97d-8d2ed73163e7.jpg,Healthy
Healthy/N_456HealthPlants_original_HealthyC(39).jpg_58c316b8-ee48-4a05-97c1-46a67ec33772.jpg,Healthy
Healthy/N_456HealthPlants_original_HealthyC(39).jpg_776cddb0-78cd-49b0-bfe8-6a62e5cb1480.jpg,Healthy
Healthy/N_456HealthPlants_original_HealthyC(39).jpg_8788e43a-b8e8-47d9-801a-5ed140242f3f.jpg,Healthy
Healthy/N_456HealthPlants_original_HealthyC(39).jpg_9b085ddb-0de0-401c-8e65-0a6c30f0de30.jpg,Healthy
Healthy/N_456HealthPlants_original_HealthyC(39).jpg_b39a3294-0c1e-43be-bcb0-ca8dc5ae34ea.jpg,Healthy
Healthy/N_456HealthPlants_original_HealthyC(39).jpg_d808a822-ddc6-47da-9a63-4b4d8ef41e12.jpg,Healthy
Healthy/N_456HealthPlants_original_HealthyC(39).jpg_dcaadf1c-db3f-44f0-bfca-6fe0f2113bab.jpg,Healthy
Healthy/N_456HealthPlants_original_HealthyC(39).jpg_e6887c52-9e01-4e34-9600-861b67c2b2bf.jpg,Healthy
Healthy/N_456HealthPlants_original_HealthyC(39).jpg_fc89bdec-9328-4020-a64f-dc53d488950d.jpg,Healthy
Healthy/N_456HealthPlants_original_HealthyC(4).jpg_04bbaa8d-be57-4a35-b0f8-0a7aa46fb28f.jpg,Healthy
Healthy/N_456HealthPlants_original_HealthyC(4).jpg_37a5347d-7eac-41e3-809f-b577cc2c4932.jpg,Healthy
Healthy/N_456HealthPlants_original_HealthyC(4).jpg_454e5fdc-b6bf-46d9-8387-52975d4c73a1.jpg,Healthy
Healthy/N_456HealthPlants_original_HealthyC(4).jpg_57ef1d78-b3b2-4824-b3b2-5514462ea29f.jpg,Healthy
Healthy/N_456HealthPlants_original_HealthyC(4).jpg_5c41b0ed-b3c4-46a4-b5f8-196b20a47b42.jpg,Healthy
Healthy/N_456HealthPlants_original_HealthyC(4).jpg_742d738d-3d56-4aba-9d1b-ce2753949dfc.jpg,Healthy
Healthy/N_456HealthPlants_original_HealthyC(4).jpg_76a68c1a-73f9-4d78-abc1-70351c44ca45.jpg,Healthy
Healthy/N_456HealthPlants_original_HealthyC(4).jpg_a240b3a6-5d96-427a-a09a-9643902ffa42.jpg,Healthy
Healthy/N_456HealthPlants_original_HealthyC(4).jpg_a7d9bb60-0cc5-4b5a-ad35-842b7b832d3d.jpg,Healthy
Healthy/N_456HealthPlants_original_HealthyC(4).jpg_bcdad4c7-44a8-4869-9693-1b530739a26e.jpg,Healthy
Healthy/N_456HealthPlants_original_HealthyC(4).jpg_dc212d11-3843-4aa6-bfc8-6f3d0203b816.jpg,Healthy
Healthy/N_456HealthPlants_original_HealthyC(4).jpg_ea87d974-c382-492e-be73-78d0558ae772.jpg,Healthy
Healthy/N_456HealthPlants_original_HealthyC(4).jpg_f6d43c5a-acb6-466a-acc7-a01543629eed.jpg,Healthy
Healthy/N_456HealthPlants_original_HealthyC(40).jpg_0d72a925-5456-4238-8056-d438b28eedc2.jpg,Healthy
Healthy/N_456HealthPlants_original_HealthyC(40).jpg_19bc2e55-4c1d-4eb1-a8ac-29049bf7d362.jpg,Healthy
Healthy/N_456HealthPlants_original_HealthyC(40).jpg_34bb752b-94b6-429e-bc65-15e08d44ec83.jpg,Healthy
Healthy/N_456HealthPlants_original_HealthyC(40).jpg_54361b9a-a4a2-44fe-a0e0-9ca50aea2a0f.jpg,Healthy
Healthy/N_456HealthPlants_original_HealthyC(40).jpg_6f381a84-6c80-41e1-a0b5-d3e12d25bf6e.jpg,Healthy
Healthy/N_456HealthPlants_original_HealthyC(40).jpg_7d83a31d-70a5-4249-a5e2-e415571143d0.jpg,Healthy
Healthy/N_456HealthPlants_original_HealthyC(40).jpg_845d8d28-0581-474a-8fdc-6dfcd53b206f.jpg,Healthy
Healthy/N_456HealthPlants_original_HealthyC(40).jpg_9a292dab-0cb4-43ab-a421-0f5ec3357084.jpg,Healthy
Healthy/N_456HealthPlants_original_HealthyC(40).jpg_a34c115f-2801-4078-bc9c-f79b2e615bf9.jpg,Healthy
Healthy/N_456HealthPlants_original_HealthyC(40).jpg_d4d1ce85-4bfd-4f1a-b31b-9dc88e3f14b0.jpg,Healthy
Healthy/N_456HealthPlants_original_HealthyC(40).jpg_d7f67d10-5984-4c3b-992c-f48ebd18f160.jpg,Healthy
Healthy/N_456HealthPlants_original_HealthyC(40).jpg_db9f6d49-dc9f-46a2-9a74-77d0b577453f.jpg,Healthy
Healthy/N_456HealthPlants_original_HealthyC(40).jpg_ef8216ce-f942-4641-b35d-b58ab0277353.jpg,Healthy
Healthy/N_456HealthPlants_original_HealthyC(40).jpg_f1694535-a87f-4da4-99d8-36f2df9ad119.jpg,Healthy
Healthy/N_456HealthPlants_original_HealthyC(41).jpg_010e6905-eb77-466e-a43d-02ea8886130b.jpg,Healthy
Healthy/N_456HealthPlants_original_HealthyC(41).jpg_32a309bf-3065-4e66-a0eb-c453fca83dcf.jpg,Healthy
Healthy/N_456HealthPlants_original_HealthyC(41).jpg_337d4cb8-b8d9-4627-80ce-40bc248fc2fc.jpg,Healthy
Healthy/N_456HealthPlants_original_HealthyC(41).jpg_4a3eccfd-e1c4-4fd1-a9c2-6a6f43a93424.jpg,Healthy
Healthy/N_456HealthPlants_original_HealthyC(41).jpg_789404df-aeed-4089-bf33-188c7aab2c5a.jpg,Healthy
Healthy/N_456HealthPlants_original_HealthyC(41).jpg_79688487-19a5-4afc-94d3-90a78d32c65a.jpg,Healthy
Healthy/N_456HealthPlants_original_HealthyC(41).jpg_9f857aad-9310-4529-8374-9e17f3f3ec3d.jpg,Healthy
Healthy/N_456HealthPlants_original_HealthyC(41).jpg_b17c2e35-372c-4873-83f3-97a35ec8a463.jpg,Healthy
Healthy/N_456HealthPlants_original_HealthyC(41).jpg_c973c447-1c2e-4341-bb2c-7a6154e8d091.jpg,Healthy
Healthy/N_456HealthPlants_original_HealthyC(41).jpg_def90ffb-f0c9-4d36-831d-e2ea8c6b1a41.jpg,Healthy
Healthy/N_456HealthPlants_original_HealthyC(41).jpg_eb04242d-9d1e-4e5a-8969-4918bdaf3e66.jpg,Healthy
Healthy/N_456HealthPlants_original_HealthyC(41).jpg_ef2ed637-c8df-4e64-8328-5aefff9a9b13.jpg,Healthy
Healthy/N_456HealthPlants_original_HealthyC(41).jpg_f693cfdb-da68-4534-a8a1-d330029f0e60.jpg,Healthy
Healthy/N_456HealthPlants_original_HealthyC(42).jpg_0013c662-8c9e-4a9d-a299-a3af0cf6df33.jpg,Healthy
Healthy/N_456HealthPlants_original_HealthyC(42).jpg_2490c6ad-e2d5-409a-8379-841dad79dd01.jpg,Healthy
Healthy/N_456HealthPlants_original_HealthyC(42).jpg_4d327e8f-9dc2-4480-a317-91737e1cb341.jpg,Healthy
Healthy/N_456HealthPlants_original_HealthyC(42).jpg_7b348ec4-a792-49c9-bc21-40dd098ed330.jpg,Healthy
Healthy/N_456HealthPlants_original_HealthyC(42).jpg_884503b0-a2b3-4682-9433-72d05b6b8ebb.jpg,Healthy
Healthy/N_456HealthPlants_original_HealthyC(42).jpg_8e79e93d-0636-4cc5-a344-df137f1a4998.jpg,Healthy
Healthy/N_456HealthPlants_original_HealthyC(42).jpg_a9a07b8f-6eda-4269-8401-32edb93d92a2.jpg,Healthy
Healthy/N_456HealthPlants_original_HealthyC(42).jpg_d72a9910-e15e-4cb7-b455-c2b667774a92.jpg,Healthy
Healthy/N_456HealthPlants_original_HealthyC(42).jpg_e4a1f6f3-8794-49cf-af6b-afca6671e531.jpg,Healthy
Healthy/N_456HealthPlants_original_HealthyC(43).jpg_18b0d83a-cb92-408e-843a-d3d5d7048b39.jpg,Healthy
Healthy/N_456HealthPlants_original_HealthyC(43).jpg_2ebbc92e-2e46-444e-b15c-7b312a27d97d.jpg,Healthy
Healthy/N_456HealthPlants_original_HealthyC(43).jpg_46c44296-9712-47cc-89ec-163aa61753d4.jpg,Healthy
Healthy/N_456HealthPlants_original_HealthyC(43).jpg_500e858d-a651-479e-9b54-7ffe548b06fa.jpg,Healthy
Healthy/N_456HealthPlants_original_HealthyC(43).jpg_77d83aa7-3dfa-4951-afdd-1d4d0d631beb.jpg,Healthy
Healthy/N_456HealthPlants_original_HealthyC(43).jpg_899483e3-407a-4e76-9f5c-1191da7e5f1a.jpg,Healthy
Healthy/N_456HealthPlants_original_HealthyC(43).jpg_921abf53-6b4f-4a5f-b570-2406dd757458.jpg,Healthy
Healthy/N_456HealthPlants_original_HealthyC(43).jpg_92b23ee5-2c0e-4167-b8ad-5b543e847554.jpg,Healthy
Healthy/N_456HealthPlants_original_HealthyC(43).jpg_a7152c80-2b04-4e30-8af4-64cb26641777.jpg,Healthy
Healthy/N_456HealthPlants_original_HealthyC(43).jpg_ada83ca0-fd58-4fa1-95a8-ba22fb42ce8c.jpg,Healthy
Healthy/N_456HealthPlants_original_HealthyC(43).jpg_b979c252-fb89-46bd-8820-c6e987284bc9.jpg,Healthy
Healthy/N_456HealthPlants_original_HealthyC(43).jpg_d2624508-95f6-4ea0-894e-f9935b54aecc.jpg,Healthy
Healthy/N_456HealthPlants_original_HealthyC(43).jpg_d6520b7a-24ce-4fd2-ab59-131c4e7dddb0.jpg,Healthy
Healthy/N_456HealthPlants_original_HealthyC(43).jpg_daaa7c35-5029-46d2-9be6-249d0523ddb1.jpg,Healthy
Healthy/N_456HealthPlants_original_HealthyC(44).jpg_0437e474-4671-4e94-a699-9abb706d3ead.jpg,Healthy
Healthy/N_456HealthPlants_original_HealthyC(44).jpg_0bb67306-6999-4e56-b8de-3c080c3484d0.jpg,Healthy
Healthy/N_456HealthPlants_original_HealthyC(44).jpg_1006a3cc-06b1-4fc2-b7bb-37436f969d24.jpg,Healthy
Healthy/N_456HealthPlants_original_HealthyC(44).jpg_1d2929e2-b65e-4bf1-a68b-04a6844b54be.jpg,Healthy
Healthy/N_456HealthPlants_original_HealthyC(44).jpg_3ad9756f-26d6-4d7d-bd62-9c82c0c8de47.jpg,Healthy
Healthy/N_456HealthPlants_original_HealthyC(44).jpg_3e3a521a-b234-48c3-a7f8-f0e7bf68cfd9.jpg,Healthy
Healthy/N_456HealthPlants_original_HealthyC(44).jpg_56449dad-5d1a-45a1-8ea0-2e370ee7b7f2.jpg,Healthy
Healthy/N_456HealthPlants_original_HealthyC(44).jpg_7eaeafe8-ff90-4120-9fa2-3831e60ddeac.jpg,Healthy
Healthy/N_456HealthPlants_original_HealthyC(44).jpg_91c1eb4f-f707-434e-8265-e3a05eefd45e.jpg,Healthy
Healthy/N_456HealthPlants_original_HealthyC(44).jpg_9ff7d19b-f0dc-46eb-a7aa-9d7e1287407d.jpg,Healthy
Healthy/N_456HealthPlants_original_HealthyC(44).jpg_af58e415-31fd-4a0e-836e-523eef66f158.jpg,Healthy
Healthy/N_456HealthPlants_original_HealthyC(44).jpg_c3f651da-16ce-4b46-877f-b9ee9b24f831.jpg,Healthy
Healthy/N_456HealthPlants_original_HealthyC(44).jpg_f0fb3adc-c3ab-4c25-8bb4-4732bfc351d3.jpg,Healthy
Healthy/N_456HealthPlants_original_HealthyC(44).jpg_f65c8549-df48-4b99-a4d4-63b73fb9c4fb.jpg,Healthy
Healthy/N_456HealthPlants_original_HealthyC(45).jpg_28b7e0f7-c626-4e5a-90f6-25a96b7edbc5.jpg,Healthy
Healthy/N_456HealthPlants_original_HealthyC(45).jpg_50d03fdd-4945-4888-9590-1b4eabfc2eca.jpg,Healthy
Healthy/N_456HealthPlants_original_HealthyC(45).jpg_546660a6-209a-4370-ae8d-b7665be71b9a.jpg,Healthy
Healthy/N_456HealthPlants_original_HealthyC(45).jpg_641870bd-c630-4a63-bcd3-16172032dda6.jpg,Healthy
Healthy/N_456HealthPlants_original_HealthyC(45).jpg_66861e82-632b-4b0c-ac11-c0fea4f3123b.jpg,Healthy
Healthy/N_456HealthPlants_original_HealthyC(45).jpg_a63023af-78c7-4911-ae38-89d29174f52d.jpg,Healthy
Healthy/N_456HealthPlants_original_HealthyC(45).jpg_bc39c5d0-2249-45c8-860f-a8508f910aac.jpg,Healthy
Healthy/N_456HealthPlants_original_HealthyC(45).jpg_c15b248b-7982-4720-ad1a-1e989821c7d4.jpg,Healthy
Healthy/N_456HealthPlants_original_HealthyC(45).jpg_c1c83651-67f1-4946-a26e-9f3433a9937f.jpg,Healthy
Healthy/N_456HealthPlants_original_HealthyC(45).jpg_d7ae984e-1bf0-4e2f-ad6e-9e4b0c11b694.jpg,Healthy
Healthy/N_456HealthPlants_original_HealthyC(45).jpg_dd8adb52-8a97-4abb-adfe-62eecfbbb1fa.jpg,Healthy
Healthy/N_456HealthPlants_original_HealthyC(45).jpg_efeaaac6-9fd2-4239-8947-a8d164e419c0.jpg,Healthy
Healthy/N_456HealthPlants_original_HealthyC(46).jpg_1aa5f9fa-3dc5-4fbb-9fef-a29d41903873.jpg,Healthy
Healthy/N_456HealthPlants_original_HealthyC(46).jpg_4dcb1ef0-6c59-49ca-b3b3-887268579ea3.jpg,Healthy
Healthy/N_456HealthPlants_original_HealthyC(46).jpg_7765efb9-d0fc-4577-b7fd-9f462950f8ba.jpg,Healthy
Healthy/N_456HealthPlants_original_HealthyC(46).jpg_a26ce8eb-25a5-483e-ae01-58685f53a676.jpg,Healthy
Healthy/N_456HealthPlants_original_HealthyC(46).jpg_cf80be72-80fb-462b-976d-8140d7296309.jpg,Healthy
Healthy/N_456HealthPlants_original_HealthyC(46).jpg_d50f3528-0d1d-4698-b974-a04d2febd283.jpg,Healthy
Healthy/N_456HealthPlants_original_HealthyC(46).jpg_df60de77-5bf3-4cae-870b-6c2f94dae10b.jpg,Healthy
Healthy/N_456HealthPlants_original_HealthyC(46).jpg_f04bfef2-5ecb-4a68-b8a6-db57089fc860.jpg,Healthy
Healthy/N_456HealthPlants_original_HealthyC(47).jpg_0cb848aa-f9cf-41e1-a41e-dfeb7f3632b8.jpg,Healthy
Healthy/N_456HealthPlants_original_HealthyC(47).jpg_471d589a-d6a3-414c-8edf-5a621de1bc0b.jpg,Healthy
Healthy/N_456HealthPlants_original_HealthyC(47).jpg_4e543654-8c61-4553-bd3d-e995f5f9d10d.jpg,Healthy
Healthy/N_456HealthPlants_original_HealthyC(47).jpg_5ba99213-1833-4fda-8cfc-475d50be74a4.jpg,Healthy
Healthy/N_456HealthPlants_original_HealthyC(47).jpg_76fd60b7-37a7-4471-9206-ede26a1fde8d.jpg,Healthy
Healthy/N_456HealthPlants_original_HealthyC(47).jpg_853c194a-c21b-4cc8-a2e6-dbd0b1860e95.jpg,Healthy
Healthy/N_456HealthPlants_original_HealthyC(47).jpg_876356e4-2254-4d6a-95ee-115e079d730c.jpg,Healthy
Healthy/N_456HealthPlants_original_HealthyC(47).jpg_8b5a2df1-0f73-4613-b1c1-34b3e61a5e57.jpg,Healthy
Healthy/N_456HealthPlants_original_HealthyC(48).jpg_0a3db1cf-d64a-4b25-894a-63f70f017269.jpg,Healthy
Healthy/N_456HealthPlants_original_HealthyC(48).jpg_0f45ccc9-7433-424f-93da-822c073171d5.jpg,Healthy
Healthy/N_456HealthPlants_original_HealthyC(48).jpg_2877e8c0-bc63-4345-ad68-bcc9738fba9e.jpg,Healthy
Healthy/N_456HealthPlants_original_HealthyC(48).jpg_30296abc-0be6-46d2-8a0c-f79ff088d281.jpg,Healthy
Healthy/N_456HealthPlants_original_HealthyC(48).jpg_4e015f53-18e9-4f9d-b8bd-2cb0ffe5e4d9.jpg,Healthy
Healthy/N_456HealthPlants_original_HealthyC(48).jpg_74478e82-ee6b-45e3-bce9-2313b24e4f31.jpg,Healthy
Healthy/N_456HealthPlants_original_HealthyC(48).jpg_915a0fe0-d83f-45e1-9d32-270c76ebbc6a.jpg,Healthy
Healthy/N_456HealthPlants_original_HealthyC(48).jpg_a4eca242-8012-49fe-b0de-288acba27411.jpg,Healthy
Healthy/N_456HealthPlants_original_HealthyC(48).jpg_c5577a12-748a-43d2-b589-4bc68fcb3f8c.jpg,Healthy
Healthy/N_456HealthPlants_original_HealthyC(48).jpg_fd12e9ba-03b0-49c9-b981-3b0677223c6c.jpg,Healthy
Healthy/N_456HealthPlants_original_HealthyC(49).jpg_267e8f87-e27e-4d78-b5fb-9c690c54b606.jpg,Healthy
Healthy/N_456HealthPlants_original_HealthyC(49).jpg_489d1958-98c2-4204-80f5-6d93273964c7.jpg,Healthy
Healthy/N_456HealthPlants_original_HealthyC(49).jpg_651e9d15-ac52-4ad6-ae77-d19bef0ac862.jpg,Healthy
Healthy/N_456HealthPlants_original_HealthyC(49).jpg_67b027b7-8919-4be3-ad93-c4e3071ce98b.jpg,Healthy
Healthy/N_456HealthPlants_original_HealthyC(49).jpg_90e1a62d-e7c5-48d0-897c-eb3defce313f.jpg,Healthy
Healthy/N_456HealthPlants_original_HealthyC(49).jpg_931922a5-ad43-49c7-a883-62dc80e5ac4a.jpg,Healthy
Healthy/N_456HealthPlants_original_HealthyC(49).jpg_98dd9963-fcac-4c70-8475-943b8f968876.jpg,Healthy
Healthy/N_456HealthPlants_original_HealthyC(49).jpg_a04d9798-5825-46e7-8a56-6aec91b1e08d.jpg,Healthy
Healthy/N_456HealthPlants_original_HealthyC(49).jpg_c2929648-6e3a-40d6-9c56-f69a98f4026b.jpg,Healthy
Healthy/N_456HealthPlants_original_HealthyC(49).jpg_cfd7ab98-00fe-4196-9701-59ffa98eb840.jpg,Healthy
Healthy/N_456HealthPlants_original_HealthyC(49).jpg_da8c99ed-b329-416e-9d6f-9cf723a31400.jpg,Healthy
Healthy/N_456HealthPlants_original_HealthyC(49).jpg_e168a8ba-4f8d-4c8a-a8f1-e43b3c031d7b.jpg,Healthy
Healthy/N_456HealthPlants_original_HealthyC(49).jpg_eaacfc9b-34bb-43f0-8734-46e9c77f1f73.jpg,Healthy
Healthy/N_456HealthPlants_original_HealthyC(5).jpg_1cfa926a-2e8f-46b8-86e4-d595e9aa9c1d.jpg,Healthy
Healthy/N_456HealthPlants_original_HealthyC(5).jpg_4ede263d-d6d5-479b-9f94-c5a43ecaff34.jpg,Healthy
Healthy/N_456HealthPlants_original_HealthyC(5).jpg_9c5a9d5a-cc9b-4d0f-a65a-3098c829a2a7.jpg,Healthy
Healthy/N_456HealthPlants_original_HealthyC(5).jpg_a4768630-1752-4b54-9e18-29977e403106.jpg,Healthy
Healthy/N_456HealthPlants_original_HealthyC(5).jpg_d4769a6a-de67-45c4-b677-c104e4235168.jpg,Healthy
Healthy/N_456HealthPlants_original_HealthyC(5).jpg_f13029f3-3f9a-40be-9355-45b829cfb2ab.jpg,Healthy
Healthy/N_456HealthPlants_original_HealthyC(50).jpg_18b025ac-30c9-4f03-9a85-447e98321ac8.jpg,Healthy
Healthy/N_456HealthPlants_original_HealthyC(50).jpg_208446ed-cfe9-465c-b8a8-3bcd68d20b81.jpg,Healthy
Healthy/N_456HealthPlants_original_HealthyC(50).jpg_279eb83a-0b32-48e9-b7ff-6514d7e86713.jpg,Healthy
Healthy/N_456HealthPlants_original_HealthyC(50).jpg_2e123f3a-84c7-4d76-9fc9-e161ff8f513d.jpg,Healthy
Healthy/N_456HealthPlants_original_HealthyC(50).jpg_2f7b11e8-3824-432b-a2d1-a6635172a19f.jpg,Healthy
Healthy/N_456HealthPlants_original_HealthyC(50).jpg_37915803-3450-4490-b30e-05bb1b9e1d3e.jpg,Healthy
Healthy/N_456HealthPlants_original_HealthyC(50).jpg_573a881e-d650-4ecb-bd48-c53fd82be939.jpg,Healthy
Healthy/N_456HealthPlants_original_HealthyC(50).jpg_7ac0608b-cd5d-475c-9813-34bf684ee5c8.jpg,Healthy
Healthy/N_456HealthPlants_original_HealthyC(50).jpg_b6b41e88-812c-4d18-9770-491b7c718574.jpg,Healthy
Healthy/N_456HealthPlants_original_HealthyC(50).jpg_cc3264a2-0c34-43eb-83c9-eda4abcfbd03.jpg,Healthy
Healthy/N_456HealthPlants_original_HealthyC(50).jpg_d11be3d6-8a8b-475e-9f2b-88c565c1c8d2.jpg,Healthy
Healthy/N_456HealthPlants_original_HealthyC(50).jpg_d337594e-ed11-4516-a8e6-40934a281c48.jpg,Healthy
Healthy/N_456HealthPlants_original_HealthyC(50).jpg_e0299395-82e2-4815-865a-a38fa6ebb3f5.jpg,Healthy
Healthy/N_456HealthPlants_original_HealthyC(50).jpg_e19744e2-0e20-4747-b5a8-a6a0403a4482.jpg,Healthy
Healthy/N_456HealthPlants_original_HealthyC(50).jpg_f225c00a-1d7e-4164-a737-9eb1b3f15a76.jpg,Healthy
Healthy/N_456HealthPlants_original_HealthyC(50).jpg_f2bc2d6b-7dc7-4cd1-a385-150d3803944d.jpg,Healthy
Healthy/N_456HealthPlants_original_HealthyC(51).jpg_19d0c818-8af2-472b-b2ca-0bf121c5eb9c.jpg,Healthy
Healthy/N_456HealthPlants_original_HealthyC(51).jpg_5e3d6b1e-0d3c-48e9-992a-e279f9bfc7dc.jpg,Healthy
Healthy/N_456HealthPlants_original_HealthyC(51).jpg_9c3de17e-45ed-4e4b-a7de-6dd8223325e6.jpg,Healthy
Healthy/N_456HealthPlants_original_HealthyC(51).jpg_b7cb25e7-6217-479a-a551-cec37f67304b.jpg,Healthy
Healthy/N_456HealthPlants_original_HealthyC(51).jpg_b9902869-aa9d-43dc-b989-6b67707e6383.jpg,Healthy
Healthy/N_456HealthPlants_original_HealthyC(51).jpg_bccf7b83-4e4a-47bb-9d23-1a1c60e44754.jpg,Healthy
Healthy/N_456HealthPlants_original_HealthyC(51).jpg_d5139953-1254-461d-94cb-f1f35bb04ce3.jpg,Healthy
Healthy/N_456HealthPlants_original_HealthyC(52).jpg_0a3861bb-a270-4718-90a7-4b40432851e6.jpg,Healthy
Healthy/N_456HealthPlants_original_HealthyC(52).jpg_0d926568-cbb9-4061-ab25-a02ae43e1fc4.jpg,Healthy
Healthy/N_456HealthPlants_original_HealthyC(52).jpg_1f7b765c-aead-4882-99de-dff122aa46da.jpg,Healthy
Healthy/N_456HealthPlants_original_HealthyC(52).jpg_3b4cf93a-c206-4026-95ac-30b036db3ff8.jpg,Healthy
Healthy/N_456HealthPlants_original_HealthyC(52).jpg_5d5775f2-d69a-468c-ae8f-3a569d500619.jpg,Healthy
Healthy/N_456HealthPlants_original_HealthyC(52).jpg_81962759-069b-4d72-a152-ae1b2be61543.jpg,Healthy
Healthy/N_456HealthPlants_original_HealthyC(52).jpg_838e277a-0b2a-4921-89a2-c995a981d53b.jpg,Healthy
Healthy/N_456HealthPlants_original_HealthyC(52).jpg_84af93c0-be1b-4dd2-888d-ad8bd1ef7310.jpg,Healthy
Healthy/N_456HealthPlants_original_HealthyC(52).jpg_8ad2ff54-ce84-4e5f-8791-fbef3413f847.jpg,Healthy
Healthy/N_456HealthPlants_original_HealthyC(52).jpg_8d0a7abc-ace7-4c57-a389-10dc9e0f9ff5.jpg,Healthy
Healthy/N_456HealthPlants_original_HealthyC(52).jpg_b79d5bfa-771a-49c4-b78c-11ce1e4639b2.jpg,Healthy
Healthy/N_456HealthPlants_original_HealthyC(52).jpg_f31a4f15-2523-4dec-9b85-9a16dffedb7f.jpg,Healthy
Healthy/N_456HealthPlants_original_HealthyC(53).jpg_28885dbd-6ac0-4c4a-9c7c-d9aeff25cfdf.jpg,Healthy
Healthy/N_456HealthPlants_original_HealthyC(53).jpg_340e4010-db75-438e-aea4-537a10fb35d4.jpg,Healthy
Healthy/N_456HealthPlants_original_HealthyC(53).jpg_44f71ea2-d56a-42d6-b55c-7238d1787d14.jpg,Healthy
Healthy/N_456HealthPlants_original_HealthyC(53).jpg_4b62d562-743e-4c0e-bb92-ccffa798cbbe.jpg,Healthy
Healthy/N_456HealthPlants_original_HealthyC(53).jpg_57a504bf-b038-40bc-9d92-82b312f73c7a.jpg,Healthy
Healthy/N_456HealthPlants_original_HealthyC(53).jpg_682106cb-e9ae-4592-b58e-4a13c22cba8e.jpg,Healthy
Healthy/N_456HealthPlants_original_HealthyC(53).jpg_8e221744-f53b-4002-853f-dc827d9c17ba.jpg,Healthy
Healthy/N_456HealthPlants_original_HealthyC(53).jpg_927990ad-d097-4037-9162-ee2de8d8c2b4.jpg,Healthy
Healthy/N_456HealthPlants_original_HealthyC(53).jpg_b782a933-8ecd-4f74-bb91-b4dff01a970c.jpg,Healthy
Healthy/N_456HealthPlants_original_HealthyC(53).jpg_bd1aef46-9160-4bc8-b9fb-984379a743bd.jpg,Healthy
Healthy/N_456HealthPlants_original_HealthyC(53).jpg_d053c5c5-908d-4a89-b78b-939641e196ad.jpg,Healthy
Healthy/N_456HealthPlants_original_HealthyC(53).jpg_ed34cc5a-8470-43e0-94a8-c293bf98484d.jpg,Healthy
Healthy/N_456HealthPlants_original_HealthyC(53).jpg_ed5ba750-e40c-420e-9336-21a5f59c2744.jpg,Healthy
Healthy/N_456HealthPlants_original_HealthyC(53).jpg_f2c9a404-95d3-4096-a4e2-207f3aed9381.jpg,Healthy
Healthy/N_456HealthPlants_original_HealthyC(53).jpg_fd42bcff-2597-43d8-ae5d-9899348663bd.jpg,Healthy
Healthy/N_456HealthPlants_original_HealthyC(54).jpg_0d3c0641-d6f5-4303-a9a1-a4ef8c08bedf.jpg,Healthy
Healthy/N_456HealthPlants_original_HealthyC(54).jpg_2a59ceb8-26d6-445a-8509-eb063ac70eb8.jpg,Healthy
Healthy/N_456HealthPlants_original_HealthyC(54).jpg_316e902f-7dab-4755-bd85-cdecf0823e64.jpg,Healthy
Healthy/N_456HealthPlants_original_HealthyC(54).jpg_56d10d61-4fb3-43be-b07e-65bb98634066.jpg,Healthy
Healthy/N_456HealthPlants_original_HealthyC(54).jpg_8ed11476-5a2a-4f08-be4b-e8414713862b.jpg,Healthy
Healthy/N_456HealthPlants_original_HealthyC(54).jpg_b6c316a3-5694-4f8d-bc3a-9bb9493ff7d1.jpg,Healthy
Healthy/N_456HealthPlants_original_HealthyC(54).jpg_d0729fb1-3ead-413c-9e90-89252ea251e4.jpg,Healthy
Healthy/N_456HealthPlants_original_HealthyC(54).jpg_e2ec7eb8-25e8-44f4-8c97-25b6769e99b3.jpg,Healthy
Healthy/N_456HealthPlants_original_HealthyC(54).jpg_f28d247a-7561-403c-ade2-67837ca77732.jpg,Healthy
Healthy/N_456HealthPlants_original_HealthyC(54).jpg_ff93e278-fcc0-4c61-b969-33a9d8013c45.jpg,Healthy
Healthy/N_456HealthPlants_original_HealthyC(55).jpg_1978a5d5-fb3a-41b7-a8c0-76ca4b2720f9.jpg,Healthy
Healthy/N_456HealthPlants_original_HealthyC(55).jpg_22871696-057e-4c9f-a42d-1eb006f1936b.jpg,Healthy
Healthy/N_456HealthPlants_original_HealthyC(55).jpg_299a7a59-0b23-47a5-86f8-6e7c18e957e4.jpg,Healthy
Healthy/N_456HealthPlants_original_HealthyC(55).jpg_34bce988-bde8-4d4d-a906-6fb24f8cc5bd.jpg,Healthy
Healthy/N_456HealthPlants_original_HealthyC(55).jpg_46ed5e5b-f845-4083-a2a1-3ed26825caad.jpg,Healthy
Healthy/N_456HealthPlants_original_HealthyC(55).jpg_8224a0c6-c09c-4b2e-acba-92511a34578b.jpg,Healthy
Healthy/N_456HealthPlants_original_HealthyC(55).jpg_8dd6b21f-7eb6-4d5a-80b5-46326407e26a.jpg,Healthy
Healthy/N_456HealthPlants_original_HealthyC(55).jpg_a9e1e162-fe68-44e3-91e6-bc884fbd066d.jpg,Healthy
Healthy/N_456HealthPlants_original_HealthyC(55).jpg_b564142f-7dac-4c5c-8829-b736e4d5e365.jpg,Healthy
Healthy/N_456HealthPlants_original_HealthyC(55).jpg_cd03eab0-cbc6-490a-a37e-13a6accf7c66.jpg,Healthy
Healthy/N_456HealthPlants_original_HealthyC(55).jpg_d42a9ff5-cf57-42cf-a92c-d3e8f452e260.jpg,Healthy
Healthy/N_456HealthPlants_original_HealthyC(55).jpg_da25aab6-6b5d-4010-955f-1398774e21b1.jpg,Healthy
Healthy/N_456HealthPlants_original_HealthyC(55).jpg_df231d82-a1f8-4634-bef7-9c2e672299c7.jpg,Healthy
Healthy/N_456HealthPlants_original_HealthyC(55).jpg_e42234cf-4bff-4266-b2cc-42294ce49d7a.jpg,Healthy
Healthy/N_456HealthPlants_original_HealthyC(56).jpg_1b730071-562f-4d9b-a537-e4a19a6bb478.jpg,Healthy
Healthy/N_456HealthPlants_original_HealthyC(56).jpg_31bd2d87-bb95-4aeb-ba31-327536ab834d.jpg,Healthy
Healthy/N_456HealthPlants_original_HealthyC(56).jpg_38fe148c-8e3f-4386-acfa-8c0c9e29e55c.jpg,Healthy
Healthy/N_456HealthPlants_original_HealthyC(56).jpg_40c8b0f6-428d-4af0-b0f4-a85e7cb3b2fe.jpg,Healthy
Healthy/N_456HealthPlants_original_HealthyC(56).jpg_672ca08a-40cd-48e4-9ae7-6c7460519756.jpg,Healthy
Healthy/N_456HealthPlants_original_HealthyC(56).jpg_7bc8b58d-b80d-444d-b59f-0718a7592ca5.jpg,Healthy
Healthy/N_456HealthPlants_original_HealthyC(56).jpg_84a89aff-1b1f-4bfb-8a48-376f95c9a3dc.jpg,Healthy
Healthy/N_456HealthPlants_original_HealthyC(56).jpg_a1f85521-2a52-4bcb-b043-540cd0f7ea1a.jpg,Healthy
Healthy/N_456HealthPlants_original_HealthyC(56).jpg_a41c26e3-eff0-44ec-92bb-03c985676bd6.jpg,Healthy
Healthy/N_456HealthPlants_original_HealthyC(56).jpg_b9be77b9-d5f4-43b9-a7dd-7bc0adf33263.jpg,Healthy
Healthy/N_456HealthPlants_original_HealthyC(56).jpg_bd33d3ae-5505-435d-a70d-fd9e2b97c039.jpg,Healthy
Healthy/N_456HealthPlants_original_HealthyC(57).jpg_0a9dc13e-e267-49c5-a8c6-0131e8d86d51.jpg,Healthy
Healthy/N_456HealthPlants_original_HealthyC(57).jpg_121849a9-6aa8-4203-b22d-fb3453e408f7.jpg,Healthy
Healthy/N_456HealthPlants_original_HealthyC(57).jpg_3744decb-56f2-47ab-ae48-4f33a2ca728b.jpg,Healthy
Healthy/N_456HealthPlants_original_HealthyC(57).jpg_70e96315-e076-4f90-a037-74da5d1719c7.jpg,Healthy
Healthy/N_456HealthPlants_original_HealthyC(57).jpg_7aac6e0f-9ca3-4050-aad8-82b9561a394d.jpg,Healthy
Healthy/N_456HealthPlants_original_HealthyC(57).jpg_7ec35e70-4ec8-461d-a05f-04748f5c3e70.jpg,Healthy
Healthy/N_456HealthPlants_original_HealthyC(57).jpg_8dcb5be6-af5d-47d9-b73a-d4d8bbdf9bfe.jpg,Healthy
Healthy/N_456HealthPlants_original_HealthyC(57).jpg_8e697afa-489a-40e4-917b-03384a283b43.jpg,Healthy
Healthy/N_456HealthPlants_original_HealthyC(57).jpg_951a3aa5-54b8-484d-9ee8-4f9e9133be4d.jpg,Healthy
Healthy/N_456HealthPlants_original_HealthyC(57).jpg_c89a3ab5-c921-46ed-bdbd-53d29ffb2b13.jpg,Healthy
Healthy/N_456HealthPlants_original_HealthyC(57).jpg_c9b55823-2f95-4995-9675-f981f200d0be.jpg,Healthy
Healthy/N_456HealthPlants_original_HealthyC(57).jpg_f0408b59-e1df-4d95-8e56-2bb3cd517be3.jpg,Healthy
Healthy/N_456HealthPlants_original_HealthyC(58).jpg_0c5e898c-4031-4d2c-83f8-207f01392afa.jpg,Healthy
Healthy/N_456HealthPlants_original_HealthyC(58).jpg_0d0a1ea1-e50d-4ae5-8880-f73673679eca.jpg,Healthy
Healthy/N_456HealthPlants_original_HealthyC(58).jpg_0ed8aa82-d12b-4b58-981d-abe7e6cf44a3.jpg,Healthy
Healthy/N_456HealthPlants_original_HealthyC(58).jpg_19230988-8101-4f3d-830b-064440e6708b.jpg,Healthy
Healthy/N_456HealthPlants_original_HealthyC(58).jpg_3e770ed0-e853-408c-b3da-d4d8168f35b5.jpg,Healthy
Healthy/N_456HealthPlants_original_HealthyC(58).jpg_3f83c261-7059-4cd1-b081-434b3fbce604.jpg,Healthy
Healthy/N_456HealthPlants_original_HealthyC(58).jpg_3fd170c3-6ba4-43b5-aab0-84b55b6adacb.jpg,Healthy
Healthy/N_456HealthPlants_original_HealthyC(58).jpg_4f0b7228-dc05-44e0-834a-31e5ce754e9c.jpg,Healthy
Healthy/N_456HealthPlants_original_HealthyC(58).jpg_6a085ffe-549e-4191-b0c3-733f84a14641.jpg,Healthy
Healthy/N_456HealthPlants_original_HealthyC(58).jpg_72ccdd53-2d5a-49c7-9f94-8c00555a78c4.jpg,Healthy
Healthy/N_456HealthPlants_original_HealthyC(58).jpg_7cf9847a-11fa-4cc1-a2b3-5b07abe1b48a.jpg,Healthy
Healthy/N_456HealthPlants_original_HealthyC(58).jpg_82a100da-c094-4463-91a2-4cefb595f625.jpg,Healthy
Healthy/N_456HealthPlants_original_HealthyC(58).jpg_a04d6b72-e86f-471c-b93b-b61a4cf2a7ef.jpg,Healthy
Healthy/N_456HealthPlants_original_HealthyC(58).jpg_a49a4267-d544-4f51-be95-6e015f9356fa.jpg,Healthy
Healthy/N_456HealthPlants_original_HealthyC(58).jpg_acc7d355-82da-4b4c-a0be-f937562fd772.jpg,Healthy
Healthy/N_456HealthPlants_original_HealthyC(58).jpg_c5c73b7c-0b7c-4f8c-9d8a-c24e69209024.jpg,Healthy
Healthy/N_456HealthPlants_original_HealthyC(58).jpg_d54be593-1f1b-4872-9dd4-2b1da2039b2a.jpg,Healthy
Healthy/N_456HealthPlants_original_HealthyC(58).jpg_db28edee-ddb1-4003-abcf-7a1f1ca51d96.jpg,Healthy
Healthy/N_456HealthPlants_original_HealthyC(58).jpg_dd494901-f251-4185-88e5-b9371137d6df.jpg,Healthy
Healthy/N_456HealthPlants_original_HealthyC(58).jpg_e3c683ff-5e54-4655-83cb-1f6bb64c24ac.jpg,Healthy
Healthy/N_456HealthPlants_original_HealthyC(58).jpg_e5fcf3a4-13f7-4ca4-b263-ff3b775e4ef9.jpg,Healthy
Healthy/N_456HealthPlants_original_HealthyC(58).jpg_fdb623ec-2aab-403e-a9f8-d2e2c381533a.jpg,Healthy
Healthy/N_456HealthPlants_original_HealthyC(59).jpg_03f4cb40-316f-4750-8b06-e7cb3dde5491.jpg,Healthy
Healthy/N_456HealthPlants_original_HealthyC(59).jpg_31f29b6e-3e8b-4fbf-8819-fd7f0f684bdf.jpg,Healthy
Healthy/N_456HealthPlants_original_HealthyC(59).jpg_38b4ab92-f611-46ed-b2d4-10797eecbb43.jpg,Healthy
Healthy/N_456HealthPlants_original_HealthyC(59).jpg_4b5ad95e-4821-4f38-8761-1654913974eb.jpg,Healthy
Healthy/N_456HealthPlants_original_HealthyC(59).jpg_4bc397ca-35e5-4675-a7eb-943475933a48.jpg,Healthy
Healthy/N_456HealthPlants_original_HealthyC(59).jpg_4e026250-e5f4-4a38-bc90-2f1bdad9987c.jpg,Healthy
Healthy/N_456HealthPlants_original_HealthyC(59).jpg_7d7faf39-6e63-4dbc-beea-c93dc8fe92ae.jpg,Healthy
Healthy/N_456HealthPlants_original_HealthyC(59).jpg_7e42ed10-f021-4a51-b98e-52276c034587.jpg,Healthy
Healthy/N_456HealthPlants_original_HealthyC(59).jpg_9bf70cec-8ee1-4d2a-82ca-61fd485b6056.jpg,Healthy
Healthy/N_456HealthPlants_original_HealthyC(59).jpg_a21a4a32-e51e-40fc-9769-019111b0b4ca.jpg,Healthy
Healthy/N_456HealthPlants_original_HealthyC(59).jpg_b9a20271-d9d4-4b06-947d-d36a3b77087f.jpg,Healthy
Healthy/N_456HealthPlants_original_HealthyC(59).jpg_c1dbea67-fa0f-4c1b-8cd1-597c8b9bed51.jpg,Healthy
Healthy/N_456HealthPlants_original_HealthyC(59).jpg_d2201f3c-eff2-473e-b5eb-e851a78b67c5.jpg,Healthy
Healthy/N_456HealthPlants_original_HealthyC(59).jpg_e3586141-5565-40ac-921c-66f784e935b9.jpg,Healthy
Healthy/N_456HealthPlants_original_HealthyC(6).jpg_18d42845-0288-4d4e-a8fa-5bed97030359.jpg,Healthy
Healthy/N_456HealthPlants_original_HealthyC(6).jpg_2e943e78-9a8c-45d2-aaf1-739b7963adc3.jpg,Healthy
Healthy/N_456HealthPlants_original_HealthyC(6).jpg_819a7b6b-5cba-40a1-9b16-caf52bbba762.jpg,Healthy
Healthy/N_456HealthPlants_original_HealthyC(6).jpg_a17c8630-c8d5-4a9b-b8d7-90094cfbbad0.jpg,Healthy
Healthy/N_456HealthPlants_original_HealthyC(6).jpg_bdee1f7c-265f-4c36-bb47-4b79fdb3499b.jpg,Healthy
Healthy/N_456HealthPlants_original_HealthyC(6).jpg_d17efbd4-4dd4-49ed-b5b8-953a201286b5.jpg,Healthy
Healthy/N_456HealthPlants_original_HealthyC(6).jpg_d586d92d-44ce-4e87-99e8-9f4fd0a64152.jpg,Healthy
Healthy/N_456HealthPlants_original_HealthyC(6).jpg_e2f291c7-3a30-446a-b7ed-ec59b9298cad.jpg,Healthy
Healthy/N_456HealthPlants_original_HealthyC(6).jpg_fe99224e-baa5-42b8-a233-0d97a505b623.jpg,Healthy
Healthy/N_456HealthPlants_original_HealthyC(60).jpg_11558f7d-29de-46c9-a719-824a154ac06e.jpg,Healthy
Healthy/N_456HealthPlants_original_HealthyC(60).jpg_1169c222-3adf-436c-b6a3-fc528303ef64.jpg,Healthy
Healthy/N_456HealthPlants_original_HealthyC(60).jpg_2a85ad10-68a8-4a1f-95ca-eaa7d0099d9d.jpg,Healthy
Healthy/N_456HealthPlants_original_HealthyC(60).jpg_347e0f92-ce41-4e8c-bf2b-947b31c50ea6.jpg,Healthy
Healthy/N_456HealthPlants_original_HealthyC(60).jpg_38d283b6-f878-472a-bde3-999bfea20148.jpg,Healthy
Healthy/N_456HealthPlants_original_HealthyC(60).jpg_3994a4c7-690e-4841-b7a5-6cf83262325c.jpg,Healthy
Healthy/N_456HealthPlants_original_HealthyC(60).jpg_3f2c8823-36c1-4adf-866b-1457a962e2a0.jpg,Healthy
Healthy/N_456HealthPlants_original_HealthyC(60).jpg_877cb43f-387c-40f6-be78-8303eb9aeb59.jpg,Healthy
Healthy/N_456HealthPlants_original_HealthyC(60).jpg_947da1e5-e753-49e9-8914-9f1f0bd51b87.jpg,Healthy
Healthy/N_456HealthPlants_original_HealthyC(60).jpg_b903ad3a-2905-4cbe-b12c-334f1ba1cae9.jpg,Healthy
Healthy/N_456HealthPlants_original_HealthyC(60).jpg_ee1ab1ca-7a39-46dc-b32a-3b4d0b6e0a9d.jpg,Healthy
Healthy/N_456HealthPlants_original_HealthyC(7).jpg_25378f4d-8747-4109-ac2f-27d93d830ecf.jpg,Healthy
Healthy/N_456HealthPlants_original_HealthyC(7).jpg_44e72485-82d2-4395-9190-3b50d4a25197.jpg,Healthy
Healthy/N_456HealthPlants_original_HealthyC(7).jpg_6ec147ac-51ef-4737-8bca-a75643649698.jpg,Healthy
Healthy/N_456HealthPlants_original_HealthyC(7).jpg_8337a126-bf16-4734-8619-8d6be9e01d19.jpg,Healthy
Healthy/N_456HealthPlants_original_HealthyC(7).jpg_c1929848-1a3d-4a5c-921d-b16cdb7f4a4d.jpg,Healthy
Healthy/N_456HealthPlants_original_HealthyC(7).jpg_cfad0977-addf-4133-86b6-98531341470b.jpg,Healthy
Healthy/N_456HealthPlants_original_HealthyC(7).jpg_d97a2bfa-69b1-4314-a49f-d28be822576f.jpg,Healthy
Healthy/N_456HealthPlants_original_HealthyC(8).jpg_092efa8c-cd88-41b0-aacf-c3d9e7ffca3a.jpg,Healthy
Healthy/N_456HealthPlants_original_HealthyC(8).jpg_14fed69e-1e19-4b29-a7d2-6483e52519d6.jpg,Healthy
Healthy/N_456HealthPlants_original_HealthyC(8).jpg_1cf68e4c-0d7c-4a39-9566-acbedbe28ee9.jpg,Healthy
Healthy/N_456HealthPlants_original_HealthyC(8).jpg_1e252734-1a8f-4f02-aec3-5614729f83bc.jpg,Healthy
Healthy/N_456HealthPlants_original_HealthyC(8).jpg_30202aae-9bb2-48ef-b3b6-fceab1967cc9.jpg,Healthy
Healthy/N_456HealthPlants_original_HealthyC(8).jpg_334ed7d2-8832-40ea-b194-9b82ba0035cf.jpg,Healthy
Healthy/N_456HealthPlants_original_HealthyC(8).jpg_48e7c438-2434-4ac9-a28f-122a77f47d86.jpg,Healthy
Healthy/N_456HealthPlants_original_HealthyC(8).jpg_6ff7583c-43d4-4a23-9494-8af6acc16e21.jpg,Healthy
Healthy/N_456HealthPlants_original_HealthyC(8).jpg_7462b3a5-338d-4176-8870-b0f218f7b257.jpg,Healthy
Healthy/N_456HealthPlants_original_HealthyC(8).jpg_bf8e7a79-3a61-424a-8467-a5e4c459169f.jpg,Healthy
Healthy/N_456HealthPlants_original_HealthyC(8).jpg_eb24ec95-31e4-44f6-b18f-a9c4853c77cb.jpg,Healthy
Healthy/N_456HealthPlants_original_HealthyC(9).jpg_0839161e-0430-4c32-882c-b725c2f4cf2b.jpg,Healthy
Healthy/N_456HealthPlants_original_HealthyC(9).jpg_0bbed13f-8e89-4e62-99f5-059076481dc3.jpg,Healthy
Healthy/N_456HealthPlants_original_HealthyC(9).jpg_0d3112e3-1156-4f29-ae2f-7d1b19404df1.jpg,Healthy
Healthy/N_456HealthPlants_original_HealthyC(9).jpg_369dbcb0-08bc-4831-acc7-4af2b56225b5.jpg,Healthy
Healthy/N_456HealthPlants_original_HealthyC(9).jpg_442c918d-7f0c-4e10-91b4-c5471c5e428f.jpg,Healthy
Healthy/N_456HealthPlants_original_HealthyC(9).jpg_4ab1c93a-5ac9-42ae-a620-7ba40df5b871.jpg,Healthy
Healthy/N_456HealthPlants_original_HealthyC(9).jpg_5b340d16-2ce8-4b6a-89f5-707784e1a674.jpg,Healthy
Healthy/N_456HealthPlants_original_HealthyC(9).jpg_5f4f7d5c-86b1-464f-a7b2-67b635ab93cc.jpg,Healthy
Healthy/N_456HealthPlants_original_HealthyC(9).jpg_641d84af-377c-45c0-8f0c-ac7693c30a8e.jpg,Healthy
Healthy/N_456HealthPlants_original_HealthyC(9).jpg_79f243ab-d6e7-43ca-8c8a-719e2145b063.jpg,Healthy
Healthy/N_456HealthPlants_original_HealthyC(9).jpg_7a4d5fbb-7286-4497-a95a-1aeefbd28481.jpg,Healthy
Healthy/N_456HealthPlants_original_HealthyC(9).jpg_bceb4003-6f7b-44db-9899-ab9c89c89c68.jpg,Healthy
Healthy/N_456HealthPlants_original_HealthyC(9).jpg_d17ba557-1474-4ad9-9b2a-6a09f14ce2bd.jpg,Healthy
Healthy/N_456HealthPlants_original_HealthyC(9).jpg_f09f5827-ce35-4801-b4ae-91744fb372d7.jpg,Healthy
Healthy/N_456HealthPlants_original_HealthyC(9).jpg_fcdb31d6-eb05-448a-9107-ba3211729f23.jpg,Healthy
Healthy/N_456HealthPlants_original_HealthyC(9).jpg_fdb442c9-fc26-4b38-906d-3887f049db27.jpg,Healthy
Healthy/N_456HealthPlants_original_HealthyL(1).jpg_3feae4e5-f38a-48c1-bd90-dbc2e9216994.jpg,Healthy
Healthy/N_456HealthPlants_original_HealthyL(1).jpg_6916b3f1-f191-48d9-8b73-0d82ebaca3ee.jpg,Healthy
Healthy/N_456HealthPlants_original_HealthyL(1).jpg_808ef7fb-2e3b-4975-9fbd-d235fe2a5af6.jpg,Healthy
Healthy/N_456HealthPlants_original_HealthyL(1).jpg_8e95f9e9-7816-4b15-b5c6-61b88c6949fd.jpg,Healthy
Healthy/N_456HealthPlants_original_HealthyL(1).jpg_b6fd7d7f-9a43-4407-b048-27ffe8dec2ad.jpg,Healthy
Healthy/N_456HealthPlants_original_HealthyL(1).jpg_f47fe5bc-c6eb-48eb-95dc-5bf61e68f983.jpg,Healthy
Healthy/N_456HealthPlants_original_HealthyL(10).jpg_20a334b4-b723-4f55-bf19-07ebcdec0f8a.jpg,Healthy
Healthy/N_456HealthPlants_original_HealthyL(10).jpg_24e095d8-33df-4475-85b8-1f75133521fd.jpg,Healthy
Healthy/N_456HealthPlants_original_HealthyL(10).jpg_5da07b44-8e07-4e07-92e7-acfd575126ba.jpg,Healthy
Healthy/N_456HealthPlants_original_HealthyL(10).jpg_62462294-6b54-4332-8377-41f5a940f62c.jpg,Healthy
Healthy/N_456HealthPlants_original_HealthyL(10).jpg_6b2c6298-3b6c-491a-af26-a60a76b735ba.jpg,Healthy
Healthy/N_456HealthPlants_original_HealthyL(10).jpg_6c00cd24-d219-45c0-ad86-fa295be0850a.jpg,Healthy
Healthy/N_456HealthPlants_original_HealthyL(10).jpg_8d81a917-f74d-41e6-9716-1d9d4d765dc4.jpg,Healthy
Healthy/N_456HealthPlants_original_HealthyL(10).jpg_bb76224f-dbfa-4a4a-bb07-8a0f5a3b9577.jpg,Healthy
Healthy/N_456HealthPlants_original_HealthyL(10).jpg_d4f9d0ab-bb29-42c4-80b2-afc165d00664.jpg,Healthy
Healthy/N_456HealthPlants_original_HealthyL(10).jpg_d9ea974e-ef6e-4a7a-9f7c-5e56c8e41a73.jpg,Healthy
Healthy/N_456HealthPlants_original_HealthyL(10).jpg_f5f3b2e3-d205-460f-82fe-a2d835d9d764.jpg,Healthy
Healthy/N_456HealthPlants_original_HealthyL(10).jpg_fb07bd2f-d453-4939-9058-5bb269e35711.jpg,Healthy
Healthy/N_456HealthPlants_original_HealthyL(10).jpg_ff69d302-b71f-4411-9fb8-e7c9795fe036.jpg,Healthy
Healthy/N_456HealthPlants_original_HealthyL(11).jpg_05b05c2c-3888-456c-b03a-6516ed9a1c6d.jpg,Healthy
Healthy/N_456HealthPlants_original_HealthyL(11).jpg_0fb225d5-b95a-4f49-b805-9cba3f729303.jpg,Healthy
Healthy/N_456HealthPlants_original_HealthyL(11).jpg_1f6e45d6-8be4-49d2-8ec1-7a3324a5aac3.jpg,Healthy
Healthy/N_456HealthPlants_original_HealthyL(11).jpg_3c21491c-a8d1-4f53-81a2-dab531ea5f9c.jpg,Healthy
Healthy/N_456HealthPlants_original_HealthyL(11).jpg_8c7bd708-be04-40ea-8e32-b6d0a475a732.jpg,Healthy
Healthy/N_456HealthPlants_original_HealthyL(11).jpg_92e84724-aac8-4417-aae5-45c73c022f33.jpg,Healthy
Healthy/N_456HealthPlants_original_HealthyL(11).jpg_92fdd530-2dce-457c-bc82-435e6e635c13.jpg,Healthy
Healthy/N_456HealthPlants_original_HealthyL(11).jpg_9c1c7881-43df-46eb-8afb-ccb6036a1709.jpg,Healthy
Healthy/N_456HealthPlants_original_HealthyL(11).jpg_a49b42be-1cfd-4f69-8370-2437e8237ea8.jpg,Healthy
Healthy/N_456HealthPlants_original_HealthyL(11).jpg_a7b4ad7c-4faa-4f98-ab4b-36ec2830f126.jpg,Healthy
Healthy/N_456HealthPlants_original_HealthyL(11).jpg_b1627b7d-630d-4e48-a9ef-d95973f46bb1.jpg,Healthy
Healthy/N_456HealthPlants_original_HealthyL(11).jpg_d9d68c73-9920-404e-9899-cb492a807645.jpg,Healthy
Healthy/N_456HealthPlants_original_HealthyL(11).jpg_e16ac982-13a1-4335-9b3b-6e9c158c1eee.jpg,Healthy
Healthy/N_456HealthPlants_original_HealthyL(11).jpg_ec2e2b0f-8142-4c2c-84a2-a8eea3d84108.jpg,Healthy
Healthy/N_456HealthPlants_original_HealthyL(11).jpg_f9e50240-0826-4065-ad05-c45c869f5438.jpg,Healthy
Healthy/N_456HealthPlants_original_HealthyL(12).jpg_37524b2c-be72-4aab-95e3-b8a90a0dd7ba.jpg,Healthy
Healthy/N_456HealthPlants_original_HealthyL(12).jpg_5d55eb4d-a06d-40b3-b8bd-39422788771c.jpg,Healthy
Healthy/N_456HealthPlants_original_HealthyL(12).jpg_700359ba-1aae-4666-a0bb-0feca26f4ff4.jpg,Healthy
Healthy/N_456HealthPlants_original_HealthyL(12).jpg_736fb626-5ffe-47c6-a864-4a907c910dcc.jpg,Healthy
Healthy/N_456HealthPlants_original_HealthyL(12).jpg_85cea814-0738-433f-88da-908f082b4985.jpg,Healthy
Healthy/N_456HealthPlants_original_HealthyL(12).jpg_8df1a994-5be2-41fa-83c1-c4314f768bfb.jpg,Healthy
Healthy/N_456HealthPlants_original_HealthyL(12).jpg_930f9f90-70a5-48fa-9ac0-2ed0f9222ebe.jpg,Healthy
Healthy/N_456HealthPlants_original_HealthyL(12).jpg_a5e23648-76dc-4246-844b-b31eb4f2517e.jpg,Healthy
Healthy/N_456HealthPlants_original_HealthyL(12).jpg_aa6df9ea-604a-4e5b-949e-428f86c7697c.jpg,Healthy
Healthy/N_456HealthPlants_original_HealthyL(12).jpg_b6a4c5d1-d669-4d98-8926-ebdff486ff4e.jpg,Healthy
Healthy/N_456HealthPlants_original_HealthyL(12).jpg_d45df4fb-6f3b-4331-87dc-227fab98722a.jpg,Healthy
Healthy/N_456HealthPlants_original_HealthyL(12).jpg_d4c547f8-e359-43d6-bb4b-b1958dd88361.jpg,Healthy
Healthy/N_456HealthPlants_original_HealthyL(12).jpg_d5b42447-5161-4d9d-b36c-fee18e371f7d.jpg,Healthy
Healthy/N_456HealthPlants_original_HealthyL(12).jpg_ff0d7c36-e191-4b71-a027-ca9ba6749a44.jpg,Healthy
Healthy/N_456HealthPlants_original_HealthyL(13).jpg_10868b59-7b84-4f56-b3ce-b8d4bd0ab7a0.jpg,Healthy
Healthy/N_456HealthPlants_original_HealthyL(13).jpg_1e2e1db4-1fe0-4416-9f47-3b5213771caa.jpg,Healthy
Healthy/N_456HealthPlants_original_HealthyL(13).jpg_25bf9565-f263-42ed-b2b0-51222b0ebd30.jpg,Healthy
Healthy/N_456HealthPlants_original_HealthyL(13).jpg_2d2fe264-bc0e-43b4-a57c-78f56be4223f.jpg,Healthy
Healthy/N_456HealthPlants_original_HealthyL(13).jpg_3048fc5c-5632-4c91-b4a6-6e2a651e124f.jpg,Healthy
Healthy/N_456HealthPlants_original_HealthyL(13).jpg_3bf5e9ed-8ef9-4aae-85f5-fd1fe1a0ef5a.jpg,Healthy
Healthy/N_456HealthPlants_original_HealthyL(13).jpg_62672bb7-56c9-49e4-8c5a-32b41b1c7103.jpg,Healthy
Healthy/N_456HealthPlants_original_HealthyL(13).jpg_64612fb7-021a-45ae-bf0c-3ef51b67faa9.jpg,Healthy
Healthy/N_456HealthPlants_original_HealthyL(13).jpg_71c311cc-0006-441d-abf1-7c144ac9b16d.jpg,Healthy
Healthy/N_456HealthPlants_original_HealthyL(13).jpg_7455498c-0069-48ff-96bb-cf7b41baedab.jpg,Healthy
Healthy/N_456HealthPlants_original_HealthyL(13).jpg_7cbdd54a-f039-4d1c-9fbf-e2a7794b5854.jpg,Healthy
Healthy/N_456HealthPlants_original_HealthyL(13).jpg_924c2fac-4d8a-4858-acaf-ae94df3b1377.jpg,Healthy
Healthy/N_456HealthPlants_original_HealthyL(13).jpg_92babe03-6538-4253-b051-6dc0904a3609.jpg,Healthy
Healthy/N_456HealthPlants_original_HealthyL(13).jpg_a15acfc1-4b49-4114-861a-df9ccc55aac9.jpg,Healthy
Healthy/N_456HealthPlants_original_HealthyL(13).jpg_a86f1588-1037-4264-af7e-eb8c53105566.jpg,Healthy
Healthy/N_456HealthPlants_original_HealthyL(13).jpg_dcc60c54-c150-41c2-aca9-d7255f9c54d7.jpg,Healthy
Healthy/N_456HealthPlants_original_HealthyL(14).jpg_158f0cee-2ea4-49b8-b482-a9c234f97776.jpg,Healthy
Healthy/N_456HealthPlants_original_HealthyL(14).jpg_164cddee-5b66-42ba-a7d0-822451f7ce16.jpg,Healthy
Healthy/N_456HealthPlants_original_HealthyL(14).jpg_18e87c80-8867-4b39-bea0-c5d09134aaad.jpg,Healthy
Healthy/N_456HealthPlants_original_HealthyL(14).jpg_2491a51a-e2df-46f3-b00e-24239526a2e6.jpg,Healthy
Healthy/N_456HealthPlants_original_HealthyL(14).jpg_299de32e-84f6-4146-8fbc-8de911727025.jpg,Healthy
Healthy/N_456HealthPlants_original_HealthyL(14).jpg_4ed56b15-397a-4df7-8680-577a9fab8194.jpg,Healthy
Healthy/N_456HealthPlants_original_HealthyL(14).jpg_505ae61e-0eaf-44e4-bacd-24310305654f.jpg,Healthy
Healthy/N_456HealthPlants_original_HealthyL(14).jpg_59509f75-b8a8-4a8f-b2b1-445a2ca5f153.jpg,Healthy
Healthy/N_456HealthPlants_original_HealthyL(14).jpg_59cfd43b-d74a-4cfd-875e-d683406f8563.jpg,Healthy
Healthy/N_456HealthPlants_original_HealthyL(14).jpg_7019aa8d-54ec-4130-8999-f9d9f1e71447.jpg,Healthy
Healthy/N_456HealthPlants_original_HealthyL(14).jpg_8be6012a-f5d6-443e-8d08-07af6fbdcc35.jpg,Healthy
Healthy/N_456HealthPlants_original_HealthyL(14).jpg_8cb6384b-9788-497c-8fde-df1b8e5c5d18.jpg,Healthy
Healthy/N_456HealthPlants_original_HealthyL(14).jpg_9b3b97a4-1535-460a-867d-e9df2d61c1b7.jpg,Healthy
Healthy/N_456HealthPlants_original_HealthyL(14).jpg_a20c26c0-c0c3-400e-9a4d-b52fd89ee588.jpg,Healthy
Healthy/N_456HealthPlants_original_HealthyL(14).jpg_a8b9b097-63d2-4e00-8c59-821bad20355d.jpg,Healthy
Healthy/N_456HealthPlants_original_HealthyL(14).jpg_a9f18869-c659-47e7-8d91-b0d7e52e7ff4.jpg,Healthy
Healthy/N_456HealthPlants_original_HealthyL(14).jpg_ba63c62e-b302-41ec-8a8b-f3c4105a3f2b.jpg,Healthy
Healthy/N_456HealthPlants_original_HealthyL(14).jpg_c32783fc-e6b4-448e-a715-a819f6a6b465.jpg,Healthy
Healthy/N_456HealthPlants_original_HealthyL(14).jpg_f0d373f4-74d2-4161-a2f3-abeff741f9c5.jpg,Healthy
Healthy/N_456HealthPlants_original_HealthyL(15).jpg_052d9be7-e057-45a9-b5e2-489e9bb44790.jpg,Healthy
Healthy/N_456HealthPlants_original_HealthyL(15).jpg_23f1d11e-cbca-49de-81a6-9defa2b91598.jpg,Healthy
Healthy/N_456HealthPlants_original_HealthyL(15).jpg_4ef99453-8ec1-46e4-a832-fee60a3015ad.jpg,Healthy
Healthy/N_456HealthPlants_original_HealthyL(15).jpg_5cad589c-164f-482f-a2f2-c68226afc40d.jpg,Healthy
Healthy/N_456HealthPlants_original_HealthyL(15).jpg_623777be-c642-4388-95eb-267d5c3b0baf.jpg,Healthy
Healthy/N_456HealthPlants_original_HealthyL(15).jpg_75c42a4f-00e1-4c75-8fbb-6983838e082f.jpg,Healthy
Healthy/N_456HealthPlants_original_HealthyL(15).jpg_7fdc47b5-0b9f-48fd-a043-07bcb9bfd55f.jpg,Healthy
Healthy/N_456HealthPlants_original_HealthyL(15).jpg_893b5fd5-7972-4745-9ae0-7d3136ed31d0.jpg,Healthy
Healthy/N_456HealthPlants_original_HealthyL(15).jpg_8a151b47-675c-4a1b-8f2c-6df0df88e9a7.jpg,Healthy
Healthy/N_456HealthPlants_original_HealthyL(15).jpg_c61d420d-2fb0-4a2e-b08c-8e12a23140bd.jpg,Healthy
Healthy/N_456HealthPlants_original_HealthyL(15).jpg_c6a0a1eb-0c54-4adc-b628-2d8b62543caa.jpg,Healthy
Healthy/N_456HealthPlants_original_HealthyL(15).jpg_cfcfe802-86e3-4811-b4bd-cd34df863567.jpg,Healthy
Healthy/N_456HealthPlants_original_HealthyL(15).jpg_d9136b2f-f2ee-4dcd-af20-0752c307e299.jpg,Healthy
Healthy/N_456HealthPlants_original_HealthyL(15).jpg_df2171c2-f8a8-4b8f-b916-9def619e1fd7.jpg,Healthy
Healthy/N_456HealthPlants_original_HealthyL(16).jpg_174d40b8-14b5-47d5-8327-3f936958d497.jpg,Healthy
Healthy/N_456HealthPlants_original_HealthyL(16).jpg_18cedcbf-3d4c-4a76-8f28-29fe5434f7a9.jpg,Healthy
Healthy/N_456HealthPlants_original_HealthyL(16).jpg_287f8874-b9a9-407a-9949-3e95f27e72d3.jpg,Healthy
Healthy/N_456HealthPlants_original_HealthyL(16).jpg_3e7b5d29-40ed-4ee5-af42-0eaed01899c9.jpg,Healthy
Healthy/N_456HealthPlants_original_HealthyL(16).jpg_41423313-be40-459d-baab-ea1179b9e686.jpg,Healthy
Healthy/N_456HealthPlants_original_HealthyL(16).jpg_4af76685-4ddc-4191-84c1-10ec0d47a54b.jpg,Healthy
Healthy/N_456HealthPlants_original_HealthyL(16).jpg_511c239b-f53d-4e1a-a917-d6f7726df96c.jpg,Healthy
Healthy/N_456HealthPlants_original_HealthyL(16).jpg_5538f4fd-f3c1-4c61-b72c-7a6f5f3d0583.jpg,Healthy
Healthy/N_456HealthPlants_original_HealthyL(16).jpg_5c29aef3-4f44-406d-adfe-952a09bb85ac.jpg,Healthy
Healthy/N_456HealthPlants_original_HealthyL(16).jpg_75f7c2fa-bacb-4b68-a418-361b043254b2.jpg,Healthy
Healthy/N_456HealthPlants_original_HealthyL(16).jpg_76fa9588-573b-4748-85db-7814c1e47af2.jpg,Healthy
Healthy/N_456HealthPlants_original_HealthyL(16).jpg_87bb9fe0-d075-40b9-b713-58704c3d5efa.jpg,Healthy
Healthy/N_456HealthPlants_original_HealthyL(16).jpg_96edfbd9-af25-45bf-b9c8-28a910125652.jpg,Healthy
Healthy/N_456HealthPlants_original_HealthyL(16).jpg_a0763e09-775e-4b6a-a629-1957df69d990.jpg,Healthy
Healthy/N_456HealthPlants_original_HealthyL(16).jpg_b937b1ff-7795-4123-ad82-0c39756cd3a5.jpg,Healthy
Healthy/N_456HealthPlants_original_HealthyL(16).jpg_cd2d3fb4-e1cb-4438-aeda-2cc2f7ee1987.jpg,Healthy
Healthy/N_456HealthPlants_original_HealthyL(16).jpg_d683cd19-456c-47b5-8858-be4559db9daa.jpg,Healthy
Healthy/N_456HealthPlants_original_HealthyL(16).jpg_e2421058-dab7-4cf8-9408-d4b04ff1c871.jpg,Healthy
Healthy/N_456HealthPlants_original_HealthyL(16).jpg_e2b3a0c6-cf86-4af0-859c-d48cb331f74a.jpg,Healthy
Healthy/N_456HealthPlants_original_HealthyL(17).jpg_02c786db-de9d-469d-b3e5-2f59880639ad.jpg,Healthy
Healthy/N_456HealthPlants_original_HealthyL(17).jpg_3558791c-b0c7-4052-ba51-fb7a0d4fc68f.jpg,Healthy
Healthy/N_456HealthPlants_original_HealthyL(17).jpg_441d8af8-72b4-49d8-9bea-0ab054821824.jpg,Healthy
Healthy/N_456HealthPlants_original_HealthyL(17).jpg_70a10e7f-607c-48f5-a80b-66b5526f4256.jpg,Healthy
Healthy/N_456HealthPlants_original_HealthyL(17).jpg_733e6ee7-4d56-44c8-ac97-f508cc47b3ea.jpg,Healthy
Healthy/N_456HealthPlants_original_HealthyL(17).jpg_7a8c4608-375a-4d6e-90ab-229ff8b6cd31.jpg,Healthy
Healthy/N_456HealthPlants_original_HealthyL(17).jpg_7dec31dd-2b6c-423f-a10e-354538fed154.jpg,Healthy
Healthy/N_456HealthPlants_original_HealthyL(17).jpg_7ef3ec71-1eb3-4bb3-9f35-364207488e7f.jpg,Healthy
Healthy/N_456HealthPlants_original_HealthyL(17).jpg_901fed90-62e3-49e2-b134-e21caafcabf6.jpg,Healthy
Healthy/N_456HealthPlants_original_HealthyL(17).jpg_9046695b-20b4-4277-9dea-b057d7e778d0.jpg,Healthy
Healthy/N_456HealthPlants_original_HealthyL(17).jpg_bacaff0d-5755-418b-827e-7af78a80a0b1.jpg,Healthy
Healthy/N_456HealthPlants_original_HealthyL(17).jpg_c6622926-bc66-4705-8ade-d88bba2666b2.jpg,Healthy
Healthy/N_456HealthPlants_original_HealthyL(17).jpg_d0f79ea2-2a76-447c-8c89-7f8cbf24c632.jpg,Healthy
Healthy/N_456HealthPlants_original_HealthyL(17).jpg_d7feba4b-0cb6-4690-b6ab-082febaab61e.jpg,Healthy
Healthy/N_456HealthPlants_original_HealthyL(17).jpg_fc5fb439-55ff-4d98-84d1-046121665967.jpg,Healthy
Healthy/N_456HealthPlants_original_HealthyL(18).jpg_0b0d0b91-7761-421d-a566-b6be351c4d12.jpg,Healthy
Healthy/N_456HealthPlants_original_HealthyL(18).jpg_30f8fafc-6342-40e1-afa4-191384e70d29.jpg,Healthy
Healthy/N_456HealthPlants_original_HealthyL(18).jpg_442ab723-1459-4be9-a928-f15b305cf382.jpg,Healthy
Healthy/N_456HealthPlants_original_HealthyL(18).jpg_45e8594b-ebe9-4588-a2bf-5189ba1c8da7.jpg,Healthy
Healthy/N_456HealthPlants_original_HealthyL(18).jpg_6ded2c46-4e53-4f91-84d8-66e10d77234e.jpg,Healthy
Healthy/N_456HealthPlants_original_HealthyL(18).jpg_850e852a-44ad-46ba-a08d-cc1afe3b9024.jpg,Healthy
Healthy/N_456HealthPlants_original_HealthyL(18).jpg_86f4eb00-d67f-4d00-b1ff-3c543f705499.jpg,Healthy
Healthy/N_456HealthPlants_original_HealthyL(18).jpg_8cfa81d4-0251-436f-86e7-8b20a6183ced.jpg,Healthy
Healthy/N_456HealthPlants_original_HealthyL(18).jpg_8cffe6de-427a-4fa7-a299-0a190919994d.jpg,Healthy
Healthy/N_456HealthPlants_original_HealthyL(18).jpg_ad752674-b966-477e-8732-9c9e6ce490f6.jpg,Healthy
Healthy/N_456HealthPlants_original_HealthyL(18).jpg_b55f4994-a820-4675-bd10-256e443609af.jpg,Healthy
Healthy/N_456HealthPlants_original_HealthyL(18).jpg_b877bba7-d4ed-4f4a-82c2-994633fa1050.jpg,Healthy
Healthy/N_456HealthPlants_original_HealthyL(18).jpg_c21e85e5-14e6-4a9f-b29f-807547e97744.jpg,Healthy
Healthy/N_456HealthPlants_original_HealthyL(18).jpg_e5882019-dc2b-4446-9bbf-dac5bd8f4c3c.jpg,Healthy
Healthy/N_456HealthPlants_original_HealthyL(18).jpg_ec3fe3f1-0670-457d-822a-1bab71f85c70.jpg,Healthy
Healthy/N_456HealthPlants_original_HealthyL(18).jpg_f612a606-714c-47a4-acf8-bb7231eb1d91.jpg,Healthy
Healthy/N_456HealthPlants_original_HealthyL(18).jpg_fd483371-e53a-478d-aacc-320982bafe01.jpg,Healthy
Healthy/N_456HealthPlants_original_HealthyL(19).jpg_0a152c1e-4fe0-4b59-b313-cab660fb50aa.jpg,Healthy
Healthy/N_456HealthPlants_original_HealthyL(19).jpg_1aafe02f-43e2-4f02-8b64-4216edbfbd7d.jpg,Healthy
Healthy/N_456HealthPlants_original_HealthyL(19).jpg_1f5005a5-18e5-4458-b10e-6516fb215026.jpg,Healthy
Healthy/N_456HealthPlants_original_HealthyL(19).jpg_2bcf3bee-52a7-4eaa-a985-802c6b9e0ee8.jpg,Healthy
Healthy/N_456HealthPlants_original_HealthyL(19).jpg_acde1aaf-1bc8-4b62-8f28-0a6eb84360de.jpg,Healthy
Healthy/N_456HealthPlants_original_HealthyL(19).jpg_ae7da487-afee-4d79-a181-67a670a13986.jpg,Healthy
Healthy/N_456HealthPlants_original_HealthyL(19).jpg_b006ff80-7a54-472a-a4fa-97429cd94bfa.jpg,Healthy
Healthy/N_456HealthPlants_original_HealthyL(19).jpg_c0da96be-8f2d-43cf-bb42-35a5142e46b7.jpg,Healthy
Healthy/N_456HealthPlants_original_HealthyL(19).jpg_c6f090b3-a24f-4df9-99da-d552ec96cbc2.jpg,Healthy
Healthy/N_456HealthPlants_original_HealthyL(19).jpg_ca030412-de1f-4f8c-a368-7bbae00bcd4e.jpg,Healthy
Healthy/N_456HealthPlants_original_HealthyL(19).jpg_fe836411-2542-4d4e-bf05-b5a242513579.jpg,Healthy
Healthy/N_456HealthPlants_original_HealthyL(2).jpg_04339391-07c9-4607-b808-caf85845d457.jpg,Healthy
Healthy/N_456HealthPlants_original_HealthyL(2).jpg_2881306e-0e57-484f-bb9d-2e95690d50c3.jpg,Healthy
Healthy/N_456HealthPlants_original_HealthyL(2).jpg_4cf31f6b-f5d2-47f0-9785-0a72a1173b8d.jpg,Healthy
Healthy/N_456HealthPlants_original_HealthyL(2).jpg_53ee37ae-9e3e-4023-ad5d-afb59f856df5.jpg,Healthy
Healthy/N_456HealthPlants_original_HealthyL(2).jpg_5b19cf79-0ea0-4369-b5cd-47f25d253f35.jpg,Healthy
Healthy/N_456HealthPlants_original_HealthyL(2).jpg_615a6476-5312-4cf0-94ac-5e955314d3af.jpg,Healthy
Healthy/N_456HealthPlants_original_HealthyL(2).jpg_8610fcd6-aa77-4d83-b63b-4a4dedc33c0d.jpg,Healthy
Healthy/N_456HealthPlants_original_HealthyL(2).jpg_90dc8de5-2900-4773-992e-b94f8d7ca2f0.jpg,Healthy
Healthy/N_456HealthPlants_original_HealthyL(2).jpg_94dbb266-218e-49e3-8a73-677207aa7373.jpg,Healthy
Healthy/N_456HealthPlants_original_HealthyL(2).jpg_95b23a64-c0e2-4ff3-a5dc-ad2f14ed0d56.jpg,Healthy
Healthy/N_456HealthPlants_original_HealthyL(2).jpg_a3b28883-2bdc-4bcf-a362-8e5f58b40dfa.jpg,Healthy
Healthy/N_456HealthPlants_original_HealthyL(2).jpg_a74a2409-e9f6-48da-979c-42be66c39cf9.jpg,Healthy
Healthy/N_456HealthPlants_original_HealthyL(2).jpg_ab607527-c386-4fbc-b192-3de6827cc7c2.jpg,Healthy
Healthy/N_456HealthPlants_original_HealthyL(2).jpg_b7994f38-76f6-41ee-ae36-48d3736c2378.jpg,Healthy
Healthy/N_456HealthPlants_original_HealthyL(2).jpg_b8e4391a-ea7e-40e4-a93b-aae7343b93fa.jpg,Healthy
Healthy/N_456HealthPlants_original_HealthyL(2).jpg_fba14aaa-7d58-4f05-ac07-76ca8db45171.jpg,Healthy
Healthy/N_456HealthPlants_original_HealthyL(20).jpg_0d48ff9d-4f1d-4164-849a-36864b1362cf.jpg,Healthy
Healthy/N_456HealthPlants_original_HealthyL(20).jpg_328b13b0-6e48-43ae-a325-93fe79fe87db.jpg,Healthy
Healthy/N_456HealthPlants_original_HealthyL(20).jpg_4c4bacbe-c2bf-48ea-9b33-b153be34f017.jpg,Healthy
Healthy/N_456HealthPlants_original_HealthyL(20).jpg_56c9c927-ee2f-4855-8765-e7ba60c32722.jpg,Healthy
Healthy/N_456HealthPlants_original_HealthyL(20).jpg_719488ed-ee47-4477-8209-e44ee6875ac6.jpg,Healthy
Healthy/N_456HealthPlants_original_HealthyL(20).jpg_80eac468-92d6-4f54-801c-9e6fa9ac32db.jpg,Healthy
Healthy/N_456HealthPlants_original_HealthyL(20).jpg_9a74dec8-6fae-4af3-b4c2-083775a6b344.jpg,Healthy
Healthy/N_456HealthPlants_original_HealthyL(20).jpg_af9de3b2-5a6f-432b-bb97-b50112b5e467.jpg,Healthy
Healthy/N_456HealthPlants_original_HealthyL(20).jpg_b720df4d-0655-43fd-9df9-b559665fefe5.jpg,Healthy
Healthy/N_456HealthPlants_original_HealthyL(20).jpg_c25c4b3e-2819-4fc8-b9f8-3d6731975507.jpg,Healthy
Healthy/N_456HealthPlants_original_HealthyL(20).jpg_c2969197-c0f0-4c79-81d8-f925432f2c89.jpg,Healthy
Healthy/N_456HealthPlants_original_HealthyL(20).jpg_e623fcb6-196b-4be9-8817-0871d0211707.jpg,Healthy
Healthy/N_456HealthPlants_original_HealthyL(21).jpg_0cb58008-fe69-4b33-ba22-6a35cee223bd.jpg,Healthy
Healthy/N_456HealthPlants_original_HealthyL(21).jpg_268918ab-0a56-45f4-af32-27662e787f73.jpg,Healthy
Healthy/N_456HealthPlants_original_HealthyL(21).jpg_3797f32b-b808-4f4a-b1e5-1aad208ced61.jpg,Healthy
Healthy/N_456HealthPlants_original_HealthyL(21).jpg_4c465b10-48ff-4eeb-9e07-b27269c27732.jpg,Healthy
Healthy/N_456HealthPlants_original_HealthyL(21).jpg_8609846d-5a7b-46e0-8438-8422f07c8762.jpg,Healthy
Healthy/N_456HealthPlants_original_HealthyL(21).jpg_8cc2a5b6-2b8d-45ff-8848-cf123c432a05.jpg,Healthy
Healthy/N_456HealthPlants_original_HealthyL(21).jpg_9139c182-eb9e-4429-b904-56db97b65d3c.jpg,Healthy
Healthy/N_456HealthPlants_original_HealthyL(21).jpg_97e55c7e-ce19-4061-8724-900c760073d3.jpg,Healthy
Healthy/N_456HealthPlants_original_HealthyL(21).jpg_a55b4ab5-7b63-4fae-b03c-a2ae1d5c871b.jpg,Healthy
Healthy/N_456HealthPlants_original_HealthyL(21).jpg_bc6a88a7-6079-4b1c-af1e-9d7cd6d8a32c.jpg,Healthy
Healthy/N_456HealthPlants_original_HealthyL(21).jpg_cf6c7ba6-4118-4c32-8b76-87d1b2ded212.jpg,Healthy
Healthy/N_456HealthPlants_original_HealthyL(21).jpg_d48b7a7a-13c0-45f5-9eb7-460593aa69c5.jpg,Healthy
Healthy/N_456HealthPlants_original_HealthyL(21).jpg_ea72872a-d1b1-46bd-8feb-d6fc4410d7e9.jpg,Healthy
Healthy/N_456HealthPlants_original_HealthyL(21).jpg_f3a1dfca-7488-4367-8cbf-70e507d44041.jpg,Healthy
Healthy/N_456HealthPlants_original_HealthyL(21).jpg_f3f636f3-4a61-4301-a658-0ad025519dcc.jpg,Healthy
Healthy/N_456HealthPlants_original_HealthyL(21).jpg_f80364dd-914c-49d0-8faf-ce021d14e764.jpg,Healthy
Healthy/N_456HealthPlants_original_HealthyL(22).jpg_29cad6bf-dd25-4ad7-8a7b-1b9082d093c2.jpg,Healthy
Healthy/N_456HealthPlants_original_HealthyL(22).jpg_374e5363-6bb9-457b-bdaf-cc29c8bcc487.jpg,Healthy
Healthy/N_456HealthPlants_original_HealthyL(22).jpg_70bea076-ebfd-4bc6-9337-e728911e9821.jpg,Healthy
Healthy/N_456HealthPlants_original_HealthyL(22).jpg_71f8a21f-1770-49e7-9c82-f027552d7e72.jpg,Healthy
Healthy/N_456HealthPlants_original_HealthyL(22).jpg_c4158514-7ecf-4438-885a-e1322be8b66d.jpg,Healthy
Healthy/N_456HealthPlants_original_HealthyL(22).jpg_d58fe8a7-6ac4-454b-af0a-8dbab2aa3c0f.jpg,Healthy
Healthy/N_456HealthPlants_original_HealthyL(22).jpg_e27ba395-202f-49c0-8438-de7f7ac6d370.jpg,Healthy
Healthy/N_456HealthPlants_original_HealthyL(22).jpg_faad433f-d003-4d14-98d2-672e4acbd241.jpg,Healthy
Healthy/N_456HealthPlants_original_HealthyL(22).jpg_fc706039-81f5-4b65-94db-44ad68b4707b.jpg,Healthy
Healthy/N_456HealthPlants_original_HealthyL(23).jpg_0ff1b427-8fc0-4a5c-a6ab-fbaebcb50619.jpg,Healthy
Healthy/N_456HealthPlants_original_HealthyL(23).jpg_292375b4-e3ab-459e-b354-0bbde62b570e.jpg,Healthy
Healthy/N_456HealthPlants_original_HealthyL(23).jpg_2fbad1fb-3ecf-464d-9887-f9694d492e06.jpg,Healthy
Healthy/N_456HealthPlants_original_HealthyL(23).jpg_31f67de7-f923-4c1f-b4c3-3d6e798d5092.jpg,Healthy
Healthy/N_456HealthPlants_original_HealthyL(23).jpg_6085812e-4766-4f78-a095-5d47b0fa68a4.jpg,Healthy
Healthy/N_456HealthPlants_original_HealthyL(23).jpg_6596d9f4-984d-429d-894d-647ff448fd15.jpg,Healthy
Healthy/N_456HealthPlants_original_HealthyL(23).jpg_70693458-8545-47ee-8c4e-e9f843c92389.jpg,Healthy
Healthy/N_456HealthPlants_original_HealthyL(23).jpg_74ac3ce9-fa43-4a6e-9eae-0eaeb20eaf18.jpg,Healthy
Healthy/N_456HealthPlants_original_HealthyL(23).jpg_7949086c-58a9-4c56-9417-73ef8d9739af.jpg,Healthy
Healthy/N_456HealthPlants_original_HealthyL(23).jpg_ad7572fe-ef0e-47e5-aed2-c966b2fba478.jpg,Healthy
Healthy/N_456HealthPlants_original_HealthyL(23).jpg_b4718451-9095-4bfa-a032-8d47e1e7460b.jpg,Healthy
Healthy/N_456HealthPlants_original_HealthyL(23).jpg_bd5d51b9-d1de-469a-9890-df7d07f94e73.jpg,Healthy
Healthy/N_456HealthPlants_original_HealthyL(23).jpg_c1e8e3fc-4ee6-4345-b080-1dad0e49a1a5.jpg,Healthy
Healthy/N_456HealthPlants_original_HealthyL(23).jpg_ca38f1a7-c8a1-4432-99f0-099e03b231d0.jpg,Healthy
Healthy/N_456HealthPlants_original_HealthyL(24).jpg_0289b097-740f-4bde-b176-191c9b569af7.jpg,Healthy
Healthy/N_456HealthPlants_original_HealthyL(24).jpg_2e0c4835-c913-403e-83ba-2d45f3c4175b.jpg,Healthy
Healthy/N_456HealthPlants_original_HealthyL(24).jpg_3ba364f3-3929-46fb-92c3-658a2fe7a9ee.jpg,Healthy
Healthy/N_456HealthPlants_original_HealthyL(24).jpg_3d993539-145e-4426-a26c-ae30a7384104.jpg,Healthy
Healthy/N_456HealthPlants_original_HealthyL(24).jpg_4501c212-5f9c-487c-9358-80be15cfe9c9.jpg,Healthy
Healthy/N_456HealthPlants_original_HealthyL(24).jpg_67d7a709-2ed8-4326-bad7-78fc55d22d16.jpg,Healthy
Healthy/N_456HealthPlants_original_HealthyL(24).jpg_6c5c4897-22fb-4f4f-b61f-40a05059356e.jpg,Healthy
Healthy/N_456HealthPlants_original_HealthyL(24).jpg_7d9d8427-bc39-42f9-b67b-f9825b2c07f9.jpg,Healthy
Healthy/N_456HealthPlants_original_HealthyL(24).jpg_9c5d7c41-e4ce-477c-a580-e41b238b2183.jpg,Healthy
Healthy/N_456HealthPlants_original_HealthyL(24).jpg_f1c5895e-443a-49a3-940e-bff45e7c7704.jpg,Healthy
Healthy/N_456HealthPlants_original_HealthyL(25).jpg_07a17cec-1d87-4736-b990-8f1934877760.jpg,Healthy
Healthy/N_456HealthPlants_original_HealthyL(25).jpg_1852c88e-5527-4ac8-b561-141e4da389ac.jpg,Healthy
Healthy/N_456HealthPlants_original_HealthyL(25).jpg_20999e1d-9e9a-4902-aa4f-69761a2b7079.jpg,Healthy
Healthy/N_456HealthPlants_original_HealthyL(25).jpg_284f2ec7-01d1-4aea-9c1a-d0e15780e7e9.jpg,Healthy
Healthy/N_456HealthPlants_original_HealthyL(25).jpg_39f9a231-d31f-4a8e-a735-4457a5300e01.jpg,Healthy
Healthy/N_456HealthPlants_original_HealthyL(25).jpg_83a8f1f2-2e2e-4492-9873-b53f81773a6d.jpg,Healthy
Healthy/N_456HealthPlants_original_HealthyL(25).jpg_99854985-a05a-4a97-a1f2-1ece3ec9a01e.jpg,Healthy
Healthy/N_456HealthPlants_original_HealthyL(25).jpg_9ae81248-2a34-4287-bcc8-01ad46ac3cc2.jpg,Healthy
Healthy/N_456HealthPlants_original_HealthyL(25).jpg_aafe0317-a367-494c-b163-ef6108a5fb45.jpg,Healthy
Healthy/N_456HealthPlants_original_HealthyL(25).jpg_d39d1bb5-dd30-45cb-afe6-0cca3897561f.jpg,Healthy
Healthy/N_456HealthPlants_original_HealthyL(25).jpg_eabe21ee-b5ec-440d-aff8-c0d365c35d0e.jpg,Healthy
Healthy/N_456HealthPlants_original_HealthyL(26).jpg_02d16a9c-5687-4614-a25c-a823b9ac6b29.jpg,Healthy
Healthy/N_456HealthPlants_original_HealthyL(26).jpg_05e1630a-94c4-432e-a67d-7ac826ee86d9.jpg,Healthy
Healthy/N_456HealthPlants_original_HealthyL(26).jpg_168f60b2-9a47-4cba-b8b0-b3b50a6b83cd.jpg,Healthy
Healthy/N_456HealthPlants_original_HealthyL(26).jpg_2dabb502-6fe5-4e43-9085-e87078539ac7.jpg,Healthy
Healthy/N_456HealthPlants_original_HealthyL(26).jpg_4295c3e0-f4c1-4457-87ff-1485d82fe78e.jpg,Healthy
Healthy/N_456HealthPlants_original_HealthyL(26).jpg_4d68f261-563b-455d-ada0-1a45bded2e24.jpg,Healthy
Healthy/N_456HealthPlants_original_HealthyL(26).jpg_52b7b65d-a6e5-4a39-862e-79c93f2d6984.jpg,Healthy
Healthy/N_456HealthPlants_original_HealthyL(26).jpg_6c5c5d19-74c8-42c7-85f7-82ea5437a982.jpg,Healthy
Healthy/N_456HealthPlants_original_HealthyL(26).jpg_87388d77-dc08-4f06-ba2d-71bf1a6b8056.jpg,Healthy
Healthy/N_456HealthPlants_original_HealthyL(26).jpg_93ad6f25-2d48-4e22-9e68-992828cdb44c.jpg,Healthy
Healthy/N_456HealthPlants_original_HealthyL(26).jpg_96f17303-3656-4baa-87b9-15692e102db6.jpg,Healthy
Healthy/N_456HealthPlants_original_HealthyL(26).jpg_a8361750-2c22-48a0-a23c-a4168e157696.jpg,Healthy
Healthy/N_456HealthPlants_original_HealthyL(26).jpg_aed50725-616e-4b4d-80e8-9d124a4ec8c5.jpg,Healthy
Healthy/N_456HealthPlants_original_HealthyL(26).jpg_c105567c-d316-4b4b-a8ad-0d8c167dedae.jpg,Healthy
Healthy/N_456HealthPlants_original_HealthyL(26).jpg_c53aebae-8859-4777-b701-bf3412c5a6f6.jpg,Healthy
Healthy/N_456HealthPlants_original_HealthyL(26).jpg_c7e9bb0f-13dc-4d87-92e1-be26c5c96b09.jpg,Healthy
Healthy/N_456HealthPlants_original_HealthyL(26).jpg_c9928d37-8ab0-4816-a1d7-0e948e34deae.jpg,Healthy
Healthy/N_456HealthPlants_original_HealthyL(26).jpg_ca701c47-9066-4a0b-9d56-0069dd7d4a88.jpg,Healthy
Healthy/N_456HealthPlants_original_HealthyL(26).jpg_ca9dc5ce-072a-4472-b544-b91fc172253c.jpg,Healthy
Healthy/N_456HealthPlants_original_HealthyL(26).jpg_e8f2c3a7-eddb-4588-a4fc-865f4443d509.jpg,Healthy
Healthy/N_456HealthPlants_original_HealthyL(26).jpg_ea3eab37-2158-4105-a11c-950fffa710cb.jpg,Healthy
Healthy/N_456HealthPlants_original_HealthyL(26).jpg_eccf92c8-9827-4ba6-b52c-5ea97ff543fc.jpg,Healthy
Healthy/N_456HealthPlants_original_HealthyL(26).jpg_f9ed5477-014e-4123-b58f-fdb91cdf9915.jpg,Healthy
Healthy/N_456HealthPlants_original_HealthyL(27).jpg_126d3bc9-708f-4b00-bf37-ab0c2eedc8f9.jpg,Healthy
Healthy/N_456HealthPlants_original_HealthyL(27).jpg_164b7cc7-a276-478d-be33-40df68fb2f0d.jpg,Healthy
Healthy/N_456HealthPlants_original_HealthyL(27).jpg_3062d4a1-2732-447b-b1e4-a67f0bbc4090.jpg,Healthy
Healthy/N_456HealthPlants_original_HealthyL(27).jpg_364c468e-99d0-4752-9645-f360da1ad273.jpg,Healthy
Healthy/N_456HealthPlants_original_HealthyL(27).jpg_3fe85ad4-ab64-4a90-a07b-445d49cfae6e.jpg,Healthy
Healthy/N_456HealthPlants_original_HealthyL(27).jpg_48c50514-028c-4717-83ea-357ce7484c36.jpg,Healthy
Healthy/N_456HealthPlants_original_HealthyL(27).jpg_5e55a88b-0247-43ff-ae4d-976b75072ce1.jpg,Healthy
Healthy/N_456HealthPlants_original_HealthyL(27).jpg_6a88b131-ae9a-4551-8730-61edd0660b16.jpg,Healthy
Healthy/N_456HealthPlants_original_HealthyL(27).jpg_75058ea0-de2d-4291-8844-a478b759d219.jpg,Healthy
Healthy/N_456HealthPlants_original_HealthyL(27).jpg_9cbf1702-7808-4808-a7a5-665066a61604.jpg,Healthy
Healthy/N_456HealthPlants_original_HealthyL(27).jpg_aae8f5dd-1412-480b-aedb-f0f92d3285ef.jpg,Healthy
Healthy/N_456HealthPlants_original_HealthyL(27).jpg_bbeee1cc-f115-4846-ae1f-01cfb3e5f6ac.jpg,Healthy
Healthy/N_456HealthPlants_original_HealthyL(27).jpg_c12fcc1d-6152-47dc-b791-b7db819df6dd.jpg,Healthy
Healthy/N_456HealthPlants_original_HealthyL(27).jpg_c74c4997-9afb-470d-b001-8694da99c139.jpg,Healthy
Healthy/N_456HealthPlants_original_HealthyL(27).jpg_d4542ec4-81a3-491f-bbd8-053928d087ed.jpg,Healthy
Healthy/N_456HealthPlants_original_HealthyL(27).jpg_ddbd07a5-d3c0-4f0b-8607-394096bc1032.jpg,Healthy
Healthy/N_456HealthPlants_original_HealthyL(27).jpg_e83f823c-8d7f-4814-88c3-306d3b97e99b.jpg,Healthy
Healthy/N_456HealthPlants_original_HealthyL(28).jpg_00dc9666-019c-42eb-810b-17273dc7e647.jpg,Healthy
Healthy/N_456HealthPlants_original_HealthyL(28).jpg_027d4483-325a-473e-8baf-612279e4931b.jpg,Healthy
Healthy/N_456HealthPlants_original_HealthyL(28).jpg_505f8a30-e6ec-4c5c-8e3e-8ee56936c602.jpg,Healthy
Healthy/N_456HealthPlants_original_HealthyL(28).jpg_64026500-eed3-4b89-8b3b-696c4f5e1b14.jpg,Healthy
Healthy/N_456HealthPlants_original_HealthyL(28).jpg_64e134f9-5636-4e2c-b6d2-864cf096f39f.jpg,Healthy
Healthy/N_456HealthPlants_original_HealthyL(28).jpg_791b6482-1d55-45bb-978d-880bbef56a0e.jpg,Healthy
Healthy/N_456HealthPlants_original_HealthyL(28).jpg_850fc5d1-9d54-4932-b75e-bb3c299abe72.jpg,Healthy
Healthy/N_456HealthPlants_original_HealthyL(28).jpg_fa0e0d13-e9d5-40c3-8fb9-fd30d05bbc18.jpg,Healthy
Healthy/N_456HealthPlants_original_HealthyL(29).jpg_0d3ce4cc-9815-41eb-bb92-a69836e0d7e9.jpg,Healthy
Healthy/N_456HealthPlants_original_HealthyL(29).jpg_32f260ac-eba3-4d80-91b3-10ed619f9087.jpg,Healthy
Healthy/N_456HealthPlants_original_HealthyL(29).jpg_4f39f8f2-54ad-403b-b186-204093b1bb15.jpg,Healthy
Healthy/N_456HealthPlants_original_HealthyL(29).jpg_4f3fbfd6-4d8b-4b0f-b97e-27471826448b.jpg,Healthy
Healthy/N_456HealthPlants_original_HealthyL(29).jpg_52ec6eb4-2a66-4497-b88f-3c5d6571c08e.jpg,Healthy
Healthy/N_456HealthPlants_original_HealthyL(29).jpg_64336020-d706-433a-bb9b-8a1935f33182.jpg,Healthy
Healthy/N_456HealthPlants_original_HealthyL(29).jpg_71560356-8bd3-439a-8f4a-1df644856bd8.jpg,Healthy
Healthy/N_456HealthPlants_original_HealthyL(29).jpg_739a2a47-180f-4c10-9c6a-370c3498dc49.jpg,Healthy
Healthy/N_456HealthPlants_original_HealthyL(29).jpg_8df53b28-df8a-4b09-88d3-a7b4fcbeeed1.jpg,Healthy
Healthy/N_456HealthPlants_original_HealthyL(29).jpg_97fa83cd-9fa1-4d7c-bcad-82545da96e76.jpg,Healthy
Healthy/N_456HealthPlants_original_HealthyL(29).jpg_abbddb5f-c6e8-40aa-b0ac-a12fb789aa18.jpg,Healthy
Healthy/N_456HealthPlants_original_HealthyL(29).jpg_bb04bc61-6dcb-44ef-9d57-fc01493bd0ba.jpg,Healthy
Healthy/N_456HealthPlants_original_HealthyL(29).jpg_d39e074e-2f8b-42aa-a213-695b4a48d81a.jpg,Healthy
Healthy/N_456HealthPlants_original_HealthyL(29).jpg_faafcf43-c1e2-4bf7-987b-899a7b7ae183.jpg,Healthy
Healthy/N_456HealthPlants_original_HealthyL(29).jpg_fd817aac-3df8-4cb6-b50d-98df054f40b0.jpg,Healthy
Healthy/N_456HealthPlants_original_HealthyL(3).jpg_0458fc0a-57e1-4b0b-84ba-ae9feac5c6c4.jpg,Healthy
Healthy/N_456HealthPlants_original_HealthyL(3).jpg_072a985d-87ff-42ee-94d8-83fc563310d8.jpg,Healthy
Healthy/N_456HealthPlants_original_HealthyL(3).jpg_103e7735-f1ee-4633-8403-dd674e9d36fc.jpg,Healthy
Healthy/N_456HealthPlants_original_HealthyL(3).jpg_24802dcd-b9a9-42fe-9a3a-87a1531fb604.jpg,Healthy
Healthy/N_456HealthPlants_original_HealthyL(3).jpg_2788a64a-5dff-468f-9920-7507f5cf2be6.jpg,Healthy
Healthy/N_456HealthPlants_original_HealthyL(3).jpg_41eab198-6fec-4365-98a4-c55e3057a1f6.jpg,Healthy
Healthy/N_456HealthPlants_original_HealthyL(3).jpg_48165e15-eb8f-419b-87f8-a3100703b8f2.jpg,Healthy
Healthy/N_456HealthPlants_original_HealthyL(3).jpg_61966c83-0fae-4115-9b7c-2da3516d176a.jpg,Healthy
Healthy/N_456HealthPlants_original_HealthyL(3).jpg_70ad3ff7-06da-4173-af0d-3289b0fdc187.jpg,Healthy
Healthy/N_456HealthPlants_original_HealthyL(3).jpg_8bd44bf4-f3b1-4859-bb1d-f2e69d658116.jpg,Healthy
Healthy/N_456HealthPlants_original_HealthyL(3).jpg_bb3cbd86-758e-4981-bdbb-9ff45c0c9a57.jpg,Healthy
Healthy/N_456HealthPlants_original_HealthyL(3).jpg_c7f483bd-7f76-42be-8e8a-94957134f4b9.jpg,Healthy
Healthy/N_456HealthPlants_original_HealthyL(3).jpg_da8ef617-c315-4005-94c9-bd497058f513.jpg,Healthy
Healthy/N_456HealthPlants_original_HealthyL(3).jpg_e9fb3409-6dca-420e-bbce-a8bd750ca4e9.jpg,Healthy
Healthy/N_456HealthPlants_original_HealthyL(3).jpg_fe12ae0b-26ea-49bc-92fb-6d5ea44e8bda.jpg,Healthy
Healthy/N_456HealthPlants_original_HealthyL(30).jpg_25f7309a-dfbd-42ff-9e6f-4c796c0c42f7.jpg,Healthy
Healthy/N_456HealthPlants_original_HealthyL(30).jpg_30a05e6b-c27e-4a92-af01-58f59c6f990b.jpg,Healthy
Healthy/N_456HealthPlants_original_HealthyL(30).jpg_3d448f39-4e9a-4210-8f23-39ee8c3011b9.jpg,Healthy
Healthy/N_456HealthPlants_original_HealthyL(30).jpg_3fd6fe75-fca9-4e34-9110-e49c8de2fc61.jpg,Healthy
Healthy/N_456HealthPlants_original_HealthyL(30).jpg_8b935350-6095-4796-99c2-3e5bdd4f6757.jpg,Healthy
Healthy/N_456HealthPlants_original_HealthyL(30).jpg_8c793231-807c-4ea1-816b-ada7b06ade2f.jpg,Healthy
Healthy/N_456HealthPlants_original_HealthyL(30).jpg_b490f03a-25eb-45a4-8a27-351b74752341.jpg,Healthy
Healthy/N_456HealthPlants_original_HealthyL(30).jpg_c071b170-53cf-4318-92df-477bbb584640.jpg,Healthy
Healthy/N_456HealthPlants_original_HealthyL(30).jpg_c66564f7-3a0f-4cd8-bcc5-57ba31df3564.jpg,Healthy
Healthy/N_456HealthPlants_original_HealthyL(30).jpg_d80a6dc9-6d89-416c-94be-6d3d611700e9.jpg,Healthy
Healthy/N_456HealthPlants_original_HealthyL(30).jpg_e681c903-7746-423e-bcf0-24ae777ea417.jpg,Healthy
Healthy/N_456HealthPlants_original_HealthyL(31).jpg_057e789d-4adc-4b69-a3e4-16f46a1a0d92.jpg,Healthy
Healthy/N_456HealthPlants_original_HealthyL(31).jpg_396b8e62-b5e7-4ff6-b243-15bb70536b5a.jpg,Healthy
Healthy/N_456HealthPlants_original_HealthyL(31).jpg_67bb7156-6208-4c38-b9cd-88750ee0d80a.jpg,Healthy
Healthy/N_456HealthPlants_original_HealthyL(31).jpg_6dc8cfe1-d136-4beb-ac3a-c7fa616673d7.jpg,Healthy
Healthy/N_456HealthPlants_original_HealthyL(31).jpg_86811b51-0c87-4672-a075-ea17e54f132c.jpg,Healthy
Healthy/N_456HealthPlants_original_HealthyL(31).jpg_a64ad117-a74a-43c4-b672-cb4b92793000.jpg,Healthy
Healthy/N_456HealthPlants_original_HealthyL(31).jpg_d77c7193-a9d2-4ba0-b7ab-50b41a86ac36.jpg,Healthy
Healthy/N_456HealthPlants_original_HealthyL(31).jpg_dfedef62-8675-4a89-ae23-df3687743182.jpg,Healthy
Healthy/N_456HealthPlants_original_HealthyL(31).jpg_ecbe9484-20c1-48e6-ba76-b78a6b45251b.jpg,Healthy
Healthy/N_456HealthPlants_original_HealthyL(32).jpg_25830ae7-a6bc-435b-90c3-f491a4a7d625.jpg,Healthy
Healthy/N_456HealthPlants_original_HealthyL(32).jpg_2badf21e-bad3-4b73-9c19-350d2e776570.jpg,Healthy
Healthy/N_456HealthPlants_original_HealthyL(32).jpg_4f6cbd72-f299-4570-a063-339b9f035de2.jpg,Healthy
Healthy/N_456HealthPlants_original_HealthyL(32).jpg_6bf724ad-a376-4795-a552-2a912da68765.jpg,Healthy
Healthy/N_456HealthPlants_original_HealthyL(32).jpg_7e0b778e-6565-4ca6-aaa1-596f829755fb.jpg,Healthy
Healthy/N_456HealthPlants_original_HealthyL(32).jpg_8fb2d655-af5d-4f12-868b-5e4151a0952c.jpg,Healthy
Healthy/N_456HealthPlants_original_HealthyL(32).jpg_96ac0d4a-b17e-4367-b9cf-ef539cba0d80.jpg,Healthy
Healthy/N_456HealthPlants_original_HealthyL(32).jpg_abab4cc2-ea2b-4e44-87ed-7c23d01d2e5a.jpg,Healthy
Healthy/N_456HealthPlants_original_HealthyL(32).jpg_b62e55cc-a491-4a04-91b8-98e66847af1d.jpg,Healthy
Healthy/N_456HealthPlants_original_HealthyL(32).jpg_c858e27d-0371-4cef-adb2-196aa62ada8e.jpg,Healthy
Healthy/N_456HealthPlants_original_HealthyL(32).jpg_d69c419b-09ea-433c-ba00-3f1acc636d15.jpg,Healthy
Healthy/N_456HealthPlants_original_HealthyL(32).jpg_e3253c8a-7eee-4172-903e-0c0400c1f224.jpg,Healthy
Healthy/N_456HealthPlants_original_HealthyL(33).jpg_06c0db49-be64-4142-b8dc-ea2e76ccc7ea.jpg,Healthy
Healthy/N_456HealthPlants_original_HealthyL(33).jpg_16816e9e-165c-4366-9c7e-c0da844ff0d1.jpg,Healthy
Healthy/N_456HealthPlants_original_HealthyL(33).jpg_1f975732-1f77-438a-b4dc-8be3a34bdeb6.jpg,Healthy
Healthy/N_456HealthPlants_original_HealthyL(33).jpg_2ed20c44-ce9f-429f-9cf3-be90af81b536.jpg,Healthy
Healthy/N_456HealthPlants_original_HealthyL(33).jpg_39c8b0c7-7774-4874-b4a2-0b1ce1ed7bfe.jpg,Healthy
Healthy/N_456HealthPlants_original_HealthyL(33).jpg_9e818f34-5912-4a17-b17b-d4d4f176b09a.jpg,Healthy
Healthy/N_456HealthPlants_original_HealthyL(33).jpg_a72f1476-b691-4fb5-a318-3687ab4eef93.jpg,Healthy
Healthy/N_456HealthPlants_original_HealthyL(33).jpg_a77f90c6-3d13-492b-a3e2-63be5cd1dbe4.jpg,Healthy
Healthy/N_456HealthPlants_original_HealthyL(33).jpg_a8771881-bcdd-42fc-a02f-d8683ad77f2f.jpg,Healthy
Healthy/N_456HealthPlants_original_HealthyL(33).jpg_b7676bfb-34c9-4468-afd1-13f5f951de17.jpg,Healthy
Healthy/N_456HealthPlants_original_HealthyL(34).jpg_0f677630-8927-4ee9-99a8-77b83d99e610.jpg,Healthy
Healthy/N_456HealthPlants_original_HealthyL(34).jpg_2dbbf06d-bce5-4eeb-ab35-5a613d1e3d7c.jpg,Healthy
Healthy/N_456HealthPlants_original_HealthyL(34).jpg_315f7363-7516-4255-b187-42f1c4300250.jpg,Healthy
Healthy/N_456HealthPlants_original_HealthyL(34).jpg_58a28da0-febb-471b-9a4a-38c5c053cdf0.jpg,Healthy
Healthy/N_456HealthPlants_original_HealthyL(34).jpg_60330ab2-1f1c-427f-b54d-c5a6c7b52643.jpg,Healthy
Healthy/N_456HealthPlants_original_HealthyL(34).jpg_63858249-92b4-4cba-aa48-ab35cf1bb89b.jpg,Healthy
Healthy/N_456HealthPlants_original_HealthyL(34).jpg_70db2f5d-7237-44bb-9826-079ab8219de3.jpg,Healthy
Healthy/N_456HealthPlants_original_HealthyL(34).jpg_a3b7878b-8578-494e-a497-654cd9bd9ef4.jpg,Healthy
Healthy/N_456HealthPlants_original_HealthyL(34).jpg_a53fb8bb-1d9a-474e-8fda-30d9b0202d50.jpg,Healthy
Healthy/N_456HealthPlants_original_HealthyL(34).jpg_a56de637-123d-4083-8293-4365b07b4ae0.jpg,Healthy
Healthy/N_456HealthPlants_original_HealthyL(34).jpg_aba70fd8-f844-45cd-b441-68e1ca521b11.jpg,Healthy
Healthy/N_456HealthPlants_original_HealthyL(34).jpg_d0167315-82f8-487f-8410-aa8abb08c823.jpg,Healthy
Healthy/N_456HealthPlants_original_HealthyL(35).jpg_24633f50-48e5-42b3-8325-be47f7ca58fb.jpg,Healthy
Healthy/N_456HealthPlants_original_HealthyL(35).jpg_49fec8e5-f9b4-46df-8c6b-cf865e94ecb5.jpg,Healthy
Healthy/N_456HealthPlants_original_HealthyL(35).jpg_64822c9d-0430-4c42-9daa-9cf4bb452dc2.jpg,Healthy
Healthy/N_456HealthPlants_original_HealthyL(35).jpg_773567d3-a631-4e3b-9f7d-f1ae23d79ac6.jpg,Healthy
Healthy/N_456HealthPlants_original_HealthyL(35).jpg_81ed73cf-34fd-4e62-b5a1-5eb9e9fd793b.jpg,Healthy
Healthy/N_456HealthPlants_original_HealthyL(35).jpg_b2d046c3-bf3c-4b9b-8a75-bd6cd4590372.jpg,Healthy
Healthy/N_456HealthPlants_original_HealthyL(35).jpg_b344dc75-af33-4872-8420-aba21fb3a60d.jpg,Healthy
Healthy/N_456HealthPlants_original_HealthyL(35).jpg_d10946ca-00e2-4757-bb91-b4e4d8ca7f2a.jpg,Healthy
Healthy/N_456HealthPlants_original_HealthyL(35).jpg_e3226887-1601-47ad-b37c-46fde3925961.jpg,Healthy
Healthy/N_456HealthPlants_original_HealthyL(36).jpg_3d7b43cd-2757-4b76-a350-6da22211404d.jpg,Healthy
Healthy/N_456HealthPlants_original_HealthyL(36).jpg_3e7ced1c-f15d-4c97-a5bd-c9df9f0d1a51.jpg,Healthy
Healthy/N_456HealthPlants_original_HealthyL(36).jpg_5afb4980-0d9a-4955-a4c8-05e5786ed8ba.jpg,Healthy
Healthy/N_456HealthPlants_original_HealthyL(36).jpg_6a7a3b95-0751-4f5a-8757-0cd7a55dbefe.jpg,Healthy
Healthy/N_456HealthPlants_original_HealthyL(36).jpg_74890e9a-00ea-46f8-9dda-0cffd081c669.jpg,Healthy
Healthy/N_456HealthPlants_original_HealthyL(36).jpg_82d4926b-965a-4ff2-9c5c-a5179ee38549.jpg,Healthy
Healthy/N_456HealthPlants_original_HealthyL(36).jpg_93f8a838-4fda-4b2c-a466-c25b0db59190.jpg,Healthy
Healthy/N_456HealthPlants_original_HealthyL(36).jpg_b1dc4c61-86f1-43e8-beae-45c364c1ea6b.jpg,Healthy
Healthy/N_456HealthPlants_original_HealthyL(36).jpg_baf0c947-6c0d-489e-9af7-082e94782044.jpg,Healthy
Healthy/N_456HealthPlants_original_HealthyL(36).jpg_c1e82a3e-fc10-40d5-916f-a07568a59d65.jpg,Healthy
Healthy/N_456HealthPlants_original_HealthyL(36).jpg_c6cc24ab-affd-4a5b-a44f-f265096dd86b.jpg,Healthy
Healthy/N_456HealthPlants_original_HealthyL(36).jpg_ce1e76ce-33b5-4ac7-bd83-6a155030ee5b.jpg,Healthy
Healthy/N_456HealthPlants_original_HealthyL(36).jpg_da8e80fe-e11b-4c32-852b-1e7a5ace9583.jpg,Healthy
Healthy/N_456HealthPlants_original_HealthyL(36).jpg_e3d55d9f-0201-45f2-9617-11e37cd43676.jpg,Healthy
Healthy/N_456HealthPlants_original_HealthyL(4).jpg_006f2b29-93cc-4460-83b7-d79c5cd925b6.jpg,Healthy
Healthy/N_456HealthPlants_original_HealthyL(4).jpg_4f080177-afd0-4760-9895-3ed48b6897ee.jpg,Healthy
Healthy/N_456HealthPlants_original_HealthyL(4).jpg_70dbed3d-5e74-4666-a418-fa70d8ce9d8b.jpg,Healthy
Healthy/N_456HealthPlants_original_HealthyL(4).jpg_88a9391a-71bf-4de9-80e0-12126c084ec2.jpg,Healthy
Healthy/N_456HealthPlants_original_HealthyL(4).jpg_960d3b7c-8edf-4eff-ae72-7965c7ac0e21.jpg,Healthy
Healthy/N_456HealthPlants_original_HealthyL(4).jpg_9fd1048e-0bd8-4c4a-923a-fc0e8b1a6722.jpg,Healthy
Healthy/N_456HealthPlants_original_HealthyL(4).jpg_ae9c7ebd-8ec0-4708-b35c-4464e32a7190.jpg,Healthy
Healthy/N_456HealthPlants_original_HealthyL(4).jpg_e12634ef-b225-4c35-ad6b-7e6526e51959.jpg,Healthy
Healthy/N_456HealthPlants_original_HealthyL(4).jpg_e5e8cdaa-6bb4-4153-98eb-f9ac775debd1.jpg,Healthy
Healthy/N_456HealthPlants_original_HealthyL(5).jpg_090ad229-a209-4774-b3e2-b31032d99111.jpg,Healthy
Healthy/N_456HealthPlants_original_HealthyL(5).jpg_091ccb4c-942e-4ee7-8da2-1cdaa0df8b4e.jpg,Healthy
Healthy/N_456HealthPlants_original_HealthyL(5).jpg_09c52964-2190-4011-8f96-ac9d8fef1c9a.jpg,Healthy
Healthy/N_456HealthPlants_original_HealthyL(5).jpg_155bd51b-eaa6-4bfd-b0e8-7f179aa2b5dc.jpg,Healthy
Healthy/N_456HealthPlants_original_HealthyL(5).jpg_1a650500-641f-413c-8c48-a01687ca260b.jpg,Healthy
Healthy/N_456HealthPlants_original_HealthyL(5).jpg_3816157b-8fc7-4528-8848-f0c232876234.jpg,Healthy
Healthy/N_456HealthPlants_original_HealthyL(5).jpg_3a92491e-cab0-41a0-9703-0ef7ec1c3a0a.jpg,Healthy
Healthy/N_456HealthPlants_original_HealthyL(5).jpg_3c392218-1837-43b8-9457-52f1144aea6b.jpg,Healthy
Healthy/N_456HealthPlants_original_HealthyL(5).jpg_577fd7c0-9a74-429a-8c1b-25f6d958eccc.jpg,Healthy
Healthy/N_456HealthPlants_original_HealthyL(5).jpg_9fb89795-068c-40f0-a053-07159f42f023.jpg,Healthy
Healthy/N_456HealthPlants_original_HealthyL(5).jpg_c32a1c9d-a1a0-4749-adb4-0d0442effb47.jpg,Healthy
Healthy/N_456HealthPlants_original_HealthyL(5).jpg_e3f81e79-d81d-429b-9261-460828386f23.jpg,Healthy
Healthy/N_456HealthPlants_original_HealthyL(5).jpg_e9594d33-4198-4179-adca-edf14b1dc871.jpg,Healthy
Healthy/N_456HealthPlants_original_HealthyL(5).jpg_eef78c66-d63e-4ca8-91a0-cccf267ab44a.jpg,Healthy
Healthy/N_456HealthPlants_original_HealthyL(5).jpg_f423be56-eae6-4938-bf9e-382673796f0f.jpg,Healthy
Healthy/N_456HealthPlants_original_HealthyL(5).jpg_fdde3382-3460-4b23-96a2-5c37ded178d8.jpg,Healthy
Healthy/N_456HealthPlants_original_HealthyL(6).jpg_20295bf9-f2e5-4790-a41f-33e7b9cb051b.jpg,Healthy
Healthy/N_456HealthPlants_original_HealthyL(6).jpg_70f72749-ca7d-4e71-9303-e944d11c1df6.jpg,Healthy
Healthy/N_456HealthPlants_original_HealthyL(6).jpg_74e834ec-3a8b-4ec4-aa68-d5bd4f297ad0.jpg,Healthy
Healthy/N_456HealthPlants_original_HealthyL(6).jpg_862765db-046b-44db-a74b-08070636d69e.jpg,Healthy
Healthy/N_456HealthPlants_original_HealthyL(6).jpg_9ba4934b-2048-49c8-8852-b2610a7940d5.jpg,Healthy
Healthy/N_456HealthPlants_original_HealthyL(6).jpg_9f96817c-91ca-4c21-96dc-2872c96853be.jpg,Healthy
Healthy/N_456HealthPlants_original_HealthyL(6).jpg_ad0c3b90-e67b-4ec3-abf0-f7430d3b894c.jpg,Healthy
Healthy/N_456HealthPlants_original_HealthyL(6).jpg_b8601e31-9a3f-4917-8e30-a708e4531e71.jpg,Healthy
Healthy/N_456HealthPlants_original_HealthyL(6).jpg_d92b9990-da51-4e4d-b65b-92ac71b082ec.jpg,Healthy
Healthy/N_456HealthPlants_original_HealthyL(7).jpg_13556d9d-4636-4fc9-8e03-8b06dd20efef.jpg,Healthy
Healthy/N_456HealthPlants_original_HealthyL(7).jpg_1a3bfd0c-4adc-44ef-897c-cc044dcb39e4.jpg,Healthy
Healthy/N_456HealthPlants_original_HealthyL(7).jpg_2f4129bf-6718-4ac3-aab5-157fef87f8ad.jpg,Healthy
Healthy/N_456HealthPlants_original_HealthyL(7).jpg_3b5fecce-d60a-4822-aa3b-8a258c697b75.jpg,Healthy
Healthy/N_456HealthPlants_original_HealthyL(7).jpg_402b5b42-1236-4a08-a362-60b76b9d3b95.jpg,Healthy
Healthy/N_456HealthPlants_original_HealthyL(7).jpg_4952f9cc-f72f-4593-a71d-a3d4d8e2073b.jpg,Healthy
Healthy/N_456HealthPlants_original_HealthyL(7).jpg_50b9a814-3f07-47c2-8707-e4d107ce6ec5.jpg,Healthy
Healthy/N_456HealthPlants_original_HealthyL(7).jpg_646cb059-65b3-478f-af6f-e98cfa67ac0c.jpg,Healthy
Healthy/N_456HealthPlants_original_HealthyL(7).jpg_66a854d1-9b78-4b7c-bba6-f0b84118ce78.jpg,Healthy
Healthy/N_456HealthPlants_original_HealthyL(7).jpg_6f6bc9fb-304c-43ec-abfe-cec48adacc3a.jpg,Healthy
Healthy/N_456HealthPlants_original_HealthyL(7).jpg_81f07923-ec4c-4c1a-8e0f-2b4fd3b82e95.jpg,Healthy
Healthy/N_456HealthPlants_original_HealthyL(7).jpg_81f8da50-9283-4333-a784-483dbb18b622.jpg,Healthy
Healthy/N_456HealthPlants_original_HealthyL(7).jpg_9b5eebca-3355-4abc-adf8-1097f3463718.jpg,Healthy
Healthy/N_456HealthPlants_original_HealthyL(7).jpg_cfbb9598-e5f7-4cf2-a22d-7ec1a95539a2.jpg,Healthy
Healthy/N_456HealthPlants_original_HealthyL(7).jpg_e24f8f03-ef84-4f21-8ca4-10912961877d.jpg,Healthy
Healthy/N_456HealthPlants_original_HealthyL(8).jpg_012fb094-b397-4b40-b047-aac33c0a830b.jpg,Healthy
Healthy/N_456HealthPlants_original_HealthyL(8).jpg_186a5ed1-811d-484f-8ee6-488dab7dd751.jpg,Healthy
Healthy/N_456HealthPlants_original_HealthyL(8).jpg_1cd25052-449b-4056-b4f9-3bbb9ec97ca7.jpg,Healthy
Healthy/N_456HealthPlants_original_HealthyL(8).jpg_5ba1fe7e-2b03-4f21-96fd-2d08e67bb7b0.jpg,Healthy
Healthy/N_456HealthPlants_original_HealthyL(8).jpg_b74b9607-c55c-4cd4-9d48-eb95db71fe53.jpg,Healthy
Healthy/N_456HealthPlants_original_HealthyL(8).jpg_fde92e74-0bf0-4c1d-9e45-7ae1465da7ea.jpg,Healthy
Healthy/N_456HealthPlants_original_HealthyL(9).jpg_06d2db3b-ce83-4647-ac32-0b758bb4a371.jpg,Healthy
Healthy/N_456HealthPlants_original_HealthyL(9).jpg_1fbf9b3a-9d74-49ef-9ecc-2259c311002f.jpg,Healthy
Healthy/N_456HealthPlants_original_HealthyL(9).jpg_2b28dade-14d2-4ea5-8705-e2f7c92179cf.jpg,Healthy
Healthy/N_456HealthPlants_original_HealthyL(9).jpg_429c2836-2537-41de-b09d-3d2e4c273574.jpg,Healthy
Healthy/N_456HealthPlants_original_HealthyL(9).jpg_4c887f56-6831-4142-91b4-9126999fd19f.jpg,Healthy
Healthy/N_456HealthPlants_original_HealthyL(9).jpg_5a44c6e7-f0d2-48a5-bd0d-d99d1b0d1930.jpg,Healthy
Healthy/N_456HealthPlants_original_HealthyL(9).jpg_6c0324c9-0ee1-4719-9274-09423e1e2677.jpg,Healthy
Healthy/N_456HealthPlants_original_HealthyL(9).jpg_85e2af09-fbce-4ddc-b28d-c5903dc571c6.jpg,Healthy
Healthy/N_456HealthPlants_original_HealthyL(9).jpg_90989557-7482-41b0-88c5-e569f74ecf4a.jpg,Healthy
Healthy/N_456HealthPlants_original_HealthyL(9).jpg_a83f7145-6be7-40d5-a9f7-8d00da26d82c.jpg,Healthy
Healthy/N_456HealthPlants_original_HealthyL(9).jpg_c98ee4cd-38c0-4ba3-8024-62264bfabcf2.jpg,Healthy
Healthy/N_456HealthPlants_original_HealthyL(9).jpg_ce42aa2b-aa83-4dbe-bd34-a09739e0235c.jpg,Healthy
Healthy/N_456HealthPlants_original_HealthyL(9).jpg_e6b9fb8a-71e5-4dd1-82b8-1c16fa3c307c.jpg,Healthy
Healthy/N_456HealthPlants_original_HealthyL(9).jpg_eac06b66-50de-419e-9050-09b1b23b5054.jpg,Healthy
Healthy/N_456HealthPlants_original_No disease. (177).jpg_01393e5d-4c0b-4f79-b3d4-b8e44dd356da.jpg,Healthy
Healthy/N_456HealthPlants_original_No disease. (177).jpg_09499942-5657-4b03-aef4-7d9a60cd06ce.jpg,Healthy
Healthy/N_456HealthPlants_original_No disease. (177).jpg_0b70f573-a6da-41d3-863e-77eb82eb2528.jpg,Healthy
Healthy/N_456HealthPlants_original_No disease. (177).jpg_2e05e877-187d-4756-aeae-9bb449d75a89.jpg,Healthy
Healthy/N_456HealthPlants_original_No disease. (177).jpg_300c74bd-967e-454c-b33e-bcba8f138b3c.jpg,Healthy
Healthy/N_456HealthPlants_original_No disease. (177).jpg_464407ce-2bb6-473a-8dc2-e9963fd21de9.jpg,Healthy
Healthy/N_456HealthPlants_original_No disease. (177).jpg_509ad1f0-ef1b-4699-849d-ad44ebcadf18.jpg,Healthy
Healthy/N_456HealthPlants_original_No disease. (177).jpg_5d19ce44-07b6-419b-9c4c-fcefb72d6bd2.jpg,Healthy
Healthy/N_456HealthPlants_original_No disease. (177).jpg_83e551a2-e258-468f-9fa0-55cf9871096d.jpg,Healthy
Healthy/N_456HealthPlants_original_No disease. (177).jpg_c47c1646-156f-42ba-96c2-45b3e31aea18.jpg,Healthy
Healthy/N_456HealthPlants_original_No disease. (177).jpg_d5c680a7-1ca2-41c5-b0ff-93f9987ac09c.jpg,Healthy
Healthy/N_456HealthPlants_original_No disease. (177).jpg_f78a549e-487b-4ffa-a817-9e7a58cae519.jpg,Healthy
Healthy/N_456HealthPlants_original_No disease. (177).jpg_f7eb1e9f-d134-4b4c-9656-64df40018128.jpg,Healthy
Healthy/N_456HealthPlants_original_No disease. (177).jpg_f89f342c-8110-4c6e-b750-0850829774f8.jpg,Healthy
Healthy/N_456HealthPlants_original_No disease. (177).jpg_f8dd14ae-404a-49fd-9ca8-487670c08018.jpg,Healthy
Healthy/N_456HealthPlants_original_No disease. (178).jpg_126351ac-72cf-4e53-a42e-ab27edc72422.jpg,Healthy
Healthy/N_456HealthPlants_original_No disease. (178).jpg_23490aaa-a48a-465c-b73d-d29097186203.jpg,Healthy
Healthy/N_456HealthPlants_original_No disease. (178).jpg_2535c398-a904-4287-8323-72c5d1fead3c.jpg,Healthy
Healthy/N_456HealthPlants_original_No disease. (178).jpg_34c0d8e2-8eed-4693-a694-f1ba557515ce.jpg,Healthy
Healthy/N_456HealthPlants_original_No disease. (178).jpg_3f354795-81b0-4ab0-9ab8-d85fdb7b2c76.jpg,Healthy
Healthy/N_456HealthPlants_original_No disease. (178).jpg_4a22cb03-aae6-43ec-9f01-dd3e615c3407.jpg,Healthy
Healthy/N_456HealthPlants_original_No disease. (178).jpg_738e5003-a8c5-4fcd-8954-fde2cd7eb9ca.jpg,Healthy
Healthy/N_456HealthPlants_original_No disease. (178).jpg_7b4ee85d-461b-4db5-a21f-fb5f02a60c07.jpg,Healthy
Healthy/N_456HealthPlants_original_No disease. (178).jpg_90b0a948-c812-47be-8da7-245dd977bb91.jpg,Healthy
Healthy/N_456HealthPlants_original_No disease. (178).jpg_ab0ad233-c176-4a55-83ad-15e979aa93a9.jpg,Healthy
Healthy/N_456HealthPlants_original_No disease. (178).jpg_cbbcd59e-0f49-4f14-b4ef-9a8ad6e50fe2.jpg,Healthy
Healthy/N_456HealthPlants_original_No disease. (178).jpg_ce365927-a669-4482-a2e1-ca93dda6a3f3.jpg,Healthy
Healthy/N_456HealthPlants_original_No disease. (179).jpg_13ecc083-af72-419e-ba22-ddcc23b52127.jpg,Healthy
Healthy/N_456HealthPlants_original_No disease. (179).jpg_16ba8ef1-756c-42a3-8a4c-82d849368e0c.jpg,Healthy
Healthy/N_456HealthPlants_original_No disease. (179).jpg_1b52f3ff-bf48-42b1-b4ad-9492ef2d1199.jpg,Healthy
Healthy/N_456HealthPlants_original_No disease. (179).jpg_32ffd399-9454-4f22-b4db-fa01fea34315.jpg,Healthy
Healthy/N_456HealthPlants_original_No disease. (179).jpg_3f2d8271-d842-42bd-8083-e1582e044b18.jpg,Healthy
Healthy/N_456HealthPlants_original_No disease. (179).jpg_42528d81-bad1-464c-8990-357832ed2b3f.jpg,Healthy
Healthy/N_456HealthPlants_original_No disease. (179).jpg_4d711503-d201-4742-8006-765297f1f7f1.jpg,Healthy
Healthy/N_456HealthPlants_original_No disease. (179).jpg_82a940f7-10f4-4d36-a5c6-5f85df8e92fb.jpg,Healthy
Healthy/N_456HealthPlants_original_No disease. (179).jpg_8d790a7d-6718-4283-a655-e8c82e0e965b.jpg,Healthy
Healthy/N_456HealthPlants_original_No disease. (179).jpg_a568554a-627e-409c-9cb3-e46f9ecb0046.jpg,Healthy
Healthy/N_456HealthPlants_original_No disease. (179).jpg_af730608-ee6c-42d4-b7f8-008c284ea278.jpg,Healthy
Healthy/N_456HealthPlants_original_No disease. (179).jpg_cbc872b0-3089-4ca6-9f51-936f6b5cd52b.jpg,Healthy
Healthy/N_456HealthPlants_original_No disease. (179).jpg_cfcab62c-12b5-4acd-918a-62e058a3b880.jpg,Healthy
Healthy/N_456HealthPlants_original_No disease. (180).jpg_0ab6dc2b-a29f-482a-bcef-a486e59d62ba.jpg,Healthy
Healthy/N_456HealthPlants_original_No disease. (180).jpg_0d29962c-3406-4acb-9fbe-64e802febeac.jpg,Healthy
Healthy/N_456HealthPlants_original_No disease. (180).jpg_2cf81bdf-98fe-46ad-ba7d-9c549962d056.jpg,Healthy
Healthy/N_456HealthPlants_original_No disease. (180).jpg_35748c4c-660f-44a9-97b9-b2ec9a6931d0.jpg,Healthy
Healthy/N_456HealthPlants_original_No disease. (180).jpg_393dd695-27b4-420d-9a4e-36700e27f4e9.jpg,Healthy
Healthy/N_456HealthPlants_original_No disease. (180).jpg_42feb943-5bba-41ac-b287-45b66ac60203.jpg,Healthy
Healthy/N_456HealthPlants_original_No disease. (180).jpg_459357f5-5b65-4972-8c3c-4c21357f3567.jpg,Healthy
Healthy/N_456HealthPlants_original_No disease. (180).jpg_776baa28-26b1-4c69-8676-659eb23f37f7.jpg,Healthy
Healthy/N_456HealthPlants_original_No disease. (180).jpg_87de6078-75d1-48a2-b5e0-66b7cb6735e9.jpg,Healthy
Healthy/N_456HealthPlants_original_No disease. (180).jpg_8b4cef24-6761-4577-9d8a-ba56aefca58e.jpg,Healthy
Healthy/N_456HealthPlants_original_No disease. (180).jpg_8b6eeece-8dc2-4ad7-b9f0-b04db8f68c2c.jpg,Healthy
Healthy/N_456HealthPlants_original_No disease. (180).jpg_aa223007-9a00-4035-9587-dfa70e0654db.jpg,Healthy
Healthy/N_456HealthPlants_original_No disease. (180).jpg_ca8a49b8-2bbf-4321-ae0a-cdc180025260.jpg,Healthy
Healthy/N_456HealthPlants_original_No disease. (180).jpg_fd16fd0b-5ca4-4e4c-995d-c607b279e272.jpg,Healthy
Healthy/N_456HealthPlants_original_No disease. (180).jpg_fd3a5643-54ad-4edc-8783-976c06b59f7c.jpg,Healthy
Healthy/N_456HealthPlants_original_No disease. (181).jpg_0ad5c02b-c392-48bf-bae1-a976b8952b27.jpg,Healthy
Healthy/N_456HealthPlants_original_No disease. (181).jpg_22b54a56-078f-4054-b2ba-5715f499a899.jpg,Healthy
Healthy/N_456HealthPlants_original_No disease. (181).jpg_24d9565e-5cf0-4e44-99e6-74a8f539a043.jpg,Healthy
Healthy/N_456HealthPlants_original_No disease. (181).jpg_25318326-ad79-44f3-b015-065cc4b4b557.jpg,Healthy
Healthy/N_456HealthPlants_original_No disease. (181).jpg_359fb29f-ed8b-4da3-8558-04ef759d3aee.jpg,Healthy
Healthy/N_456HealthPlants_original_No disease. (181).jpg_3d194c5d-ab66-4fd6-8a6f-d8f50a1939b5.jpg,Healthy
Healthy/N_456HealthPlants_original_No disease. (181).jpg_493c77bc-26ba-4177-a322-68d56850c30a.jpg,Healthy
Healthy/N_456HealthPlants_original_No disease. (181).jpg_4ebb24a3-36f2-4d25-a299-4243180b3b13.jpg,Healthy
Healthy/N_456HealthPlants_original_No disease. (181).jpg_7dc4c33b-300e-4857-8a19-62fb3afaac54.jpg,Healthy
Healthy/N_456HealthPlants_original_No disease. (181).jpg_86ac31d9-15bc-4eba-860a-50975e31ad6d.jpg,Healthy
Healthy/N_456HealthPlants_original_No disease. (181).jpg_8f5d9133-e6de-4b42-a50e-511d83327d20.jpg,Healthy
Healthy/N_456HealthPlants_original_No disease. (181).jpg_c143ffef-8105-4457-a35b-e2fdad3c1e44.jpg,Healthy
Healthy/N_456HealthPlants_original_No disease. (181).jpg_c9d55fed-0d62-46ab-ae8b-8354218b2c0d.jpg,Healthy
Healthy/N_456HealthPlants_original_No disease. (181).jpg_ede2fbb7-1611-4671-8fdc-2890cafdbaa9.jpg,Healthy
Healthy/N_456HealthPlants_original_No disease. (181).jpg_f081b685-fecd-43ef-8027-e03b1d3c9779.jpg,Healthy
Healthy/N_456HealthPlants_original_No disease. (181).jpg_f379c01d-60b3-4ad2-9a70-76e5d71781c3.jpg,Healthy
Healthy/N_456HealthPlants_original_No disease. (182).jpg_32a654e1-336c-4290-b45d-08208e351de9.jpg,Healthy
Healthy/N_456HealthPlants_original_No disease. (182).jpg_35b7d427-e602-44fc-ac68-181c1b438043.jpg,Healthy
Healthy/N_456HealthPlants_original_No disease. (182).jpg_3b23d0b7-a9a0-4d17-aa08-db09e4b16e4b.jpg,Healthy
Healthy/N_456HealthPlants_original_No disease. (182).jpg_79860e3f-d4a2-46c7-bb62-54d1750c222c.jpg,Healthy
Healthy/N_456HealthPlants_original_No disease. (182).jpg_7ec759d6-7168-4ded-9fe1-57c20a26346d.jpg,Healthy
Healthy/N_456HealthPlants_original_No disease. (182).jpg_7fada03e-f88a-4346-9894-2c05fbc306d0.jpg,Healthy
Healthy/N_456HealthPlants_original_No disease. (182).jpg_8d5e3234-c0d2-4c83-b8b3-1eb8bfdb8981.jpg,Healthy
Healthy/N_456HealthPlants_original_No disease. (182).jpg_9d245e53-9fc3-412e-a49c-c1e9b7a1a7c1.jpg,Healthy
Healthy/N_456HealthPlants_original_No disease. (182).jpg_a7c56378-4f19-4ba1-b680-8fa0f7698a44.jpg,Healthy
Healthy/N_456HealthPlants_original_No disease. (182).jpg_af9badac-8f08-4ed1-b41a-ff26adab86cc.jpg,Healthy
Healthy/N_456HealthPlants_original_No disease. (182).jpg_cddcf802-7562-4e86-84c9-629f1d4e7ec8.jpg,Healthy
Healthy/N_456HealthPlants_original_No disease. (182).jpg_f5adebef-6b69-4dfc-91d8-b7f251a51015.jpg,Healthy
Healthy/N_456HealthPlants_original_No disease. (183).jpg_2b92988b-f0e0-4d2a-82f0-e2eee9c9a3b1.jpg,Healthy
Healthy/N_456HealthPlants_original_No disease. (183).jpg_42c41f0c-7466-4c15-81b5-a42e5ec1be50.jpg,Healthy
Healthy/N_456HealthPlants_original_No disease. (183).jpg_7f84d54d-96c6-4833-b3d8-8ae2ad614a63.jpg,Healthy
Healthy/N_456HealthPlants_original_No disease. (183).jpg_8087aac3-830d-43e0-8afb-c87813b414a8.jpg,Healthy
Healthy/N_456HealthPlants_original_No disease. (183).jpg_a92123ff-78fa-4f99-84f0-28f3a5aee8ca.jpg,Healthy
Healthy/N_456HealthPlants_original_No disease. (183).jpg_c1eba0b7-10c5-4549-9c1a-8fad266fb483.jpg,Healthy
Healthy/N_456HealthPlants_original_No disease. (183).jpg_d41820d8-6f11-4036-b455-ae3d4cbcdfce.jpg,Healthy
Healthy/N_456HealthPlants_original_No disease. (183).jpg_e3a19911-6ab4-4a5e-8d12-8c48591a7de9.jpg,Healthy
Healthy/N_456HealthPlants_original_No disease. (183).jpg_eb21ec96-be9e-4ae8-9eab-f7ebe14bf0f2.jpg,Healthy
Healthy/N_456HealthPlants_original_No disease. (184).jpg_025b7b6e-f26d-4ec6-9f7a-fa3e44bb86ac.jpg,Healthy
Healthy/N_456HealthPlants_original_No disease. (184).jpg_06d5b9c3-9c05-4a8c-850a-be92f8fc5f63.jpg,Healthy
Healthy/N_456HealthPlants_original_No disease. (184).jpg_0dabd807-9307-4f11-8853-07bb870c738c.jpg,Healthy
Healthy/N_456HealthPlants_original_No disease. (184).jpg_425dfdc2-c3bd-4e70-9012-2da86b58863b.jpg,Healthy
Healthy/N_456HealthPlants_original_No disease. (184).jpg_5bf122a2-4ef7-4d24-a875-3f9572c979bd.jpg,Healthy
Healthy/N_456HealthPlants_original_No disease. (184).jpg_98e6ba90-19b3-4e5d-a59e-c0d7be69a43f.jpg,Healthy
Healthy/N_456HealthPlants_original_No disease. (184).jpg_a085763a-6855-4bf3-9322-45d93cf3fc8e.jpg,Healthy
Healthy/N_456HealthPlants_original_No disease. (184).jpg_d910f6b7-b6c3-432c-9cf0-f887308bc3f5.jpg,Healthy
Healthy/N_456HealthPlants_original_No disease. (185).jpg_060ffd0e-feee-46fc-bc23-a98ed9480f68.jpg,Healthy
Healthy/N_456HealthPlants_original_No disease. (185).jpg_149307f3-fd12-46cc-a3c5-605cd13887c6.jpg,Healthy
Healthy/N_456HealthPlants_original_No disease. (185).jpg_60a6e89e-09f3-443f-8237-9131fee68dcf.jpg,Healthy
Healthy/N_456HealthPlants_original_No disease. (185).jpg_89a735ea-ef78-46e6-8999-e29a961ec8fd.jpg,Healthy
Healthy/N_456HealthPlants_original_No disease. (185).jpg_abd80a72-38c0-406e-b143-16cb5636f986.jpg,Healthy
Healthy/N_456HealthPlants_original_No disease. (185).jpg_c2fa3ed4-d775-40c5-bb02-233660ab5106.jpg,Healthy
Healthy/N_456HealthPlants_original_No disease. (185).jpg_cb1d2b82-c0bd-4e11-ab93-adff3dd85083.jpg,Healthy
Healthy/N_456HealthPlants_original_No disease. (185).jpg_da2aa3a2-dafc-4746-ba51-9c62ee37e121.jpg,Healthy
Healthy/N_456HealthPlants_original_No disease. (185).jpg_e47615b0-edec-4b06-a30c-0b73b520f3a4.jpg,Healthy
Healthy/N_456HealthPlants_original_No disease. (186).jpg_1e7eee59-6e48-4095-8018-1f3eba552296.jpg,Healthy
Healthy/N_456HealthPlants_original_No disease. (186).jpg_26964ced-ac0f-4d22-a594-1b793318994c.jpg,Healthy
Healthy/N_456HealthPlants_original_No disease. (186).jpg_26abe40c-c076-46af-a788-749f49ba783c.jpg,Healthy
Healthy/N_456HealthPlants_original_No disease. (186).jpg_2db88f80-39ee-4317-818b-61e6c67d63c0.jpg,Healthy
Healthy/N_456HealthPlants_original_No disease. (186).jpg_3bcaf328-59fc-455c-ada2-7e1fa487118e.jpg,Healthy
Healthy/N_456HealthPlants_original_No disease. (186).jpg_6c97c554-f6f3-4a65-acef-621bcfa89d14.jpg,Healthy
Healthy/N_456HealthPlants_original_No disease. (186).jpg_7044d1f2-5a49-40ea-bd55-25cf4bef5f82.jpg,Healthy
Healthy/N_456HealthPlants_original_No disease. (186).jpg_7d9b4a0c-1787-4027-9641-8259c28c7ebc.jpg,Healthy
Healthy/N_456HealthPlants_original_No disease. (186).jpg_c27aca5c-3870-42d3-8dda-c83f17f082b6.jpg,Healthy
Healthy/N_456HealthPlants_original_No disease. (187).jpg_046ed43e-fb6f-468c-b761-9df5a8ea19ee.jpg,Healthy
Healthy/N_456HealthPlants_original_No disease. (187).jpg_0c6b9853-c042-4d45-bfc9-be18d974d4a1.jpg,Healthy
Healthy/N_456HealthPlants_original_No disease. (187).jpg_17f152e0-b07a-43b4-90be-252231a6618f.jpg,Healthy
Healthy/N_456HealthPlants_original_No disease. (187).jpg_2fd3acb2-357a-4c70-8dd9-1a5d60ef4e3a.jpg,Healthy
Healthy/N_456HealthPlants_original_No disease. (187).jpg_3b71fe10-d4ab-42d4-9d23-eb50b1d03f43.jpg,Healthy
Healthy/N_456HealthPlants_original_No disease. (187).jpg_65670cc4-bd5d-4e9b-b10d-cbeff3196cac.jpg,Healthy
Healthy/N_456HealthPlants_original_No disease. (187).jpg_be4f6eac-6783-43fe-bdb2-ea7b8004c8e1.jpg,Healthy
Healthy/N_456HealthPlants_original_No disease. (187).jpg_cce80b87-3674-4e5d-974d-ace3f772604a.jpg,Healthy
Healthy/N_456HealthPlants_original_No disease. (188).jpg_10ef2d97-2567-413f-bd3a-12cf73a04796.jpg,Healthy
Healthy/N_456HealthPlants_original_No disease. (188).jpg_2b03a13a-cd28-4319-a6e2-9c3bfbc6677b.jpg,Healthy
Healthy/N_456HealthPlants_original_No disease. (188).jpg_53d88d5f-40d8-4bcd-b770-96b6f82e7c0a.jpg,Healthy
Healthy/N_456HealthPlants_original_No disease. (188).jpg_57d73d51-3a4c-4b4f-8772-5b3b7c6956ca.jpg,Healthy
Healthy/N_456HealthPlants_original_No disease. (188).jpg_9cc468e4-f109-4a3e-b982-49b5fc949b41.jpg,Healthy
Healthy/N_456HealthPlants_original_No disease. (188).jpg_bfa98272-d1e7-4635-a333-bf120084aa61.jpg,Healthy
Healthy/N_456HealthPlants_original_No disease. (188).jpg_c07d13f6-26dc-40d4-a068-3e466673a7d4.jpg,Healthy
Healthy/N_456HealthPlants_original_No disease. (188).jpg_d222ec64-ada4-4d08-a85f-aa991b370e0e.jpg,Healthy
Healthy/N_456HealthPlants_original_No disease. (188).jpg_da0c6296-5a98-4d99-9595-0ae6707f2006.jpg,Healthy
Healthy/N_456HealthPlants_original_No disease. (188).jpg_da6b0936-c525-4707-949c-6f9cb9708ba2.jpg,Healthy
Healthy/No disease. (1).jpeg,Healthy
Healthy/No disease. (1).jpg,Healthy
Healthy/No disease. (10).jpeg,Healthy
Healthy/No disease. (10).jpg,Healthy
Healthy/No disease. (100).jpg,Healthy
Healthy/No disease. (101).jpg,Healthy
Healthy/No disease. (102).jpg,Healthy
Healthy/No disease. (103).jpg,Healthy
Healthy/No disease. (104).jpg,Healthy
Healthy/No disease. (105).jpg,Healthy
Healthy/No disease. (106).jpg,Healthy
Healthy/No disease. (107).jpg,Healthy
Healthy/No disease. (108).jpg,Healthy
Healthy/No disease. (109).jpg,Healthy
Healthy/No disease. (11).jpeg,Healthy
Healthy/No disease. (11).jpg,Healthy
Healthy/No disease. (110).jpg,Healthy
Healthy/No disease. (111).jpg,Healthy
Healthy/No disease. (112).jpg,Healthy
Healthy/No disease. (113).jpg,Healthy
Healthy/No disease. (114).jpg,Healthy
Healthy/No disease. (115).jpg,Healthy
Healthy/No disease. (116).jpg,Healthy
Healthy/No disease. (117).jpg,Healthy
Healthy/No disease. (118).jpg,Healthy
Healthy/No disease. (119).jpg,Healthy
Healthy/No disease. (12).jpeg,Healthy
Healthy/No disease. (12).jpg,Healthy
Healthy/No disease. (120).jpg,Healthy
Healthy/No disease. (121).jpg,Healthy
Healthy/No disease. (122).jpg,Healthy
Healthy/No disease. (123).jpg,Healthy
Healthy/No disease. (124).jpg,Healthy
Healthy/No disease. (125).jpg,Healthy
Healthy/No disease. (126).jpg,Healthy
Healthy/No disease. (127).jpg,Healthy
Healthy/No disease. (128).jpg,Healthy
Healthy/No disease. (129).jpg,Healthy
Healthy/No disease. (13).jpeg,Healthy
Healthy/No disease. (13).jpg,Healthy
Healthy/No disease. (130).jpg,Healthy
Healthy/No disease. (131).jpg,Healthy
Healthy/No disease. (132).jpg,Healthy
Healthy/No disease. (133).jpg,Healthy
Healthy/No disease. (134).jpg,Healthy
Healthy/No disease. (135).jpg,Healthy
Healthy/No disease. (136).jpg,Healthy
Healthy/No disease. (137).jpg,Healthy
Healthy/No disease. (138).jpg,Healthy
Healthy/No disease. (139).jpg,Healthy
Healthy/No disease. (14).jpeg,Healthy
Healthy/No disease. (14).jpg,Healthy
Healthy/No disease. (140).jpg,Healthy
Healthy/No disease. (141).jpg,Healthy
Healthy/No disease. (142).jpg,Healthy
Healthy/No disease. (143).jpg,Healthy
Healthy/No disease. (144).jpg,Healthy
Healthy/No disease. (145).jpg,Healthy
Healthy/No disease. (146).jpg,Healthy
Healthy/No disease. (147).jpg,Healthy
Healthy/No disease. (148).jpg,Healthy
Healthy/No disease. (149).jpg,Healthy
Healthy/No disease. (15).jpeg,Healthy
Healthy/No disease. (15).jpg,Healthy
Healthy/No disease. (150).jpg,Healthy
Healthy/No disease. (151).jpg,Healthy
Healthy/No disease. (152).jpg,Healthy
Healthy/No disease. (153).jpg,Healthy
Healthy/No disease. (154).jpg,Healthy
Healthy/No disease. (155).jpg,Healthy
Healthy/No disease. (156).jpg,Healthy
Healthy/No disease. (157).jpg,Healthy
Healthy/No disease. (158).jpg,Healthy
Healthy/No disease. (159).jpg,Healthy
Healthy/No disease. (16).jpeg,Healthy
Healthy/No disease. (16).jpg,Healthy
Healthy/No disease. (160).jpg,Healthy
Healthy/No disease. (161).jpg,Healthy
Healthy/No disease. (162).jpg,Healthy
Healthy/No disease. (163).jpg,Healthy
Healthy/No disease. (164).jpg,Healthy
Healthy/No disease. (165).jpg,Healthy
Healthy/No disease. (166).jpg,Healthy
Healthy/No disease. (167).jpg,Healthy
Healthy/No disease. (168).jpg,Healthy
Healthy/No disease. (169).jpg,Healthy
Healthy/No disease. (17).jpeg,Healthy
Healthy/No disease. (17).jpg,Healthy
Healthy/No disease. (170).jpg,Healthy
Healthy/No disease. (171).jpg,Healthy
Healthy/No disease. (172).jpg,Healthy
Healthy/No disease. (173).jpg,Healthy
Healthy/No disease. (174).jpg,Healthy
Healthy/No disease. (175).jpg,Healthy
Healthy/No disease. (176).jpg,Healthy
Healthy/No disease. (177).jpg,Healthy
Healthy/No disease. (178).jpg,Healthy
Healthy/No disease. (179).jpg,Healthy
Healthy/No disease. (18).jpeg,Healthy
Healthy/No disease. (18).jpg,Healthy
Healthy/No disease. (180).jpg,Healthy
Healthy/No disease. (181).jpg,Healthy
Healthy/No disease. (182).jpg,Healthy
Healthy/No disease. (183).jpg,Healthy
Healthy/No disease. (184).jpg,Healthy
Healthy/No disease. (185).jpg,Healthy
Healthy/No disease. (186).jpg,Healthy
Healthy/No disease. (187).jpg,Healthy
Healthy/No disease. (188).jpg,Healthy
Healthy/No disease. (19).jpg,Healthy
Healthy/No disease. (2).jpeg,Healthy
Healthy/No disease. (2).jpg,Healthy
Healthy/No disease. (20).jpg,Healthy
Healthy/No disease. (21).jpg,Healthy
Healthy/No disease. (22).jpg,Healthy
Healthy/No disease. (23).jpg,Healthy
Healthy/No disease. (24).jpg,Healthy
Healthy/No disease. (25).jpg,Healthy
Healthy/No disease. (26).jpg,Healthy
Healthy/No disease. (27).jpg,Healthy
Healthy/No disease. (28).jpg,Healthy
Healthy/No disease. (29).jpg,Healthy
Healthy/No disease. (3).jpeg,Healthy
Healthy/No disease. (3).jpg,Healthy
Healthy/No disease. (30).jpg,Healthy
Healthy/No disease. (31).jpg,Healthy
Healthy/No disease. (32).jpg,Healthy
Healthy/No disease. (33).jpg,Healthy
Healthy/No disease. (34).jpg,Healthy
Healthy/No disease. (35).jpg,Healthy
Healthy/No disease. (36).jpg,Healthy
Healthy/No disease. (37).jpg,Healthy
Healthy/No disease. (38).jpg,Healthy
Healthy/No disease. (39).jpg,Healthy
Healthy/No disease. (4).jpeg,Healthy
Healthy/No disease. (4).jpg,Healthy
Healthy/No disease. (40).jpg,Healthy
Healthy/No disease. (41).jpg,Healthy
Healthy/No disease. (42).jpg,Healthy
Healthy/No disease. (43).jpg,Healthy
Healthy/No disease. (44).jpg,Healthy
Healthy/No disease. (45).jpg,Healthy
Healthy/No disease. (46).jpg,Healthy
Healthy/No disease. (47).jpg,Healthy
Healthy/No disease. (48).jpg,Healthy
Healthy/No disease. (49).jpg,Healthy
Healthy/No disease. (5).jpeg,Healthy
Healthy/No disease. (5).jpg,Healthy
Healthy/No disease. (50).jpg,Healthy
Healthy/No disease. (51).jpg,Healthy
Healthy/No disease. (52).jpg,Healthy
Healthy/No disease. (53).jpg,Healthy
Healthy/No disease. (54).jpg,Healthy
Healthy/No disease. (55).jpg,Healthy
Healthy/No disease. (56).jpg,Healthy
Healthy/No disease. (57).jpg,Healthy
Healthy/No disease. (58).jpg,Healthy
Healthy/No disease. (59).jpg,Healthy
Healthy/No disease. (6).jpeg,Healthy
Healthy/No disease. (6).jpg,Healthy
Healthy/No disease. (60).jpg,Healthy
Healthy/No disease. (61).jpg,Healthy
Healthy/No disease. (62).jpg,Healthy
Healthy/No disease. (63).jpg,Healthy
Healthy/No disease. (64).jpg,Healthy
Healthy/No disease. (65).jpg,Healthy
Healthy/No disease. (66).jpg,Healthy
Healthy/No disease. (67).jpg,Healthy
Healthy/No disease. (68).jpg,Healthy
Healthy/No disease. (69).jpg,Healthy
Healthy/No disease. (7).jpeg,Healthy
Healthy/No disease. (7).jpg,Healthy
Healthy/No disease. (70).jpg,Healthy
Healthy/No disease. (71).jpg,Healthy
Healthy/No disease. (72).jpg,Healthy
Healthy/No disease. (73).jpg,Healthy
Healthy/No disease. (74).jpg,Healthy
Healthy/No disease. (75).jpg,Healthy
Healthy/No disease. (76).jpg,Healthy
Healthy/No disease. (77).jpg,Healthy
Healthy/No disease. (78).jpg,Healthy
Healthy/No disease. (79).jpg,Healthy
Healthy/No disease. (8).jpeg,Healthy
Healthy/No disease. (8).jpg,Healthy
Healthy/No disease. (80).jpg,Healthy
Healthy/No disease. (81).jpg,Healthy
Healthy/No disease. (82).jpg,Healthy
Healthy/No disease. (83).jpg,Healthy
Healthy/No disease. (84).jpg,Healthy
Healthy/No disease. (85).jpg,Healthy
Healthy/No disease. (86).jpg,Healthy
Healthy/No disease. (87).jpg,Healthy
Healthy/No disease. (88).jpg,Healthy
Healthy/No disease. (89).jpg,Healthy
Healthy/No disease. (9).jpeg,Healthy
Healthy/No disease. (9).jpg,Healthy
Healthy/No disease. (90).jpg,Healthy
Healthy/No disease. (91).jpg,Healthy
Healthy/No disease. (92).jpg,Healthy
Healthy/No disease. (93).jpg,Healthy
Healthy/No disease. (94).jpg,Healthy
Healthy/No disease. (95).jpg,Healthy
Healthy/No disease. (96).jpg,Healthy
Healthy/No disease. (97).jpg,Healthy
Healthy/No disease. (98).jpg,Healthy
Healthy/No disease. (99).jpg,Healthy
