filepaths,labels
/Users/thun/Desktop/cauliflower_training/cali/Downy Mildew/downy_mildew_0165.png,Downy Mildew
/Users/thun/Desktop/cauliflower_training/cali/Alternaria Leaf Spot/alternaria_leaf_spot_0175.jpeg,Alternaria Leaf Spot
/Users/thun/Desktop/cauliflower_training/cali/Healthy/healthy_0876.jpg,Healthy
/Users/thun/Desktop/cauliflower_training/cali/Healthy/healthy_2682.jpg,Healthy
/Users/thun/Desktop/cauliflower_training/cali/Black Rot/black_rot_435.png,Black Rot
/Users/thun/Desktop/cauliflower_training/cali/Healthy/healthy_2309.jpg,Healthy
/Users/thun/Desktop/cauliflower_training/cali/Black Rot/black_rot_345.png,Black Rot
/Users/thun/Desktop/cauliflower_training/cali/Alternaria Leaf Spot/alternaria_leaf_spot_1139.jpg,Alternaria Leaf Spot
/Users/thun/Desktop/cauliflower_training/cali/Healthy/healthy_0103.png,Healthy
/Users/thun/Desktop/cauliflower_training/cali/Bacterial Soft Rot/bacterial_soft_rot_0617.jpg,Bacterial Soft Rot
/Users/thun/Desktop/cauliflower_training/cali/Alternaria Leaf Spot/alternaria_leaf_spot_0325.jpg,Alternaria Leaf Spot
/Users/thun/Desktop/cauliflower_training/cali/Downy Mildew/downy_mildew_1236.jpeg,Downy Mildew
/Users/thun/Desktop/cauliflower_training/cali/Healthy/healthy_1686.jpg,Healthy
/Users/thun/Desktop/cauliflower_training/cali/Alternaria Leaf Spot/alternaria_leaf_spot_1187.jpg,Alternaria Leaf Spot
/Users/thun/Desktop/cauliflower_training/cali/Healthy/healthy_1559.png,Healthy
/Users/thun/Desktop/cauliflower_training/cali/Downy Mildew/downy_mildew_1210.jpeg,Downy Mildew
/Users/thun/Desktop/cauliflower_training/cali/Healthy/healthy_2447.jpg,Healthy
/Users/thun/Desktop/cauliflower_training/cali/Healthy/healthy_0968.jpg,Healthy
/Users/thun/Desktop/cauliflower_training/cali/Healthy/healthy_2919.jpg,Healthy
/Users/thun/Desktop/cauliflower_training/cali/Downy Mildew/downy_mildew_0180.png,Downy Mildew
/Users/thun/Desktop/cauliflower_training/cali/Alternaria Leaf Spot/alternaria_leaf_spot_1281.jpg,Alternaria Leaf Spot
/Users/thun/Desktop/cauliflower_training/cali/Healthy/healthy_3115.jpg,Healthy
/Users/thun/Desktop/cauliflower_training/cali/Black Rot/black_rot_586.png,Black Rot
/Users/thun/Desktop/cauliflower_training/cali/Alternaria Leaf Spot/alternaria_leaf_spot_1298.jpg,Alternaria Leaf Spot
/Users/thun/Desktop/cauliflower_training/cali/Alternaria Leaf Spot/alternaria_leaf_spot_0438.jpg,Alternaria Leaf Spot
/Users/thun/Desktop/cauliflower_training/cali/Healthy/healthy_2667.jpg,Healthy
/Users/thun/Desktop/cauliflower_training/cali/Bacterial Soft Rot/bacterial_soft_rot_1097.jpg,Bacterial Soft Rot
/Users/thun/Desktop/cauliflower_training/cali/Black Rot/black_rot_311.png,Black Rot
/Users/thun/Desktop/cauliflower_training/cali/Healthy/healthy_1212.png,Healthy
/Users/thun/Desktop/cauliflower_training/cali/Healthy/healthy_2953.jpg,Healthy
/Users/thun/Desktop/cauliflower_training/cali/Healthy/healthy_2117.jpg,Healthy
/Users/thun/Desktop/cauliflower_training/cali/Alternaria Leaf Spot/alternaria_leaf_spot_0023.jpeg,Alternaria Leaf Spot
/Users/thun/Desktop/cauliflower_training/cali/Bacterial Soft Rot/bacterial_soft_rot_0430.jpg,Bacterial Soft Rot
/Users/thun/Desktop/cauliflower_training/cali/Alternaria Leaf Spot/alternaria_leaf_spot_1247.jpg,Alternaria Leaf Spot
/Users/thun/Desktop/cauliflower_training/cali/Healthy/healthy_1251.png,Healthy
/Users/thun/Desktop/cauliflower_training/cali/Downy Mildew/downy_mildew_0956.jpeg,Downy Mildew
/Users/thun/Desktop/cauliflower_training/cali/Healthy/healthy_2899.jpg,Healthy
/Users/thun/Desktop/cauliflower_training/cali/Bacterial Soft Rot/bacterial_soft_rot_0786.jpg,Bacterial Soft Rot
/Users/thun/Desktop/cauliflower_training/cali/Downy Mildew/downy_mildew_0748.jpg,Downy Mildew
/Users/thun/Desktop/cauliflower_training/cali/Downy Mildew/downy_mildew_0400.png,Downy Mildew
/Users/thun/Desktop/cauliflower_training/cali/Bacterial Soft Rot/bacterial_soft_rot_0043.jpeg,Bacterial Soft Rot
/Users/thun/Desktop/cauliflower_training/cali/Healthy/healthy_2717.jpg,Healthy
/Users/thun/Desktop/cauliflower_training/cali/Healthy/healthy_1701.jpg,Healthy
/Users/thun/Desktop/cauliflower_training/cali/Healthy/healthy_2383.jpg,Healthy
/Users/thun/Desktop/cauliflower_training/cali/Alternaria Leaf Spot/alternaria_leaf_spot_0815.jpg,Alternaria Leaf Spot
/Users/thun/Desktop/cauliflower_training/cali/Healthy/healthy_0304.png,Healthy
/Users/thun/Desktop/cauliflower_training/cali/Downy Mildew/downy_mildew_1053.jpeg,Downy Mildew
/Users/thun/Desktop/cauliflower_training/cali/Alternaria Leaf Spot/alternaria_leaf_spot_0464.jpg,Alternaria Leaf Spot
/Users/thun/Desktop/cauliflower_training/cali/Healthy/healthy_2925.jpg,Healthy
/Users/thun/Desktop/cauliflower_training/cali/Downy Mildew/downy_mildew_1284.jpeg,Downy Mildew
/Users/thun/Desktop/cauliflower_training/cali/Bacterial Soft Rot/bacterial_soft_rot_0423.jpg,Bacterial Soft Rot
/Users/thun/Desktop/cauliflower_training/cali/Healthy/healthy_1882.jpg,Healthy
/Users/thun/Desktop/cauliflower_training/cali/Healthy/healthy_1943.jpg,Healthy
/Users/thun/Desktop/cauliflower_training/cali/Healthy/healthy_1940.jpg,Healthy
/Users/thun/Desktop/cauliflower_training/cali/Bacterial Soft Rot/bacterial_soft_rot_0585.jpg,Bacterial Soft Rot
/Users/thun/Desktop/cauliflower_training/cali/Healthy/healthy_0726.jpeg,Healthy
/Users/thun/Desktop/cauliflower_training/cali/Alternaria Leaf Spot/alternaria_leaf_spot_0741.jpg,Alternaria Leaf Spot
/Users/thun/Desktop/cauliflower_training/cali/Bacterial Soft Rot/bacterial_soft_rot_1382.jpg,Bacterial Soft Rot
/Users/thun/Desktop/cauliflower_training/cali/Healthy/healthy_2913.jpg,Healthy
/Users/thun/Desktop/cauliflower_training/cali/Alternaria Leaf Spot/alternaria_leaf_spot_0979.jpg,Alternaria Leaf Spot
/Users/thun/Desktop/cauliflower_training/cali/Healthy/healthy_1073.png,Healthy
/Users/thun/Desktop/cauliflower_training/cali/Healthy/healthy_1082.jpg,Healthy
/Users/thun/Desktop/cauliflower_training/cali/Healthy/healthy_0162.png,Healthy
/Users/thun/Desktop/cauliflower_training/cali/Bacterial Soft Rot/bacterial_soft_rot_1264.jpg,Bacterial Soft Rot
/Users/thun/Desktop/cauliflower_training/cali/Healthy/healthy_2970.jpg,Healthy
/Users/thun/Desktop/cauliflower_training/cali/Healthy/healthy_1191.jpg,Healthy
/Users/thun/Desktop/cauliflower_training/cali/Downy Mildew/downy_mildew_0059.png,Downy Mildew
/Users/thun/Desktop/cauliflower_training/cali/Healthy/healthy_1575.jpeg,Healthy
/Users/thun/Desktop/cauliflower_training/cali/Black Rot/black_rot_800.jpg,Black Rot
/Users/thun/Desktop/cauliflower_training/cali/Healthy/healthy_1344.jpg,Healthy
/Users/thun/Desktop/cauliflower_training/cali/Alternaria Leaf Spot/alternaria_leaf_spot_0859.jpg,Alternaria Leaf Spot
/Users/thun/Desktop/cauliflower_training/cali/Black Rot/black_rot_038.png,Black Rot
/Users/thun/Desktop/cauliflower_training/cali/Bacterial Soft Rot/bacterial_soft_rot_0953.jpg,Bacterial Soft Rot
/Users/thun/Desktop/cauliflower_training/cali/Bacterial Soft Rot/bacterial_soft_rot_1029.jpg,Bacterial Soft Rot
/Users/thun/Desktop/cauliflower_training/cali/Healthy/healthy_2617.jpg,Healthy
/Users/thun/Desktop/cauliflower_training/cali/Healthy/healthy_2932.jpg,Healthy
/Users/thun/Desktop/cauliflower_training/cali/Healthy/healthy_2286.jpg,Healthy
/Users/thun/Desktop/cauliflower_training/cali/Healthy/healthy_1070.jpg,Healthy
/Users/thun/Desktop/cauliflower_training/cali/Black Rot/black_rot_428.png,Black Rot
/Users/thun/Desktop/cauliflower_training/cali/Alternaria Leaf Spot/alternaria_leaf_spot_0191.jpeg,Alternaria Leaf Spot
/Users/thun/Desktop/cauliflower_training/cali/Healthy/healthy_2693.jpg,Healthy
/Users/thun/Desktop/cauliflower_training/cali/Black Rot/black_rot_341.png,Black Rot
/Users/thun/Desktop/cauliflower_training/cali/Healthy/healthy_1603.jpg,Healthy
/Users/thun/Desktop/cauliflower_training/cali/Healthy/healthy_0776.jpeg,Healthy
/Users/thun/Desktop/cauliflower_training/cali/Downy Mildew/downy_mildew_0978.jpeg,Downy Mildew
/Users/thun/Desktop/cauliflower_training/cali/Healthy/healthy_0632.png,Healthy
/Users/thun/Desktop/cauliflower_training/cali/Healthy/healthy_2862.jpg,Healthy
/Users/thun/Desktop/cauliflower_training/cali/Alternaria Leaf Spot/alternaria_leaf_spot_0628.jpg,Alternaria Leaf Spot
/Users/thun/Desktop/cauliflower_training/cali/Healthy/healthy_1115.jpg,Healthy
/Users/thun/Desktop/cauliflower_training/cali/Healthy/healthy_1349.jpg,Healthy
/Users/thun/Desktop/cauliflower_training/cali/Alternaria Leaf Spot/alternaria_leaf_spot_0060.jpeg,Alternaria Leaf Spot
/Users/thun/Desktop/cauliflower_training/cali/Bacterial Soft Rot/bacterial_soft_rot_0712.jpg,Bacterial Soft Rot
/Users/thun/Desktop/cauliflower_training/cali/Downy Mildew/downy_mildew_0476.png,Downy Mildew
/Users/thun/Desktop/cauliflower_training/cali/Bacterial Soft Rot/bacterial_soft_rot_1101.jpg,Bacterial Soft Rot
/Users/thun/Desktop/cauliflower_training/cali/Downy Mildew/downy_mildew_1072.jpeg,Downy Mildew
/Users/thun/Desktop/cauliflower_training/cali/Healthy/healthy_1814.jpg,Healthy
/Users/thun/Desktop/cauliflower_training/cali/Bacterial Soft Rot/bacterial_soft_rot_0785.jpg,Bacterial Soft Rot
/Users/thun/Desktop/cauliflower_training/cali/Alternaria Leaf Spot/alternaria_leaf_spot_0488.jpg,Alternaria Leaf Spot
/Users/thun/Desktop/cauliflower_training/cali/Alternaria Leaf Spot/alternaria_leaf_spot_0280.jpeg,Alternaria Leaf Spot
/Users/thun/Desktop/cauliflower_training/cali/Healthy/healthy_1291.jpg,Healthy
/Users/thun/Desktop/cauliflower_training/cali/Healthy/healthy_1474.jpg,Healthy
/Users/thun/Desktop/cauliflower_training/cali/Downy Mildew/downy_mildew_1089.jpeg,Downy Mildew
/Users/thun/Desktop/cauliflower_training/cali/Bacterial Soft Rot/bacterial_soft_rot_0069.jpeg,Bacterial Soft Rot
/Users/thun/Desktop/cauliflower_training/cali/Alternaria Leaf Spot/alternaria_leaf_spot_1482.jpg,Alternaria Leaf Spot
/Users/thun/Desktop/cauliflower_training/cali/Healthy/healthy_3021.jpg,Healthy
/Users/thun/Desktop/cauliflower_training/cali/Bacterial Soft Rot/bacterial_soft_rot_0275.jpg,Bacterial Soft Rot
/Users/thun/Desktop/cauliflower_training/cali/Bacterial Soft Rot/bacterial_soft_rot_1331.jpg,Bacterial Soft Rot
/Users/thun/Desktop/cauliflower_training/cali/Alternaria Leaf Spot/alternaria_leaf_spot_1163.jpg,Alternaria Leaf Spot
/Users/thun/Desktop/cauliflower_training/cali/Healthy/healthy_1161.jpg,Healthy
/Users/thun/Desktop/cauliflower_training/cali/Black Rot/black_rot_252.png,Black Rot
/Users/thun/Desktop/cauliflower_training/cali/Healthy/healthy_2889.jpg,Healthy
/Users/thun/Desktop/cauliflower_training/cali/Bacterial Soft Rot/bacterial_soft_rot_0140.jpeg,Bacterial Soft Rot
/Users/thun/Desktop/cauliflower_training/cali/Bacterial Soft Rot/bacterial_soft_rot_0560.jpg,Bacterial Soft Rot
/Users/thun/Desktop/cauliflower_training/cali/Bacterial Soft Rot/bacterial_soft_rot_1234.jpg,Bacterial Soft Rot
/Users/thun/Desktop/cauliflower_training/cali/Black Rot/black_rot_664.png,Black Rot
/Users/thun/Desktop/cauliflower_training/cali/Healthy/healthy_2004.jpg,Healthy
/Users/thun/Desktop/cauliflower_training/cali/Healthy/healthy_2999.jpg,Healthy
/Users/thun/Desktop/cauliflower_training/cali/Healthy/healthy_0645.png,Healthy
/Users/thun/Desktop/cauliflower_training/cali/Bacterial Soft Rot/bacterial_soft_rot_0654.jpg,Bacterial Soft Rot
/Users/thun/Desktop/cauliflower_training/cali/Downy Mildew/downy_mildew_0623.png,Downy Mildew
/Users/thun/Desktop/cauliflower_training/cali/Healthy/healthy_0337.png,Healthy
/Users/thun/Desktop/cauliflower_training/cali/Bacterial Soft Rot/bacterial_soft_rot_0490.jpg,Bacterial Soft Rot
/Users/thun/Desktop/cauliflower_training/cali/Alternaria Leaf Spot/alternaria_leaf_spot_0334.jpg,Alternaria Leaf Spot
/Users/thun/Desktop/cauliflower_training/cali/Black Rot/black_rot_595.png,Black Rot
/Users/thun/Desktop/cauliflower_training/cali/Healthy/healthy_0902.jpeg,Healthy
/Users/thun/Desktop/cauliflower_training/cali/Bacterial Soft Rot/bacterial_soft_rot_0618.jpg,Bacterial Soft Rot
/Users/thun/Desktop/cauliflower_training/cali/Healthy/healthy_2859.jpg,Healthy
/Users/thun/Desktop/cauliflower_training/cali/Healthy/healthy_0412.png,Healthy
/Users/thun/Desktop/cauliflower_training/cali/Black Rot/black_rot_264.png,Black Rot
/Users/thun/Desktop/cauliflower_training/cali/Black Rot/black_rot_184.png,Black Rot
/Users/thun/Desktop/cauliflower_training/cali/Healthy/healthy_1430.png,Healthy
/Users/thun/Desktop/cauliflower_training/cali/Healthy/healthy_0040.png,Healthy
/Users/thun/Desktop/cauliflower_training/cali/Bacterial Soft Rot/bacterial_soft_rot_0154.jpeg,Bacterial Soft Rot
/Users/thun/Desktop/cauliflower_training/cali/Downy Mildew/downy_mildew_0705.jpg,Downy Mildew
/Users/thun/Desktop/cauliflower_training/cali/Healthy/healthy_0389.png,Healthy
/Users/thun/Desktop/cauliflower_training/cali/Healthy/healthy_3002.jpg,Healthy
/Users/thun/Desktop/cauliflower_training/cali/Healthy/healthy_2423.jpg,Healthy
/Users/thun/Desktop/cauliflower_training/cali/Healthy/healthy_2466.jpg,Healthy
/Users/thun/Desktop/cauliflower_training/cali/Bacterial Soft Rot/bacterial_soft_rot_0923.jpg,Bacterial Soft Rot
/Users/thun/Desktop/cauliflower_training/cali/Alternaria Leaf Spot/alternaria_leaf_spot_0786.jpg,Alternaria Leaf Spot
/Users/thun/Desktop/cauliflower_training/cali/Healthy/healthy_0199.png,Healthy
/Users/thun/Desktop/cauliflower_training/cali/Downy Mildew/downy_mildew_0451.png,Downy Mildew
/Users/thun/Desktop/cauliflower_training/cali/Bacterial Soft Rot/bacterial_soft_rot_0709.jpg,Bacterial Soft Rot
/Users/thun/Desktop/cauliflower_training/cali/Alternaria Leaf Spot/alternaria_leaf_spot_0383.jpg,Alternaria Leaf Spot
/Users/thun/Desktop/cauliflower_training/cali/Bacterial Soft Rot/bacterial_soft_rot_0342.jpg,Bacterial Soft Rot
/Users/thun/Desktop/cauliflower_training/cali/Healthy/healthy_2777.jpg,Healthy
/Users/thun/Desktop/cauliflower_training/cali/Alternaria Leaf Spot/alternaria_leaf_spot_1377.jpg,Alternaria Leaf Spot
/Users/thun/Desktop/cauliflower_training/cali/Bacterial Soft Rot/bacterial_soft_rot_0418.jpg,Bacterial Soft Rot
/Users/thun/Desktop/cauliflower_training/cali/Healthy/healthy_2399.jpg,Healthy
/Users/thun/Desktop/cauliflower_training/cali/Black Rot/black_rot_624.png,Black Rot
/Users/thun/Desktop/cauliflower_training/cali/Healthy/healthy_1810.jpg,Healthy
/Users/thun/Desktop/cauliflower_training/cali/Healthy/healthy_0781.jpeg,Healthy
/Users/thun/Desktop/cauliflower_training/cali/Downy Mildew/downy_mildew_1069.jpeg,Downy Mildew
/Users/thun/Desktop/cauliflower_training/cali/Healthy/healthy_0292.png,Healthy
/Users/thun/Desktop/cauliflower_training/cali/Healthy/healthy_0013.png,Healthy
/Users/thun/Desktop/cauliflower_training/cali/Alternaria Leaf Spot/alternaria_leaf_spot_0297.jpeg,Alternaria Leaf Spot
/Users/thun/Desktop/cauliflower_training/cali/Downy Mildew/downy_mildew_1006.jpeg,Downy Mildew
/Users/thun/Desktop/cauliflower_training/cali/Healthy/healthy_1792.jpg,Healthy
/Users/thun/Desktop/cauliflower_training/cali/Healthy/healthy_2788.jpg,Healthy
/Users/thun/Desktop/cauliflower_training/cali/Downy Mildew/downy_mildew_0853.jpg,Downy Mildew
/Users/thun/Desktop/cauliflower_training/cali/Healthy/healthy_1311.jpg,Healthy
/Users/thun/Desktop/cauliflower_training/cali/Healthy/healthy_0679.png,Healthy
/Users/thun/Desktop/cauliflower_training/cali/Bacterial Soft Rot/bacterial_soft_rot_1205.jpg,Bacterial Soft Rot
/Users/thun/Desktop/cauliflower_training/cali/Healthy/healthy_0654.png,Healthy
/Users/thun/Desktop/cauliflower_training/cali/Bacterial Soft Rot/bacterial_soft_rot_0774.jpg,Bacterial Soft Rot
/Users/thun/Desktop/cauliflower_training/cali/Healthy/healthy_2142.jpg,Healthy
/Users/thun/Desktop/cauliflower_training/cali/Bacterial Soft Rot/bacterial_soft_rot_0495.jpg,Bacterial Soft Rot
/Users/thun/Desktop/cauliflower_training/cali/Healthy/healthy_3121.jpg,Healthy
/Users/thun/Desktop/cauliflower_training/cali/Healthy/healthy_0357.png,Healthy
/Users/thun/Desktop/cauliflower_training/cali/Healthy/healthy_0511.png,Healthy
/Users/thun/Desktop/cauliflower_training/cali/Healthy/healthy_1718.jpg,Healthy
/Users/thun/Desktop/cauliflower_training/cali/Bacterial Soft Rot/bacterial_soft_rot_0026.jpg,Bacterial Soft Rot
/Users/thun/Desktop/cauliflower_training/cali/Downy Mildew/downy_mildew_1171.jpg,Downy Mildew
/Users/thun/Desktop/cauliflower_training/cali/Bacterial Soft Rot/bacterial_soft_rot_0003.jpg,Bacterial Soft Rot
/Users/thun/Desktop/cauliflower_training/cali/Healthy/healthy_0071.png,Healthy
/Users/thun/Desktop/cauliflower_training/cali/Downy Mildew/downy_mildew_0197.png,Downy Mildew
/Users/thun/Desktop/cauliflower_training/cali/Black Rot/black_rot_106.png,Black Rot
/Users/thun/Desktop/cauliflower_training/cali/Black Rot/black_rot_671.png,Black Rot
/Users/thun/Desktop/cauliflower_training/cali/Downy Mildew/downy_mildew_1167.jpg,Downy Mildew
/Users/thun/Desktop/cauliflower_training/cali/Black Rot/black_rot_529.png,Black Rot
/Users/thun/Desktop/cauliflower_training/cali/Healthy/healthy_1702.jpg,Healthy
/Users/thun/Desktop/cauliflower_training/cali/Alternaria Leaf Spot/alternaria_leaf_spot_0780.jpg,Alternaria Leaf Spot
/Users/thun/Desktop/cauliflower_training/cali/Bacterial Soft Rot/bacterial_soft_rot_0823.jpg,Bacterial Soft Rot
/Users/thun/Desktop/cauliflower_training/cali/Bacterial Soft Rot/bacterial_soft_rot_0375.jpg,Bacterial Soft Rot
/Users/thun/Desktop/cauliflower_training/cali/Downy Mildew/downy_mildew_0372.png,Downy Mildew
/Users/thun/Desktop/cauliflower_training/cali/Healthy/healthy_0256.png,Healthy
/Users/thun/Desktop/cauliflower_training/cali/Downy Mildew/downy_mildew_0518.png,Downy Mildew
/Users/thun/Desktop/cauliflower_training/cali/Healthy/healthy_1365.jpg,Healthy
/Users/thun/Desktop/cauliflower_training/cali/Healthy/healthy_0283.png,Healthy
/Users/thun/Desktop/cauliflower_training/cali/Alternaria Leaf Spot/alternaria_leaf_spot_1076.jpg,Alternaria Leaf Spot
/Users/thun/Desktop/cauliflower_training/cali/Healthy/healthy_3035.jpg,Healthy
/Users/thun/Desktop/cauliflower_training/cali/Alternaria Leaf Spot/alternaria_leaf_spot_1197.jpg,Alternaria Leaf Spot
/Users/thun/Desktop/cauliflower_training/cali/Downy Mildew/downy_mildew_0735.jpg,Downy Mildew
/Users/thun/Desktop/cauliflower_training/cali/Healthy/healthy_0079.png,Healthy
/Users/thun/Desktop/cauliflower_training/cali/Healthy/healthy_1164.jpg,Healthy
/Users/thun/Desktop/cauliflower_training/cali/Downy Mildew/downy_mildew_0806.jpeg,Downy Mildew
/Users/thun/Desktop/cauliflower_training/cali/Healthy/healthy_2809.jpg,Healthy
/Users/thun/Desktop/cauliflower_training/cali/Downy Mildew/downy_mildew_0350.png,Downy Mildew
/Users/thun/Desktop/cauliflower_training/cali/Downy Mildew/downy_mildew_0058.png,Downy Mildew
/Users/thun/Desktop/cauliflower_training/cali/Alternaria Leaf Spot/alternaria_leaf_spot_0794.jpg,Alternaria Leaf Spot
/Users/thun/Desktop/cauliflower_training/cali/Bacterial Soft Rot/bacterial_soft_rot_1089.jpg,Bacterial Soft Rot
/Users/thun/Desktop/cauliflower_training/cali/Black Rot/black_rot_739.jpeg,Black Rot
/Users/thun/Desktop/cauliflower_training/cali/Healthy/healthy_0955.jpeg,Healthy
/Users/thun/Desktop/cauliflower_training/cali/Bacterial Soft Rot/bacterial_soft_rot_0386.jpg,Bacterial Soft Rot
/Users/thun/Desktop/cauliflower_training/cali/Bacterial Soft Rot/bacterial_soft_rot_0715.jpg,Bacterial Soft Rot
/Users/thun/Desktop/cauliflower_training/cali/Healthy/healthy_2823.jpg,Healthy
/Users/thun/Desktop/cauliflower_training/cali/Healthy/healthy_0997.jpeg,Healthy
/Users/thun/Desktop/cauliflower_training/cali/Alternaria Leaf Spot/alternaria_leaf_spot_0388.jpg,Alternaria Leaf Spot
/Users/thun/Desktop/cauliflower_training/cali/Healthy/healthy_1648.jpg,Healthy
/Users/thun/Desktop/cauliflower_training/cali/Downy Mildew/downy_mildew_0854.jpeg,Downy Mildew
/Users/thun/Desktop/cauliflower_training/cali/Healthy/healthy_2696.jpg,Healthy
/Users/thun/Desktop/cauliflower_training/cali/Healthy/healthy_1527.jpeg,Healthy
/Users/thun/Desktop/cauliflower_training/cali/Black Rot/black_rot_081.png,Black Rot
/Users/thun/Desktop/cauliflower_training/cali/Healthy/healthy_1477.jpg,Healthy
/Users/thun/Desktop/cauliflower_training/cali/Bacterial Soft Rot/bacterial_soft_rot_0180.jpeg,Bacterial Soft Rot
/Users/thun/Desktop/cauliflower_training/cali/Downy Mildew/downy_mildew_0104.png,Downy Mildew
/Users/thun/Desktop/cauliflower_training/cali/Downy Mildew/downy_mildew_0619.png,Downy Mildew
/Users/thun/Desktop/cauliflower_training/cali/Healthy/healthy_0696.png,Healthy
/Users/thun/Desktop/cauliflower_training/cali/Downy Mildew/downy_mildew_0024.png,Downy Mildew
/Users/thun/Desktop/cauliflower_training/cali/Healthy/healthy_0383.png,Healthy
/Users/thun/Desktop/cauliflower_training/cali/Bacterial Soft Rot/bacterial_soft_rot_0511.jpg,Bacterial Soft Rot
/Users/thun/Desktop/cauliflower_training/cali/Bacterial Soft Rot/bacterial_soft_rot_0895.jpg,Bacterial Soft Rot
/Users/thun/Desktop/cauliflower_training/cali/Alternaria Leaf Spot/alternaria_leaf_spot_0889.jpg,Alternaria Leaf Spot
/Users/thun/Desktop/cauliflower_training/cali/Alternaria Leaf Spot/alternaria_leaf_spot_0078.jpeg,Alternaria Leaf Spot
/Users/thun/Desktop/cauliflower_training/cali/Bacterial Soft Rot/bacterial_soft_rot_0041.jpeg,Bacterial Soft Rot
/Users/thun/Desktop/cauliflower_training/cali/Downy Mildew/downy_mildew_0926.jpeg,Downy Mildew
/Users/thun/Desktop/cauliflower_training/cali/Alternaria Leaf Spot/alternaria_leaf_spot_1231.jpg,Alternaria Leaf Spot
/Users/thun/Desktop/cauliflower_training/cali/Bacterial Soft Rot/bacterial_soft_rot_0396.jpg,Bacterial Soft Rot
/Users/thun/Desktop/cauliflower_training/cali/Alternaria Leaf Spot/alternaria_leaf_spot_0189.jpeg,Alternaria Leaf Spot
/Users/thun/Desktop/cauliflower_training/cali/Bacterial Soft Rot/bacterial_soft_rot_0040.jpeg,Bacterial Soft Rot
/Users/thun/Desktop/cauliflower_training/cali/Bacterial Soft Rot/bacterial_soft_rot_0807.jpg,Bacterial Soft Rot
/Users/thun/Desktop/cauliflower_training/cali/Alternaria Leaf Spot/alternaria_leaf_spot_1345.jpg,Alternaria Leaf Spot
/Users/thun/Desktop/cauliflower_training/cali/Healthy/healthy_2045.jpg,Healthy
/Users/thun/Desktop/cauliflower_training/cali/Downy Mildew/downy_mildew_0649.png,Downy Mildew
/Users/thun/Desktop/cauliflower_training/cali/Alternaria Leaf Spot/alternaria_leaf_spot_1141.jpg,Alternaria Leaf Spot
/Users/thun/Desktop/cauliflower_training/cali/Alternaria Leaf Spot/alternaria_leaf_spot_0787.jpg,Alternaria Leaf Spot
/Users/thun/Desktop/cauliflower_training/cali/Alternaria Leaf Spot/alternaria_leaf_spot_1472.jpg,Alternaria Leaf Spot
/Users/thun/Desktop/cauliflower_training/cali/Healthy/healthy_0586.png,Healthy
/Users/thun/Desktop/cauliflower_training/cali/Black Rot/black_rot_407.png,Black Rot
/Users/thun/Desktop/cauliflower_training/cali/Healthy/healthy_2219.jpg,Healthy
/Users/thun/Desktop/cauliflower_training/cali/Healthy/healthy_1831.jpg,Healthy
/Users/thun/Desktop/cauliflower_training/cali/Bacterial Soft Rot/bacterial_soft_rot_0529.jpg,Bacterial Soft Rot
/Users/thun/Desktop/cauliflower_training/cali/Black Rot/black_rot_649.png,Black Rot
/Users/thun/Desktop/cauliflower_training/cali/Bacterial Soft Rot/bacterial_soft_rot_0163.jpeg,Bacterial Soft Rot
/Users/thun/Desktop/cauliflower_training/cali/Downy Mildew/downy_mildew_1287.jpg,Downy Mildew
/Users/thun/Desktop/cauliflower_training/cali/Healthy/healthy_2461.jpg,Healthy
/Users/thun/Desktop/cauliflower_training/cali/Downy Mildew/downy_mildew_1042.jpeg,Downy Mildew
/Users/thun/Desktop/cauliflower_training/cali/Black Rot/black_rot_692.png,Black Rot
/Users/thun/Desktop/cauliflower_training/cali/Healthy/healthy_1064.jpg,Healthy
/Users/thun/Desktop/cauliflower_training/cali/Healthy/healthy_1739.jpg,Healthy
/Users/thun/Desktop/cauliflower_training/cali/Alternaria Leaf Spot/alternaria_leaf_spot_0877.jpg,Alternaria Leaf Spot
/Users/thun/Desktop/cauliflower_training/cali/Alternaria Leaf Spot/alternaria_leaf_spot_0045.jpeg,Alternaria Leaf Spot
/Users/thun/Desktop/cauliflower_training/cali/Alternaria Leaf Spot/alternaria_leaf_spot_1486.jpg,Alternaria Leaf Spot
/Users/thun/Desktop/cauliflower_training/cali/Bacterial Soft Rot/bacterial_soft_rot_0602.jpg,Bacterial Soft Rot
/Users/thun/Desktop/cauliflower_training/cali/Alternaria Leaf Spot/alternaria_leaf_spot_1342.jpg,Alternaria Leaf Spot
/Users/thun/Desktop/cauliflower_training/cali/Healthy/healthy_0135.png,Healthy
/Users/thun/Desktop/cauliflower_training/cali/Alternaria Leaf Spot/alternaria_leaf_spot_0711.jpg,Alternaria Leaf Spot
/Users/thun/Desktop/cauliflower_training/cali/Downy Mildew/downy_mildew_0237.png,Downy Mildew
/Users/thun/Desktop/cauliflower_training/cali/Downy Mildew/downy_mildew_0767.jpg,Downy Mildew
/Users/thun/Desktop/cauliflower_training/cali/Healthy/healthy_0945.jpg,Healthy
/Users/thun/Desktop/cauliflower_training/cali/Healthy/healthy_1675.jpg,Healthy
/Users/thun/Desktop/cauliflower_training/cali/Healthy/healthy_2136.jpg,Healthy
/Users/thun/Desktop/cauliflower_training/cali/Healthy/healthy_3152.jpg,Healthy
/Users/thun/Desktop/cauliflower_training/cali/Bacterial Soft Rot/bacterial_soft_rot_0441.jpg,Bacterial Soft Rot
/Users/thun/Desktop/cauliflower_training/cali/Downy Mildew/downy_mildew_0636.png,Downy Mildew
/Users/thun/Desktop/cauliflower_training/cali/Bacterial Soft Rot/bacterial_soft_rot_0114.jpeg,Bacterial Soft Rot
/Users/thun/Desktop/cauliflower_training/cali/Healthy/healthy_0592.png,Healthy
/Users/thun/Desktop/cauliflower_training/cali/Healthy/healthy_1574.png,Healthy
/Users/thun/Desktop/cauliflower_training/cali/Downy Mildew/downy_mildew_1060.jpeg,Downy Mildew
/Users/thun/Desktop/cauliflower_training/cali/Healthy/healthy_0625.png,Healthy
/Users/thun/Desktop/cauliflower_training/cali/Healthy/healthy_1735.jpg,Healthy
/Users/thun/Desktop/cauliflower_training/cali/Alternaria Leaf Spot/alternaria_leaf_spot_0789.jpg,Alternaria Leaf Spot
/Users/thun/Desktop/cauliflower_training/cali/Alternaria Leaf Spot/alternaria_leaf_spot_0235.jpeg,Alternaria Leaf Spot
/Users/thun/Desktop/cauliflower_training/cali/Bacterial Soft Rot/bacterial_soft_rot_0463.jpg,Bacterial Soft Rot
/Users/thun/Desktop/cauliflower_training/cali/Healthy/healthy_2409.jpg,Healthy
/Users/thun/Desktop/cauliflower_training/cali/Downy Mildew/downy_mildew_1160.jpeg,Downy Mildew
/Users/thun/Desktop/cauliflower_training/cali/Downy Mildew/downy_mildew_1151.jpg,Downy Mildew
/Users/thun/Desktop/cauliflower_training/cali/Healthy/healthy_1254.jpg,Healthy
/Users/thun/Desktop/cauliflower_training/cali/Healthy/healthy_0800.jpeg,Healthy
/Users/thun/Desktop/cauliflower_training/cali/Black Rot/black_rot_557.png,Black Rot
/Users/thun/Desktop/cauliflower_training/cali/Healthy/healthy_2786.jpg,Healthy
/Users/thun/Desktop/cauliflower_training/cali/Bacterial Soft Rot/bacterial_soft_rot_1078.jpg,Bacterial Soft Rot
/Users/thun/Desktop/cauliflower_training/cali/Healthy/healthy_2056.jpg,Healthy
/Users/thun/Desktop/cauliflower_training/cali/Bacterial Soft Rot/bacterial_soft_rot_0987.jpg,Bacterial Soft Rot
/Users/thun/Desktop/cauliflower_training/cali/Downy Mildew/downy_mildew_0953.jpg,Downy Mildew
/Users/thun/Desktop/cauliflower_training/cali/Alternaria Leaf Spot/alternaria_leaf_spot_0030.jpeg,Alternaria Leaf Spot
/Users/thun/Desktop/cauliflower_training/cali/Downy Mildew/downy_mildew_1101.jpeg,Downy Mildew
/Users/thun/Desktop/cauliflower_training/cali/Healthy/healthy_0093.png,Healthy
/Users/thun/Desktop/cauliflower_training/cali/Alternaria Leaf Spot/alternaria_leaf_spot_0419.jpg,Alternaria Leaf Spot
/Users/thun/Desktop/cauliflower_training/cali/Healthy/healthy_2089.jpg,Healthy
/Users/thun/Desktop/cauliflower_training/cali/Downy Mildew/downy_mildew_0140.png,Downy Mildew
/Users/thun/Desktop/cauliflower_training/cali/Healthy/healthy_1272.jpg,Healthy
/Users/thun/Desktop/cauliflower_training/cali/Alternaria Leaf Spot/alternaria_leaf_spot_0469.jpg,Alternaria Leaf Spot
/Users/thun/Desktop/cauliflower_training/cali/Healthy/healthy_1107.jpg,Healthy
/Users/thun/Desktop/cauliflower_training/cali/Alternaria Leaf Spot/alternaria_leaf_spot_0712.jpg,Alternaria Leaf Spot
/Users/thun/Desktop/cauliflower_training/cali/Black Rot/black_rot_167.png,Black Rot
/Users/thun/Desktop/cauliflower_training/cali/Downy Mildew/downy_mildew_0169.png,Downy Mildew
/Users/thun/Desktop/cauliflower_training/cali/Healthy/healthy_0852.jpg,Healthy
/Users/thun/Desktop/cauliflower_training/cali/Alternaria Leaf Spot/alternaria_leaf_spot_0967.jpg,Alternaria Leaf Spot
/Users/thun/Desktop/cauliflower_training/cali/Alternaria Leaf Spot/alternaria_leaf_spot_0728.jpg,Alternaria Leaf Spot
/Users/thun/Desktop/cauliflower_training/cali/Healthy/healthy_0222.png,Healthy
/Users/thun/Desktop/cauliflower_training/cali/Bacterial Soft Rot/bacterial_soft_rot_1034.jpg,Bacterial Soft Rot
/Users/thun/Desktop/cauliflower_training/cali/Healthy/healthy_1367.jpg,Healthy
/Users/thun/Desktop/cauliflower_training/cali/Downy Mildew/downy_mildew_1041.jpeg,Downy Mildew
/Users/thun/Desktop/cauliflower_training/cali/Healthy/healthy_0463.png,Healthy
/Users/thun/Desktop/cauliflower_training/cali/Alternaria Leaf Spot/alternaria_leaf_spot_1376.jpg,Alternaria Leaf Spot
/Users/thun/Desktop/cauliflower_training/cali/Downy Mildew/downy_mildew_0861.jpg,Downy Mildew
/Users/thun/Desktop/cauliflower_training/cali/Alternaria Leaf Spot/alternaria_leaf_spot_0345.jpg,Alternaria Leaf Spot
/Users/thun/Desktop/cauliflower_training/cali/Downy Mildew/downy_mildew_1082.jpg,Downy Mildew
/Users/thun/Desktop/cauliflower_training/cali/Alternaria Leaf Spot/alternaria_leaf_spot_1087.jpg,Alternaria Leaf Spot
/Users/thun/Desktop/cauliflower_training/cali/Downy Mildew/downy_mildew_0368.png,Downy Mildew
/Users/thun/Desktop/cauliflower_training/cali/Alternaria Leaf Spot/alternaria_leaf_spot_0642.jpg,Alternaria Leaf Spot
/Users/thun/Desktop/cauliflower_training/cali/Alternaria Leaf Spot/alternaria_leaf_spot_1147.jpg,Alternaria Leaf Spot
/Users/thun/Desktop/cauliflower_training/cali/Black Rot/black_rot_286.png,Black Rot
/Users/thun/Desktop/cauliflower_training/cali/Downy Mildew/downy_mildew_0421.png,Downy Mildew
/Users/thun/Desktop/cauliflower_training/cali/Bacterial Soft Rot/bacterial_soft_rot_0864.jpg,Bacterial Soft Rot
/Users/thun/Desktop/cauliflower_training/cali/Healthy/healthy_2656.jpg,Healthy
/Users/thun/Desktop/cauliflower_training/cali/Bacterial Soft Rot/bacterial_soft_rot_0487.jpg,Bacterial Soft Rot
/Users/thun/Desktop/cauliflower_training/cali/Bacterial Soft Rot/bacterial_soft_rot_1299.jpg,Bacterial Soft Rot
/Users/thun/Desktop/cauliflower_training/cali/Healthy/healthy_2945.jpg,Healthy
/Users/thun/Desktop/cauliflower_training/cali/Bacterial Soft Rot/bacterial_soft_rot_0532.jpg,Bacterial Soft Rot
/Users/thun/Desktop/cauliflower_training/cali/Alternaria Leaf Spot/alternaria_leaf_spot_0287.jpeg,Alternaria Leaf Spot
/Users/thun/Desktop/cauliflower_training/cali/Downy Mildew/downy_mildew_0710.jpg,Downy Mildew
/Users/thun/Desktop/cauliflower_training/cali/Black Rot/black_rot_591.png,Black Rot
/Users/thun/Desktop/cauliflower_training/cali/Healthy/healthy_2657.jpg,Healthy
/Users/thun/Desktop/cauliflower_training/cali/Downy Mildew/downy_mildew_0843.jpg,Downy Mildew
/Users/thun/Desktop/cauliflower_training/cali/Bacterial Soft Rot/bacterial_soft_rot_0207.jpg,Bacterial Soft Rot
/Users/thun/Desktop/cauliflower_training/cali/Healthy/healthy_1036.png,Healthy
/Users/thun/Desktop/cauliflower_training/cali/Alternaria Leaf Spot/alternaria_leaf_spot_0898.jpg,Alternaria Leaf Spot
/Users/thun/Desktop/cauliflower_training/cali/Healthy/healthy_2180.jpg,Healthy
/Users/thun/Desktop/cauliflower_training/cali/Alternaria Leaf Spot/alternaria_leaf_spot_1324.jpg,Alternaria Leaf Spot
/Users/thun/Desktop/cauliflower_training/cali/Alternaria Leaf Spot/alternaria_leaf_spot_0101.jpeg,Alternaria Leaf Spot
/Users/thun/Desktop/cauliflower_training/cali/Black Rot/black_rot_384.png,Black Rot
/Users/thun/Desktop/cauliflower_training/cali/Downy Mildew/downy_mildew_0380.png,Downy Mildew
/Users/thun/Desktop/cauliflower_training/cali/Alternaria Leaf Spot/alternaria_leaf_spot_0892.jpg,Alternaria Leaf Spot
/Users/thun/Desktop/cauliflower_training/cali/Alternaria Leaf Spot/alternaria_leaf_spot_0414.jpg,Alternaria Leaf Spot
/Users/thun/Desktop/cauliflower_training/cali/Black Rot/black_rot_039.png,Black Rot
/Users/thun/Desktop/cauliflower_training/cali/Downy Mildew/downy_mildew_0382.png,Downy Mildew
/Users/thun/Desktop/cauliflower_training/cali/Downy Mildew/downy_mildew_1103.jpeg,Downy Mildew
/Users/thun/Desktop/cauliflower_training/cali/Healthy/healthy_1418.png,Healthy
/Users/thun/Desktop/cauliflower_training/cali/Bacterial Soft Rot/bacterial_soft_rot_1276.jpg,Bacterial Soft Rot
/Users/thun/Desktop/cauliflower_training/cali/Downy Mildew/downy_mildew_0595.png,Downy Mildew
/Users/thun/Desktop/cauliflower_training/cali/Bacterial Soft Rot/bacterial_soft_rot_0737.jpg,Bacterial Soft Rot
/Users/thun/Desktop/cauliflower_training/cali/Healthy/healthy_2225.jpg,Healthy
/Users/thun/Desktop/cauliflower_training/cali/Downy Mildew/downy_mildew_0859.jpg,Downy Mildew
/Users/thun/Desktop/cauliflower_training/cali/Healthy/healthy_1712.jpg,Healthy
/Users/thun/Desktop/cauliflower_training/cali/Alternaria Leaf Spot/alternaria_leaf_spot_1038.jpg,Alternaria Leaf Spot
/Users/thun/Desktop/cauliflower_training/cali/Healthy/healthy_1570.jpg,Healthy
/Users/thun/Desktop/cauliflower_training/cali/Bacterial Soft Rot/bacterial_soft_rot_0148.jpeg,Bacterial Soft Rot
/Users/thun/Desktop/cauliflower_training/cali/Downy Mildew/downy_mildew_0661.png,Downy Mildew
/Users/thun/Desktop/cauliflower_training/cali/Black Rot/black_rot_696.png,Black Rot
/Users/thun/Desktop/cauliflower_training/cali/Alternaria Leaf Spot/alternaria_leaf_spot_0370.jpg,Alternaria Leaf Spot
/Users/thun/Desktop/cauliflower_training/cali/Bacterial Soft Rot/bacterial_soft_rot_0457.jpg,Bacterial Soft Rot
/Users/thun/Desktop/cauliflower_training/cali/Healthy/healthy_0218.png,Healthy
/Users/thun/Desktop/cauliflower_training/cali/Healthy/healthy_0126.png,Healthy
/Users/thun/Desktop/cauliflower_training/cali/Black Rot/black_rot_592.png,Black Rot
/Users/thun/Desktop/cauliflower_training/cali/Healthy/healthy_0407.png,Healthy
/Users/thun/Desktop/cauliflower_training/cali/Alternaria Leaf Spot/alternaria_leaf_spot_1264.jpg,Alternaria Leaf Spot
/Users/thun/Desktop/cauliflower_training/cali/Alternaria Leaf Spot/alternaria_leaf_spot_0214.jpeg,Alternaria Leaf Spot
/Users/thun/Desktop/cauliflower_training/cali/Healthy/healthy_2011.jpg,Healthy
/Users/thun/Desktop/cauliflower_training/cali/Healthy/healthy_2469.jpg,Healthy
/Users/thun/Desktop/cauliflower_training/cali/Downy Mildew/downy_mildew_1211.jpg,Downy Mildew
/Users/thun/Desktop/cauliflower_training/cali/Bacterial Soft Rot/bacterial_soft_rot_0955.jpg,Bacterial Soft Rot
/Users/thun/Desktop/cauliflower_training/cali/Bacterial Soft Rot/bacterial_soft_rot_0680.jpg,Bacterial Soft Rot
/Users/thun/Desktop/cauliflower_training/cali/Healthy/healthy_2419.jpg,Healthy
/Users/thun/Desktop/cauliflower_training/cali/Black Rot/black_rot_115.png,Black Rot
/Users/thun/Desktop/cauliflower_training/cali/Downy Mildew/downy_mildew_1012.jpeg,Downy Mildew
/Users/thun/Desktop/cauliflower_training/cali/Healthy/healthy_0300.png,Healthy
/Users/thun/Desktop/cauliflower_training/cali/Bacterial Soft Rot/bacterial_soft_rot_0929.jpg,Bacterial Soft Rot
/Users/thun/Desktop/cauliflower_training/cali/Healthy/healthy_1186.jpg,Healthy
/Users/thun/Desktop/cauliflower_training/cali/Healthy/healthy_1841.jpg,Healthy
/Users/thun/Desktop/cauliflower_training/cali/Downy Mildew/downy_mildew_0019.png,Downy Mildew
/Users/thun/Desktop/cauliflower_training/cali/Bacterial Soft Rot/bacterial_soft_rot_1200.jpg,Bacterial Soft Rot
/Users/thun/Desktop/cauliflower_training/cali/Healthy/healthy_2299.jpg,Healthy
/Users/thun/Desktop/cauliflower_training/cali/Healthy/healthy_0590.png,Healthy
/Users/thun/Desktop/cauliflower_training/cali/Healthy/healthy_1528.jpg,Healthy
/Users/thun/Desktop/cauliflower_training/cali/Bacterial Soft Rot/bacterial_soft_rot_1300.jpg,Bacterial Soft Rot
/Users/thun/Desktop/cauliflower_training/cali/Healthy/healthy_0069.png,Healthy
/Users/thun/Desktop/cauliflower_training/cali/Bacterial Soft Rot/bacterial_soft_rot_0974.jpg,Bacterial Soft Rot
/Users/thun/Desktop/cauliflower_training/cali/Healthy/healthy_0152.png,Healthy
/Users/thun/Desktop/cauliflower_training/cali/Healthy/healthy_1615.jpg,Healthy
/Users/thun/Desktop/cauliflower_training/cali/Bacterial Soft Rot/bacterial_soft_rot_0500.jpg,Bacterial Soft Rot
/Users/thun/Desktop/cauliflower_training/cali/Bacterial Soft Rot/bacterial_soft_rot_1109.jpg,Bacterial Soft Rot
/Users/thun/Desktop/cauliflower_training/cali/Alternaria Leaf Spot/alternaria_leaf_spot_0990.jpg,Alternaria Leaf Spot
/Users/thun/Desktop/cauliflower_training/cali/Healthy/healthy_0988.jpeg,Healthy
/Users/thun/Desktop/cauliflower_training/cali/Black Rot/black_rot_201.png,Black Rot
/Users/thun/Desktop/cauliflower_training/cali/Healthy/healthy_1455.jpeg,Healthy
/Users/thun/Desktop/cauliflower_training/cali/Healthy/healthy_0267.png,Healthy
/Users/thun/Desktop/cauliflower_training/cali/Black Rot/black_rot_669.png,Black Rot
/Users/thun/Desktop/cauliflower_training/cali/Healthy/healthy_0098.png,Healthy
/Users/thun/Desktop/cauliflower_training/cali/Downy Mildew/downy_mildew_1154.jpeg,Downy Mildew
/Users/thun/Desktop/cauliflower_training/cali/Black Rot/black_rot_778.jpeg,Black Rot
/Users/thun/Desktop/cauliflower_training/cali/Healthy/healthy_2101.jpg,Healthy
/Users/thun/Desktop/cauliflower_training/cali/Alternaria Leaf Spot/alternaria_leaf_spot_0916.jpg,Alternaria Leaf Spot
/Users/thun/Desktop/cauliflower_training/cali/Healthy/healthy_1309.jpg,Healthy
/Users/thun/Desktop/cauliflower_training/cali/Alternaria Leaf Spot/alternaria_leaf_spot_0505.jpg,Alternaria Leaf Spot
/Users/thun/Desktop/cauliflower_training/cali/Black Rot/black_rot_481.png,Black Rot
/Users/thun/Desktop/cauliflower_training/cali/Downy Mildew/downy_mildew_1231.jpg,Downy Mildew
/Users/thun/Desktop/cauliflower_training/cali/Healthy/healthy_1434.jpeg,Healthy
/Users/thun/Desktop/cauliflower_training/cali/Alternaria Leaf Spot/alternaria_leaf_spot_0107.jpeg,Alternaria Leaf Spot
/Users/thun/Desktop/cauliflower_training/cali/Healthy/healthy_3141.jpg,Healthy
/Users/thun/Desktop/cauliflower_training/cali/Healthy/healthy_3070.jpg,Healthy
/Users/thun/Desktop/cauliflower_training/cali/Healthy/healthy_1640.jpg,Healthy
/Users/thun/Desktop/cauliflower_training/cali/Black Rot/black_rot_225.png,Black Rot
/Users/thun/Desktop/cauliflower_training/cali/Healthy/healthy_1210.jpeg,Healthy
/Users/thun/Desktop/cauliflower_training/cali/Bacterial Soft Rot/bacterial_soft_rot_1343.jpg,Bacterial Soft Rot
/Users/thun/Desktop/cauliflower_training/cali/Alternaria Leaf Spot/alternaria_leaf_spot_1089.jpg,Alternaria Leaf Spot
/Users/thun/Desktop/cauliflower_training/cali/Healthy/healthy_0176.png,Healthy
/Users/thun/Desktop/cauliflower_training/cali/Downy Mildew/downy_mildew_0467.png,Downy Mildew
/Users/thun/Desktop/cauliflower_training/cali/Healthy/healthy_1446.jpeg,Healthy
/Users/thun/Desktop/cauliflower_training/cali/Black Rot/black_rot_400.png,Black Rot
/Users/thun/Desktop/cauliflower_training/cali/Downy Mildew/downy_mildew_0509.png,Downy Mildew
/Users/thun/Desktop/cauliflower_training/cali/Downy Mildew/downy_mildew_0653.png,Downy Mildew
/Users/thun/Desktop/cauliflower_training/cali/Healthy/healthy_1531.jpg,Healthy
/Users/thun/Desktop/cauliflower_training/cali/Downy Mildew/downy_mildew_1240.jpeg,Downy Mildew
/Users/thun/Desktop/cauliflower_training/cali/Healthy/healthy_1151.jpg,Healthy
/Users/thun/Desktop/cauliflower_training/cali/Healthy/healthy_1774.jpg,Healthy
/Users/thun/Desktop/cauliflower_training/cali/Healthy/healthy_2381.jpg,Healthy
/Users/thun/Desktop/cauliflower_training/cali/Healthy/healthy_2420.jpg,Healthy
/Users/thun/Desktop/cauliflower_training/cali/Alternaria Leaf Spot/alternaria_leaf_spot_0459.jpg,Alternaria Leaf Spot
/Users/thun/Desktop/cauliflower_training/cali/Healthy/healthy_1072.jpg,Healthy
/Users/thun/Desktop/cauliflower_training/cali/Healthy/healthy_2254.jpg,Healthy
/Users/thun/Desktop/cauliflower_training/cali/Healthy/healthy_2800.jpg,Healthy
/Users/thun/Desktop/cauliflower_training/cali/Downy Mildew/downy_mildew_0742.jpg,Downy Mildew
/Users/thun/Desktop/cauliflower_training/cali/Bacterial Soft Rot/bacterial_soft_rot_0580.jpg,Bacterial Soft Rot
/Users/thun/Desktop/cauliflower_training/cali/Healthy/healthy_0089.png,Healthy
/Users/thun/Desktop/cauliflower_training/cali/Alternaria Leaf Spot/alternaria_leaf_spot_1249.jpg,Alternaria Leaf Spot
/Users/thun/Desktop/cauliflower_training/cali/Healthy/healthy_0072.png,Healthy
/Users/thun/Desktop/cauliflower_training/cali/Healthy/healthy_1705.jpg,Healthy
/Users/thun/Desktop/cauliflower_training/cali/Bacterial Soft Rot/bacterial_soft_rot_0787.jpg,Bacterial Soft Rot
/Users/thun/Desktop/cauliflower_training/cali/Downy Mildew/downy_mildew_0916.jpeg,Downy Mildew
/Users/thun/Desktop/cauliflower_training/cali/Healthy/healthy_0230.png,Healthy
/Users/thun/Desktop/cauliflower_training/cali/Alternaria Leaf Spot/alternaria_leaf_spot_0104.jpeg,Alternaria Leaf Spot
/Users/thun/Desktop/cauliflower_training/cali/Bacterial Soft Rot/bacterial_soft_rot_1320.jpg,Bacterial Soft Rot
/Users/thun/Desktop/cauliflower_training/cali/Alternaria Leaf Spot/alternaria_leaf_spot_0854.jpg,Alternaria Leaf Spot
/Users/thun/Desktop/cauliflower_training/cali/Healthy/healthy_2567.jpg,Healthy
/Users/thun/Desktop/cauliflower_training/cali/Healthy/healthy_2146.jpg,Healthy
/Users/thun/Desktop/cauliflower_training/cali/Alternaria Leaf Spot/alternaria_leaf_spot_0302.jpeg,Alternaria Leaf Spot
/Users/thun/Desktop/cauliflower_training/cali/Bacterial Soft Rot/bacterial_soft_rot_1047.jpg,Bacterial Soft Rot
/Users/thun/Desktop/cauliflower_training/cali/Bacterial Soft Rot/bacterial_soft_rot_0206.jpg,Bacterial Soft Rot
/Users/thun/Desktop/cauliflower_training/cali/Bacterial Soft Rot/bacterial_soft_rot_1209.jpg,Bacterial Soft Rot
/Users/thun/Desktop/cauliflower_training/cali/Healthy/healthy_0562.png,Healthy
/Users/thun/Desktop/cauliflower_training/cali/Downy Mildew/downy_mildew_0975.jpg,Downy Mildew
/Users/thun/Desktop/cauliflower_training/cali/Alternaria Leaf Spot/alternaria_leaf_spot_1146.jpg,Alternaria Leaf Spot
/Users/thun/Desktop/cauliflower_training/cali/Bacterial Soft Rot/bacterial_soft_rot_0886.jpg,Bacterial Soft Rot
/Users/thun/Desktop/cauliflower_training/cali/Alternaria Leaf Spot/alternaria_leaf_spot_1004.jpg,Alternaria Leaf Spot
/Users/thun/Desktop/cauliflower_training/cali/Alternaria Leaf Spot/alternaria_leaf_spot_1462.jpg,Alternaria Leaf Spot
/Users/thun/Desktop/cauliflower_training/cali/Alternaria Leaf Spot/alternaria_leaf_spot_0232.jpeg,Alternaria Leaf Spot
/Users/thun/Desktop/cauliflower_training/cali/Alternaria Leaf Spot/alternaria_leaf_spot_0071.jpeg,Alternaria Leaf Spot
/Users/thun/Desktop/cauliflower_training/cali/Bacterial Soft Rot/bacterial_soft_rot_0239.jpg,Bacterial Soft Rot
/Users/thun/Desktop/cauliflower_training/cali/Healthy/healthy_2816.jpg,Healthy
/Users/thun/Desktop/cauliflower_training/cali/Healthy/healthy_2835.jpg,Healthy
/Users/thun/Desktop/cauliflower_training/cali/Black Rot/black_rot_287.png,Black Rot
/Users/thun/Desktop/cauliflower_training/cali/Healthy/healthy_2548.jpg,Healthy
/Users/thun/Desktop/cauliflower_training/cali/Downy Mildew/downy_mildew_0141.png,Downy Mildew
/Users/thun/Desktop/cauliflower_training/cali/Healthy/healthy_1643.jpg,Healthy
/Users/thun/Desktop/cauliflower_training/cali/Healthy/healthy_2223.jpg,Healthy
/Users/thun/Desktop/cauliflower_training/cali/Alternaria Leaf Spot/alternaria_leaf_spot_0240.jpeg,Alternaria Leaf Spot
/Users/thun/Desktop/cauliflower_training/cali/Black Rot/black_rot_744.jpg,Black Rot
/Users/thun/Desktop/cauliflower_training/cali/Healthy/healthy_1460.png,Healthy
/Users/thun/Desktop/cauliflower_training/cali/Healthy/healthy_2908.jpg,Healthy
/Users/thun/Desktop/cauliflower_training/cali/Alternaria Leaf Spot/alternaria_leaf_spot_1095.jpg,Alternaria Leaf Spot
/Users/thun/Desktop/cauliflower_training/cali/Healthy/healthy_1278.jpg,Healthy
/Users/thun/Desktop/cauliflower_training/cali/Downy Mildew/downy_mildew_1220.jpeg,Downy Mildew
/Users/thun/Desktop/cauliflower_training/cali/Healthy/healthy_2363.jpg,Healthy
/Users/thun/Desktop/cauliflower_training/cali/Alternaria Leaf Spot/alternaria_leaf_spot_0648.jpg,Alternaria Leaf Spot
/Users/thun/Desktop/cauliflower_training/cali/Bacterial Soft Rot/bacterial_soft_rot_1152.jpg,Bacterial Soft Rot
/Users/thun/Desktop/cauliflower_training/cali/Healthy/healthy_1048.png,Healthy
/Users/thun/Desktop/cauliflower_training/cali/Healthy/healthy_0630.png,Healthy
/Users/thun/Desktop/cauliflower_training/cali/Black Rot/black_rot_073.png,Black Rot
/Users/thun/Desktop/cauliflower_training/cali/Healthy/healthy_1924.jpg,Healthy
/Users/thun/Desktop/cauliflower_training/cali/Healthy/healthy_1308.jpg,Healthy
/Users/thun/Desktop/cauliflower_training/cali/Healthy/healthy_2642.jpg,Healthy
/Users/thun/Desktop/cauliflower_training/cali/Healthy/healthy_0922.jpg,Healthy
/Users/thun/Desktop/cauliflower_training/cali/Alternaria Leaf Spot/alternaria_leaf_spot_0673.jpg,Alternaria Leaf Spot
/Users/thun/Desktop/cauliflower_training/cali/Downy Mildew/downy_mildew_0638.png,Downy Mildew
/Users/thun/Desktop/cauliflower_training/cali/Alternaria Leaf Spot/alternaria_leaf_spot_0061.jpeg,Alternaria Leaf Spot
/Users/thun/Desktop/cauliflower_training/cali/Healthy/healthy_1243.jpg,Healthy
/Users/thun/Desktop/cauliflower_training/cali/Healthy/healthy_0561.png,Healthy
/Users/thun/Desktop/cauliflower_training/cali/Healthy/healthy_0015.png,Healthy
/Users/thun/Desktop/cauliflower_training/cali/Downy Mildew/downy_mildew_0159.png,Downy Mildew
/Users/thun/Desktop/cauliflower_training/cali/Healthy/healthy_1155.jpeg,Healthy
/Users/thun/Desktop/cauliflower_training/cali/Healthy/healthy_2118.jpg,Healthy
/Users/thun/Desktop/cauliflower_training/cali/Downy Mildew/downy_mildew_1054.jpeg,Downy Mildew
/Users/thun/Desktop/cauliflower_training/cali/Healthy/healthy_0406.png,Healthy
/Users/thun/Desktop/cauliflower_training/cali/Alternaria Leaf Spot/alternaria_leaf_spot_0849.jpg,Alternaria Leaf Spot
/Users/thun/Desktop/cauliflower_training/cali/Downy Mildew/downy_mildew_0831.jpg,Downy Mildew
/Users/thun/Desktop/cauliflower_training/cali/Alternaria Leaf Spot/alternaria_leaf_spot_0605.jpg,Alternaria Leaf Spot
/Users/thun/Desktop/cauliflower_training/cali/Bacterial Soft Rot/bacterial_soft_rot_0070.jpeg,Bacterial Soft Rot
/Users/thun/Desktop/cauliflower_training/cali/Healthy/healthy_0609.png,Healthy
/Users/thun/Desktop/cauliflower_training/cali/Healthy/healthy_1829.jpg,Healthy
/Users/thun/Desktop/cauliflower_training/cali/Alternaria Leaf Spot/alternaria_leaf_spot_0516.jpg,Alternaria Leaf Spot
/Users/thun/Desktop/cauliflower_training/cali/Bacterial Soft Rot/bacterial_soft_rot_1335.jpg,Bacterial Soft Rot
/Users/thun/Desktop/cauliflower_training/cali/Healthy/healthy_2357.jpg,Healthy
/Users/thun/Desktop/cauliflower_training/cali/Downy Mildew/downy_mildew_1275.jpg,Downy Mildew
/Users/thun/Desktop/cauliflower_training/cali/Healthy/healthy_1854.jpg,Healthy
/Users/thun/Desktop/cauliflower_training/cali/Healthy/healthy_3095.jpg,Healthy
/Users/thun/Desktop/cauliflower_training/cali/Bacterial Soft Rot/bacterial_soft_rot_0281.jpg,Bacterial Soft Rot
/Users/thun/Desktop/cauliflower_training/cali/Bacterial Soft Rot/bacterial_soft_rot_0859.jpg,Bacterial Soft Rot
/Users/thun/Desktop/cauliflower_training/cali/Healthy/healthy_2513.jpg,Healthy
/Users/thun/Desktop/cauliflower_training/cali/Bacterial Soft Rot/bacterial_soft_rot_1099.jpg,Bacterial Soft Rot
/Users/thun/Desktop/cauliflower_training/cali/Black Rot/black_rot_411.png,Black Rot
/Users/thun/Desktop/cauliflower_training/cali/Downy Mildew/downy_mildew_0704.jpg,Downy Mildew
/Users/thun/Desktop/cauliflower_training/cali/Bacterial Soft Rot/bacterial_soft_rot_0410.jpg,Bacterial Soft Rot
/Users/thun/Desktop/cauliflower_training/cali/Healthy/healthy_0262.png,Healthy
/Users/thun/Desktop/cauliflower_training/cali/Alternaria Leaf Spot/alternaria_leaf_spot_1489.jpg,Alternaria Leaf Spot
/Users/thun/Desktop/cauliflower_training/cali/Alternaria Leaf Spot/alternaria_leaf_spot_1039.jpg,Alternaria Leaf Spot
/Users/thun/Desktop/cauliflower_training/cali/Black Rot/black_rot_199.png,Black Rot
/Users/thun/Desktop/cauliflower_training/cali/Healthy/healthy_2551.jpg,Healthy
/Users/thun/Desktop/cauliflower_training/cali/Bacterial Soft Rot/bacterial_soft_rot_0997.jpg,Bacterial Soft Rot
/Users/thun/Desktop/cauliflower_training/cali/Healthy/healthy_2951.jpg,Healthy
/Users/thun/Desktop/cauliflower_training/cali/Healthy/healthy_0370.png,Healthy
/Users/thun/Desktop/cauliflower_training/cali/Healthy/healthy_0746.jpeg,Healthy
/Users/thun/Desktop/cauliflower_training/cali/Healthy/healthy_2310.jpg,Healthy
/Users/thun/Desktop/cauliflower_training/cali/Bacterial Soft Rot/bacterial_soft_rot_1236.jpg,Bacterial Soft Rot
/Users/thun/Desktop/cauliflower_training/cali/Bacterial Soft Rot/bacterial_soft_rot_0610.jpg,Bacterial Soft Rot
/Users/thun/Desktop/cauliflower_training/cali/Downy Mildew/downy_mildew_1198.jpeg,Downy Mildew
/Users/thun/Desktop/cauliflower_training/cali/Healthy/healthy_1306.jpg,Healthy
/Users/thun/Desktop/cauliflower_training/cali/Healthy/healthy_0943.jpg,Healthy
/Users/thun/Desktop/cauliflower_training/cali/Healthy/healthy_3116.jpg,Healthy
/Users/thun/Desktop/cauliflower_training/cali/Downy Mildew/downy_mildew_0339.png,Downy Mildew
/Users/thun/Desktop/cauliflower_training/cali/Healthy/healthy_1691.jpg,Healthy
/Users/thun/Desktop/cauliflower_training/cali/Healthy/healthy_0712.jpeg,Healthy
/Users/thun/Desktop/cauliflower_training/cali/Healthy/healthy_0124.png,Healthy
/Users/thun/Desktop/cauliflower_training/cali/Black Rot/black_rot_003.png,Black Rot
/Users/thun/Desktop/cauliflower_training/cali/Healthy/healthy_0433.png,Healthy
/Users/thun/Desktop/cauliflower_training/cali/Black Rot/black_rot_377.png,Black Rot
/Users/thun/Desktop/cauliflower_training/cali/Black Rot/black_rot_620.png,Black Rot
/Users/thun/Desktop/cauliflower_training/cali/Downy Mildew/downy_mildew_0136.png,Downy Mildew
/Users/thun/Desktop/cauliflower_training/cali/Healthy/healthy_0764.jpeg,Healthy
/Users/thun/Desktop/cauliflower_training/cali/Healthy/healthy_2179.jpg,Healthy
/Users/thun/Desktop/cauliflower_training/cali/Downy Mildew/downy_mildew_0135.png,Downy Mildew
/Users/thun/Desktop/cauliflower_training/cali/Alternaria Leaf Spot/alternaria_leaf_spot_0965.jpg,Alternaria Leaf Spot
/Users/thun/Desktop/cauliflower_training/cali/Healthy/healthy_1642.jpg,Healthy
/Users/thun/Desktop/cauliflower_training/cali/Black Rot/black_rot_596.png,Black Rot
/Users/thun/Desktop/cauliflower_training/cali/Alternaria Leaf Spot/alternaria_leaf_spot_0565.jpg,Alternaria Leaf Spot
/Users/thun/Desktop/cauliflower_training/cali/Alternaria Leaf Spot/alternaria_leaf_spot_1270.jpg,Alternaria Leaf Spot
/Users/thun/Desktop/cauliflower_training/cali/Alternaria Leaf Spot/alternaria_leaf_spot_1497.jpg,Alternaria Leaf Spot
/Users/thun/Desktop/cauliflower_training/cali/Bacterial Soft Rot/bacterial_soft_rot_1365.jpg,Bacterial Soft Rot
/Users/thun/Desktop/cauliflower_training/cali/Alternaria Leaf Spot/alternaria_leaf_spot_0165.jpeg,Alternaria Leaf Spot
/Users/thun/Desktop/cauliflower_training/cali/Alternaria Leaf Spot/alternaria_leaf_spot_1181.jpg,Alternaria Leaf Spot
/Users/thun/Desktop/cauliflower_training/cali/Black Rot/black_rot_718.jpg,Black Rot
/Users/thun/Desktop/cauliflower_training/cali/Bacterial Soft Rot/bacterial_soft_rot_0961.jpg,Bacterial Soft Rot
/Users/thun/Desktop/cauliflower_training/cali/Downy Mildew/downy_mildew_0959.jpg,Downy Mildew
/Users/thun/Desktop/cauliflower_training/cali/Downy Mildew/downy_mildew_0578.png,Downy Mildew
/Users/thun/Desktop/cauliflower_training/cali/Healthy/healthy_2012.jpg,Healthy
/Users/thun/Desktop/cauliflower_training/cali/Downy Mildew/downy_mildew_1209.jpg,Downy Mildew
/Users/thun/Desktop/cauliflower_training/cali/Healthy/healthy_0707.jpeg,Healthy
/Users/thun/Desktop/cauliflower_training/cali/Downy Mildew/downy_mildew_0017.png,Downy Mildew
/Users/thun/Desktop/cauliflower_training/cali/Alternaria Leaf Spot/alternaria_leaf_spot_0301.jpeg,Alternaria Leaf Spot
/Users/thun/Desktop/cauliflower_training/cali/Downy Mildew/downy_mildew_0230.png,Downy Mildew
/Users/thun/Desktop/cauliflower_training/cali/Bacterial Soft Rot/bacterial_soft_rot_0371.jpg,Bacterial Soft Rot
/Users/thun/Desktop/cauliflower_training/cali/Healthy/healthy_1541.png,Healthy
/Users/thun/Desktop/cauliflower_training/cali/Healthy/healthy_2130.jpg,Healthy
/Users/thun/Desktop/cauliflower_training/cali/Healthy/healthy_2104.jpg,Healthy
/Users/thun/Desktop/cauliflower_training/cali/Alternaria Leaf Spot/alternaria_leaf_spot_0270.jpeg,Alternaria Leaf Spot
/Users/thun/Desktop/cauliflower_training/cali/Alternaria Leaf Spot/alternaria_leaf_spot_0882.jpg,Alternaria Leaf Spot
/Users/thun/Desktop/cauliflower_training/cali/Healthy/healthy_3078.jpg,Healthy
/Users/thun/Desktop/cauliflower_training/cali/Downy Mildew/downy_mildew_0051.png,Downy Mildew
/Users/thun/Desktop/cauliflower_training/cali/Healthy/healthy_0235.png,Healthy
/Users/thun/Desktop/cauliflower_training/cali/Alternaria Leaf Spot/alternaria_leaf_spot_0012.jpeg,Alternaria Leaf Spot
/Users/thun/Desktop/cauliflower_training/cali/Healthy/healthy_1699.jpg,Healthy
/Users/thun/Desktop/cauliflower_training/cali/Downy Mildew/downy_mildew_0115.png,Downy Mildew
/Users/thun/Desktop/cauliflower_training/cali/Healthy/healthy_2695.jpg,Healthy
/Users/thun/Desktop/cauliflower_training/cali/Healthy/healthy_3149.jpeg,Healthy
/Users/thun/Desktop/cauliflower_training/cali/Healthy/healthy_1362.jpg,Healthy
/Users/thun/Desktop/cauliflower_training/cali/Healthy/healthy_1665.jpg,Healthy
/Users/thun/Desktop/cauliflower_training/cali/Bacterial Soft Rot/bacterial_soft_rot_0578.jpg,Bacterial Soft Rot
/Users/thun/Desktop/cauliflower_training/cali/Healthy/healthy_1128.jpg,Healthy
/Users/thun/Desktop/cauliflower_training/cali/Healthy/healthy_2559.jpg,Healthy
/Users/thun/Desktop/cauliflower_training/cali/Bacterial Soft Rot/bacterial_soft_rot_0768.jpg,Bacterial Soft Rot
/Users/thun/Desktop/cauliflower_training/cali/Alternaria Leaf Spot/alternaria_leaf_spot_1394.jpg,Alternaria Leaf Spot
/Users/thun/Desktop/cauliflower_training/cali/Downy Mildew/downy_mildew_0353.png,Downy Mildew
/Users/thun/Desktop/cauliflower_training/cali/Bacterial Soft Rot/bacterial_soft_rot_0088.jpeg,Bacterial Soft Rot
/Users/thun/Desktop/cauliflower_training/cali/Healthy/healthy_2102.jpg,Healthy
/Users/thun/Desktop/cauliflower_training/cali/Black Rot/black_rot_220.png,Black Rot
/Users/thun/Desktop/cauliflower_training/cali/Alternaria Leaf Spot/alternaria_leaf_spot_0811.jpg,Alternaria Leaf Spot
/Users/thun/Desktop/cauliflower_training/cali/Bacterial Soft Rot/bacterial_soft_rot_1370.jpg,Bacterial Soft Rot
/Users/thun/Desktop/cauliflower_training/cali/Healthy/healthy_3132.jpg,Healthy
/Users/thun/Desktop/cauliflower_training/cali/Downy Mildew/downy_mildew_0415.png,Downy Mildew
/Users/thun/Desktop/cauliflower_training/cali/Black Rot/black_rot_672.png,Black Rot
/Users/thun/Desktop/cauliflower_training/cali/Bacterial Soft Rot/bacterial_soft_rot_0840.jpg,Bacterial Soft Rot
/Users/thun/Desktop/cauliflower_training/cali/Downy Mildew/downy_mildew_0210.png,Downy Mildew
/Users/thun/Desktop/cauliflower_training/cali/Healthy/healthy_2277.jpg,Healthy
/Users/thun/Desktop/cauliflower_training/cali/Downy Mildew/downy_mildew_0706.jpg,Downy Mildew
/Users/thun/Desktop/cauliflower_training/cali/Healthy/healthy_2393.jpg,Healthy
/Users/thun/Desktop/cauliflower_training/cali/Healthy/healthy_0748.jpeg,Healthy
/Users/thun/Desktop/cauliflower_training/cali/Bacterial Soft Rot/bacterial_soft_rot_0538.jpg,Bacterial Soft Rot
/Users/thun/Desktop/cauliflower_training/cali/Black Rot/black_rot_161.png,Black Rot
/Users/thun/Desktop/cauliflower_training/cali/Alternaria Leaf Spot/alternaria_leaf_spot_0587.jpg,Alternaria Leaf Spot
/Users/thun/Desktop/cauliflower_training/cali/Bacterial Soft Rot/bacterial_soft_rot_0547.jpg,Bacterial Soft Rot
/Users/thun/Desktop/cauliflower_training/cali/Downy Mildew/downy_mildew_0193.png,Downy Mildew
/Users/thun/Desktop/cauliflower_training/cali/Alternaria Leaf Spot/alternaria_leaf_spot_0776.jpg,Alternaria Leaf Spot
/Users/thun/Desktop/cauliflower_training/cali/Alternaria Leaf Spot/alternaria_leaf_spot_0992.jpg,Alternaria Leaf Spot
/Users/thun/Desktop/cauliflower_training/cali/Healthy/healthy_0913.jpg,Healthy
/Users/thun/Desktop/cauliflower_training/cali/Downy Mildew/downy_mildew_0789.jpg,Downy Mildew
/Users/thun/Desktop/cauliflower_training/cali/Downy Mildew/downy_mildew_0144.png,Downy Mildew
/Users/thun/Desktop/cauliflower_training/cali/Downy Mildew/downy_mildew_0116.png,Downy Mildew
/Users/thun/Desktop/cauliflower_training/cali/Healthy/healthy_2241.jpg,Healthy
/Users/thun/Desktop/cauliflower_training/cali/Healthy/healthy_1738.jpg,Healthy
/Users/thun/Desktop/cauliflower_training/cali/Healthy/healthy_0354.png,Healthy
/Users/thun/Desktop/cauliflower_training/cali/Alternaria Leaf Spot/alternaria_leaf_spot_0093.jpeg,Alternaria Leaf Spot
/Users/thun/Desktop/cauliflower_training/cali/Healthy/healthy_1105.png,Healthy
/Users/thun/Desktop/cauliflower_training/cali/Healthy/healthy_1487.png,Healthy
/Users/thun/Desktop/cauliflower_training/cali/Healthy/healthy_0497.png,Healthy
/Users/thun/Desktop/cauliflower_training/cali/Healthy/healthy_1441.jpg,Healthy
/Users/thun/Desktop/cauliflower_training/cali/Healthy/healthy_2763.jpg,Healthy
/Users/thun/Desktop/cauliflower_training/cali/Alternaria Leaf Spot/alternaria_leaf_spot_1251.jpg,Alternaria Leaf Spot
/Users/thun/Desktop/cauliflower_training/cali/Bacterial Soft Rot/bacterial_soft_rot_0921.jpg,Bacterial Soft Rot
/Users/thun/Desktop/cauliflower_training/cali/Black Rot/black_rot_742.jpg,Black Rot
/Users/thun/Desktop/cauliflower_training/cali/Bacterial Soft Rot/bacterial_soft_rot_0241.jpg,Bacterial Soft Rot
/Users/thun/Desktop/cauliflower_training/cali/Bacterial Soft Rot/bacterial_soft_rot_1127.jpg,Bacterial Soft Rot
/Users/thun/Desktop/cauliflower_training/cali/Healthy/healthy_2214.jpg,Healthy
/Users/thun/Desktop/cauliflower_training/cali/Alternaria Leaf Spot/alternaria_leaf_spot_1200.jpg,Alternaria Leaf Spot
/Users/thun/Desktop/cauliflower_training/cali/Bacterial Soft Rot/bacterial_soft_rot_0521.jpg,Bacterial Soft Rot
/Users/thun/Desktop/cauliflower_training/cali/Downy Mildew/downy_mildew_0189.png,Downy Mildew
/Users/thun/Desktop/cauliflower_training/cali/Alternaria Leaf Spot/alternaria_leaf_spot_1314.jpg,Alternaria Leaf Spot
/Users/thun/Desktop/cauliflower_training/cali/Bacterial Soft Rot/bacterial_soft_rot_0784.jpg,Bacterial Soft Rot
/Users/thun/Desktop/cauliflower_training/cali/Alternaria Leaf Spot/alternaria_leaf_spot_0532.jpg,Alternaria Leaf Spot
/Users/thun/Desktop/cauliflower_training/cali/Alternaria Leaf Spot/alternaria_leaf_spot_1116.jpg,Alternaria Leaf Spot
/Users/thun/Desktop/cauliflower_training/cali/Healthy/healthy_0582.png,Healthy
/Users/thun/Desktop/cauliflower_training/cali/Alternaria Leaf Spot/alternaria_leaf_spot_0407.jpg,Alternaria Leaf Spot
/Users/thun/Desktop/cauliflower_training/cali/Healthy/healthy_2525.jpg,Healthy
/Users/thun/Desktop/cauliflower_training/cali/Bacterial Soft Rot/bacterial_soft_rot_1054.jpg,Bacterial Soft Rot
/Users/thun/Desktop/cauliflower_training/cali/Alternaria Leaf Spot/alternaria_leaf_spot_0757.jpg,Alternaria Leaf Spot
/Users/thun/Desktop/cauliflower_training/cali/Alternaria Leaf Spot/alternaria_leaf_spot_1273.jpg,Alternaria Leaf Spot
/Users/thun/Desktop/cauliflower_training/cali/Healthy/healthy_2327.jpg,Healthy
/Users/thun/Desktop/cauliflower_training/cali/Bacterial Soft Rot/bacterial_soft_rot_0583.jpg,Bacterial Soft Rot
/Users/thun/Desktop/cauliflower_training/cali/Bacterial Soft Rot/bacterial_soft_rot_1291.jpg,Bacterial Soft Rot
/Users/thun/Desktop/cauliflower_training/cali/Downy Mildew/downy_mildew_0010.png,Downy Mildew
/Users/thun/Desktop/cauliflower_training/cali/Healthy/healthy_2625.jpg,Healthy
/Users/thun/Desktop/cauliflower_training/cali/Healthy/healthy_0036.png,Healthy
/Users/thun/Desktop/cauliflower_training/cali/Bacterial Soft Rot/bacterial_soft_rot_0405.jpg,Bacterial Soft Rot
/Users/thun/Desktop/cauliflower_training/cali/Healthy/healthy_0290.png,Healthy
/Users/thun/Desktop/cauliflower_training/cali/Alternaria Leaf Spot/alternaria_leaf_spot_1173.jpg,Alternaria Leaf Spot
/Users/thun/Desktop/cauliflower_training/cali/Bacterial Soft Rot/bacterial_soft_rot_0571.jpg,Bacterial Soft Rot
/Users/thun/Desktop/cauliflower_training/cali/Healthy/healthy_1553.png,Healthy
/Users/thun/Desktop/cauliflower_training/cali/Downy Mildew/downy_mildew_0039.png,Downy Mildew
/Users/thun/Desktop/cauliflower_training/cali/Black Rot/black_rot_251.png,Black Rot
/Users/thun/Desktop/cauliflower_training/cali/Bacterial Soft Rot/bacterial_soft_rot_0232.jpg,Bacterial Soft Rot
/Users/thun/Desktop/cauliflower_training/cali/Healthy/healthy_0486.png,Healthy
/Users/thun/Desktop/cauliflower_training/cali/Bacterial Soft Rot/bacterial_soft_rot_1363.jpg,Bacterial Soft Rot
/Users/thun/Desktop/cauliflower_training/cali/Healthy/healthy_2724.jpg,Healthy
/Users/thun/Desktop/cauliflower_training/cali/Alternaria Leaf Spot/alternaria_leaf_spot_0645.jpg,Alternaria Leaf Spot
/Users/thun/Desktop/cauliflower_training/cali/Healthy/healthy_0840.jpg,Healthy
/Users/thun/Desktop/cauliflower_training/cali/Downy Mildew/downy_mildew_0752.jpg,Downy Mildew
/Users/thun/Desktop/cauliflower_training/cali/Bacterial Soft Rot/bacterial_soft_rot_1284.jpg,Bacterial Soft Rot
/Users/thun/Desktop/cauliflower_training/cali/Healthy/healthy_1635.jpg,Healthy
/Users/thun/Desktop/cauliflower_training/cali/Bacterial Soft Rot/bacterial_soft_rot_0594.jpg,Bacterial Soft Rot
/Users/thun/Desktop/cauliflower_training/cali/Alternaria Leaf Spot/alternaria_leaf_spot_0960.jpg,Alternaria Leaf Spot
/Users/thun/Desktop/cauliflower_training/cali/Healthy/healthy_2894.jpg,Healthy
/Users/thun/Desktop/cauliflower_training/cali/Alternaria Leaf Spot/alternaria_leaf_spot_0745.jpg,Alternaria Leaf Spot
/Users/thun/Desktop/cauliflower_training/cali/Bacterial Soft Rot/bacterial_soft_rot_0468.jpg,Bacterial Soft Rot
/Users/thun/Desktop/cauliflower_training/cali/Healthy/healthy_0689.png,Healthy
/Users/thun/Desktop/cauliflower_training/cali/Bacterial Soft Rot/bacterial_soft_rot_0743.jpg,Bacterial Soft Rot
/Users/thun/Desktop/cauliflower_training/cali/Bacterial Soft Rot/bacterial_soft_rot_0835.jpg,Bacterial Soft Rot
/Users/thun/Desktop/cauliflower_training/cali/Healthy/healthy_2278.jpg,Healthy
/Users/thun/Desktop/cauliflower_training/cali/Alternaria Leaf Spot/alternaria_leaf_spot_0306.jpeg,Alternaria Leaf Spot
/Users/thun/Desktop/cauliflower_training/cali/Healthy/healthy_2716.jpg,Healthy
/Users/thun/Desktop/cauliflower_training/cali/Healthy/healthy_1276.jpg,Healthy
/Users/thun/Desktop/cauliflower_training/cali/Downy Mildew/downy_mildew_0969.jpg,Downy Mildew
/Users/thun/Desktop/cauliflower_training/cali/Healthy/healthy_2075.jpg,Healthy
/Users/thun/Desktop/cauliflower_training/cali/Healthy/healthy_2983.jpg,Healthy
/Users/thun/Desktop/cauliflower_training/cali/Bacterial Soft Rot/bacterial_soft_rot_0572.jpg,Bacterial Soft Rot
/Users/thun/Desktop/cauliflower_training/cali/Healthy/healthy_2811.jpg,Healthy
/Users/thun/Desktop/cauliflower_training/cali/Healthy/healthy_1286.jpg,Healthy
/Users/thun/Desktop/cauliflower_training/cali/Downy Mildew/downy_mildew_0889.jpg,Downy Mildew
/Users/thun/Desktop/cauliflower_training/cali/Healthy/healthy_0377.png,Healthy
/Users/thun/Desktop/cauliflower_training/cali/Alternaria Leaf Spot/alternaria_leaf_spot_0479.jpg,Alternaria Leaf Spot
/Users/thun/Desktop/cauliflower_training/cali/Bacterial Soft Rot/bacterial_soft_rot_0015.jpg,Bacterial Soft Rot
/Users/thun/Desktop/cauliflower_training/cali/Bacterial Soft Rot/bacterial_soft_rot_1361.jpg,Bacterial Soft Rot
/Users/thun/Desktop/cauliflower_training/cali/Downy Mildew/downy_mildew_0483.png,Downy Mildew
/Users/thun/Desktop/cauliflower_training/cali/Healthy/healthy_0037.png,Healthy
/Users/thun/Desktop/cauliflower_training/cali/Black Rot/black_rot_770.jpg,Black Rot
/Users/thun/Desktop/cauliflower_training/cali/Black Rot/black_rot_706.jpg,Black Rot
/Users/thun/Desktop/cauliflower_training/cali/Healthy/healthy_0470.png,Healthy
/Users/thun/Desktop/cauliflower_training/cali/Healthy/healthy_2493.jpg,Healthy
/Users/thun/Desktop/cauliflower_training/cali/Bacterial Soft Rot/bacterial_soft_rot_1307.jpg,Bacterial Soft Rot
/Users/thun/Desktop/cauliflower_training/cali/Alternaria Leaf Spot/alternaria_leaf_spot_0249.jpeg,Alternaria Leaf Spot
/Users/thun/Desktop/cauliflower_training/cali/Alternaria Leaf Spot/alternaria_leaf_spot_0797.jpg,Alternaria Leaf Spot
/Users/thun/Desktop/cauliflower_training/cali/Downy Mildew/downy_mildew_0598.png,Downy Mildew
/Users/thun/Desktop/cauliflower_training/cali/Downy Mildew/downy_mildew_0954.jpeg,Downy Mildew
/Users/thun/Desktop/cauliflower_training/cali/Alternaria Leaf Spot/alternaria_leaf_spot_0522.jpg,Alternaria Leaf Spot
/Users/thun/Desktop/cauliflower_training/cali/Alternaria Leaf Spot/alternaria_leaf_spot_1237.jpg,Alternaria Leaf Spot
/Users/thun/Desktop/cauliflower_training/cali/Downy Mildew/downy_mildew_0173.png,Downy Mildew
/Users/thun/Desktop/cauliflower_training/cali/Alternaria Leaf Spot/alternaria_leaf_spot_0546.jpg,Alternaria Leaf Spot
/Users/thun/Desktop/cauliflower_training/cali/Healthy/healthy_1388.jpg,Healthy
/Users/thun/Desktop/cauliflower_training/cali/Healthy/healthy_0810.jpeg,Healthy
/Users/thun/Desktop/cauliflower_training/cali/Healthy/healthy_2715.jpg,Healthy
/Users/thun/Desktop/cauliflower_training/cali/Bacterial Soft Rot/bacterial_soft_rot_0240.jpg,Bacterial Soft Rot
/Users/thun/Desktop/cauliflower_training/cali/Healthy/healthy_1770.jpg,Healthy
/Users/thun/Desktop/cauliflower_training/cali/Healthy/healthy_2395.jpg,Healthy
/Users/thun/Desktop/cauliflower_training/cali/Healthy/healthy_1710.jpg,Healthy
/Users/thun/Desktop/cauliflower_training/cali/Healthy/healthy_2456.jpg,Healthy
/Users/thun/Desktop/cauliflower_training/cali/Healthy/healthy_1885.jpg,Healthy
/Users/thun/Desktop/cauliflower_training/cali/Downy Mildew/downy_mildew_0277.png,Downy Mildew
/Users/thun/Desktop/cauliflower_training/cali/Downy Mildew/downy_mildew_0184.png,Downy Mildew
/Users/thun/Desktop/cauliflower_training/cali/Alternaria Leaf Spot/alternaria_leaf_spot_0162.jpeg,Alternaria Leaf Spot
/Users/thun/Desktop/cauliflower_training/cali/Healthy/healthy_1247.jpg,Healthy
/Users/thun/Desktop/cauliflower_training/cali/Healthy/healthy_0276.png,Healthy
/Users/thun/Desktop/cauliflower_training/cali/Healthy/healthy_1205.jpg,Healthy
/Users/thun/Desktop/cauliflower_training/cali/Alternaria Leaf Spot/alternaria_leaf_spot_0715.jpg,Alternaria Leaf Spot
/Users/thun/Desktop/cauliflower_training/cali/Alternaria Leaf Spot/alternaria_leaf_spot_1000.jpg,Alternaria Leaf Spot
/Users/thun/Desktop/cauliflower_training/cali/Healthy/healthy_1798.jpg,Healthy
/Users/thun/Desktop/cauliflower_training/cali/Downy Mildew/downy_mildew_0857.jpg,Downy Mildew
/Users/thun/Desktop/cauliflower_training/cali/Healthy/healthy_1136.jpg,Healthy
/Users/thun/Desktop/cauliflower_training/cali/Healthy/healthy_1061.jpg,Healthy
/Users/thun/Desktop/cauliflower_training/cali/Healthy/healthy_2632.jpg,Healthy
/Users/thun/Desktop/cauliflower_training/cali/Bacterial Soft Rot/bacterial_soft_rot_0155.jpeg,Bacterial Soft Rot
/Users/thun/Desktop/cauliflower_training/cali/Bacterial Soft Rot/bacterial_soft_rot_0557.jpg,Bacterial Soft Rot
/Users/thun/Desktop/cauliflower_training/cali/Black Rot/black_rot_052.png,Black Rot
/Users/thun/Desktop/cauliflower_training/cali/Healthy/healthy_2530.jpg,Healthy
/Users/thun/Desktop/cauliflower_training/cali/Healthy/healthy_1131.png,Healthy
/Users/thun/Desktop/cauliflower_training/cali/Healthy/healthy_1562.png,Healthy
/Users/thun/Desktop/cauliflower_training/cali/Alternaria Leaf Spot/alternaria_leaf_spot_0379.jpg,Alternaria Leaf Spot
/Users/thun/Desktop/cauliflower_training/cali/Healthy/healthy_3143.jpg,Healthy
/Users/thun/Desktop/cauliflower_training/cali/Healthy/healthy_1068.jpg,Healthy
/Users/thun/Desktop/cauliflower_training/cali/Downy Mildew/downy_mildew_0013.png,Downy Mildew
/Users/thun/Desktop/cauliflower_training/cali/Healthy/healthy_0293.png,Healthy
/Users/thun/Desktop/cauliflower_training/cali/Healthy/healthy_3159.jpg,Healthy
/Users/thun/Desktop/cauliflower_training/cali/Healthy/healthy_2013.jpg,Healthy
/Users/thun/Desktop/cauliflower_training/cali/Downy Mildew/downy_mildew_1164.jpeg,Downy Mildew
/Users/thun/Desktop/cauliflower_training/cali/Healthy/healthy_0608.png,Healthy
/Users/thun/Desktop/cauliflower_training/cali/Downy Mildew/downy_mildew_1099.jpeg,Downy Mildew
/Users/thun/Desktop/cauliflower_training/cali/Healthy/healthy_1504.jpg,Healthy
/Users/thun/Desktop/cauliflower_training/cali/Healthy/healthy_1942.jpg,Healthy
/Users/thun/Desktop/cauliflower_training/cali/Downy Mildew/downy_mildew_0488.png,Downy Mildew
/Users/thun/Desktop/cauliflower_training/cali/Healthy/healthy_1750.jpg,Healthy
/Users/thun/Desktop/cauliflower_training/cali/Downy Mildew/downy_mildew_0075.png,Downy Mildew
/Users/thun/Desktop/cauliflower_training/cali/Downy Mildew/downy_mildew_0866.jpeg,Downy Mildew
/Users/thun/Desktop/cauliflower_training/cali/Bacterial Soft Rot/bacterial_soft_rot_0668.jpg,Bacterial Soft Rot
/Users/thun/Desktop/cauliflower_training/cali/Alternaria Leaf Spot/alternaria_leaf_spot_0413.jpg,Alternaria Leaf Spot
/Users/thun/Desktop/cauliflower_training/cali/Healthy/healthy_0245.png,Healthy
/Users/thun/Desktop/cauliflower_training/cali/Alternaria Leaf Spot/alternaria_leaf_spot_0694.jpg,Alternaria Leaf Spot
/Users/thun/Desktop/cauliflower_training/cali/Alternaria Leaf Spot/alternaria_leaf_spot_1280.jpg,Alternaria Leaf Spot
/Users/thun/Desktop/cauliflower_training/cali/Healthy/healthy_2422.jpg,Healthy
/Users/thun/Desktop/cauliflower_training/cali/Downy Mildew/downy_mildew_0458.png,Downy Mildew
/Users/thun/Desktop/cauliflower_training/cali/Healthy/healthy_1489.jpg,Healthy
/Users/thun/Desktop/cauliflower_training/cali/Healthy/healthy_2732.jpg,Healthy
/Users/thun/Desktop/cauliflower_training/cali/Bacterial Soft Rot/bacterial_soft_rot_1020.jpg,Bacterial Soft Rot
/Users/thun/Desktop/cauliflower_training/cali/Healthy/healthy_1819.jpg,Healthy
/Users/thun/Desktop/cauliflower_training/cali/Bacterial Soft Rot/bacterial_soft_rot_1167.jpg,Bacterial Soft Rot
/Users/thun/Desktop/cauliflower_training/cali/Alternaria Leaf Spot/alternaria_leaf_spot_0127.jpeg,Alternaria Leaf Spot
/Users/thun/Desktop/cauliflower_training/cali/Downy Mildew/downy_mildew_0452.png,Downy Mildew
/Users/thun/Desktop/cauliflower_training/cali/Healthy/healthy_0533.png,Healthy
/Users/thun/Desktop/cauliflower_training/cali/Alternaria Leaf Spot/alternaria_leaf_spot_0556.jpg,Alternaria Leaf Spot
/Users/thun/Desktop/cauliflower_training/cali/Alternaria Leaf Spot/alternaria_leaf_spot_1443.jpg,Alternaria Leaf Spot
/Users/thun/Desktop/cauliflower_training/cali/Alternaria Leaf Spot/alternaria_leaf_spot_0708.jpg,Alternaria Leaf Spot
/Users/thun/Desktop/cauliflower_training/cali/Alternaria Leaf Spot/alternaria_leaf_spot_1383.jpg,Alternaria Leaf Spot
/Users/thun/Desktop/cauliflower_training/cali/Healthy/healthy_1452.jpeg,Healthy
/Users/thun/Desktop/cauliflower_training/cali/Downy Mildew/downy_mildew_0494.png,Downy Mildew
/Users/thun/Desktop/cauliflower_training/cali/Healthy/healthy_3038.jpg,Healthy
/Users/thun/Desktop/cauliflower_training/cali/Healthy/healthy_1728.jpg,Healthy
/Users/thun/Desktop/cauliflower_training/cali/Healthy/healthy_2895.jpg,Healthy
/Users/thun/Desktop/cauliflower_training/cali/Healthy/healthy_1384.png,Healthy
/Users/thun/Desktop/cauliflower_training/cali/Healthy/healthy_3031.jpg,Healthy
/Users/thun/Desktop/cauliflower_training/cali/Alternaria Leaf Spot/alternaria_leaf_spot_1176.jpg,Alternaria Leaf Spot
/Users/thun/Desktop/cauliflower_training/cali/Black Rot/black_rot_019.png,Black Rot
/Users/thun/Desktop/cauliflower_training/cali/Healthy/healthy_1520.png,Healthy
/Users/thun/Desktop/cauliflower_training/cali/Bacterial Soft Rot/bacterial_soft_rot_0456.jpg,Bacterial Soft Rot
/Users/thun/Desktop/cauliflower_training/cali/Healthy/healthy_0629.png,Healthy
/Users/thun/Desktop/cauliflower_training/cali/Bacterial Soft Rot/bacterial_soft_rot_0696.jpg,Bacterial Soft Rot
/Users/thun/Desktop/cauliflower_training/cali/Healthy/healthy_0556.png,Healthy
/Users/thun/Desktop/cauliflower_training/cali/Bacterial Soft Rot/bacterial_soft_rot_0212.jpg,Bacterial Soft Rot
/Users/thun/Desktop/cauliflower_training/cali/Black Rot/black_rot_198.png,Black Rot
/Users/thun/Desktop/cauliflower_training/cali/Alternaria Leaf Spot/alternaria_leaf_spot_0085.jpeg,Alternaria Leaf Spot
/Users/thun/Desktop/cauliflower_training/cali/Bacterial Soft Rot/bacterial_soft_rot_1326.jpg,Bacterial Soft Rot
/Users/thun/Desktop/cauliflower_training/cali/Healthy/healthy_2956.jpg,Healthy
/Users/thun/Desktop/cauliflower_training/cali/Healthy/healthy_1680.jpg,Healthy
/Users/thun/Desktop/cauliflower_training/cali/Downy Mildew/downy_mildew_0431.png,Downy Mildew
/Users/thun/Desktop/cauliflower_training/cali/Healthy/healthy_1577.png,Healthy
/Users/thun/Desktop/cauliflower_training/cali/Healthy/healthy_1326.jpg,Healthy
/Users/thun/Desktop/cauliflower_training/cali/Bacterial Soft Rot/bacterial_soft_rot_0861.jpg,Bacterial Soft Rot
/Users/thun/Desktop/cauliflower_training/cali/Bacterial Soft Rot/bacterial_soft_rot_1380.jpg,Bacterial Soft Rot
/Users/thun/Desktop/cauliflower_training/cali/Alternaria Leaf Spot/alternaria_leaf_spot_0330.jpg,Alternaria Leaf Spot
/Users/thun/Desktop/cauliflower_training/cali/Alternaria Leaf Spot/alternaria_leaf_spot_0451.jpg,Alternaria Leaf Spot
/Users/thun/Desktop/cauliflower_training/cali/Healthy/healthy_0621.png,Healthy
/Users/thun/Desktop/cauliflower_training/cali/Healthy/healthy_0770.jpeg,Healthy
/Users/thun/Desktop/cauliflower_training/cali/Healthy/healthy_0070.png,Healthy
/Users/thun/Desktop/cauliflower_training/cali/Alternaria Leaf Spot/alternaria_leaf_spot_0083.jpeg,Alternaria Leaf Spot
/Users/thun/Desktop/cauliflower_training/cali/Healthy/healthy_1533.jpeg,Healthy
/Users/thun/Desktop/cauliflower_training/cali/Healthy/healthy_0194.png,Healthy
/Users/thun/Desktop/cauliflower_training/cali/Bacterial Soft Rot/bacterial_soft_rot_0750.jpg,Bacterial Soft Rot
/Users/thun/Desktop/cauliflower_training/cali/Black Rot/black_rot_295.png,Black Rot
/Users/thun/Desktop/cauliflower_training/cali/Alternaria Leaf Spot/alternaria_leaf_spot_0346.jpg,Alternaria Leaf Spot
/Users/thun/Desktop/cauliflower_training/cali/Downy Mildew/downy_mildew_0489.png,Downy Mildew
/Users/thun/Desktop/cauliflower_training/cali/Alternaria Leaf Spot/alternaria_leaf_spot_0328.jpg,Alternaria Leaf Spot
/Users/thun/Desktop/cauliflower_training/cali/Healthy/healthy_0140.png,Healthy
/Users/thun/Desktop/cauliflower_training/cali/Bacterial Soft Rot/bacterial_soft_rot_0730.jpg,Bacterial Soft Rot
/Users/thun/Desktop/cauliflower_training/cali/Healthy/healthy_2854.jpg,Healthy
/Users/thun/Desktop/cauliflower_training/cali/Healthy/healthy_0768.jpeg,Healthy
/Users/thun/Desktop/cauliflower_training/cali/Alternaria Leaf Spot/alternaria_leaf_spot_1337.jpg,Alternaria Leaf Spot
/Users/thun/Desktop/cauliflower_training/cali/Healthy/healthy_0527.png,Healthy
/Users/thun/Desktop/cauliflower_training/cali/Healthy/healthy_1602.jpeg,Healthy
/Users/thun/Desktop/cauliflower_training/cali/Downy Mildew/downy_mildew_0591.png,Downy Mildew
/Users/thun/Desktop/cauliflower_training/cali/Healthy/healthy_0973.jpeg,Healthy
/Users/thun/Desktop/cauliflower_training/cali/Alternaria Leaf Spot/alternaria_leaf_spot_0837.jpg,Alternaria Leaf Spot
/Users/thun/Desktop/cauliflower_training/cali/Healthy/healthy_2939.jpg,Healthy
/Users/thun/Desktop/cauliflower_training/cali/Alternaria Leaf Spot/alternaria_leaf_spot_0603.jpg,Alternaria Leaf Spot
/Users/thun/Desktop/cauliflower_training/cali/Healthy/healthy_2471.jpg,Healthy
/Users/thun/Desktop/cauliflower_training/cali/Healthy/healthy_2900.jpg,Healthy
/Users/thun/Desktop/cauliflower_training/cali/Bacterial Soft Rot/bacterial_soft_rot_1056.jpg,Bacterial Soft Rot
/Users/thun/Desktop/cauliflower_training/cali/Healthy/healthy_1727.jpg,Healthy
/Users/thun/Desktop/cauliflower_training/cali/Healthy/healthy_1604.png,Healthy
/Users/thun/Desktop/cauliflower_training/cali/Healthy/healthy_0178.png,Healthy
/Users/thun/Desktop/cauliflower_training/cali/Healthy/healthy_1548.jpeg,Healthy
/Users/thun/Desktop/cauliflower_training/cali/Alternaria Leaf Spot/alternaria_leaf_spot_0471.jpg,Alternaria Leaf Spot
/Users/thun/Desktop/cauliflower_training/cali/Healthy/healthy_2226.jpg,Healthy
/Users/thun/Desktop/cauliflower_training/cali/Healthy/healthy_2863.jpg,Healthy
/Users/thun/Desktop/cauliflower_training/cali/Bacterial Soft Rot/bacterial_soft_rot_0905.jpg,Bacterial Soft Rot
/Users/thun/Desktop/cauliflower_training/cali/Healthy/healthy_2067.jpg,Healthy
/Users/thun/Desktop/cauliflower_training/cali/Alternaria Leaf Spot/alternaria_leaf_spot_0290.jpeg,Alternaria Leaf Spot
/Users/thun/Desktop/cauliflower_training/cali/Black Rot/black_rot_562.png,Black Rot
/Users/thun/Desktop/cauliflower_training/cali/Healthy/healthy_2373.jpg,Healthy
/Users/thun/Desktop/cauliflower_training/cali/Bacterial Soft Rot/bacterial_soft_rot_1204.jpg,Bacterial Soft Rot
/Users/thun/Desktop/cauliflower_training/cali/Downy Mildew/downy_mildew_1021.jpeg,Downy Mildew
/Users/thun/Desktop/cauliflower_training/cali/Alternaria Leaf Spot/alternaria_leaf_spot_1456.jpg,Alternaria Leaf Spot
/Users/thun/Desktop/cauliflower_training/cali/Healthy/healthy_1132.jpg,Healthy
/Users/thun/Desktop/cauliflower_training/cali/Bacterial Soft Rot/bacterial_soft_rot_0192.jpeg,Bacterial Soft Rot
/Users/thun/Desktop/cauliflower_training/cali/Healthy/healthy_1830.jpg,Healthy
/Users/thun/Desktop/cauliflower_training/cali/Alternaria Leaf Spot/alternaria_leaf_spot_0198.jpeg,Alternaria Leaf Spot
/Users/thun/Desktop/cauliflower_training/cali/Healthy/healthy_2453.jpg,Healthy
/Users/thun/Desktop/cauliflower_training/cali/Healthy/healthy_3043.jpg,Healthy
/Users/thun/Desktop/cauliflower_training/cali/Healthy/healthy_0193.png,Healthy
/Users/thun/Desktop/cauliflower_training/cali/Bacterial Soft Rot/bacterial_soft_rot_1336.jpg,Bacterial Soft Rot
/Users/thun/Desktop/cauliflower_training/cali/Black Rot/black_rot_392.png,Black Rot
/Users/thun/Desktop/cauliflower_training/cali/Bacterial Soft Rot/bacterial_soft_rot_1000.jpg,Bacterial Soft Rot
/Users/thun/Desktop/cauliflower_training/cali/Downy Mildew/downy_mildew_0056.png,Downy Mildew
/Users/thun/Desktop/cauliflower_training/cali/Bacterial Soft Rot/bacterial_soft_rot_0322.jpg,Bacterial Soft Rot
/Users/thun/Desktop/cauliflower_training/cali/Alternaria Leaf Spot/alternaria_leaf_spot_0954.jpg,Alternaria Leaf Spot
/Users/thun/Desktop/cauliflower_training/cali/Healthy/healthy_0870.jpeg,Healthy
/Users/thun/Desktop/cauliflower_training/cali/Healthy/healthy_1543.jpg,Healthy
/Users/thun/Desktop/cauliflower_training/cali/Black Rot/black_rot_331.png,Black Rot
/Users/thun/Desktop/cauliflower_training/cali/Alternaria Leaf Spot/alternaria_leaf_spot_0205.jpeg,Alternaria Leaf Spot
/Users/thun/Desktop/cauliflower_training/cali/Black Rot/black_rot_720.jpg,Black Rot
/Users/thun/Desktop/cauliflower_training/cali/Bacterial Soft Rot/bacterial_soft_rot_0072.jpeg,Bacterial Soft Rot
/Users/thun/Desktop/cauliflower_training/cali/Bacterial Soft Rot/bacterial_soft_rot_0191.jpeg,Bacterial Soft Rot
/Users/thun/Desktop/cauliflower_training/cali/Alternaria Leaf Spot/alternaria_leaf_spot_1328.jpg,Alternaria Leaf Spot
/Users/thun/Desktop/cauliflower_training/cali/Healthy/healthy_2054.jpg,Healthy
/Users/thun/Desktop/cauliflower_training/cali/Bacterial Soft Rot/bacterial_soft_rot_1005.jpg,Bacterial Soft Rot
/Users/thun/Desktop/cauliflower_training/cali/Alternaria Leaf Spot/alternaria_leaf_spot_0508.jpg,Alternaria Leaf Spot
/Users/thun/Desktop/cauliflower_training/cali/Healthy/healthy_1154.jpg,Healthy
/Users/thun/Desktop/cauliflower_training/cali/Black Rot/black_rot_060.png,Black Rot
/Users/thun/Desktop/cauliflower_training/cali/Downy Mildew/downy_mildew_0342.png,Downy Mildew
/Users/thun/Desktop/cauliflower_training/cali/Bacterial Soft Rot/bacterial_soft_rot_0350.jpg,Bacterial Soft Rot
/Users/thun/Desktop/cauliflower_training/cali/Healthy/healthy_0752.jpeg,Healthy
/Users/thun/Desktop/cauliflower_training/cali/Bacterial Soft Rot/bacterial_soft_rot_0019.jpg,Bacterial Soft Rot
/Users/thun/Desktop/cauliflower_training/cali/Healthy/healthy_1579.jpg,Healthy
/Users/thun/Desktop/cauliflower_training/cali/Healthy/healthy_1039.png,Healthy
/Users/thun/Desktop/cauliflower_training/cali/Healthy/healthy_2335.jpg,Healthy
/Users/thun/Desktop/cauliflower_training/cali/Healthy/healthy_3056.jpg,Healthy
/Users/thun/Desktop/cauliflower_training/cali/Healthy/healthy_0469.png,Healthy
/Users/thun/Desktop/cauliflower_training/cali/Healthy/healthy_3101.jpeg,Healthy
/Users/thun/Desktop/cauliflower_training/cali/Alternaria Leaf Spot/alternaria_leaf_spot_0201.jpeg,Alternaria Leaf Spot
/Users/thun/Desktop/cauliflower_training/cali/Downy Mildew/downy_mildew_0208.png,Downy Mildew
/Users/thun/Desktop/cauliflower_training/cali/Healthy/healthy_0948.jpeg,Healthy
/Users/thun/Desktop/cauliflower_training/cali/Healthy/healthy_0792.jpeg,Healthy
/Users/thun/Desktop/cauliflower_training/cali/Downy Mildew/downy_mildew_1046.jpeg,Downy Mildew
/Users/thun/Desktop/cauliflower_training/cali/Black Rot/black_rot_240.png,Black Rot
/Users/thun/Desktop/cauliflower_training/cali/Healthy/healthy_2683.jpg,Healthy
/Users/thun/Desktop/cauliflower_training/cali/Healthy/healthy_3005.jpeg,Healthy
/Users/thun/Desktop/cauliflower_training/cali/Healthy/healthy_1761.jpg,Healthy
/Users/thun/Desktop/cauliflower_training/cali/Healthy/healthy_1378.jpg,Healthy
/Users/thun/Desktop/cauliflower_training/cali/Alternaria Leaf Spot/alternaria_leaf_spot_1387.jpg,Alternaria Leaf Spot
/Users/thun/Desktop/cauliflower_training/cali/Downy Mildew/downy_mildew_0548.png,Downy Mildew
/Users/thun/Desktop/cauliflower_training/cali/Healthy/healthy_2927.jpg,Healthy
/Users/thun/Desktop/cauliflower_training/cali/Healthy/healthy_0016.png,Healthy
/Users/thun/Desktop/cauliflower_training/cali/Healthy/healthy_2600.jpg,Healthy
/Users/thun/Desktop/cauliflower_training/cali/Black Rot/black_rot_364.png,Black Rot
/Users/thun/Desktop/cauliflower_training/cali/Downy Mildew/downy_mildew_1189.jpg,Downy Mildew
/Users/thun/Desktop/cauliflower_training/cali/Alternaria Leaf Spot/alternaria_leaf_spot_0244.jpeg,Alternaria Leaf Spot
/Users/thun/Desktop/cauliflower_training/cali/Alternaria Leaf Spot/alternaria_leaf_spot_0876.jpg,Alternaria Leaf Spot
/Users/thun/Desktop/cauliflower_training/cali/Healthy/healthy_2055.jpg,Healthy
/Users/thun/Desktop/cauliflower_training/cali/Downy Mildew/downy_mildew_0980.jpeg,Downy Mildew
/Users/thun/Desktop/cauliflower_training/cali/Healthy/healthy_2745.jpg,Healthy
/Users/thun/Desktop/cauliflower_training/cali/Healthy/healthy_0750.jpeg,Healthy
/Users/thun/Desktop/cauliflower_training/cali/Healthy/healthy_1526.png,Healthy
/Users/thun/Desktop/cauliflower_training/cali/Downy Mildew/downy_mildew_0635.png,Downy Mildew
/Users/thun/Desktop/cauliflower_training/cali/Healthy/healthy_1971.jpg,Healthy
/Users/thun/Desktop/cauliflower_training/cali/Healthy/healthy_2294.jpg,Healthy
/Users/thun/Desktop/cauliflower_training/cali/Bacterial Soft Rot/bacterial_soft_rot_0810.jpg,Bacterial Soft Rot
/Users/thun/Desktop/cauliflower_training/cali/Healthy/healthy_2759.jpg,Healthy
/Users/thun/Desktop/cauliflower_training/cali/Alternaria Leaf Spot/alternaria_leaf_spot_1018.jpg,Alternaria Leaf Spot
/Users/thun/Desktop/cauliflower_training/cali/Black Rot/black_rot_303.png,Black Rot
/Users/thun/Desktop/cauliflower_training/cali/Healthy/healthy_1591.jpg,Healthy
/Users/thun/Desktop/cauliflower_training/cali/Black Rot/black_rot_462.png,Black Rot
/Users/thun/Desktop/cauliflower_training/cali/Healthy/healthy_3147.jpg,Healthy
/Users/thun/Desktop/cauliflower_training/cali/Alternaria Leaf Spot/alternaria_leaf_spot_1458.jpg,Alternaria Leaf Spot
/Users/thun/Desktop/cauliflower_training/cali/Healthy/healthy_0862.jpeg,Healthy
/Users/thun/Desktop/cauliflower_training/cali/Alternaria Leaf Spot/alternaria_leaf_spot_0966.jpg,Alternaria Leaf Spot
/Users/thun/Desktop/cauliflower_training/cali/Healthy/healthy_0977.jpeg,Healthy
/Users/thun/Desktop/cauliflower_training/cali/Bacterial Soft Rot/bacterial_soft_rot_0757.jpg,Bacterial Soft Rot
/Users/thun/Desktop/cauliflower_training/cali/Downy Mildew/downy_mildew_0335.png,Downy Mildew
/Users/thun/Desktop/cauliflower_training/cali/Black Rot/black_rot_712.jpg,Black Rot
/Users/thun/Desktop/cauliflower_training/cali/Downy Mildew/downy_mildew_0370.png,Downy Mildew
/Users/thun/Desktop/cauliflower_training/cali/Black Rot/black_rot_660.png,Black Rot
/Users/thun/Desktop/cauliflower_training/cali/Bacterial Soft Rot/bacterial_soft_rot_1192.jpg,Bacterial Soft Rot
/Users/thun/Desktop/cauliflower_training/cali/Healthy/healthy_2669.jpg,Healthy
/Users/thun/Desktop/cauliflower_training/cali/Black Rot/black_rot_594.png,Black Rot
/Users/thun/Desktop/cauliflower_training/cali/Healthy/healthy_2368.jpg,Healthy
/Users/thun/Desktop/cauliflower_training/cali/Healthy/healthy_2902.jpg,Healthy
/Users/thun/Desktop/cauliflower_training/cali/Healthy/healthy_1488.jpeg,Healthy
/Users/thun/Desktop/cauliflower_training/cali/Bacterial Soft Rot/bacterial_soft_rot_1255.jpg,Bacterial Soft Rot
/Users/thun/Desktop/cauliflower_training/cali/Downy Mildew/downy_mildew_0359.png,Downy Mildew
/Users/thun/Desktop/cauliflower_training/cali/Bacterial Soft Rot/bacterial_soft_rot_0274.jpg,Bacterial Soft Rot
/Users/thun/Desktop/cauliflower_training/cali/Black Rot/black_rot_085.png,Black Rot
/Users/thun/Desktop/cauliflower_training/cali/Alternaria Leaf Spot/alternaria_leaf_spot_0158.jpeg,Alternaria Leaf Spot
/Users/thun/Desktop/cauliflower_training/cali/Healthy/healthy_0580.png,Healthy
/Users/thun/Desktop/cauliflower_training/cali/Alternaria Leaf Spot/alternaria_leaf_spot_1071.jpg,Alternaria Leaf Spot
/Users/thun/Desktop/cauliflower_training/cali/Healthy/healthy_1142.jpeg,Healthy
/Users/thun/Desktop/cauliflower_training/cali/Healthy/healthy_1424.png,Healthy
/Users/thun/Desktop/cauliflower_training/cali/Alternaria Leaf Spot/alternaria_leaf_spot_0480.jpg,Alternaria Leaf Spot
/Users/thun/Desktop/cauliflower_training/cali/Healthy/healthy_0944.jpeg,Healthy
/Users/thun/Desktop/cauliflower_training/cali/Healthy/healthy_1200.jpg,Healthy
/Users/thun/Desktop/cauliflower_training/cali/Healthy/healthy_1823.jpg,Healthy
/Users/thun/Desktop/cauliflower_training/cali/Alternaria Leaf Spot/alternaria_leaf_spot_0110.jpeg,Alternaria Leaf Spot
/Users/thun/Desktop/cauliflower_training/cali/Healthy/healthy_2257.jpg,Healthy
/Users/thun/Desktop/cauliflower_training/cali/Alternaria Leaf Spot/alternaria_leaf_spot_1245.jpg,Alternaria Leaf Spot
/Users/thun/Desktop/cauliflower_training/cali/Healthy/healthy_1858.jpg,Healthy
/Users/thun/Desktop/cauliflower_training/cali/Bacterial Soft Rot/bacterial_soft_rot_1149.jpg,Bacterial Soft Rot
/Users/thun/Desktop/cauliflower_training/cali/Alternaria Leaf Spot/alternaria_leaf_spot_1291.jpg,Alternaria Leaf Spot
/Users/thun/Desktop/cauliflower_training/cali/Healthy/healthy_0858.jpeg,Healthy
/Users/thun/Desktop/cauliflower_training/cali/Downy Mildew/downy_mildew_0991.jpg,Downy Mildew
/Users/thun/Desktop/cauliflower_training/cali/Alternaria Leaf Spot/alternaria_leaf_spot_0404.jpg,Alternaria Leaf Spot
/Users/thun/Desktop/cauliflower_training/cali/Healthy/healthy_0805.jpeg,Healthy
/Users/thun/Desktop/cauliflower_training/cali/Healthy/healthy_2443.jpg,Healthy
/Users/thun/Desktop/cauliflower_training/cali/Alternaria Leaf Spot/alternaria_leaf_spot_1278.jpg,Alternaria Leaf Spot
/Users/thun/Desktop/cauliflower_training/cali/Healthy/healthy_1620.jpg,Healthy
/Users/thun/Desktop/cauliflower_training/cali/Downy Mildew/downy_mildew_1141.jpg,Downy Mildew
/Users/thun/Desktop/cauliflower_training/cali/Alternaria Leaf Spot/alternaria_leaf_spot_0689.jpg,Alternaria Leaf Spot
/Users/thun/Desktop/cauliflower_training/cali/Alternaria Leaf Spot/alternaria_leaf_spot_0339.jpg,Alternaria Leaf Spot
/Users/thun/Desktop/cauliflower_training/cali/Alternaria Leaf Spot/alternaria_leaf_spot_0291.jpeg,Alternaria Leaf Spot
/Users/thun/Desktop/cauliflower_training/cali/Healthy/healthy_1550.png,Healthy
/Users/thun/Desktop/cauliflower_training/cali/Healthy/healthy_0138.png,Healthy
/Users/thun/Desktop/cauliflower_training/cali/Bacterial Soft Rot/bacterial_soft_rot_0475.jpg,Bacterial Soft Rot
/Users/thun/Desktop/cauliflower_training/cali/Healthy/healthy_2360.jpg,Healthy
/Users/thun/Desktop/cauliflower_training/cali/Bacterial Soft Rot/bacterial_soft_rot_1289.jpg,Bacterial Soft Rot
/Users/thun/Desktop/cauliflower_training/cali/Alternaria Leaf Spot/alternaria_leaf_spot_0740.jpg,Alternaria Leaf Spot
/Users/thun/Desktop/cauliflower_training/cali/Healthy/healthy_0604.png,Healthy
/Users/thun/Desktop/cauliflower_training/cali/Bacterial Soft Rot/bacterial_soft_rot_0798.jpg,Bacterial Soft Rot
/Users/thun/Desktop/cauliflower_training/cali/Alternaria Leaf Spot/alternaria_leaf_spot_0660.jpg,Alternaria Leaf Spot
/Users/thun/Desktop/cauliflower_training/cali/Healthy/healthy_2244.jpg,Healthy
/Users/thun/Desktop/cauliflower_training/cali/Alternaria Leaf Spot/alternaria_leaf_spot_1217.jpg,Alternaria Leaf Spot
/Users/thun/Desktop/cauliflower_training/cali/Downy Mildew/downy_mildew_0070.png,Downy Mildew
/Users/thun/Desktop/cauliflower_training/cali/Bacterial Soft Rot/bacterial_soft_rot_0928.jpg,Bacterial Soft Rot
/Users/thun/Desktop/cauliflower_training/cali/Healthy/healthy_1535.png,Healthy
/Users/thun/Desktop/cauliflower_training/cali/Bacterial Soft Rot/bacterial_soft_rot_0374.jpg,Bacterial Soft Rot
/Users/thun/Desktop/cauliflower_training/cali/Alternaria Leaf Spot/alternaria_leaf_spot_0466.jpg,Alternaria Leaf Spot
/Users/thun/Desktop/cauliflower_training/cali/Alternaria Leaf Spot/alternaria_leaf_spot_0627.jpg,Alternaria Leaf Spot
/Users/thun/Desktop/cauliflower_training/cali/Healthy/healthy_1923.jpg,Healthy
/Users/thun/Desktop/cauliflower_training/cali/Bacterial Soft Rot/bacterial_soft_rot_0875.jpg,Bacterial Soft Rot
/Users/thun/Desktop/cauliflower_training/cali/Black Rot/black_rot_065.png,Black Rot
/Users/thun/Desktop/cauliflower_training/cali/Healthy/healthy_1624.jpg,Healthy
/Users/thun/Desktop/cauliflower_training/cali/Healthy/healthy_0172.png,Healthy
/Users/thun/Desktop/cauliflower_training/cali/Black Rot/black_rot_371.png,Black Rot
/Users/thun/Desktop/cauliflower_training/cali/Bacterial Soft Rot/bacterial_soft_rot_1024.jpg,Bacterial Soft Rot
/Users/thun/Desktop/cauliflower_training/cali/Healthy/healthy_1170.png,Healthy
/Users/thun/Desktop/cauliflower_training/cali/Downy Mildew/downy_mildew_0529.png,Downy Mildew
/Users/thun/Desktop/cauliflower_training/cali/Healthy/healthy_2755.jpg,Healthy
/Users/thun/Desktop/cauliflower_training/cali/Bacterial Soft Rot/bacterial_soft_rot_0256.jpg,Bacterial Soft Rot
/Users/thun/Desktop/cauliflower_training/cali/Black Rot/black_rot_103.png,Black Rot
/Users/thun/Desktop/cauliflower_training/cali/Bacterial Soft Rot/bacterial_soft_rot_1009.jpg,Bacterial Soft Rot
/Users/thun/Desktop/cauliflower_training/cali/Healthy/healthy_1563.jpeg,Healthy
/Users/thun/Desktop/cauliflower_training/cali/Healthy/healthy_0275.png,Healthy
/Users/thun/Desktop/cauliflower_training/cali/Downy Mildew/downy_mildew_0905.jpg,Downy Mildew
/Users/thun/Desktop/cauliflower_training/cali/Downy Mildew/downy_mildew_0460.png,Downy Mildew
/Users/thun/Desktop/cauliflower_training/cali/Downy Mildew/downy_mildew_0255.png,Downy Mildew
/Users/thun/Desktop/cauliflower_training/cali/Downy Mildew/downy_mildew_1249.jpg,Downy Mildew
/Users/thun/Desktop/cauliflower_training/cali/Healthy/healthy_1216.jpg,Healthy
/Users/thun/Desktop/cauliflower_training/cali/Bacterial Soft Rot/bacterial_soft_rot_0561.jpg,Bacterial Soft Rot
/Users/thun/Desktop/cauliflower_training/cali/Alternaria Leaf Spot/alternaria_leaf_spot_0134.jpeg,Alternaria Leaf Spot
/Users/thun/Desktop/cauliflower_training/cali/Healthy/healthy_0113.png,Healthy
/Users/thun/Desktop/cauliflower_training/cali/Bacterial Soft Rot/bacterial_soft_rot_1126.jpg,Bacterial Soft Rot
/Users/thun/Desktop/cauliflower_training/cali/Healthy/healthy_3088.jpg,Healthy
/Users/thun/Desktop/cauliflower_training/cali/Healthy/healthy_2685.jpg,Healthy
/Users/thun/Desktop/cauliflower_training/cali/Healthy/healthy_1791.jpg,Healthy
/Users/thun/Desktop/cauliflower_training/cali/Black Rot/black_rot_707.jpeg,Black Rot
/Users/thun/Desktop/cauliflower_training/cali/Downy Mildew/downy_mildew_0352.png,Downy Mildew
/Users/thun/Desktop/cauliflower_training/cali/Healthy/healthy_3155.jpg,Healthy
/Users/thun/Desktop/cauliflower_training/cali/Bacterial Soft Rot/bacterial_soft_rot_0474.jpg,Bacterial Soft Rot
/Users/thun/Desktop/cauliflower_training/cali/Healthy/healthy_0271.png,Healthy
/Users/thun/Desktop/cauliflower_training/cali/Alternaria Leaf Spot/alternaria_leaf_spot_0630.jpg,Alternaria Leaf Spot
/Users/thun/Desktop/cauliflower_training/cali/Bacterial Soft Rot/bacterial_soft_rot_1189.jpg,Bacterial Soft Rot
/Users/thun/Desktop/cauliflower_training/cali/Black Rot/black_rot_284.png,Black Rot
/Users/thun/Desktop/cauliflower_training/cali/Healthy/healthy_1371.png,Healthy
/Users/thun/Desktop/cauliflower_training/cali/Black Rot/black_rot_589.png,Black Rot
/Users/thun/Desktop/cauliflower_training/cali/Healthy/healthy_3124.jpg,Healthy
/Users/thun/Desktop/cauliflower_training/cali/Healthy/healthy_0885.jpeg,Healthy
/Users/thun/Desktop/cauliflower_training/cali/Healthy/healthy_0314.png,Healthy
/Users/thun/Desktop/cauliflower_training/cali/Black Rot/black_rot_495.png,Black Rot
/Users/thun/Desktop/cauliflower_training/cali/Black Rot/black_rot_452.png,Black Rot
/Users/thun/Desktop/cauliflower_training/cali/Black Rot/black_rot_015.png,Black Rot
/Users/thun/Desktop/cauliflower_training/cali/Alternaria Leaf Spot/alternaria_leaf_spot_0544.jpg,Alternaria Leaf Spot
/Users/thun/Desktop/cauliflower_training/cali/Alternaria Leaf Spot/alternaria_leaf_spot_0541.jpg,Alternaria Leaf Spot
/Users/thun/Desktop/cauliflower_training/cali/Downy Mildew/downy_mildew_0272.png,Downy Mildew
/Users/thun/Desktop/cauliflower_training/cali/Healthy/healthy_0046.png,Healthy
/Users/thun/Desktop/cauliflower_training/cali/Healthy/healthy_3007.jpg,Healthy
/Users/thun/Desktop/cauliflower_training/cali/Downy Mildew/downy_mildew_0993.jpg,Downy Mildew
/Users/thun/Desktop/cauliflower_training/cali/Healthy/healthy_3074.jpg,Healthy
/Users/thun/Desktop/cauliflower_training/cali/Alternaria Leaf Spot/alternaria_leaf_spot_0316.jpg,Alternaria Leaf Spot
/Users/thun/Desktop/cauliflower_training/cali/Bacterial Soft Rot/bacterial_soft_rot_0345.jpg,Bacterial Soft Rot
/Users/thun/Desktop/cauliflower_training/cali/Alternaria Leaf Spot/alternaria_leaf_spot_0775.jpg,Alternaria Leaf Spot
/Users/thun/Desktop/cauliflower_training/cali/Healthy/healthy_2380.jpg,Healthy
/Users/thun/Desktop/cauliflower_training/cali/Alternaria Leaf Spot/alternaria_leaf_spot_0654.jpg,Alternaria Leaf Spot
/Users/thun/Desktop/cauliflower_training/cali/Healthy/healthy_1011.jpeg,Healthy
/Users/thun/Desktop/cauliflower_training/cali/Downy Mildew/downy_mildew_0927.jpg,Downy Mildew
/Users/thun/Desktop/cauliflower_training/cali/Black Rot/black_rot_545.png,Black Rot
/Users/thun/Desktop/cauliflower_training/cali/Bacterial Soft Rot/bacterial_soft_rot_0102.jpeg,Bacterial Soft Rot
/Users/thun/Desktop/cauliflower_training/cali/Healthy/healthy_2710.jpg,Healthy
/Users/thun/Desktop/cauliflower_training/cali/Bacterial Soft Rot/bacterial_soft_rot_0028.jpg,Bacterial Soft Rot
/Users/thun/Desktop/cauliflower_training/cali/Healthy/healthy_2609.jpg,Healthy
/Users/thun/Desktop/cauliflower_training/cali/Black Rot/black_rot_279.png,Black Rot
/Users/thun/Desktop/cauliflower_training/cali/Alternaria Leaf Spot/alternaria_leaf_spot_1481.jpg,Alternaria Leaf Spot
/Users/thun/Desktop/cauliflower_training/cali/Healthy/healthy_1896.jpg,Healthy
/Users/thun/Desktop/cauliflower_training/cali/Bacterial Soft Rot/bacterial_soft_rot_0871.jpg,Bacterial Soft Rot
/Users/thun/Desktop/cauliflower_training/cali/Alternaria Leaf Spot/alternaria_leaf_spot_1438.jpg,Alternaria Leaf Spot
/Users/thun/Desktop/cauliflower_training/cali/Bacterial Soft Rot/bacterial_soft_rot_1359.jpg,Bacterial Soft Rot
/Users/thun/Desktop/cauliflower_training/cali/Healthy/healthy_0660.png,Healthy
/Users/thun/Desktop/cauliflower_training/cali/Healthy/healthy_2411.jpg,Healthy
/Users/thun/Desktop/cauliflower_training/cali/Bacterial Soft Rot/bacterial_soft_rot_1063.jpg,Bacterial Soft Rot
/Users/thun/Desktop/cauliflower_training/cali/Alternaria Leaf Spot/alternaria_leaf_spot_0017.jpeg,Alternaria Leaf Spot
/Users/thun/Desktop/cauliflower_training/cali/Healthy/healthy_3135.jpg,Healthy
/Users/thun/Desktop/cauliflower_training/cali/Bacterial Soft Rot/bacterial_soft_rot_0458.jpg,Bacterial Soft Rot
/Users/thun/Desktop/cauliflower_training/cali/Healthy/healthy_2952.jpg,Healthy
/Users/thun/Desktop/cauliflower_training/cali/Black Rot/black_rot_721.jpeg,Black Rot
/Users/thun/Desktop/cauliflower_training/cali/Healthy/healthy_2994.jpg,Healthy
/Users/thun/Desktop/cauliflower_training/cali/Alternaria Leaf Spot/alternaria_leaf_spot_0993.jpg,Alternaria Leaf Spot
/Users/thun/Desktop/cauliflower_training/cali/Alternaria Leaf Spot/alternaria_leaf_spot_1121.jpg,Alternaria Leaf Spot
/Users/thun/Desktop/cauliflower_training/cali/Alternaria Leaf Spot/alternaria_leaf_spot_1480.jpg,Alternaria Leaf Spot
/Users/thun/Desktop/cauliflower_training/cali/Black Rot/black_rot_645.png,Black Rot
/Users/thun/Desktop/cauliflower_training/cali/Black Rot/black_rot_376.png,Black Rot
/Users/thun/Desktop/cauliflower_training/cali/Black Rot/black_rot_401.png,Black Rot
/Users/thun/Desktop/cauliflower_training/cali/Downy Mildew/downy_mildew_0405.png,Downy Mildew
/Users/thun/Desktop/cauliflower_training/cali/Alternaria Leaf Spot/alternaria_leaf_spot_0746.jpg,Alternaria Leaf Spot
/Users/thun/Desktop/cauliflower_training/cali/Alternaria Leaf Spot/alternaria_leaf_spot_1180.jpg,Alternaria Leaf Spot
/Users/thun/Desktop/cauliflower_training/cali/Downy Mildew/downy_mildew_0109.png,Downy Mildew
/Users/thun/Desktop/cauliflower_training/cali/Healthy/healthy_0841.jpeg,Healthy
/Users/thun/Desktop/cauliflower_training/cali/Healthy/healthy_2836.jpg,Healthy
/Users/thun/Desktop/cauliflower_training/cali/Healthy/healthy_2692.jpg,Healthy
/Users/thun/Desktop/cauliflower_training/cali/Bacterial Soft Rot/bacterial_soft_rot_0332.jpg,Bacterial Soft Rot
/Users/thun/Desktop/cauliflower_training/cali/Downy Mildew/downy_mildew_0469.png,Downy Mildew
/Users/thun/Desktop/cauliflower_training/cali/Bacterial Soft Rot/bacterial_soft_rot_0985.jpg,Bacterial Soft Rot
/Users/thun/Desktop/cauliflower_training/cali/Bacterial Soft Rot/bacterial_soft_rot_0076.jpeg,Bacterial Soft Rot
/Users/thun/Desktop/cauliflower_training/cali/Alternaria Leaf Spot/alternaria_leaf_spot_0314.jpg,Alternaria Leaf Spot
/Users/thun/Desktop/cauliflower_training/cali/Downy Mildew/downy_mildew_0848.jpg,Downy Mildew
/Users/thun/Desktop/cauliflower_training/cali/Alternaria Leaf Spot/alternaria_leaf_spot_1439.jpg,Alternaria Leaf Spot
/Users/thun/Desktop/cauliflower_training/cali/Healthy/healthy_1611.jpg,Healthy
/Users/thun/Desktop/cauliflower_training/cali/Bacterial Soft Rot/bacterial_soft_rot_0536.jpg,Bacterial Soft Rot
/Users/thun/Desktop/cauliflower_training/cali/Alternaria Leaf Spot/alternaria_leaf_spot_1498.jpg,Alternaria Leaf Spot
/Users/thun/Desktop/cauliflower_training/cali/Alternaria Leaf Spot/alternaria_leaf_spot_0878.jpg,Alternaria Leaf Spot
/Users/thun/Desktop/cauliflower_training/cali/Healthy/healthy_2212.jpg,Healthy
/Users/thun/Desktop/cauliflower_training/cali/Healthy/healthy_0029.png,Healthy
/Users/thun/Desktop/cauliflower_training/cali/Downy Mildew/downy_mildew_0256.png,Downy Mildew
/Users/thun/Desktop/cauliflower_training/cali/Alternaria Leaf Spot/alternaria_leaf_spot_0170.jpeg,Alternaria Leaf Spot
/Users/thun/Desktop/cauliflower_training/cali/Healthy/healthy_1933.jpg,Healthy
/Users/thun/Desktop/cauliflower_training/cali/Bacterial Soft Rot/bacterial_soft_rot_0783.jpg,Bacterial Soft Rot
/Users/thun/Desktop/cauliflower_training/cali/Alternaria Leaf Spot/alternaria_leaf_spot_0206.jpeg,Alternaria Leaf Spot
/Users/thun/Desktop/cauliflower_training/cali/Alternaria Leaf Spot/alternaria_leaf_spot_0697.jpg,Alternaria Leaf Spot
/Users/thun/Desktop/cauliflower_training/cali/Downy Mildew/downy_mildew_0313.png,Downy Mildew
/Users/thun/Desktop/cauliflower_training/cali/Black Rot/black_rot_398.png,Black Rot
/Users/thun/Desktop/cauliflower_training/cali/Downy Mildew/downy_mildew_1067.jpeg,Downy Mildew
/Users/thun/Desktop/cauliflower_training/cali/Alternaria Leaf Spot/alternaria_leaf_spot_0724.jpg,Alternaria Leaf Spot
/Users/thun/Desktop/cauliflower_training/cali/Alternaria Leaf Spot/alternaria_leaf_spot_0319.jpg,Alternaria Leaf Spot
/Users/thun/Desktop/cauliflower_training/cali/Black Rot/black_rot_340.png,Black Rot
/Users/thun/Desktop/cauliflower_training/cali/Black Rot/black_rot_001.png,Black Rot
/Users/thun/Desktop/cauliflower_training/cali/Alternaria Leaf Spot/alternaria_leaf_spot_1238.jpg,Alternaria Leaf Spot
/Users/thun/Desktop/cauliflower_training/cali/Healthy/healthy_0743.jpeg,Healthy
/Users/thun/Desktop/cauliflower_training/cali/Healthy/healthy_0644.png,Healthy
/Users/thun/Desktop/cauliflower_training/cali/Alternaria Leaf Spot/alternaria_leaf_spot_0445.jpg,Alternaria Leaf Spot
/Users/thun/Desktop/cauliflower_training/cali/Alternaria Leaf Spot/alternaria_leaf_spot_0668.jpg,Alternaria Leaf Spot
/Users/thun/Desktop/cauliflower_training/cali/Bacterial Soft Rot/bacterial_soft_rot_0889.jpg,Bacterial Soft Rot
/Users/thun/Desktop/cauliflower_training/cali/Black Rot/black_rot_790.jpeg,Black Rot
/Users/thun/Desktop/cauliflower_training/cali/Downy Mildew/downy_mildew_0707.jpg,Downy Mildew
/Users/thun/Desktop/cauliflower_training/cali/Healthy/healthy_1302.jpg,Healthy
/Users/thun/Desktop/cauliflower_training/cali/Bacterial Soft Rot/bacterial_soft_rot_1065.jpg,Bacterial Soft Rot
/Users/thun/Desktop/cauliflower_training/cali/Alternaria Leaf Spot/alternaria_leaf_spot_1431.jpg,Alternaria Leaf Spot
/Users/thun/Desktop/cauliflower_training/cali/Bacterial Soft Rot/bacterial_soft_rot_0765.jpg,Bacterial Soft Rot
/Users/thun/Desktop/cauliflower_training/cali/Alternaria Leaf Spot/alternaria_leaf_spot_1457.jpg,Alternaria Leaf Spot
/Users/thun/Desktop/cauliflower_training/cali/Bacterial Soft Rot/bacterial_soft_rot_0030.jpeg,Bacterial Soft Rot
/Users/thun/Desktop/cauliflower_training/cali/Bacterial Soft Rot/bacterial_soft_rot_0202.jpg,Bacterial Soft Rot
/Users/thun/Desktop/cauliflower_training/cali/Alternaria Leaf Spot/alternaria_leaf_spot_1007.jpg,Alternaria Leaf Spot
/Users/thun/Desktop/cauliflower_training/cali/Healthy/healthy_2449.jpg,Healthy
/Users/thun/Desktop/cauliflower_training/cali/Alternaria Leaf Spot/alternaria_leaf_spot_1120.jpg,Alternaria Leaf Spot
/Users/thun/Desktop/cauliflower_training/cali/Alternaria Leaf Spot/alternaria_leaf_spot_1255.jpg,Alternaria Leaf Spot
/Users/thun/Desktop/cauliflower_training/cali/Healthy/healthy_0207.png,Healthy
/Users/thun/Desktop/cauliflower_training/cali/Downy Mildew/downy_mildew_0338.png,Downy Mildew
/Users/thun/Desktop/cauliflower_training/cali/Black Rot/black_rot_673.png,Black Rot
/Users/thun/Desktop/cauliflower_training/cali/Healthy/healthy_2233.jpg,Healthy
/Users/thun/Desktop/cauliflower_training/cali/Black Rot/black_rot_693.png,Black Rot
/Users/thun/Desktop/cauliflower_training/cali/Bacterial Soft Rot/bacterial_soft_rot_0903.jpg,Bacterial Soft Rot
/Users/thun/Desktop/cauliflower_training/cali/Healthy/healthy_2544.jpg,Healthy
/Users/thun/Desktop/cauliflower_training/cali/Healthy/healthy_0215.png,Healthy
/Users/thun/Desktop/cauliflower_training/cali/Black Rot/black_rot_178.png,Black Rot
/Users/thun/Desktop/cauliflower_training/cali/Downy Mildew/downy_mildew_0532.png,Downy Mildew
/Users/thun/Desktop/cauliflower_training/cali/Black Rot/black_rot_141.png,Black Rot
/Users/thun/Desktop/cauliflower_training/cali/Healthy/healthy_1917.jpg,Healthy
/Users/thun/Desktop/cauliflower_training/cali/Alternaria Leaf Spot/alternaria_leaf_spot_1227.jpg,Alternaria Leaf Spot
/Users/thun/Desktop/cauliflower_training/cali/Black Rot/black_rot_116.png,Black Rot
/Users/thun/Desktop/cauliflower_training/cali/Healthy/healthy_2292.jpg,Healthy
/Users/thun/Desktop/cauliflower_training/cali/Healthy/healthy_0432.png,Healthy
/Users/thun/Desktop/cauliflower_training/cali/Healthy/healthy_1589.png,Healthy
/Users/thun/Desktop/cauliflower_training/cali/Healthy/healthy_1646.jpg,Healthy
/Users/thun/Desktop/cauliflower_training/cali/Alternaria Leaf Spot/alternaria_leaf_spot_1131.jpg,Alternaria Leaf Spot
/Users/thun/Desktop/cauliflower_training/cali/Healthy/healthy_1695.jpg,Healthy
/Users/thun/Desktop/cauliflower_training/cali/Healthy/healthy_0804.jpeg,Healthy
/Users/thun/Desktop/cauliflower_training/cali/Healthy/healthy_2081.jpg,Healthy
/Users/thun/Desktop/cauliflower_training/cali/Healthy/healthy_2560.jpg,Healthy
/Users/thun/Desktop/cauliflower_training/cali/Healthy/healthy_2592.jpg,Healthy
/Users/thun/Desktop/cauliflower_training/cali/Healthy/healthy_0978.jpeg,Healthy
/Users/thun/Desktop/cauliflower_training/cali/Bacterial Soft Rot/bacterial_soft_rot_1038.jpg,Bacterial Soft Rot
/Users/thun/Desktop/cauliflower_training/cali/Bacterial Soft Rot/bacterial_soft_rot_0598.jpg,Bacterial Soft Rot
/Users/thun/Desktop/cauliflower_training/cali/Alternaria Leaf Spot/alternaria_leaf_spot_0447.jpg,Alternaria Leaf Spot
/Users/thun/Desktop/cauliflower_training/cali/Downy Mildew/downy_mildew_0741.jpg,Downy Mildew
/Users/thun/Desktop/cauliflower_training/cali/Downy Mildew/downy_mildew_0814.jpg,Downy Mildew
/Users/thun/Desktop/cauliflower_training/cali/Healthy/healthy_2220.jpg,Healthy
/Users/thun/Desktop/cauliflower_training/cali/Downy Mildew/downy_mildew_1140.jpeg,Downy Mildew
/Users/thun/Desktop/cauliflower_training/cali/Healthy/healthy_1868.jpg,Healthy
/Users/thun/Desktop/cauliflower_training/cali/Downy Mildew/downy_mildew_0774.jpeg,Downy Mildew
/Users/thun/Desktop/cauliflower_training/cali/Bacterial Soft Rot/bacterial_soft_rot_1377.jpg,Bacterial Soft Rot
/Users/thun/Desktop/cauliflower_training/cali/Alternaria Leaf Spot/alternaria_leaf_spot_1057.jpg,Alternaria Leaf Spot
/Users/thun/Desktop/cauliflower_training/cali/Healthy/healthy_2722.jpg,Healthy
/Users/thun/Desktop/cauliflower_training/cali/Alternaria Leaf Spot/alternaria_leaf_spot_0801.jpg,Alternaria Leaf Spot
/Users/thun/Desktop/cauliflower_training/cali/Downy Mildew/downy_mildew_0239.png,Downy Mildew
/Users/thun/Desktop/cauliflower_training/cali/Healthy/healthy_3157.jpg,Healthy
/Users/thun/Desktop/cauliflower_training/cali/Downy Mildew/downy_mildew_0398.png,Downy Mildew
/Users/thun/Desktop/cauliflower_training/cali/Healthy/healthy_0388.png,Healthy
/Users/thun/Desktop/cauliflower_training/cali/Black Rot/black_rot_002.png,Black Rot
/Users/thun/Desktop/cauliflower_training/cali/Healthy/healthy_1280.jpg,Healthy
/Users/thun/Desktop/cauliflower_training/cali/Downy Mildew/downy_mildew_0575.png,Downy Mildew
/Users/thun/Desktop/cauliflower_training/cali/Black Rot/black_rot_425.png,Black Rot
/Users/thun/Desktop/cauliflower_training/cali/Downy Mildew/downy_mildew_0258.png,Downy Mildew
/Users/thun/Desktop/cauliflower_training/cali/Alternaria Leaf Spot/alternaria_leaf_spot_0430.jpg,Alternaria Leaf Spot
/Users/thun/Desktop/cauliflower_training/cali/Healthy/healthy_0087.png,Healthy
/Users/thun/Desktop/cauliflower_training/cali/Alternaria Leaf Spot/alternaria_leaf_spot_1044.jpg,Alternaria Leaf Spot
/Users/thun/Desktop/cauliflower_training/cali/Black Rot/black_rot_733.jpeg,Black Rot
/Users/thun/Desktop/cauliflower_training/cali/Alternaria Leaf Spot/alternaria_leaf_spot_0493.jpg,Alternaria Leaf Spot
/Users/thun/Desktop/cauliflower_training/cali/Alternaria Leaf Spot/alternaria_leaf_spot_0538.jpg,Alternaria Leaf Spot
/Users/thun/Desktop/cauliflower_training/cali/Bacterial Soft Rot/bacterial_soft_rot_0455.jpg,Bacterial Soft Rot
/Users/thun/Desktop/cauliflower_training/cali/Alternaria Leaf Spot/alternaria_leaf_spot_0617.jpg,Alternaria Leaf Spot
/Users/thun/Desktop/cauliflower_training/cali/Bacterial Soft Rot/bacterial_soft_rot_0706.jpg,Bacterial Soft Rot
/Users/thun/Desktop/cauliflower_training/cali/Black Rot/black_rot_615.png,Black Rot
/Users/thun/Desktop/cauliflower_training/cali/Healthy/healthy_0970.jpeg,Healthy
/Users/thun/Desktop/cauliflower_training/cali/Healthy/healthy_1360.jpg,Healthy
/Users/thun/Desktop/cauliflower_training/cali/Downy Mildew/downy_mildew_0502.png,Downy Mildew
/Users/thun/Desktop/cauliflower_training/cali/Healthy/healthy_0008.png,Healthy
/Users/thun/Desktop/cauliflower_training/cali/Alternaria Leaf Spot/alternaria_leaf_spot_0503.jpg,Alternaria Leaf Spot
/Users/thun/Desktop/cauliflower_training/cali/Bacterial Soft Rot/bacterial_soft_rot_1030.jpg,Bacterial Soft Rot
/Users/thun/Desktop/cauliflower_training/cali/Alternaria Leaf Spot/alternaria_leaf_spot_0343.jpg,Alternaria Leaf Spot
/Users/thun/Desktop/cauliflower_training/cali/Black Rot/black_rot_429.png,Black Rot
/Users/thun/Desktop/cauliflower_training/cali/Healthy/healthy_2922.jpg,Healthy
/Users/thun/Desktop/cauliflower_training/cali/Healthy/healthy_2111.jpg,Healthy
/Users/thun/Desktop/cauliflower_training/cali/Healthy/healthy_1462.jpg,Healthy
/Users/thun/Desktop/cauliflower_training/cali/Healthy/healthy_0611.png,Healthy
/Users/thun/Desktop/cauliflower_training/cali/Bacterial Soft Rot/bacterial_soft_rot_1386.jpg,Bacterial Soft Rot
/Users/thun/Desktop/cauliflower_training/cali/Alternaria Leaf Spot/alternaria_leaf_spot_1001.jpg,Alternaria Leaf Spot
/Users/thun/Desktop/cauliflower_training/cali/Healthy/healthy_1592.png,Healthy
/Users/thun/Desktop/cauliflower_training/cali/Healthy/healthy_2923.jpg,Healthy
/Users/thun/Desktop/cauliflower_training/cali/Healthy/healthy_1134.jpg,Healthy
/Users/thun/Desktop/cauliflower_training/cali/Black Rot/black_rot_156.png,Black Rot
/Users/thun/Desktop/cauliflower_training/cali/Healthy/healthy_1275.jpeg,Healthy
/Users/thun/Desktop/cauliflower_training/cali/Downy Mildew/downy_mildew_0892.jpeg,Downy Mildew
/Users/thun/Desktop/cauliflower_training/cali/Healthy/healthy_3020.jpg,Healthy
/Users/thun/Desktop/cauliflower_training/cali/Downy Mildew/downy_mildew_0063.png,Downy Mildew
/Users/thun/Desktop/cauliflower_training/cali/Bacterial Soft Rot/bacterial_soft_rot_0930.jpg,Bacterial Soft Rot
/Users/thun/Desktop/cauliflower_training/cali/Healthy/healthy_0317.png,Healthy
/Users/thun/Desktop/cauliflower_training/cali/Black Rot/black_rot_730.jpg,Black Rot
/Users/thun/Desktop/cauliflower_training/cali/Downy Mildew/downy_mildew_0117.png,Downy Mildew
/Users/thun/Desktop/cauliflower_training/cali/Downy Mildew/downy_mildew_0665.png,Downy Mildew
/Users/thun/Desktop/cauliflower_training/cali/Bacterial Soft Rot/bacterial_soft_rot_0165.jpeg,Bacterial Soft Rot
/Users/thun/Desktop/cauliflower_training/cali/Healthy/healthy_0298.png,Healthy
/Users/thun/Desktop/cauliflower_training/cali/Healthy/healthy_2132.jpg,Healthy
/Users/thun/Desktop/cauliflower_training/cali/Downy Mildew/downy_mildew_0236.png,Downy Mildew
/Users/thun/Desktop/cauliflower_training/cali/Alternaria Leaf Spot/alternaria_leaf_spot_0029.jpeg,Alternaria Leaf Spot
/Users/thun/Desktop/cauliflower_training/cali/Healthy/healthy_1833.jpg,Healthy
/Users/thun/Desktop/cauliflower_training/cali/Healthy/healthy_2516.jpg,Healthy
/Users/thun/Desktop/cauliflower_training/cali/Healthy/healthy_1316.png,Healthy
/Users/thun/Desktop/cauliflower_training/cali/Healthy/healthy_1656.jpg,Healthy
/Users/thun/Desktop/cauliflower_training/cali/Healthy/healthy_1133.jpg,Healthy
/Users/thun/Desktop/cauliflower_training/cali/Black Rot/black_rot_467.png,Black Rot
/Users/thun/Desktop/cauliflower_training/cali/Alternaria Leaf Spot/alternaria_leaf_spot_0520.jpg,Alternaria Leaf Spot
/Users/thun/Desktop/cauliflower_training/cali/Healthy/healthy_3102.jpg,Healthy
/Users/thun/Desktop/cauliflower_training/cali/Healthy/healthy_2125.jpg,Healthy
/Users/thun/Desktop/cauliflower_training/cali/Healthy/healthy_0960.jpeg,Healthy
/Users/thun/Desktop/cauliflower_training/cali/Healthy/healthy_1588.jpg,Healthy
/Users/thun/Desktop/cauliflower_training/cali/Bacterial Soft Rot/bacterial_soft_rot_0559.jpg,Bacterial Soft Rot
/Users/thun/Desktop/cauliflower_training/cali/Healthy/healthy_1532.png,Healthy
/Users/thun/Desktop/cauliflower_training/cali/Downy Mildew/downy_mildew_0756.jpg,Downy Mildew
/Users/thun/Desktop/cauliflower_training/cali/Black Rot/black_rot_101.png,Black Rot
/Users/thun/Desktop/cauliflower_training/cali/Healthy/healthy_1748.jpg,Healthy
/Users/thun/Desktop/cauliflower_training/cali/Healthy/healthy_1062.png,Healthy
/Users/thun/Desktop/cauliflower_training/cali/Healthy/healthy_3105.jpg,Healthy
/Users/thun/Desktop/cauliflower_training/cali/Black Rot/black_rot_158.png,Black Rot
/Users/thun/Desktop/cauliflower_training/cali/Alternaria Leaf Spot/alternaria_leaf_spot_0733.jpg,Alternaria Leaf Spot
/Users/thun/Desktop/cauliflower_training/cali/Alternaria Leaf Spot/alternaria_leaf_spot_0618.jpg,Alternaria Leaf Spot
/Users/thun/Desktop/cauliflower_training/cali/Healthy/healthy_0109.png,Healthy
/Users/thun/Desktop/cauliflower_training/cali/Bacterial Soft Rot/bacterial_soft_rot_0519.jpg,Bacterial Soft Rot
/Users/thun/Desktop/cauliflower_training/cali/Healthy/healthy_2047.jpg,Healthy
/Users/thun/Desktop/cauliflower_training/cali/Healthy/healthy_0708.jpeg,Healthy
/Users/thun/Desktop/cauliflower_training/cali/Alternaria Leaf Spot/alternaria_leaf_spot_0075.jpeg,Alternaria Leaf Spot
/Users/thun/Desktop/cauliflower_training/cali/Healthy/healthy_2113.jpg,Healthy
/Users/thun/Desktop/cauliflower_training/cali/Healthy/healthy_1806.jpg,Healthy
/Users/thun/Desktop/cauliflower_training/cali/Black Rot/black_rot_193.png,Black Rot
/Users/thun/Desktop/cauliflower_training/cali/Bacterial Soft Rot/bacterial_soft_rot_0477.jpg,Bacterial Soft Rot
/Users/thun/Desktop/cauliflower_training/cali/Black Rot/black_rot_016.png,Black Rot
/Users/thun/Desktop/cauliflower_training/cali/Bacterial Soft Rot/bacterial_soft_rot_0335.jpg,Bacterial Soft Rot
/Users/thun/Desktop/cauliflower_training/cali/Healthy/healthy_2161.jpg,Healthy
/Users/thun/Desktop/cauliflower_training/cali/Bacterial Soft Rot/bacterial_soft_rot_1120.jpg,Bacterial Soft Rot
/Users/thun/Desktop/cauliflower_training/cali/Healthy/healthy_2825.jpg,Healthy
/Users/thun/Desktop/cauliflower_training/cali/Bacterial Soft Rot/bacterial_soft_rot_0679.jpg,Bacterial Soft Rot
/Users/thun/Desktop/cauliflower_training/cali/Healthy/healthy_2905.jpg,Healthy
/Users/thun/Desktop/cauliflower_training/cali/Bacterial Soft Rot/bacterial_soft_rot_0641.jpg,Bacterial Soft Rot
/Users/thun/Desktop/cauliflower_training/cali/Healthy/healthy_0085.png,Healthy
/Users/thun/Desktop/cauliflower_training/cali/Healthy/healthy_1119.jpg,Healthy
/Users/thun/Desktop/cauliflower_training/cali/Bacterial Soft Rot/bacterial_soft_rot_1296.jpg,Bacterial Soft Rot
/Users/thun/Desktop/cauliflower_training/cali/Healthy/healthy_0035.png,Healthy
/Users/thun/Desktop/cauliflower_training/cali/Alternaria Leaf Spot/alternaria_leaf_spot_0982.jpg,Alternaria Leaf Spot
/Users/thun/Desktop/cauliflower_training/cali/Healthy/healthy_1732.jpg,Healthy
/Users/thun/Desktop/cauliflower_training/cali/Black Rot/black_rot_204.png,Black Rot
/Users/thun/Desktop/cauliflower_training/cali/Bacterial Soft Rot/bacterial_soft_rot_0950.jpg,Bacterial Soft Rot
/Users/thun/Desktop/cauliflower_training/cali/Bacterial Soft Rot/bacterial_soft_rot_0363.jpg,Bacterial Soft Rot
/Users/thun/Desktop/cauliflower_training/cali/Bacterial Soft Rot/bacterial_soft_rot_0660.jpg,Bacterial Soft Rot
/Users/thun/Desktop/cauliflower_training/cali/Alternaria Leaf Spot/alternaria_leaf_spot_0027.jpeg,Alternaria Leaf Spot
/Users/thun/Desktop/cauliflower_training/cali/Healthy/healthy_2587.jpg,Healthy
/Users/thun/Desktop/cauliflower_training/cali/Healthy/healthy_2681.jpg,Healthy
/Users/thun/Desktop/cauliflower_training/cali/Alternaria Leaf Spot/alternaria_leaf_spot_0558.jpg,Alternaria Leaf Spot
/Users/thun/Desktop/cauliflower_training/cali/Bacterial Soft Rot/bacterial_soft_rot_0834.jpg,Bacterial Soft Rot
/Users/thun/Desktop/cauliflower_training/cali/Black Rot/black_rot_426.png,Black Rot
/Users/thun/Desktop/cauliflower_training/cali/Healthy/healthy_2776.jpg,Healthy
/Users/thun/Desktop/cauliflower_training/cali/Alternaria Leaf Spot/alternaria_leaf_spot_1265.jpg,Alternaria Leaf Spot
/Users/thun/Desktop/cauliflower_training/cali/Downy Mildew/downy_mildew_0328.png,Downy Mildew
/Users/thun/Desktop/cauliflower_training/cali/Downy Mildew/downy_mildew_0087.png,Downy Mildew
/Users/thun/Desktop/cauliflower_training/cali/Healthy/healthy_2267.jpg,Healthy
/Users/thun/Desktop/cauliflower_training/cali/Black Rot/black_rot_290.png,Black Rot
/Users/thun/Desktop/cauliflower_training/cali/Black Rot/black_rot_382.png,Black Rot
/Users/thun/Desktop/cauliflower_training/cali/Bacterial Soft Rot/bacterial_soft_rot_1220.jpg,Bacterial Soft Rot
/Users/thun/Desktop/cauliflower_training/cali/Black Rot/black_rot_268.png,Black Rot
/Users/thun/Desktop/cauliflower_training/cali/Downy Mildew/downy_mildew_0154.png,Downy Mildew
/Users/thun/Desktop/cauliflower_training/cali/Alternaria Leaf Spot/alternaria_leaf_spot_1425.jpg,Alternaria Leaf Spot
/Users/thun/Desktop/cauliflower_training/cali/Downy Mildew/downy_mildew_0074.png,Downy Mildew
/Users/thun/Desktop/cauliflower_training/cali/Healthy/healthy_0082.png,Healthy
/Users/thun/Desktop/cauliflower_training/cali/Healthy/healthy_2232.jpg,Healthy
/Users/thun/Desktop/cauliflower_training/cali/Bacterial Soft Rot/bacterial_soft_rot_0837.jpg,Bacterial Soft Rot
/Users/thun/Desktop/cauliflower_training/cali/Healthy/healthy_2841.jpg,Healthy
/Users/thun/Desktop/cauliflower_training/cali/Healthy/healthy_2333.jpg,Healthy
/Users/thun/Desktop/cauliflower_training/cali/Healthy/healthy_1363.jpg,Healthy
/Users/thun/Desktop/cauliflower_training/cali/Alternaria Leaf Spot/alternaria_leaf_spot_1452.jpg,Alternaria Leaf Spot
/Users/thun/Desktop/cauliflower_training/cali/Healthy/healthy_2931.jpg,Healthy
/Users/thun/Desktop/cauliflower_training/cali/Downy Mildew/downy_mildew_0112.png,Downy Mildew
/Users/thun/Desktop/cauliflower_training/cali/Healthy/healthy_1619.jpg,Healthy
/Users/thun/Desktop/cauliflower_training/cali/Downy Mildew/downy_mildew_0242.png,Downy Mildew
/Users/thun/Desktop/cauliflower_training/cali/Downy Mildew/downy_mildew_0675.png,Downy Mildew
/Users/thun/Desktop/cauliflower_training/cali/Bacterial Soft Rot/bacterial_soft_rot_1186.jpg,Bacterial Soft Rot
/Users/thun/Desktop/cauliflower_training/cali/Healthy/healthy_0606.png,Healthy
/Users/thun/Desktop/cauliflower_training/cali/Downy Mildew/downy_mildew_0631.png,Downy Mildew
/Users/thun/Desktop/cauliflower_training/cali/Black Rot/black_rot_028.png,Black Rot
/Users/thun/Desktop/cauliflower_training/cali/Healthy/healthy_1054.png,Healthy
/Users/thun/Desktop/cauliflower_training/cali/Healthy/healthy_1907.jpg,Healthy
/Users/thun/Desktop/cauliflower_training/cali/Alternaria Leaf Spot/alternaria_leaf_spot_0610.jpg,Alternaria Leaf Spot
/Users/thun/Desktop/cauliflower_training/cali/Healthy/healthy_2701.jpg,Healthy
/Users/thun/Desktop/cauliflower_training/cali/Healthy/healthy_0802.jpeg,Healthy
/Users/thun/Desktop/cauliflower_training/cali/Healthy/healthy_1645.jpg,Healthy
/Users/thun/Desktop/cauliflower_training/cali/Downy Mildew/downy_mildew_0873.jpg,Downy Mildew
/Users/thun/Desktop/cauliflower_training/cali/Healthy/healthy_2506.jpg,Healthy
/Users/thun/Desktop/cauliflower_training/cali/Healthy/healthy_0771.jpeg,Healthy
/Users/thun/Desktop/cauliflower_training/cali/Healthy/healthy_2712.jpg,Healthy
/Users/thun/Desktop/cauliflower_training/cali/Healthy/healthy_2155.jpg,Healthy
/Users/thun/Desktop/cauliflower_training/cali/Alternaria Leaf Spot/alternaria_leaf_spot_1329.jpg,Alternaria Leaf Spot
/Users/thun/Desktop/cauliflower_training/cali/Black Rot/black_rot_297.png,Black Rot
/Users/thun/Desktop/cauliflower_training/cali/Healthy/healthy_0757.jpeg,Healthy
/Users/thun/Desktop/cauliflower_training/cali/Alternaria Leaf Spot/alternaria_leaf_spot_0540.jpg,Alternaria Leaf Spot
/Users/thun/Desktop/cauliflower_training/cali/Alternaria Leaf Spot/alternaria_leaf_spot_1029.jpg,Alternaria Leaf Spot
/Users/thun/Desktop/cauliflower_training/cali/Alternaria Leaf Spot/alternaria_leaf_spot_0983.jpg,Alternaria Leaf Spot
/Users/thun/Desktop/cauliflower_training/cali/Bacterial Soft Rot/bacterial_soft_rot_0310.jpg,Bacterial Soft Rot
/Users/thun/Desktop/cauliflower_training/cali/Bacterial Soft Rot/bacterial_soft_rot_0325.jpg,Bacterial Soft Rot
/Users/thun/Desktop/cauliflower_training/cali/Healthy/healthy_2148.jpg,Healthy
/Users/thun/Desktop/cauliflower_training/cali/Healthy/healthy_1244.jpg,Healthy
/Users/thun/Desktop/cauliflower_training/cali/Bacterial Soft Rot/bacterial_soft_rot_1355.jpg,Bacterial Soft Rot
/Users/thun/Desktop/cauliflower_training/cali/Healthy/healthy_0825.jpg,Healthy
/Users/thun/Desktop/cauliflower_training/cali/Downy Mildew/downy_mildew_0442.png,Downy Mildew
/Users/thun/Desktop/cauliflower_training/cali/Black Rot/black_rot_309.png,Black Rot
/Users/thun/Desktop/cauliflower_training/cali/Alternaria Leaf Spot/alternaria_leaf_spot_0553.jpg,Alternaria Leaf Spot
/Users/thun/Desktop/cauliflower_training/cali/Downy Mildew/downy_mildew_0592.png,Downy Mildew
/Users/thun/Desktop/cauliflower_training/cali/Downy Mildew/downy_mildew_0715.jpeg,Downy Mildew
/Users/thun/Desktop/cauliflower_training/cali/Healthy/healthy_2150.jpg,Healthy
/Users/thun/Desktop/cauliflower_training/cali/Black Rot/black_rot_147.png,Black Rot
/Users/thun/Desktop/cauliflower_training/cali/Downy Mildew/downy_mildew_0005.png,Downy Mildew
/Users/thun/Desktop/cauliflower_training/cali/Bacterial Soft Rot/bacterial_soft_rot_0710.jpg,Bacterial Soft Rot
/Users/thun/Desktop/cauliflower_training/cali/Healthy/healthy_0243.png,Healthy
/Users/thun/Desktop/cauliflower_training/cali/Alternaria Leaf Spot/alternaria_leaf_spot_0524.jpg,Alternaria Leaf Spot
/Users/thun/Desktop/cauliflower_training/cali/Downy Mildew/downy_mildew_1183.jpg,Downy Mildew
/Users/thun/Desktop/cauliflower_training/cali/Bacterial Soft Rot/bacterial_soft_rot_0814.jpg,Bacterial Soft Rot
/Users/thun/Desktop/cauliflower_training/cali/Black Rot/black_rot_389.png,Black Rot
/Users/thun/Desktop/cauliflower_training/cali/Downy Mildew/downy_mildew_0666.png,Downy Mildew
/Users/thun/Desktop/cauliflower_training/cali/Bacterial Soft Rot/bacterial_soft_rot_0627.jpg,Bacterial Soft Rot
/Users/thun/Desktop/cauliflower_training/cali/Alternaria Leaf Spot/alternaria_leaf_spot_0737.jpg,Alternaria Leaf Spot
/Users/thun/Desktop/cauliflower_training/cali/Downy Mildew/downy_mildew_0490.png,Downy Mildew
/Users/thun/Desktop/cauliflower_training/cali/Healthy/healthy_2414.jpg,Healthy
/Users/thun/Desktop/cauliflower_training/cali/Healthy/healthy_2684.jpg,Healthy
/Users/thun/Desktop/cauliflower_training/cali/Bacterial Soft Rot/bacterial_soft_rot_0117.jpeg,Bacterial Soft Rot
/Users/thun/Desktop/cauliflower_training/cali/Downy Mildew/downy_mildew_1139.jpg,Downy Mildew
/Users/thun/Desktop/cauliflower_training/cali/Downy Mildew/downy_mildew_1104.jpeg,Downy Mildew
/Users/thun/Desktop/cauliflower_training/cali/Bacterial Soft Rot/bacterial_soft_rot_0915.jpg,Bacterial Soft Rot
/Users/thun/Desktop/cauliflower_training/cali/Healthy/healthy_0030.png,Healthy
/Users/thun/Desktop/cauliflower_training/cali/Healthy/healthy_0460.png,Healthy
/Users/thun/Desktop/cauliflower_training/cali/Healthy/healthy_2636.jpg,Healthy
/Users/thun/Desktop/cauliflower_training/cali/Black Rot/black_rot_250.png,Black Rot
/Users/thun/Desktop/cauliflower_training/cali/Healthy/healthy_0620.png,Healthy
/Users/thun/Desktop/cauliflower_training/cali/Healthy/healthy_0570.png,Healthy
/Users/thun/Desktop/cauliflower_training/cali/Healthy/healthy_0891.jpeg,Healthy
/Users/thun/Desktop/cauliflower_training/cali/Downy Mildew/downy_mildew_0053.png,Downy Mildew
/Users/thun/Desktop/cauliflower_training/cali/Healthy/healthy_3128.jpg,Healthy
/Users/thun/Desktop/cauliflower_training/cali/Alternaria Leaf Spot/alternaria_leaf_spot_0324.jpg,Alternaria Leaf Spot
/Users/thun/Desktop/cauliflower_training/cali/Downy Mildew/downy_mildew_1105.jpeg,Downy Mildew
/Users/thun/Desktop/cauliflower_training/cali/Bacterial Soft Rot/bacterial_soft_rot_0115.jpeg,Bacterial Soft Rot
/Users/thun/Desktop/cauliflower_training/cali/Bacterial Soft Rot/bacterial_soft_rot_0400.jpg,Bacterial Soft Rot
/Users/thun/Desktop/cauliflower_training/cali/Alternaria Leaf Spot/alternaria_leaf_spot_0377.jpg,Alternaria Leaf Spot
/Users/thun/Desktop/cauliflower_training/cali/Healthy/healthy_0248.png,Healthy
/Users/thun/Desktop/cauliflower_training/cali/Healthy/healthy_1435.jpg,Healthy
/Users/thun/Desktop/cauliflower_training/cali/Alternaria Leaf Spot/alternaria_leaf_spot_0948.jpg,Alternaria Leaf Spot
/Users/thun/Desktop/cauliflower_training/cali/Healthy/healthy_1432.jpg,Healthy
/Users/thun/Desktop/cauliflower_training/cali/Alternaria Leaf Spot/alternaria_leaf_spot_1453.jpg,Alternaria Leaf Spot
/Users/thun/Desktop/cauliflower_training/cali/Healthy/healthy_0143.png,Healthy
/Users/thun/Desktop/cauliflower_training/cali/Healthy/healthy_0525.png,Healthy
/Users/thun/Desktop/cauliflower_training/cali/Downy Mildew/downy_mildew_0341.png,Downy Mildew
/Users/thun/Desktop/cauliflower_training/cali/Healthy/healthy_0349.png,Healthy
/Users/thun/Desktop/cauliflower_training/cali/Healthy/healthy_1530.jpeg,Healthy
/Users/thun/Desktop/cauliflower_training/cali/Bacterial Soft Rot/bacterial_soft_rot_0146.jpeg,Bacterial Soft Rot
/Users/thun/Desktop/cauliflower_training/cali/Downy Mildew/downy_mildew_0090.png,Downy Mildew
/Users/thun/Desktop/cauliflower_training/cali/Alternaria Leaf Spot/alternaria_leaf_spot_0427.jpg,Alternaria Leaf Spot
/Users/thun/Desktop/cauliflower_training/cali/Alternaria Leaf Spot/alternaria_leaf_spot_0521.jpg,Alternaria Leaf Spot
/Users/thun/Desktop/cauliflower_training/cali/Alternaria Leaf Spot/alternaria_leaf_spot_1287.jpg,Alternaria Leaf Spot
/Users/thun/Desktop/cauliflower_training/cali/Alternaria Leaf Spot/alternaria_leaf_spot_1072.jpg,Alternaria Leaf Spot
/Users/thun/Desktop/cauliflower_training/cali/Downy Mildew/downy_mildew_0739.jpeg,Downy Mildew
/Users/thun/Desktop/cauliflower_training/cali/Healthy/healthy_2002.jpg,Healthy
/Users/thun/Desktop/cauliflower_training/cali/Healthy/healthy_1404.jpeg,Healthy
/Users/thun/Desktop/cauliflower_training/cali/Healthy/healthy_3083.jpg,Healthy
/Users/thun/Desktop/cauliflower_training/cali/Downy Mildew/downy_mildew_0296.png,Downy Mildew
/Users/thun/Desktop/cauliflower_training/cali/Healthy/healthy_2527.jpg,Healthy
/Users/thun/Desktop/cauliflower_training/cali/Healthy/healthy_2338.jpg,Healthy
/Users/thun/Desktop/cauliflower_training/cali/Bacterial Soft Rot/bacterial_soft_rot_0546.jpg,Bacterial Soft Rot
/Users/thun/Desktop/cauliflower_training/cali/Healthy/healthy_0327.png,Healthy
/Users/thun/Desktop/cauliflower_training/cali/Alternaria Leaf Spot/alternaria_leaf_spot_1435.jpg,Alternaria Leaf Spot
/Users/thun/Desktop/cauliflower_training/cali/Alternaria Leaf Spot/alternaria_leaf_spot_0423.jpg,Alternaria Leaf Spot
/Users/thun/Desktop/cauliflower_training/cali/Healthy/healthy_2677.jpg,Healthy
/Users/thun/Desktop/cauliflower_training/cali/Healthy/healthy_1899.jpg,Healthy
/Users/thun/Desktop/cauliflower_training/cali/Bacterial Soft Rot/bacterial_soft_rot_0943.jpg,Bacterial Soft Rot
/Users/thun/Desktop/cauliflower_training/cali/Healthy/healthy_2524.jpg,Healthy
/Users/thun/Desktop/cauliflower_training/cali/Black Rot/black_rot_793.jpg,Black Rot
/Users/thun/Desktop/cauliflower_training/cali/Healthy/healthy_0123.png,Healthy
/Users/thun/Desktop/cauliflower_training/cali/Bacterial Soft Rot/bacterial_soft_rot_0065.jpeg,Bacterial Soft Rot
/Users/thun/Desktop/cauliflower_training/cali/Alternaria Leaf Spot/alternaria_leaf_spot_1424.jpg,Alternaria Leaf Spot
/Users/thun/Desktop/cauliflower_training/cali/Bacterial Soft Rot/bacterial_soft_rot_0748.jpg,Bacterial Soft Rot
/Users/thun/Desktop/cauliflower_training/cali/Black Rot/black_rot_631.png,Black Rot
/Users/thun/Desktop/cauliflower_training/cali/Healthy/healthy_2873.jpg,Healthy
/Users/thun/Desktop/cauliflower_training/cali/Downy Mildew/downy_mildew_0882.jpeg,Downy Mildew
/Users/thun/Desktop/cauliflower_training/cali/Healthy/healthy_3025.jpg,Healthy
/Users/thun/Desktop/cauliflower_training/cali/Alternaria Leaf Spot/alternaria_leaf_spot_1113.jpg,Alternaria Leaf Spot
/Users/thun/Desktop/cauliflower_training/cali/Alternaria Leaf Spot/alternaria_leaf_spot_0108.jpeg,Alternaria Leaf Spot
/Users/thun/Desktop/cauliflower_training/cali/Downy Mildew/downy_mildew_0601.png,Downy Mildew
/Users/thun/Desktop/cauliflower_training/cali/Alternaria Leaf Spot/alternaria_leaf_spot_0856.jpg,Alternaria Leaf Spot
/Users/thun/Desktop/cauliflower_training/cali/Bacterial Soft Rot/bacterial_soft_rot_0746.jpg,Bacterial Soft Rot
/Users/thun/Desktop/cauliflower_training/cali/Healthy/healthy_1508.png,Healthy
/Users/thun/Desktop/cauliflower_training/cali/Healthy/healthy_1241.jpg,Healthy
/Users/thun/Desktop/cauliflower_training/cali/Healthy/healthy_2979.jpg,Healthy
/Users/thun/Desktop/cauliflower_training/cali/Downy Mildew/downy_mildew_0304.png,Downy Mildew
/Users/thun/Desktop/cauliflower_training/cali/Healthy/healthy_2741.jpg,Healthy
/Users/thun/Desktop/cauliflower_training/cali/Healthy/healthy_1317.jpg,Healthy
/Users/thun/Desktop/cauliflower_training/cali/Healthy/healthy_1262.jpeg,Healthy
/Users/thun/Desktop/cauliflower_training/cali/Healthy/healthy_0315.png,Healthy
/Users/thun/Desktop/cauliflower_training/cali/Healthy/healthy_0501.png,Healthy
/Users/thun/Desktop/cauliflower_training/cali/Black Rot/black_rot_748.jpg,Black Rot
/Users/thun/Desktop/cauliflower_training/cali/Alternaria Leaf Spot/alternaria_leaf_spot_1401.jpg,Alternaria Leaf Spot
/Users/thun/Desktop/cauliflower_training/cali/Downy Mildew/downy_mildew_0252.png,Downy Mildew
/Users/thun/Desktop/cauliflower_training/cali/Bacterial Soft Rot/bacterial_soft_rot_0125.jpeg,Bacterial Soft Rot
/Users/thun/Desktop/cauliflower_training/cali/Downy Mildew/downy_mildew_0319.png,Downy Mildew
/Users/thun/Desktop/cauliflower_training/cali/Healthy/healthy_0183.png,Healthy
/Users/thun/Desktop/cauliflower_training/cali/Alternaria Leaf Spot/alternaria_leaf_spot_0818.jpg,Alternaria Leaf Spot
/Users/thun/Desktop/cauliflower_training/cali/Healthy/healthy_2343.jpg,Healthy
/Users/thun/Desktop/cauliflower_training/cali/Downy Mildew/downy_mildew_0462.png,Downy Mildew
/Users/thun/Desktop/cauliflower_training/cali/Downy Mildew/downy_mildew_0699.png,Downy Mildew
/Users/thun/Desktop/cauliflower_training/cali/Healthy/healthy_2268.jpg,Healthy
/Users/thun/Desktop/cauliflower_training/cali/Downy Mildew/downy_mildew_1241.jpg,Downy Mildew
/Users/thun/Desktop/cauliflower_training/cali/Healthy/healthy_2767.jpg,Healthy
/Users/thun/Desktop/cauliflower_training/cali/Alternaria Leaf Spot/alternaria_leaf_spot_1359.jpg,Alternaria Leaf Spot
/Users/thun/Desktop/cauliflower_training/cali/Downy Mildew/downy_mildew_0541.png,Downy Mildew
/Users/thun/Desktop/cauliflower_training/cali/Healthy/healthy_1955.jpg,Healthy
/Users/thun/Desktop/cauliflower_training/cali/Healthy/healthy_0355.png,Healthy
/Users/thun/Desktop/cauliflower_training/cali/Healthy/healthy_1740.jpg,Healthy
/Users/thun/Desktop/cauliflower_training/cali/Black Rot/black_rot_781.jpg,Black Rot
/Users/thun/Desktop/cauliflower_training/cali/Alternaria Leaf Spot/alternaria_leaf_spot_1161.jpg,Alternaria Leaf Spot
/Users/thun/Desktop/cauliflower_training/cali/Black Rot/black_rot_335.png,Black Rot
/Users/thun/Desktop/cauliflower_training/cali/Healthy/healthy_1219.jpg,Healthy
/Users/thun/Desktop/cauliflower_training/cali/Alternaria Leaf Spot/alternaria_leaf_spot_0259.jpeg,Alternaria Leaf Spot
/Users/thun/Desktop/cauliflower_training/cali/Alternaria Leaf Spot/alternaria_leaf_spot_1317.jpg,Alternaria Leaf Spot
/Users/thun/Desktop/cauliflower_training/cali/Bacterial Soft Rot/bacterial_soft_rot_0225.jpg,Bacterial Soft Rot
/Users/thun/Desktop/cauliflower_training/cali/Healthy/healthy_1782.jpg,Healthy
/Users/thun/Desktop/cauliflower_training/cali/Alternaria Leaf Spot/alternaria_leaf_spot_0840.jpg,Alternaria Leaf Spot
/Users/thun/Desktop/cauliflower_training/cali/Black Rot/black_rot_758.jpg,Black Rot
/Users/thun/Desktop/cauliflower_training/cali/Healthy/healthy_1601.png,Healthy
/Users/thun/Desktop/cauliflower_training/cali/Alternaria Leaf Spot/alternaria_leaf_spot_1378.jpg,Alternaria Leaf Spot
/Users/thun/Desktop/cauliflower_training/cali/Bacterial Soft Rot/bacterial_soft_rot_0956.jpg,Bacterial Soft Rot
/Users/thun/Desktop/cauliflower_training/cali/Downy Mildew/downy_mildew_0264.png,Downy Mildew
/Users/thun/Desktop/cauliflower_training/cali/Downy Mildew/downy_mildew_0163.png,Downy Mildew
/Users/thun/Desktop/cauliflower_training/cali/Healthy/healthy_1653.jpg,Healthy
/Users/thun/Desktop/cauliflower_training/cali/Alternaria Leaf Spot/alternaria_leaf_spot_0387.jpg,Alternaria Leaf Spot
/Users/thun/Desktop/cauliflower_training/cali/Alternaria Leaf Spot/alternaria_leaf_spot_0496.jpg,Alternaria Leaf Spot
/Users/thun/Desktop/cauliflower_training/cali/Black Rot/black_rot_654.png,Black Rot
/Users/thun/Desktop/cauliflower_training/cali/Healthy/healthy_2852.jpg,Healthy
/Users/thun/Desktop/cauliflower_training/cali/Healthy/healthy_2201.jpg,Healthy
/Users/thun/Desktop/cauliflower_training/cali/Healthy/healthy_0683.png,Healthy
/Users/thun/Desktop/cauliflower_training/cali/Bacterial Soft Rot/bacterial_soft_rot_1207.jpg,Bacterial Soft Rot
/Users/thun/Desktop/cauliflower_training/cali/Healthy/healthy_2820.jpg,Healthy
/Users/thun/Desktop/cauliflower_training/cali/Bacterial Soft Rot/bacterial_soft_rot_0096.jpeg,Bacterial Soft Rot
/Users/thun/Desktop/cauliflower_training/cali/Downy Mildew/downy_mildew_1092.jpeg,Downy Mildew
/Users/thun/Desktop/cauliflower_training/cali/Alternaria Leaf Spot/alternaria_leaf_spot_0112.jpg,Alternaria Leaf Spot
/Users/thun/Desktop/cauliflower_training/cali/Alternaria Leaf Spot/alternaria_leaf_spot_0511.jpg,Alternaria Leaf Spot
/Users/thun/Desktop/cauliflower_training/cali/Alternaria Leaf Spot/alternaria_leaf_spot_1279.jpg,Alternaria Leaf Spot
/Users/thun/Desktop/cauliflower_training/cali/Alternaria Leaf Spot/alternaria_leaf_spot_1400.jpg,Alternaria Leaf Spot
/Users/thun/Desktop/cauliflower_training/cali/Bacterial Soft Rot/bacterial_soft_rot_0752.jpg,Bacterial Soft Rot
/Users/thun/Desktop/cauliflower_training/cali/Bacterial Soft Rot/bacterial_soft_rot_1314.jpg,Bacterial Soft Rot
/Users/thun/Desktop/cauliflower_training/cali/Bacterial Soft Rot/bacterial_soft_rot_0243.jpg,Bacterial Soft Rot
/Users/thun/Desktop/cauliflower_training/cali/Healthy/healthy_0450.png,Healthy
/Users/thun/Desktop/cauliflower_training/cali/Downy Mildew/downy_mildew_0712.jpg,Downy Mildew
/Users/thun/Desktop/cauliflower_training/cali/Downy Mildew/downy_mildew_0915.jpg,Downy Mildew
/Users/thun/Desktop/cauliflower_training/cali/Healthy/healthy_1700.jpg,Healthy
/Users/thun/Desktop/cauliflower_training/cali/Bacterial Soft Rot/bacterial_soft_rot_1393.jpg,Bacterial Soft Rot
/Users/thun/Desktop/cauliflower_training/cali/Healthy/healthy_1171.jpg,Healthy
/Users/thun/Desktop/cauliflower_training/cali/Bacterial Soft Rot/bacterial_soft_rot_1014.jpg,Bacterial Soft Rot
/Users/thun/Desktop/cauliflower_training/cali/Bacterial Soft Rot/bacterial_soft_rot_0833.jpg,Bacterial Soft Rot
/Users/thun/Desktop/cauliflower_training/cali/Healthy/healthy_0846.jpeg,Healthy
/Users/thun/Desktop/cauliflower_training/cali/Healthy/healthy_2958.jpg,Healthy
/Users/thun/Desktop/cauliflower_training/cali/Bacterial Soft Rot/bacterial_soft_rot_0166.jpeg,Bacterial Soft Rot
/Users/thun/Desktop/cauliflower_training/cali/Healthy/healthy_2329.jpg,Healthy
/Users/thun/Desktop/cauliflower_training/cali/Bacterial Soft Rot/bacterial_soft_rot_0842.jpg,Bacterial Soft Rot
/Users/thun/Desktop/cauliflower_training/cali/Alternaria Leaf Spot/alternaria_leaf_spot_0298.jpg,Alternaria Leaf Spot
/Users/thun/Desktop/cauliflower_training/cali/Healthy/healthy_2026.jpg,Healthy
/Users/thun/Desktop/cauliflower_training/cali/Bacterial Soft Rot/bacterial_soft_rot_0722.jpg,Bacterial Soft Rot
/Users/thun/Desktop/cauliflower_training/cali/Downy Mildew/downy_mildew_0126.png,Downy Mildew
/Users/thun/Desktop/cauliflower_training/cali/Bacterial Soft Rot/bacterial_soft_rot_0451.jpg,Bacterial Soft Rot
/Users/thun/Desktop/cauliflower_training/cali/Downy Mildew/downy_mildew_0422.png,Downy Mildew
/Users/thun/Desktop/cauliflower_training/cali/Downy Mildew/downy_mildew_0030.png,Downy Mildew
/Users/thun/Desktop/cauliflower_training/cali/Bacterial Soft Rot/bacterial_soft_rot_1217.jpg,Bacterial Soft Rot
/Users/thun/Desktop/cauliflower_training/cali/Downy Mildew/downy_mildew_0680.png,Downy Mildew
/Users/thun/Desktop/cauliflower_training/cali/Bacterial Soft Rot/bacterial_soft_rot_0417.jpg,Bacterial Soft Rot
/Users/thun/Desktop/cauliflower_training/cali/Black Rot/black_rot_218.png,Black Rot
/Users/thun/Desktop/cauliflower_training/cali/Healthy/healthy_2821.jpg,Healthy
/Users/thun/Desktop/cauliflower_training/cali/Alternaria Leaf Spot/alternaria_leaf_spot_0763.jpg,Alternaria Leaf Spot
/Users/thun/Desktop/cauliflower_training/cali/Downy Mildew/downy_mildew_0355.png,Downy Mildew
/Users/thun/Desktop/cauliflower_training/cali/Bacterial Soft Rot/bacterial_soft_rot_1321.jpg,Bacterial Soft Rot
/Users/thun/Desktop/cauliflower_training/cali/Alternaria Leaf Spot/alternaria_leaf_spot_1371.jpg,Alternaria Leaf Spot
/Users/thun/Desktop/cauliflower_training/cali/Downy Mildew/downy_mildew_0893.jpg,Downy Mildew
/Users/thun/Desktop/cauliflower_training/cali/Healthy/healthy_0080.png,Healthy
/Users/thun/Desktop/cauliflower_training/cali/Healthy/healthy_2730.jpg,Healthy
/Users/thun/Desktop/cauliflower_training/cali/Bacterial Soft Rot/bacterial_soft_rot_0779.jpg,Bacterial Soft Rot
/Users/thun/Desktop/cauliflower_training/cali/Bacterial Soft Rot/bacterial_soft_rot_1263.jpg,Bacterial Soft Rot
/Users/thun/Desktop/cauliflower_training/cali/Bacterial Soft Rot/bacterial_soft_rot_0356.jpg,Bacterial Soft Rot
/Users/thun/Desktop/cauliflower_training/cali/Healthy/healthy_1086.jpeg,Healthy
/Users/thun/Desktop/cauliflower_training/cali/Black Rot/black_rot_486.png,Black Rot
/Users/thun/Desktop/cauliflower_training/cali/Alternaria Leaf Spot/alternaria_leaf_spot_0063.jpeg,Alternaria Leaf Spot
/Users/thun/Desktop/cauliflower_training/cali/Bacterial Soft Rot/bacterial_soft_rot_1075.jpg,Bacterial Soft Rot
/Users/thun/Desktop/cauliflower_training/cali/Healthy/healthy_1544.png,Healthy
/Users/thun/Desktop/cauliflower_training/cali/Bacterial Soft Rot/bacterial_soft_rot_0302.jpg,Bacterial Soft Rot
/Users/thun/Desktop/cauliflower_training/cali/Bacterial Soft Rot/bacterial_soft_rot_0193.jpeg,Bacterial Soft Rot
/Users/thun/Desktop/cauliflower_training/cali/Alternaria Leaf Spot/alternaria_leaf_spot_0230.jpeg,Alternaria Leaf Spot
/Users/thun/Desktop/cauliflower_training/cali/Bacterial Soft Rot/bacterial_soft_rot_0270.jpg,Bacterial Soft Rot
/Users/thun/Desktop/cauliflower_training/cali/Black Rot/black_rot_689.png,Black Rot
/Users/thun/Desktop/cauliflower_training/cali/Healthy/healthy_1181.jpeg,Healthy
/Users/thun/Desktop/cauliflower_training/cali/Healthy/healthy_1799.jpg,Healthy
/Users/thun/Desktop/cauliflower_training/cali/Healthy/healthy_0514.png,Healthy
/Users/thun/Desktop/cauliflower_training/cali/Healthy/healthy_0144.png,Healthy
/Users/thun/Desktop/cauliflower_training/cali/Downy Mildew/downy_mildew_0175.png,Downy Mildew
/Users/thun/Desktop/cauliflower_training/cali/Healthy/healthy_0859.jpeg,Healthy
/Users/thun/Desktop/cauliflower_training/cali/Black Rot/black_rot_517.png,Black Rot
/Users/thun/Desktop/cauliflower_training/cali/Healthy/healthy_1229.jpg,Healthy
/Users/thun/Desktop/cauliflower_training/cali/Healthy/healthy_2312.jpg,Healthy
/Users/thun/Desktop/cauliflower_training/cali/Bacterial Soft Rot/bacterial_soft_rot_1023.jpg,Bacterial Soft Rot
/Users/thun/Desktop/cauliflower_training/cali/Alternaria Leaf Spot/alternaria_leaf_spot_1203.jpg,Alternaria Leaf Spot
/Users/thun/Desktop/cauliflower_training/cali/Bacterial Soft Rot/bacterial_soft_rot_0945.jpg,Bacterial Soft Rot
/Users/thun/Desktop/cauliflower_training/cali/Healthy/healthy_2191.jpg,Healthy
/Users/thun/Desktop/cauliflower_training/cali/Alternaria Leaf Spot/alternaria_leaf_spot_1474.jpg,Alternaria Leaf Spot
/Users/thun/Desktop/cauliflower_training/cali/Healthy/healthy_0376.png,Healthy
/Users/thun/Desktop/cauliflower_training/cali/Healthy/healthy_0359.png,Healthy
/Users/thun/Desktop/cauliflower_training/cali/Healthy/healthy_1084.jpg,Healthy
/Users/thun/Desktop/cauliflower_training/cali/Downy Mildew/downy_mildew_0900.jpeg,Downy Mildew
/Users/thun/Desktop/cauliflower_training/cali/Healthy/healthy_1465.jpg,Healthy
/Users/thun/Desktop/cauliflower_training/cali/Healthy/healthy_2718.jpg,Healthy
/Users/thun/Desktop/cauliflower_training/cali/Downy Mildew/downy_mildew_0211.png,Downy Mildew
/Users/thun/Desktop/cauliflower_training/cali/Downy Mildew/downy_mildew_0846.jpg,Downy Mildew
/Users/thun/Desktop/cauliflower_training/cali/Black Rot/black_rot_402.png,Black Rot
/Users/thun/Desktop/cauliflower_training/cali/Alternaria Leaf Spot/alternaria_leaf_spot_1380.jpg,Alternaria Leaf Spot
/Users/thun/Desktop/cauliflower_training/cali/Healthy/healthy_2546.jpg,Healthy
/Users/thun/Desktop/cauliflower_training/cali/Healthy/healthy_2847.jpg,Healthy
/Users/thun/Desktop/cauliflower_training/cali/Black Rot/black_rot_466.png,Black Rot
/Users/thun/Desktop/cauliflower_training/cali/Healthy/healthy_2929.jpg,Healthy
/Users/thun/Desktop/cauliflower_training/cali/Healthy/healthy_1304.jpg,Healthy
/Users/thun/Desktop/cauliflower_training/cali/Alternaria Leaf Spot/alternaria_leaf_spot_0292.jpeg,Alternaria Leaf Spot
/Users/thun/Desktop/cauliflower_training/cali/Alternaria Leaf Spot/alternaria_leaf_spot_0943.jpg,Alternaria Leaf Spot
/Users/thun/Desktop/cauliflower_training/cali/Healthy/healthy_2361.jpg,Healthy
/Users/thun/Desktop/cauliflower_training/cali/Healthy/healthy_2822.jpg,Healthy
/Users/thun/Desktop/cauliflower_training/cali/Downy Mildew/downy_mildew_0759.jpg,Downy Mildew
/Users/thun/Desktop/cauliflower_training/cali/Healthy/healthy_3091.jpg,Healthy
/Users/thun/Desktop/cauliflower_training/cali/Healthy/healthy_1972.jpg,Healthy
/Users/thun/Desktop/cauliflower_training/cali/Bacterial Soft Rot/bacterial_soft_rot_1262.jpg,Bacterial Soft Rot
/Users/thun/Desktop/cauliflower_training/cali/Healthy/healthy_1417.jpg,Healthy
/Users/thun/Desktop/cauliflower_training/cali/Bacterial Soft Rot/bacterial_soft_rot_0116.jpeg,Bacterial Soft Rot
/Users/thun/Desktop/cauliflower_training/cali/Healthy/healthy_1179.jpg,Healthy
/Users/thun/Desktop/cauliflower_training/cali/Healthy/healthy_2752.jpg,Healthy
/Users/thun/Desktop/cauliflower_training/cali/Healthy/healthy_3055.jpg,Healthy
/Users/thun/Desktop/cauliflower_training/cali/Healthy/healthy_1970.jpg,Healthy
/Users/thun/Desktop/cauliflower_training/cali/Healthy/healthy_1633.jpg,Healthy
/Users/thun/Desktop/cauliflower_training/cali/Black Rot/black_rot_062.png,Black Rot
/Users/thun/Desktop/cauliflower_training/cali/Healthy/healthy_1934.jpg,Healthy
/Users/thun/Desktop/cauliflower_training/cali/Downy Mildew/downy_mildew_1200.jpeg,Downy Mildew
/Users/thun/Desktop/cauliflower_training/cali/Alternaria Leaf Spot/alternaria_leaf_spot_1285.jpg,Alternaria Leaf Spot
/Users/thun/Desktop/cauliflower_training/cali/Healthy/healthy_2891.jpg,Healthy
/Users/thun/Desktop/cauliflower_training/cali/Bacterial Soft Rot/bacterial_soft_rot_0301.jpg,Bacterial Soft Rot
/Users/thun/Desktop/cauliflower_training/cali/Healthy/healthy_0784.jpeg,Healthy
/Users/thun/Desktop/cauliflower_training/cali/Healthy/healthy_1762.jpg,Healthy
/Users/thun/Desktop/cauliflower_training/cali/Healthy/healthy_0900.jpeg,Healthy
/Users/thun/Desktop/cauliflower_training/cali/Bacterial Soft Rot/bacterial_soft_rot_0050.jpeg,Bacterial Soft Rot
/Users/thun/Desktop/cauliflower_training/cali/Downy Mildew/downy_mildew_1224.jpeg,Downy Mildew
/Users/thun/Desktop/cauliflower_training/cali/Bacterial Soft Rot/bacterial_soft_rot_0822.jpg,Bacterial Soft Rot
/Users/thun/Desktop/cauliflower_training/cali/Alternaria Leaf Spot/alternaria_leaf_spot_0353.jpg,Alternaria Leaf Spot
/Users/thun/Desktop/cauliflower_training/cali/Black Rot/black_rot_464.png,Black Rot
/Users/thun/Desktop/cauliflower_training/cali/Downy Mildew/downy_mildew_0273.png,Downy Mildew
/Users/thun/Desktop/cauliflower_training/cali/Black Rot/black_rot_738.jpg,Black Rot
/Users/thun/Desktop/cauliflower_training/cali/Downy Mildew/downy_mildew_0972.jpeg,Downy Mildew
/Users/thun/Desktop/cauliflower_training/cali/Bacterial Soft Rot/bacterial_soft_rot_1304.jpg,Bacterial Soft Rot
/Users/thun/Desktop/cauliflower_training/cali/Black Rot/black_rot_643.png,Black Rot
/Users/thun/Desktop/cauliflower_training/cali/Bacterial Soft Rot/bacterial_soft_rot_0719.jpg,Bacterial Soft Rot
/Users/thun/Desktop/cauliflower_training/cali/Healthy/healthy_2480.jpg,Healthy
/Users/thun/Desktop/cauliflower_training/cali/Healthy/healthy_2184.jpg,Healthy
/Users/thun/Desktop/cauliflower_training/cali/Healthy/healthy_1327.jpeg,Healthy
/Users/thun/Desktop/cauliflower_training/cali/Alternaria Leaf Spot/alternaria_leaf_spot_1124.jpg,Alternaria Leaf Spot
/Users/thun/Desktop/cauliflower_training/cali/Healthy/healthy_2845.jpg,Healthy
/Users/thun/Desktop/cauliflower_training/cali/Downy Mildew/downy_mildew_1133.jpg,Downy Mildew
/Users/thun/Desktop/cauliflower_training/cali/Alternaria Leaf Spot/alternaria_leaf_spot_0260.jpeg,Alternaria Leaf Spot
/Users/thun/Desktop/cauliflower_training/cali/Alternaria Leaf Spot/alternaria_leaf_spot_1160.jpg,Alternaria Leaf Spot
/Users/thun/Desktop/cauliflower_training/cali/Downy Mildew/downy_mildew_1147.jpg,Downy Mildew
/Users/thun/Desktop/cauliflower_training/cali/Bacterial Soft Rot/bacterial_soft_rot_0084.jpeg,Bacterial Soft Rot
/Users/thun/Desktop/cauliflower_training/cali/Alternaria Leaf Spot/alternaria_leaf_spot_0527.jpg,Alternaria Leaf Spot
/Users/thun/Desktop/cauliflower_training/cali/Downy Mildew/downy_mildew_0406.png,Downy Mildew
/Users/thun/Desktop/cauliflower_training/cali/Alternaria Leaf Spot/alternaria_leaf_spot_0978.jpg,Alternaria Leaf Spot
/Users/thun/Desktop/cauliflower_training/cali/Black Rot/black_rot_729.jpeg,Black Rot
/Users/thun/Desktop/cauliflower_training/cali/Black Rot/black_rot_063.png,Black Rot
/Users/thun/Desktop/cauliflower_training/cali/Downy Mildew/downy_mildew_1225.jpg,Downy Mildew
/Users/thun/Desktop/cauliflower_training/cali/Downy Mildew/downy_mildew_0793.jpg,Downy Mildew
/Users/thun/Desktop/cauliflower_training/cali/Healthy/healthy_0473.png,Healthy
/Users/thun/Desktop/cauliflower_training/cali/Bacterial Soft Rot/bacterial_soft_rot_0488.jpg,Bacterial Soft Rot
/Users/thun/Desktop/cauliflower_training/cali/Black Rot/black_rot_207.png,Black Rot
/Users/thun/Desktop/cauliflower_training/cali/Black Rot/black_rot_601.png,Black Rot
/Users/thun/Desktop/cauliflower_training/cali/Healthy/healthy_0078.png,Healthy
/Users/thun/Desktop/cauliflower_training/cali/Healthy/healthy_2989.jpg,Healthy
/Users/thun/Desktop/cauliflower_training/cali/Healthy/healthy_2517.jpg,Healthy
/Users/thun/Desktop/cauliflower_training/cali/Black Rot/black_rot_576.png,Black Rot
/Users/thun/Desktop/cauliflower_training/cali/Black Rot/black_rot_294.png,Black Rot
/Users/thun/Desktop/cauliflower_training/cali/Downy Mildew/downy_mildew_1144.jpeg,Downy Mildew
/Users/thun/Desktop/cauliflower_training/cali/Healthy/healthy_1413.jpeg,Healthy
/Users/thun/Desktop/cauliflower_training/cali/Black Rot/black_rot_012.png,Black Rot
/Users/thun/Desktop/cauliflower_training/cali/Downy Mildew/downy_mildew_0068.png,Downy Mildew
/Users/thun/Desktop/cauliflower_training/cali/Alternaria Leaf Spot/alternaria_leaf_spot_1406.jpg,Alternaria Leaf Spot
/Users/thun/Desktop/cauliflower_training/cali/Healthy/healthy_1258.jpg,Healthy
/Users/thun/Desktop/cauliflower_training/cali/Bacterial Soft Rot/bacterial_soft_rot_0575.jpg,Bacterial Soft Rot
/Users/thun/Desktop/cauliflower_training/cali/Healthy/healthy_1126.jpg,Healthy
/Users/thun/Desktop/cauliflower_training/cali/Downy Mildew/downy_mildew_1243.jpg,Downy Mildew
/Users/thun/Desktop/cauliflower_training/cali/Alternaria Leaf Spot/alternaria_leaf_spot_1213.jpg,Alternaria Leaf Spot
/Users/thun/Desktop/cauliflower_training/cali/Healthy/healthy_0457.png,Healthy
/Users/thun/Desktop/cauliflower_training/cali/Downy Mildew/downy_mildew_0182.png,Downy Mildew
/Users/thun/Desktop/cauliflower_training/cali/Healthy/healthy_0464.png,Healthy
/Users/thun/Desktop/cauliflower_training/cali/Bacterial Soft Rot/bacterial_soft_rot_1357.jpg,Bacterial Soft Rot
/Users/thun/Desktop/cauliflower_training/cali/Bacterial Soft Rot/bacterial_soft_rot_1241.jpg,Bacterial Soft Rot
/Users/thun/Desktop/cauliflower_training/cali/Alternaria Leaf Spot/alternaria_leaf_spot_1184.jpg,Alternaria Leaf Spot
/Users/thun/Desktop/cauliflower_training/cali/Alternaria Leaf Spot/alternaria_leaf_spot_0823.jpg,Alternaria Leaf Spot
/Users/thun/Desktop/cauliflower_training/cali/Downy Mildew/downy_mildew_0628.png,Downy Mildew
/Users/thun/Desktop/cauliflower_training/cali/Healthy/healthy_0664.png,Healthy
/Users/thun/Desktop/cauliflower_training/cali/Healthy/healthy_3146.jpg,Healthy
/Users/thun/Desktop/cauliflower_training/cali/Healthy/healthy_0655.png,Healthy
/Users/thun/Desktop/cauliflower_training/cali/Healthy/healthy_2392.jpg,Healthy
/Users/thun/Desktop/cauliflower_training/cali/Alternaria Leaf Spot/alternaria_leaf_spot_0385.jpg,Alternaria Leaf Spot
/Users/thun/Desktop/cauliflower_training/cali/Alternaria Leaf Spot/alternaria_leaf_spot_0124.jpg,Alternaria Leaf Spot
/Users/thun/Desktop/cauliflower_training/cali/Healthy/healthy_1850.jpg,Healthy
/Users/thun/Desktop/cauliflower_training/cali/Alternaria Leaf Spot/alternaria_leaf_spot_0470.jpg,Alternaria Leaf Spot
/Users/thun/Desktop/cauliflower_training/cali/Bacterial Soft Rot/bacterial_soft_rot_0367.jpg,Bacterial Soft Rot
/Users/thun/Desktop/cauliflower_training/cali/Bacterial Soft Rot/bacterial_soft_rot_0912.jpg,Bacterial Soft Rot
/Users/thun/Desktop/cauliflower_training/cali/Downy Mildew/downy_mildew_1232.jpeg,Downy Mildew
/Users/thun/Desktop/cauliflower_training/cali/Downy Mildew/downy_mildew_0300.png,Downy Mildew
/Users/thun/Desktop/cauliflower_training/cali/Alternaria Leaf Spot/alternaria_leaf_spot_0803.jpg,Alternaria Leaf Spot
/Users/thun/Desktop/cauliflower_training/cali/Healthy/healthy_0666.png,Healthy
/Users/thun/Desktop/cauliflower_training/cali/Healthy/healthy_0190.png,Healthy
/Users/thun/Desktop/cauliflower_training/cali/Alternaria Leaf Spot/alternaria_leaf_spot_0463.jpg,Alternaria Leaf Spot
/Users/thun/Desktop/cauliflower_training/cali/Bacterial Soft Rot/bacterial_soft_rot_0472.jpg,Bacterial Soft Rot
/Users/thun/Desktop/cauliflower_training/cali/Downy Mildew/downy_mildew_0716.jpg,Downy Mildew
/Users/thun/Desktop/cauliflower_training/cali/Healthy/healthy_2273.jpg,Healthy
/Users/thun/Desktop/cauliflower_training/cali/Alternaria Leaf Spot/alternaria_leaf_spot_1313.jpg,Alternaria Leaf Spot
/Users/thun/Desktop/cauliflower_training/cali/Healthy/healthy_2157.jpg,Healthy
/Users/thun/Desktop/cauliflower_training/cali/Healthy/healthy_1138.jpg,Healthy
/Users/thun/Desktop/cauliflower_training/cali/Healthy/healthy_2924.jpg,Healthy
/Users/thun/Desktop/cauliflower_training/cali/Healthy/healthy_3130.jpg,Healthy
/Users/thun/Desktop/cauliflower_training/cali/Alternaria Leaf Spot/alternaria_leaf_spot_1335.jpg,Alternaria Leaf Spot
/Users/thun/Desktop/cauliflower_training/cali/Healthy/healthy_2509.jpg,Healthy
/Users/thun/Desktop/cauliflower_training/cali/Healthy/healthy_2195.jpg,Healthy
/Users/thun/Desktop/cauliflower_training/cali/Black Rot/black_rot_128.png,Black Rot
/Users/thun/Desktop/cauliflower_training/cali/Healthy/healthy_1389.jpg,Healthy
/Users/thun/Desktop/cauliflower_training/cali/Black Rot/black_rot_409.png,Black Rot
/Users/thun/Desktop/cauliflower_training/cali/Alternaria Leaf Spot/alternaria_leaf_spot_0396.jpg,Alternaria Leaf Spot
/Users/thun/Desktop/cauliflower_training/cali/Healthy/healthy_1616.jpg,Healthy
/Users/thun/Desktop/cauliflower_training/cali/Healthy/healthy_2915.jpg,Healthy
/Users/thun/Desktop/cauliflower_training/cali/Healthy/healthy_2048.jpg,Healthy
/Users/thun/Desktop/cauliflower_training/cali/Downy Mildew/downy_mildew_0374.png,Downy Mildew
/Users/thun/Desktop/cauliflower_training/cali/Black Rot/black_rot_487.png,Black Rot
/Users/thun/Desktop/cauliflower_training/cali/Downy Mildew/downy_mildew_0224.png,Downy Mildew
/Users/thun/Desktop/cauliflower_training/cali/Black Rot/black_rot_330.png,Black Rot
/Users/thun/Desktop/cauliflower_training/cali/Healthy/healthy_1941.jpg,Healthy
/Users/thun/Desktop/cauliflower_training/cali/Bacterial Soft Rot/bacterial_soft_rot_0666.jpg,Bacterial Soft Rot
/Users/thun/Desktop/cauliflower_training/cali/Alternaria Leaf Spot/alternaria_leaf_spot_0203.jpeg,Alternaria Leaf Spot
/Users/thun/Desktop/cauliflower_training/cali/Alternaria Leaf Spot/alternaria_leaf_spot_1182.jpg,Alternaria Leaf Spot
/Users/thun/Desktop/cauliflower_training/cali/Alternaria Leaf Spot/alternaria_leaf_spot_0681.jpg,Alternaria Leaf Spot
/Users/thun/Desktop/cauliflower_training/cali/Downy Mildew/downy_mildew_0220.png,Downy Mildew
/Users/thun/Desktop/cauliflower_training/cali/Healthy/healthy_0134.png,Healthy
/Users/thun/Desktop/cauliflower_training/cali/Healthy/healthy_1184.jpg,Healthy
/Users/thun/Desktop/cauliflower_training/cali/Black Rot/black_rot_675.png,Black Rot
/Users/thun/Desktop/cauliflower_training/cali/Healthy/healthy_2926.jpg,Healthy
/Users/thun/Desktop/cauliflower_training/cali/Alternaria Leaf Spot/alternaria_leaf_spot_1048.jpg,Alternaria Leaf Spot
/Users/thun/Desktop/cauliflower_training/cali/Downy Mildew/downy_mildew_0408.png,Downy Mildew
/Users/thun/Desktop/cauliflower_training/cali/Alternaria Leaf Spot/alternaria_leaf_spot_0473.jpg,Alternaria Leaf Spot
/Users/thun/Desktop/cauliflower_training/cali/Bacterial Soft Rot/bacterial_soft_rot_0968.jpg,Bacterial Soft Rot
/Users/thun/Desktop/cauliflower_training/cali/Downy Mildew/downy_mildew_0057.png,Downy Mildew
/Users/thun/Desktop/cauliflower_training/cali/Downy Mildew/downy_mildew_1159.jpg,Downy Mildew
/Users/thun/Desktop/cauliflower_training/cali/Downy Mildew/downy_mildew_0138.png,Downy Mildew
/Users/thun/Desktop/cauliflower_training/cali/Healthy/healthy_2112.jpg,Healthy
/Users/thun/Desktop/cauliflower_training/cali/Healthy/healthy_2890.jpg,Healthy
/Users/thun/Desktop/cauliflower_training/cali/Alternaria Leaf Spot/alternaria_leaf_spot_0658.jpg,Alternaria Leaf Spot
/Users/thun/Desktop/cauliflower_training/cali/Black Rot/black_rot_542.png,Black Rot
/Users/thun/Desktop/cauliflower_training/cali/Black Rot/black_rot_102.png,Black Rot
/Users/thun/Desktop/cauliflower_training/cali/Healthy/healthy_0905.jpg,Healthy
/Users/thun/Desktop/cauliflower_training/cali/Black Rot/black_rot_163.png,Black Rot
/Users/thun/Desktop/cauliflower_training/cali/Healthy/healthy_1594.jpg,Healthy
/Users/thun/Desktop/cauliflower_training/cali/Alternaria Leaf Spot/alternaria_leaf_spot_0268.jpeg,Alternaria Leaf Spot
/Users/thun/Desktop/cauliflower_training/cali/Healthy/healthy_0674.png,Healthy
/Users/thun/Desktop/cauliflower_training/cali/Bacterial Soft Rot/bacterial_soft_rot_0420.jpg,Bacterial Soft Rot
/Users/thun/Desktop/cauliflower_training/cali/Black Rot/black_rot_549.png,Black Rot
/Users/thun/Desktop/cauliflower_training/cali/Bacterial Soft Rot/bacterial_soft_rot_0412.jpg,Bacterial Soft Rot
/Users/thun/Desktop/cauliflower_training/cali/Downy Mildew/downy_mildew_0691.png,Downy Mildew
/Users/thun/Desktop/cauliflower_training/cali/Bacterial Soft Rot/bacterial_soft_rot_0219.jpg,Bacterial Soft Rot
/Users/thun/Desktop/cauliflower_training/cali/Bacterial Soft Rot/bacterial_soft_rot_1090.jpg,Bacterial Soft Rot
/Users/thun/Desktop/cauliflower_training/cali/Bacterial Soft Rot/bacterial_soft_rot_0553.jpg,Bacterial Soft Rot
/Users/thun/Desktop/cauliflower_training/cali/Healthy/healthy_1341.jpg,Healthy
/Users/thun/Desktop/cauliflower_training/cali/Bacterial Soft Rot/bacterial_soft_rot_0906.jpg,Bacterial Soft Rot
/Users/thun/Desktop/cauliflower_training/cali/Healthy/healthy_0462.png,Healthy
/Users/thun/Desktop/cauliflower_training/cali/Healthy/healthy_3071.jpg,Healthy
/Users/thun/Desktop/cauliflower_training/cali/Black Rot/black_rot_463.png,Black Rot
/Users/thun/Desktop/cauliflower_training/cali/Alternaria Leaf Spot/alternaria_leaf_spot_0475.jpg,Alternaria Leaf Spot
/Users/thun/Desktop/cauliflower_training/cali/Alternaria Leaf Spot/alternaria_leaf_spot_1501.jpg,Alternaria Leaf Spot
/Users/thun/Desktop/cauliflower_training/cali/Healthy/healthy_0238.png,Healthy
/Users/thun/Desktop/cauliflower_training/cali/Healthy/healthy_1990.jpg,Healthy
/Users/thun/Desktop/cauliflower_training/cali/Black Rot/black_rot_695.png,Black Rot
/Users/thun/Desktop/cauliflower_training/cali/Black Rot/black_rot_763.jpeg,Black Rot
/Users/thun/Desktop/cauliflower_training/cali/Alternaria Leaf Spot/alternaria_leaf_spot_0105.jpeg,Alternaria Leaf Spot
/Users/thun/Desktop/cauliflower_training/cali/Healthy/healthy_0540.png,Healthy
/Users/thun/Desktop/cauliflower_training/cali/Black Rot/black_rot_317.png,Black Rot
/Users/thun/Desktop/cauliflower_training/cali/Healthy/healthy_0579.png,Healthy
/Users/thun/Desktop/cauliflower_training/cali/Downy Mildew/downy_mildew_1204.jpeg,Downy Mildew
/Users/thun/Desktop/cauliflower_training/cali/Alternaria Leaf Spot/alternaria_leaf_spot_1266.jpg,Alternaria Leaf Spot
/Users/thun/Desktop/cauliflower_training/cali/Bacterial Soft Rot/bacterial_soft_rot_0296.jpg,Bacterial Soft Rot
/Users/thun/Desktop/cauliflower_training/cali/Downy Mildew/downy_mildew_1193.jpg,Downy Mildew
/Users/thun/Desktop/cauliflower_training/cali/Black Rot/black_rot_708.jpg,Black Rot
/Users/thun/Desktop/cauliflower_training/cali/Healthy/healthy_1741.jpg,Healthy
/Users/thun/Desktop/cauliflower_training/cali/Downy Mildew/downy_mildew_0067.png,Downy Mildew
/Users/thun/Desktop/cauliflower_training/cali/Alternaria Leaf Spot/alternaria_leaf_spot_1162.jpg,Alternaria Leaf Spot
/Users/thun/Desktop/cauliflower_training/cali/Bacterial Soft Rot/bacterial_soft_rot_0253.jpg,Bacterial Soft Rot
/Users/thun/Desktop/cauliflower_training/cali/Downy Mildew/downy_mildew_0402.png,Downy Mildew
/Users/thun/Desktop/cauliflower_training/cali/Black Rot/black_rot_059.png,Black Rot
/Users/thun/Desktop/cauliflower_training/cali/Healthy/healthy_2588.jpg,Healthy
/Users/thun/Desktop/cauliflower_training/cali/Healthy/healthy_1217.jpg,Healthy
/Users/thun/Desktop/cauliflower_training/cali/Alternaria Leaf Spot/alternaria_leaf_spot_0088.jpg,Alternaria Leaf Spot
/Users/thun/Desktop/cauliflower_training/cali/Downy Mildew/downy_mildew_1196.jpeg,Downy Mildew
/Users/thun/Desktop/cauliflower_training/cali/Healthy/healthy_0145.png,Healthy
/Users/thun/Desktop/cauliflower_training/cali/Healthy/healthy_1069.png,Healthy
/Users/thun/Desktop/cauliflower_training/cali/Downy Mildew/downy_mildew_0637.png,Downy Mildew
/Users/thun/Desktop/cauliflower_training/cali/Healthy/healthy_0965.jpeg,Healthy
/Users/thun/Desktop/cauliflower_training/cali/Bacterial Soft Rot/bacterial_soft_rot_0398.jpg,Bacterial Soft Rot
/Users/thun/Desktop/cauliflower_training/cali/Healthy/healthy_2824.jpg,Healthy
/Users/thun/Desktop/cauliflower_training/cali/Healthy/healthy_1116.jpeg,Healthy
/Users/thun/Desktop/cauliflower_training/cali/Bacterial Soft Rot/bacterial_soft_rot_0611.jpg,Bacterial Soft Rot
/Users/thun/Desktop/cauliflower_training/cali/Downy Mildew/downy_mildew_0634.png,Downy Mildew
/Users/thun/Desktop/cauliflower_training/cali/Downy Mildew/downy_mildew_0736.jpg,Downy Mildew
/Users/thun/Desktop/cauliflower_training/cali/Alternaria Leaf Spot/alternaria_leaf_spot_0266.jpeg,Alternaria Leaf Spot
/Users/thun/Desktop/cauliflower_training/cali/Alternaria Leaf Spot/alternaria_leaf_spot_1299.jpg,Alternaria Leaf Spot
/Users/thun/Desktop/cauliflower_training/cali/Healthy/healthy_0984.jpeg,Healthy
/Users/thun/Desktop/cauliflower_training/cali/Downy Mildew/downy_mildew_0552.png,Downy Mildew
/Users/thun/Desktop/cauliflower_training/cali/Alternaria Leaf Spot/alternaria_leaf_spot_0502.jpg,Alternaria Leaf Spot
/Users/thun/Desktop/cauliflower_training/cali/Black Rot/black_rot_421.png,Black Rot
/Users/thun/Desktop/cauliflower_training/cali/Bacterial Soft Rot/bacterial_soft_rot_0141.jpeg,Bacterial Soft Rot
/Users/thun/Desktop/cauliflower_training/cali/Bacterial Soft Rot/bacterial_soft_rot_0038.jpeg,Bacterial Soft Rot
/Users/thun/Desktop/cauliflower_training/cali/Healthy/healthy_1852.jpg,Healthy
/Users/thun/Desktop/cauliflower_training/cali/Healthy/healthy_0119.png,Healthy
/Users/thun/Desktop/cauliflower_training/cali/Bacterial Soft Rot/bacterial_soft_rot_0832.jpg,Bacterial Soft Rot
/Users/thun/Desktop/cauliflower_training/cali/Healthy/healthy_1921.jpg,Healthy
/Users/thun/Desktop/cauliflower_training/cali/Healthy/healthy_2896.jpg,Healthy
/Users/thun/Desktop/cauliflower_training/cali/Black Rot/black_rot_459.png,Black Rot
/Users/thun/Desktop/cauliflower_training/cali/Healthy/healthy_1189.jpg,Healthy
/Users/thun/Desktop/cauliflower_training/cali/Bacterial Soft Rot/bacterial_soft_rot_0922.jpg,Bacterial Soft Rot
/Users/thun/Desktop/cauliflower_training/cali/Downy Mildew/downy_mildew_0274.png,Downy Mildew
/Users/thun/Desktop/cauliflower_training/cali/Bacterial Soft Rot/bacterial_soft_rot_1221.jpg,Bacterial Soft Rot
/Users/thun/Desktop/cauliflower_training/cali/Healthy/healthy_0086.png,Healthy
/Users/thun/Desktop/cauliflower_training/cali/Healthy/healthy_0423.png,Healthy
/Users/thun/Desktop/cauliflower_training/cali/Healthy/healthy_1902.jpg,Healthy
/Users/thun/Desktop/cauliflower_training/cali/Healthy/healthy_1961.jpg,Healthy
/Users/thun/Desktop/cauliflower_training/cali/Healthy/healthy_2507.jpg,Healthy
/Users/thun/Desktop/cauliflower_training/cali/Healthy/healthy_2189.jpg,Healthy
/Users/thun/Desktop/cauliflower_training/cali/Alternaria Leaf Spot/alternaria_leaf_spot_1428.jpg,Alternaria Leaf Spot
/Users/thun/Desktop/cauliflower_training/cali/Alternaria Leaf Spot/alternaria_leaf_spot_0625.jpg,Alternaria Leaf Spot
/Users/thun/Desktop/cauliflower_training/cali/Downy Mildew/downy_mildew_0461.png,Downy Mildew
/Users/thun/Desktop/cauliflower_training/cali/Healthy/healthy_0101.png,Healthy
/Users/thun/Desktop/cauliflower_training/cali/Alternaria Leaf Spot/alternaria_leaf_spot_1088.jpg,Alternaria Leaf Spot
/Users/thun/Desktop/cauliflower_training/cali/Alternaria Leaf Spot/alternaria_leaf_spot_0303.jpeg,Alternaria Leaf Spot
/Users/thun/Desktop/cauliflower_training/cali/Healthy/healthy_2655.jpg,Healthy
/Users/thun/Desktop/cauliflower_training/cali/Downy Mildew/downy_mildew_1035.jpeg,Downy Mildew
/Users/thun/Desktop/cauliflower_training/cali/Bacterial Soft Rot/bacterial_soft_rot_1311.jpg,Bacterial Soft Rot
/Users/thun/Desktop/cauliflower_training/cali/Healthy/healthy_2639.jpg,Healthy
/Users/thun/Desktop/cauliflower_training/cali/Downy Mildew/downy_mildew_0347.png,Downy Mildew
/Users/thun/Desktop/cauliflower_training/cali/Downy Mildew/downy_mildew_0133.png,Downy Mildew
/Users/thun/Desktop/cauliflower_training/cali/Black Rot/black_rot_257.png,Black Rot
/Users/thun/Desktop/cauliflower_training/cali/Healthy/healthy_2433.jpg,Healthy
/Users/thun/Desktop/cauliflower_training/cali/Healthy/healthy_0444.png,Healthy
/Users/thun/Desktop/cauliflower_training/cali/Healthy/healthy_0818.jpeg,Healthy
/Users/thun/Desktop/cauliflower_training/cali/Downy Mildew/downy_mildew_1180.jpeg,Downy Mildew
/Users/thun/Desktop/cauliflower_training/cali/Healthy/healthy_1300.jpg,Healthy
/Users/thun/Desktop/cauliflower_training/cali/Black Rot/black_rot_386.png,Black Rot
/Users/thun/Desktop/cauliflower_training/cali/Healthy/healthy_1172.jpg,Healthy
/Users/thun/Desktop/cauliflower_training/cali/Downy Mildew/downy_mildew_0694.png,Downy Mildew
/Users/thun/Desktop/cauliflower_training/cali/Black Rot/black_rot_135.png,Black Rot
/Users/thun/Desktop/cauliflower_training/cali/Alternaria Leaf Spot/alternaria_leaf_spot_1066.jpg,Alternaria Leaf Spot
/Users/thun/Desktop/cauliflower_training/cali/Bacterial Soft Rot/bacterial_soft_rot_1148.jpg,Bacterial Soft Rot
/Users/thun/Desktop/cauliflower_training/cali/Healthy/healthy_0239.png,Healthy
/Users/thun/Desktop/cauliflower_training/cali/Bacterial Soft Rot/bacterial_soft_rot_0233.jpg,Bacterial Soft Rot
/Users/thun/Desktop/cauliflower_training/cali/Alternaria Leaf Spot/alternaria_leaf_spot_0638.jpg,Alternaria Leaf Spot
/Users/thun/Desktop/cauliflower_training/cali/Alternaria Leaf Spot/alternaria_leaf_spot_1496.jpg,Alternaria Leaf Spot
/Users/thun/Desktop/cauliflower_training/cali/Healthy/healthy_1607.jpg,Healthy
/Users/thun/Desktop/cauliflower_training/cali/Healthy/healthy_0765.jpg,Healthy
/Users/thun/Desktop/cauliflower_training/cali/Healthy/healthy_0509.png,Healthy
/Users/thun/Desktop/cauliflower_training/cali/Bacterial Soft Rot/bacterial_soft_rot_0700.jpg,Bacterial Soft Rot
/Users/thun/Desktop/cauliflower_training/cali/Downy Mildew/downy_mildew_1013.jpeg,Downy Mildew
/Users/thun/Desktop/cauliflower_training/cali/Bacterial Soft Rot/bacterial_soft_rot_0189.jpeg,Bacterial Soft Rot
/Users/thun/Desktop/cauliflower_training/cali/Alternaria Leaf Spot/alternaria_leaf_spot_1208.jpg,Alternaria Leaf Spot
/Users/thun/Desktop/cauliflower_training/cali/Bacterial Soft Rot/bacterial_soft_rot_1135.jpg,Bacterial Soft Rot
/Users/thun/Desktop/cauliflower_training/cali/Healthy/healthy_1372.jpg,Healthy
/Users/thun/Desktop/cauliflower_training/cali/Healthy/healthy_0284.png,Healthy
/Users/thun/Desktop/cauliflower_training/cali/Alternaria Leaf Spot/alternaria_leaf_spot_1179.jpg,Alternaria Leaf Spot
/Users/thun/Desktop/cauliflower_training/cali/Alternaria Leaf Spot/alternaria_leaf_spot_1353.jpg,Alternaria Leaf Spot
/Users/thun/Desktop/cauliflower_training/cali/Bacterial Soft Rot/bacterial_soft_rot_0526.jpg,Bacterial Soft Rot
/Users/thun/Desktop/cauliflower_training/cali/Healthy/healthy_1737.jpg,Healthy
/Users/thun/Desktop/cauliflower_training/cali/Healthy/healthy_2300.jpg,Healthy
/Users/thun/Desktop/cauliflower_training/cali/Alternaria Leaf Spot/alternaria_leaf_spot_1304.jpg,Alternaria Leaf Spot
/Users/thun/Desktop/cauliflower_training/cali/Bacterial Soft Rot/bacterial_soft_rot_0343.jpg,Bacterial Soft Rot
/Users/thun/Desktop/cauliflower_training/cali/Bacterial Soft Rot/bacterial_soft_rot_0045.jpeg,Bacterial Soft Rot
/Users/thun/Desktop/cauliflower_training/cali/Healthy/healthy_0445.png,Healthy
/Users/thun/Desktop/cauliflower_training/cali/Downy Mildew/downy_mildew_1033.jpeg,Downy Mildew
/Users/thun/Desktop/cauliflower_training/cali/Downy Mildew/downy_mildew_0503.png,Downy Mildew
/Users/thun/Desktop/cauliflower_training/cali/Downy Mildew/downy_mildew_1157.jpg,Downy Mildew
/Users/thun/Desktop/cauliflower_training/cali/Alternaria Leaf Spot/alternaria_leaf_spot_0729.jpg,Alternaria Leaf Spot
/Users/thun/Desktop/cauliflower_training/cali/Black Rot/black_rot_618.png,Black Rot
/Users/thun/Desktop/cauliflower_training/cali/Alternaria Leaf Spot/alternaria_leaf_spot_1151.jpg,Alternaria Leaf Spot
/Users/thun/Desktop/cauliflower_training/cali/Alternaria Leaf Spot/alternaria_leaf_spot_0139.jpeg,Alternaria Leaf Spot
/Users/thun/Desktop/cauliflower_training/cali/Alternaria Leaf Spot/alternaria_leaf_spot_0004.jpg,Alternaria Leaf Spot
/Users/thun/Desktop/cauliflower_training/cali/Black Rot/black_rot_203.png,Black Rot
/Users/thun/Desktop/cauliflower_training/cali/Alternaria Leaf Spot/alternaria_leaf_spot_0834.jpg,Alternaria Leaf Spot
/Users/thun/Desktop/cauliflower_training/cali/Bacterial Soft Rot/bacterial_soft_rot_0293.jpg,Bacterial Soft Rot
/Users/thun/Desktop/cauliflower_training/cali/Bacterial Soft Rot/bacterial_soft_rot_0656.jpg,Bacterial Soft Rot
/Users/thun/Desktop/cauliflower_training/cali/Healthy/healthy_2761.jpg,Healthy
/Users/thun/Desktop/cauliflower_training/cali/Bacterial Soft Rot/bacterial_soft_rot_1066.jpg,Bacterial Soft Rot
/Users/thun/Desktop/cauliflower_training/cali/Healthy/healthy_0760.jpeg,Healthy
/Users/thun/Desktop/cauliflower_training/cali/Bacterial Soft Rot/bacterial_soft_rot_0720.jpg,Bacterial Soft Rot
/Users/thun/Desktop/cauliflower_training/cali/Downy Mildew/downy_mildew_0807.jpg,Downy Mildew
/Users/thun/Desktop/cauliflower_training/cali/Alternaria Leaf Spot/alternaria_leaf_spot_0217.jpeg,Alternaria Leaf Spot
/Users/thun/Desktop/cauliflower_training/cali/Downy Mildew/downy_mildew_0369.png,Downy Mildew
/Users/thun/Desktop/cauliflower_training/cali/Healthy/healthy_2242.jpg,Healthy
/Users/thun/Desktop/cauliflower_training/cali/Downy Mildew/downy_mildew_0760.jpeg,Downy Mildew
/Users/thun/Desktop/cauliflower_training/cali/Alternaria Leaf Spot/alternaria_leaf_spot_0829.jpg,Alternaria Leaf Spot
/Users/thun/Desktop/cauliflower_training/cali/Black Rot/black_rot_337.png,Black Rot
/Users/thun/Desktop/cauliflower_training/cali/Healthy/healthy_0795.jpeg,Healthy
/Users/thun/Desktop/cauliflower_training/cali/Healthy/healthy_2127.jpg,Healthy
/Users/thun/Desktop/cauliflower_training/cali/Healthy/healthy_2734.jpg,Healthy
/Users/thun/Desktop/cauliflower_training/cali/Alternaria Leaf Spot/alternaria_leaf_spot_0355.jpg,Alternaria Leaf Spot
/Users/thun/Desktop/cauliflower_training/cali/Healthy/healthy_1844.jpg,Healthy
/Users/thun/Desktop/cauliflower_training/cali/Bacterial Soft Rot/bacterial_soft_rot_1274.jpg,Bacterial Soft Rot
/Users/thun/Desktop/cauliflower_training/cali/Healthy/healthy_0391.png,Healthy
/Users/thun/Desktop/cauliflower_training/cali/Healthy/healthy_2906.jpg,Healthy
/Users/thun/Desktop/cauliflower_training/cali/Healthy/healthy_2345.jpg,Healthy
/Users/thun/Desktop/cauliflower_training/cali/Alternaria Leaf Spot/alternaria_leaf_spot_1046.jpg,Alternaria Leaf Spot
/Users/thun/Desktop/cauliflower_training/cali/Healthy/healthy_1857.jpg,Healthy
/Users/thun/Desktop/cauliflower_training/cali/Healthy/healthy_2185.jpg,Healthy
/Users/thun/Desktop/cauliflower_training/cali/Alternaria Leaf Spot/alternaria_leaf_spot_0238.jpg,Alternaria Leaf Spot
/Users/thun/Desktop/cauliflower_training/cali/Healthy/healthy_0139.png,Healthy
/Users/thun/Desktop/cauliflower_training/cali/Alternaria Leaf Spot/alternaria_leaf_spot_0386.jpg,Alternaria Leaf Spot
/Users/thun/Desktop/cauliflower_training/cali/Downy Mildew/downy_mildew_0584.png,Downy Mildew
/Users/thun/Desktop/cauliflower_training/cali/Healthy/healthy_0932.jpg,Healthy
/Users/thun/Desktop/cauliflower_training/cali/Downy Mildew/downy_mildew_1040.jpeg,Downy Mildew
/Users/thun/Desktop/cauliflower_training/cali/Black Rot/black_rot_599.png,Black Rot
/Users/thun/Desktop/cauliflower_training/cali/Black Rot/black_rot_293.png,Black Rot
/Users/thun/Desktop/cauliflower_training/cali/Healthy/healthy_1796.jpg,Healthy
/Users/thun/Desktop/cauliflower_training/cali/Healthy/healthy_2990.jpg,Healthy
/Users/thun/Desktop/cauliflower_training/cali/Healthy/healthy_0991.jpeg,Healthy
/Users/thun/Desktop/cauliflower_training/cali/Bacterial Soft Rot/bacterial_soft_rot_0818.jpg,Bacterial Soft Rot
/Users/thun/Desktop/cauliflower_training/cali/Healthy/healthy_0993.jpeg,Healthy
/Users/thun/Desktop/cauliflower_training/cali/Healthy/healthy_2306.jpg,Healthy
/Users/thun/Desktop/cauliflower_training/cali/Healthy/healthy_0758.jpeg,Healthy
/Users/thun/Desktop/cauliflower_training/cali/Bacterial Soft Rot/bacterial_soft_rot_1218.jpg,Bacterial Soft Rot
/Users/thun/Desktop/cauliflower_training/cali/Healthy/healthy_1055.jpeg,Healthy
/Users/thun/Desktop/cauliflower_training/cali/Bacterial Soft Rot/bacterial_soft_rot_0652.jpg,Bacterial Soft Rot
/Users/thun/Desktop/cauliflower_training/cali/Bacterial Soft Rot/bacterial_soft_rot_1334.jpg,Bacterial Soft Rot
/Users/thun/Desktop/cauliflower_training/cali/Bacterial Soft Rot/bacterial_soft_rot_0518.jpg,Bacterial Soft Rot
/Users/thun/Desktop/cauliflower_training/cali/Alternaria Leaf Spot/alternaria_leaf_spot_0704.jpg,Alternaria Leaf Spot
/Users/thun/Desktop/cauliflower_training/cali/Bacterial Soft Rot/bacterial_soft_rot_0726.jpg,Bacterial Soft Rot
/Users/thun/Desktop/cauliflower_training/cali/Healthy/healthy_0700.png,Healthy
/Users/thun/Desktop/cauliflower_training/cali/Downy Mildew/downy_mildew_0709.jpg,Downy Mildew
/Users/thun/Desktop/cauliflower_training/cali/Downy Mildew/downy_mildew_0855.jpg,Downy Mildew
/Users/thun/Desktop/cauliflower_training/cali/Black Rot/black_rot_315.png,Black Rot
/Users/thun/Desktop/cauliflower_training/cali/Downy Mildew/downy_mildew_0098.png,Downy Mildew
/Users/thun/Desktop/cauliflower_training/cali/Healthy/healthy_1723.jpg,Healthy
/Users/thun/Desktop/cauliflower_training/cali/Healthy/healthy_2261.jpg,Healthy
/Users/thun/Desktop/cauliflower_training/cali/Alternaria Leaf Spot/alternaria_leaf_spot_1104.jpg,Alternaria Leaf Spot
/Users/thun/Desktop/cauliflower_training/cali/Black Rot/black_rot_607.png,Black Rot
/Users/thun/Desktop/cauliflower_training/cali/Alternaria Leaf Spot/alternaria_leaf_spot_0338.jpg,Alternaria Leaf Spot
/Users/thun/Desktop/cauliflower_training/cali/Alternaria Leaf Spot/alternaria_leaf_spot_1021.jpg,Alternaria Leaf Spot
/Users/thun/Desktop/cauliflower_training/cali/Black Rot/black_rot_278.png,Black Rot
/Users/thun/Desktop/cauliflower_training/cali/Alternaria Leaf Spot/alternaria_leaf_spot_1318.jpg,Alternaria Leaf Spot
/Users/thun/Desktop/cauliflower_training/cali/Healthy/healthy_0115.png,Healthy
/Users/thun/Desktop/cauliflower_training/cali/Downy Mildew/downy_mildew_0624.png,Downy Mildew
/Users/thun/Desktop/cauliflower_training/cali/Healthy/healthy_2552.jpg,Healthy
/Users/thun/Desktop/cauliflower_training/cali/Bacterial Soft Rot/bacterial_soft_rot_0520.jpg,Bacterial Soft Rot
/Users/thun/Desktop/cauliflower_training/cali/Downy Mildew/downy_mildew_0166.png,Downy Mildew
/Users/thun/Desktop/cauliflower_training/cali/Healthy/healthy_2817.jpg,Healthy
/Users/thun/Desktop/cauliflower_training/cali/Bacterial Soft Rot/bacterial_soft_rot_0502.jpg,Bacterial Soft Rot
/Users/thun/Desktop/cauliflower_training/cali/Healthy/healthy_1426.jpg,Healthy
/Users/thun/Desktop/cauliflower_training/cali/Healthy/healthy_2843.jpg,Healthy
/Users/thun/Desktop/cauliflower_training/cali/Bacterial Soft Rot/bacterial_soft_rot_1114.jpg,Bacterial Soft Rot
/Users/thun/Desktop/cauliflower_training/cali/Healthy/healthy_0535.png,Healthy
/Users/thun/Desktop/cauliflower_training/cali/Alternaria Leaf Spot/alternaria_leaf_spot_0197.jpeg,Alternaria Leaf Spot
/Users/thun/Desktop/cauliflower_training/cali/Black Rot/black_rot_004.png,Black Rot
/Users/thun/Desktop/cauliflower_training/cali/Alternaria Leaf Spot/alternaria_leaf_spot_0633.jpg,Alternaria Leaf Spot
/Users/thun/Desktop/cauliflower_training/cali/Downy Mildew/downy_mildew_1083.jpeg,Downy Mildew
/Users/thun/Desktop/cauliflower_training/cali/Healthy/healthy_1930.jpg,Healthy
/Users/thun/Desktop/cauliflower_training/cali/Bacterial Soft Rot/bacterial_soft_rot_0215.jpg,Bacterial Soft Rot
/Users/thun/Desktop/cauliflower_training/cali/Healthy/healthy_0548.png,Healthy
/Users/thun/Desktop/cauliflower_training/cali/Downy Mildew/downy_mildew_0955.jpg,Downy Mildew
/Users/thun/Desktop/cauliflower_training/cali/Healthy/healthy_1668.jpg,Healthy
/Users/thun/Desktop/cauliflower_training/cali/Healthy/healthy_0534.png,Healthy
/Users/thun/Desktop/cauliflower_training/cali/Healthy/healthy_2485.jpg,Healthy
/Users/thun/Desktop/cauliflower_training/cali/Healthy/healthy_0395.png,Healthy
/Users/thun/Desktop/cauliflower_training/cali/Black Rot/black_rot_154.png,Black Rot
/Users/thun/Desktop/cauliflower_training/cali/Bacterial Soft Rot/bacterial_soft_rot_0581.jpg,Bacterial Soft Rot
/Users/thun/Desktop/cauliflower_training/cali/Black Rot/black_rot_263.png,Black Rot
/Users/thun/Desktop/cauliflower_training/cali/Healthy/healthy_1192.jpg,Healthy
/Users/thun/Desktop/cauliflower_training/cali/Black Rot/black_rot_792.jpeg,Black Rot
/Users/thun/Desktop/cauliflower_training/cali/Healthy/healthy_1259.jpg,Healthy
/Users/thun/Desktop/cauliflower_training/cali/Alternaria Leaf Spot/alternaria_leaf_spot_1102.jpg,Alternaria Leaf Spot
/Users/thun/Desktop/cauliflower_training/cali/Healthy/healthy_0916.jpeg,Healthy
/Users/thun/Desktop/cauliflower_training/cali/Healthy/healthy_2555.jpg,Healthy
/Users/thun/Desktop/cauliflower_training/cali/Downy Mildew/downy_mildew_0754.jpg,Downy Mildew
/Users/thun/Desktop/cauliflower_training/cali/Healthy/healthy_0652.png,Healthy
/Users/thun/Desktop/cauliflower_training/cali/Bacterial Soft Rot/bacterial_soft_rot_0258.jpg,Bacterial Soft Rot
/Users/thun/Desktop/cauliflower_training/cali/Bacterial Soft Rot/bacterial_soft_rot_0261.jpg,Bacterial Soft Rot
/Users/thun/Desktop/cauliflower_training/cali/Healthy/healthy_2575.jpg,Healthy
/Users/thun/Desktop/cauliflower_training/cali/Bacterial Soft Rot/bacterial_soft_rot_1021.jpg,Bacterial Soft Rot
/Users/thun/Desktop/cauliflower_training/cali/Black Rot/black_rot_686.png,Black Rot
/Users/thun/Desktop/cauliflower_training/cali/Healthy/healthy_1912.jpg,Healthy
/Users/thun/Desktop/cauliflower_training/cali/Healthy/healthy_0465.png,Healthy
/Users/thun/Desktop/cauliflower_training/cali/Black Rot/black_rot_243.png,Black Rot
/Users/thun/Desktop/cauliflower_training/cali/Alternaria Leaf Spot/alternaria_leaf_spot_0031.jpeg,Alternaria Leaf Spot
/Users/thun/Desktop/cauliflower_training/cali/Alternaria Leaf Spot/alternaria_leaf_spot_0221.jpeg,Alternaria Leaf Spot
/Users/thun/Desktop/cauliflower_training/cali/Bacterial Soft Rot/bacterial_soft_rot_0242.jpg,Bacterial Soft Rot
/Users/thun/Desktop/cauliflower_training/cali/Healthy/healthy_1025.jpeg,Healthy
/Users/thun/Desktop/cauliflower_training/cali/Bacterial Soft Rot/bacterial_soft_rot_0670.jpg,Bacterial Soft Rot
/Users/thun/Desktop/cauliflower_training/cali/Healthy/healthy_0426.png,Healthy
/Users/thun/Desktop/cauliflower_training/cali/Downy Mildew/downy_mildew_1071.jpeg,Downy Mildew
/Users/thun/Desktop/cauliflower_training/cali/Alternaria Leaf Spot/alternaria_leaf_spot_0478.jpg,Alternaria Leaf Spot
/Users/thun/Desktop/cauliflower_training/cali/Healthy/healthy_2445.jpg,Healthy
/Users/thun/Desktop/cauliflower_training/cali/Healthy/healthy_0693.png,Healthy
/Users/thun/Desktop/cauliflower_training/cali/Black Rot/black_rot_120.png,Black Rot
/Users/thun/Desktop/cauliflower_training/cali/Healthy/healthy_1835.jpg,Healthy
/Users/thun/Desktop/cauliflower_training/cali/Downy Mildew/downy_mildew_1128.jpeg,Downy Mildew
/Users/thun/Desktop/cauliflower_training/cali/Downy Mildew/downy_mildew_0781.jpg,Downy Mildew
/Users/thun/Desktop/cauliflower_training/cali/Bacterial Soft Rot/bacterial_soft_rot_1067.jpg,Bacterial Soft Rot
/Users/thun/Desktop/cauliflower_training/cali/Healthy/healthy_2746.jpg,Healthy
/Users/thun/Desktop/cauliflower_training/cali/Bacterial Soft Rot/bacterial_soft_rot_0276.jpg,Bacterial Soft Rot
/Users/thun/Desktop/cauliflower_training/cali/Alternaria Leaf Spot/alternaria_leaf_spot_0173.jpeg,Alternaria Leaf Spot
/Users/thun/Desktop/cauliflower_training/cali/Bacterial Soft Rot/bacterial_soft_rot_0484.jpg,Bacterial Soft Rot
/Users/thun/Desktop/cauliflower_training/cali/Downy Mildew/downy_mildew_0676.png,Downy Mildew
/Users/thun/Desktop/cauliflower_training/cali/Healthy/healthy_0399.png,Healthy
/Users/thun/Desktop/cauliflower_training/cali/Black Rot/black_rot_007.png,Black Rot
/Users/thun/Desktop/cauliflower_training/cali/Healthy/healthy_1159.jpg,Healthy
/Users/thun/Desktop/cauliflower_training/cali/Bacterial Soft Rot/bacterial_soft_rot_0272.jpg,Bacterial Soft Rot
/Users/thun/Desktop/cauliflower_training/cali/Healthy/healthy_2086.jpg,Healthy
/Users/thun/Desktop/cauliflower_training/cali/Downy Mildew/downy_mildew_0447.png,Downy Mildew
/Users/thun/Desktop/cauliflower_training/cali/Downy Mildew/downy_mildew_0842.jpeg,Downy Mildew
/Users/thun/Desktop/cauliflower_training/cali/Healthy/healthy_1496.png,Healthy
/Users/thun/Desktop/cauliflower_training/cali/Black Rot/black_rot_057.png,Black Rot
/Users/thun/Desktop/cauliflower_training/cali/Bacterial Soft Rot/bacterial_soft_rot_0268.jpg,Bacterial Soft Rot
/Users/thun/Desktop/cauliflower_training/cali/Bacterial Soft Rot/bacterial_soft_rot_0298.jpg,Bacterial Soft Rot
/Users/thun/Desktop/cauliflower_training/cali/Alternaria Leaf Spot/alternaria_leaf_spot_0957.jpg,Alternaria Leaf Spot
/Users/thun/Desktop/cauliflower_training/cali/Healthy/healthy_2305.jpg,Healthy
/Users/thun/Desktop/cauliflower_training/cali/Healthy/healthy_2216.jpg,Healthy
/Users/thun/Desktop/cauliflower_training/cali/Downy Mildew/downy_mildew_0288.png,Downy Mildew
/Users/thun/Desktop/cauliflower_training/cali/Healthy/healthy_1693.jpg,Healthy
/Users/thun/Desktop/cauliflower_training/cali/Healthy/healthy_2192.jpg,Healthy
/Users/thun/Desktop/cauliflower_training/cali/Healthy/healthy_2837.jpg,Healthy
/Users/thun/Desktop/cauliflower_training/cali/Healthy/healthy_0687.png,Healthy
/Users/thun/Desktop/cauliflower_training/cali/Downy Mildew/downy_mildew_0330.png,Downy Mildew
/Users/thun/Desktop/cauliflower_training/cali/Black Rot/black_rot_009.png,Black Rot
/Users/thun/Desktop/cauliflower_training/cali/Healthy/healthy_1650.jpg,Healthy
/Users/thun/Desktop/cauliflower_training/cali/Healthy/healthy_0851.jpeg,Healthy
/Users/thun/Desktop/cauliflower_training/cali/Healthy/healthy_0749.jpeg,Healthy
/Users/thun/Desktop/cauliflower_training/cali/Healthy/healthy_0439.png,Healthy
/Users/thun/Desktop/cauliflower_training/cali/Downy Mildew/downy_mildew_0519.png,Downy Mildew
/Users/thun/Desktop/cauliflower_training/cali/Healthy/healthy_0952.jpeg,Healthy
/Users/thun/Desktop/cauliflower_training/cali/Bacterial Soft Rot/bacterial_soft_rot_0983.jpg,Bacterial Soft Rot
/Users/thun/Desktop/cauliflower_training/cali/Downy Mildew/downy_mildew_1273.jpg,Downy Mildew
/Users/thun/Desktop/cauliflower_training/cali/Bacterial Soft Rot/bacterial_soft_rot_1121.jpg,Bacterial Soft Rot
/Users/thun/Desktop/cauliflower_training/cali/Healthy/healthy_1480.jpg,Healthy
/Users/thun/Desktop/cauliflower_training/cali/Bacterial Soft Rot/bacterial_soft_rot_0648.jpg,Bacterial Soft Rot
/Users/thun/Desktop/cauliflower_training/cali/Black Rot/black_rot_795.jpeg,Black Rot
/Users/thun/Desktop/cauliflower_training/cali/Healthy/healthy_1773.jpg,Healthy
/Users/thun/Desktop/cauliflower_training/cali/Downy Mildew/downy_mildew_1261.jpg,Downy Mildew
/Users/thun/Desktop/cauliflower_training/cali/Black Rot/black_rot_728.jpg,Black Rot
/Users/thun/Desktop/cauliflower_training/cali/Black Rot/black_rot_406.png,Black Rot
/Users/thun/Desktop/cauliflower_training/cali/Downy Mildew/downy_mildew_0349.png,Downy Mildew
/Users/thun/Desktop/cauliflower_training/cali/Healthy/healthy_3118.jpg,Healthy
/Users/thun/Desktop/cauliflower_training/cali/Healthy/healthy_2731.jpg,Healthy
/Users/thun/Desktop/cauliflower_training/cali/Alternaria Leaf Spot/alternaria_leaf_spot_1136.jpg,Alternaria Leaf Spot
/Users/thun/Desktop/cauliflower_training/cali/Healthy/healthy_1853.jpg,Healthy
/Users/thun/Desktop/cauliflower_training/cali/Healthy/healthy_3009.jpg,Healthy
/Users/thun/Desktop/cauliflower_training/cali/Healthy/healthy_0896.jpeg,Healthy
/Users/thun/Desktop/cauliflower_training/cali/Downy Mildew/downy_mildew_1017.jpeg,Downy Mildew
/Users/thun/Desktop/cauliflower_training/cali/Downy Mildew/downy_mildew_0253.png,Downy Mildew
/Users/thun/Desktop/cauliflower_training/cali/Black Rot/black_rot_626.png,Black Rot
/Users/thun/Desktop/cauliflower_training/cali/Healthy/healthy_3103.jpg,Healthy
/Users/thun/Desktop/cauliflower_training/cali/Healthy/healthy_1966.jpg,Healthy
/Users/thun/Desktop/cauliflower_training/cali/Healthy/healthy_0754.jpeg,Healthy
/Users/thun/Desktop/cauliflower_training/cali/Black Rot/black_rot_468.png,Black Rot
/Users/thun/Desktop/cauliflower_training/cali/Downy Mildew/downy_mildew_1268.jpeg,Downy Mildew
/Users/thun/Desktop/cauliflower_training/cali/Downy Mildew/downy_mildew_0834.jpg,Downy Mildew
/Users/thun/Desktop/cauliflower_training/cali/Healthy/healthy_1729.jpg,Healthy
/Users/thun/Desktop/cauliflower_training/cali/Healthy/healthy_2704.jpg,Healthy
/Users/thun/Desktop/cauliflower_training/cali/Black Rot/black_rot_241.png,Black Rot
/Users/thun/Desktop/cauliflower_training/cali/Healthy/healthy_0731.jpeg,Healthy
/Users/thun/Desktop/cauliflower_training/cali/Bacterial Soft Rot/bacterial_soft_rot_0718.jpg,Bacterial Soft Rot
/Users/thun/Desktop/cauliflower_training/cali/Healthy/healthy_2468.jpg,Healthy
/Users/thun/Desktop/cauliflower_training/cali/Healthy/healthy_0188.png,Healthy
/Users/thun/Desktop/cauliflower_training/cali/Healthy/healthy_2736.jpg,Healthy
/Users/thun/Desktop/cauliflower_training/cali/Healthy/healthy_1490.png,Healthy
/Users/thun/Desktop/cauliflower_training/cali/Black Rot/black_rot_234.png,Black Rot
/Users/thun/Desktop/cauliflower_training/cali/Alternaria Leaf Spot/alternaria_leaf_spot_1507.jpg,Alternaria Leaf Spot
/Users/thun/Desktop/cauliflower_training/cali/Healthy/healthy_1120.jpg,Healthy
/Users/thun/Desktop/cauliflower_training/cali/Bacterial Soft Rot/bacterial_soft_rot_0745.jpg,Bacterial Soft Rot
/Users/thun/Desktop/cauliflower_training/cali/Bacterial Soft Rot/bacterial_soft_rot_1094.jpg,Bacterial Soft Rot
/Users/thun/Desktop/cauliflower_training/cali/Alternaria Leaf Spot/alternaria_leaf_spot_1101.jpg,Alternaria Leaf Spot
/Users/thun/Desktop/cauliflower_training/cali/Downy Mildew/downy_mildew_0032.png,Downy Mildew
/Users/thun/Desktop/cauliflower_training/cali/Alternaria Leaf Spot/alternaria_leaf_spot_1461.jpg,Alternaria Leaf Spot
/Users/thun/Desktop/cauliflower_training/cali/Alternaria Leaf Spot/alternaria_leaf_spot_0851.jpg,Alternaria Leaf Spot
/Users/thun/Desktop/cauliflower_training/cali/Bacterial Soft Rot/bacterial_soft_rot_0203.jpg,Bacterial Soft Rot
/Users/thun/Desktop/cauliflower_training/cali/Healthy/healthy_3064.jpg,Healthy
/Users/thun/Desktop/cauliflower_training/cali/Black Rot/black_rot_040.png,Black Rot
/Users/thun/Desktop/cauliflower_training/cali/Alternaria Leaf Spot/alternaria_leaf_spot_0359.jpg,Alternaria Leaf Spot
/Users/thun/Desktop/cauliflower_training/cali/Black Rot/black_rot_388.png,Black Rot
/Users/thun/Desktop/cauliflower_training/cali/Downy Mildew/downy_mildew_0711.jpg,Downy Mildew
/Users/thun/Desktop/cauliflower_training/cali/Black Rot/black_rot_547.png,Black Rot
/Users/thun/Desktop/cauliflower_training/cali/Downy Mildew/downy_mildew_0656.png,Downy Mildew
/Users/thun/Desktop/cauliflower_training/cali/Alternaria Leaf Spot/alternaria_leaf_spot_0164.jpeg,Alternaria Leaf Spot
/Users/thun/Desktop/cauliflower_training/cali/Healthy/healthy_2860.jpg,Healthy
/Users/thun/Desktop/cauliflower_training/cali/Healthy/healthy_2486.jpg,Healthy
/Users/thun/Desktop/cauliflower_training/cali/Healthy/healthy_1967.jpg,Healthy
/Users/thun/Desktop/cauliflower_training/cali/Alternaria Leaf Spot/alternaria_leaf_spot_0827.jpg,Alternaria Leaf Spot
/Users/thun/Desktop/cauliflower_training/cali/Black Rot/black_rot_042.png,Black Rot
/Users/thun/Desktop/cauliflower_training/cali/Healthy/healthy_0789.jpg,Healthy
/Users/thun/Desktop/cauliflower_training/cali/Black Rot/black_rot_082.png,Black Rot
/Users/thun/Desktop/cauliflower_training/cali/Healthy/healthy_0882.jpeg,Healthy
/Users/thun/Desktop/cauliflower_training/cali/Bacterial Soft Rot/bacterial_soft_rot_0119.jpeg,Bacterial Soft Rot
/Users/thun/Desktop/cauliflower_training/cali/Alternaria Leaf Spot/alternaria_leaf_spot_1433.jpg,Alternaria Leaf Spot
/Users/thun/Desktop/cauliflower_training/cali/Healthy/healthy_3151.jpg,Healthy
/Users/thun/Desktop/cauliflower_training/cali/Healthy/healthy_1486.jpg,Healthy
/Users/thun/Desktop/cauliflower_training/cali/Healthy/healthy_0312.png,Healthy
/Users/thun/Desktop/cauliflower_training/cali/Alternaria Leaf Spot/alternaria_leaf_spot_0148.jpeg,Alternaria Leaf Spot
/Users/thun/Desktop/cauliflower_training/cali/Healthy/healthy_1664.jpg,Healthy
/Users/thun/Desktop/cauliflower_training/cali/Alternaria Leaf Spot/alternaria_leaf_spot_1091.jpg,Alternaria Leaf Spot
/Users/thun/Desktop/cauliflower_training/cali/Healthy/healthy_1922.jpg,Healthy
/Users/thun/Desktop/cauliflower_training/cali/Black Rot/black_rot_524.png,Black Rot
/Users/thun/Desktop/cauliflower_training/cali/Healthy/healthy_1046.jpeg,Healthy
/Users/thun/Desktop/cauliflower_training/cali/Bacterial Soft Rot/bacterial_soft_rot_0751.jpg,Bacterial Soft Rot
/Users/thun/Desktop/cauliflower_training/cali/Healthy/healthy_3075.jpg,Healthy
/Users/thun/Desktop/cauliflower_training/cali/Bacterial Soft Rot/bacterial_soft_rot_0821.jpg,Bacterial Soft Rot
/Users/thun/Desktop/cauliflower_training/cali/Healthy/healthy_0177.png,Healthy
/Users/thun/Desktop/cauliflower_training/cali/Black Rot/black_rot_680.png,Black Rot
/Users/thun/Desktop/cauliflower_training/cali/Healthy/healthy_0992.jpg,Healthy
/Users/thun/Desktop/cauliflower_training/cali/Black Rot/black_rot_497.png,Black Rot
/Users/thun/Desktop/cauliflower_training/cali/Downy Mildew/downy_mildew_0607.png,Downy Mildew
/Users/thun/Desktop/cauliflower_training/cali/Healthy/healthy_2372.jpg,Healthy
/Users/thun/Desktop/cauliflower_training/cali/Healthy/healthy_2068.jpg,Healthy
/Users/thun/Desktop/cauliflower_training/cali/Downy Mildew/downy_mildew_0646.png,Downy Mildew
/Users/thun/Desktop/cauliflower_training/cali/Alternaria Leaf Spot/alternaria_leaf_spot_0143.jpeg,Alternaria Leaf Spot
/Users/thun/Desktop/cauliflower_training/cali/Alternaria Leaf Spot/alternaria_leaf_spot_1164.jpg,Alternaria Leaf Spot
/Users/thun/Desktop/cauliflower_training/cali/Bacterial Soft Rot/bacterial_soft_rot_0686.jpg,Bacterial Soft Rot
/Users/thun/Desktop/cauliflower_training/cali/Healthy/healthy_0120.png,Healthy
/Users/thun/Desktop/cauliflower_training/cali/Downy Mildew/downy_mildew_1087.jpeg,Downy Mildew
/Users/thun/Desktop/cauliflower_training/cali/Healthy/healthy_1534.jpg,Healthy
/Users/thun/Desktop/cauliflower_training/cali/Bacterial Soft Rot/bacterial_soft_rot_0882.jpg,Bacterial Soft Rot
/Users/thun/Desktop/cauliflower_training/cali/Black Rot/black_rot_681.png,Black Rot
/Users/thun/Desktop/cauliflower_training/cali/Downy Mildew/downy_mildew_0066.png,Downy Mildew
/Users/thun/Desktop/cauliflower_training/cali/Healthy/healthy_0189.png,Healthy
/Users/thun/Desktop/cauliflower_training/cali/Alternaria Leaf Spot/alternaria_leaf_spot_0400.jpg,Alternaria Leaf Spot
/Users/thun/Desktop/cauliflower_training/cali/Healthy/healthy_2916.jpg,Healthy
/Users/thun/Desktop/cauliflower_training/cali/Healthy/healthy_1954.jpg,Healthy
/Users/thun/Desktop/cauliflower_training/cali/Healthy/healthy_0847.jpeg,Healthy
/Users/thun/Desktop/cauliflower_training/cali/Healthy/healthy_1157.png,Healthy
/Users/thun/Desktop/cauliflower_training/cali/Healthy/healthy_1742.jpg,Healthy
/Users/thun/Desktop/cauliflower_training/cali/Alternaria Leaf Spot/alternaria_leaf_spot_0894.jpg,Alternaria Leaf Spot
/Users/thun/Desktop/cauliflower_training/cali/Healthy/healthy_2877.jpg,Healthy
/Users/thun/Desktop/cauliflower_training/cali/Bacterial Soft Rot/bacterial_soft_rot_0512.jpg,Bacterial Soft Rot
/Users/thun/Desktop/cauliflower_training/cali/Healthy/healthy_1283.jpg,Healthy
/Users/thun/Desktop/cauliflower_training/cali/Black Rot/black_rot_354.png,Black Rot
/Users/thun/Desktop/cauliflower_training/cali/Healthy/healthy_0455.png,Healthy
/Users/thun/Desktop/cauliflower_training/cali/Healthy/healthy_3089.jpeg,Healthy
/Users/thun/Desktop/cauliflower_training/cali/Healthy/healthy_1821.jpg,Healthy
/Users/thun/Desktop/cauliflower_training/cali/Downy Mildew/downy_mildew_1179.jpg,Downy Mildew
/Users/thun/Desktop/cauliflower_training/cali/Healthy/healthy_0947.jpg,Healthy
/Users/thun/Desktop/cauliflower_training/cali/Alternaria Leaf Spot/alternaria_leaf_spot_1225.jpg,Alternaria Leaf Spot
/Users/thun/Desktop/cauliflower_training/cali/Alternaria Leaf Spot/alternaria_leaf_spot_0136.jpeg,Alternaria Leaf Spot
/Users/thun/Desktop/cauliflower_training/cali/Alternaria Leaf Spot/alternaria_leaf_spot_1042.jpg,Alternaria Leaf Spot
/Users/thun/Desktop/cauliflower_training/cali/Healthy/healthy_0334.png,Healthy
/Users/thun/Desktop/cauliflower_training/cali/Downy Mildew/downy_mildew_0581.png,Downy Mildew
/Users/thun/Desktop/cauliflower_training/cali/Downy Mildew/downy_mildew_0227.png,Downy Mildew
/Users/thun/Desktop/cauliflower_training/cali/Healthy/healthy_1585.jpg,Healthy
/Users/thun/Desktop/cauliflower_training/cali/Healthy/healthy_1091.jpg,Healthy
/Users/thun/Desktop/cauliflower_training/cali/Downy Mildew/downy_mildew_0804.jpg,Downy Mildew
/Users/thun/Desktop/cauliflower_training/cali/Healthy/healthy_2371.jpg,Healthy
/Users/thun/Desktop/cauliflower_training/cali/Alternaria Leaf Spot/alternaria_leaf_spot_0781.jpg,Alternaria Leaf Spot
/Users/thun/Desktop/cauliflower_training/cali/Bacterial Soft Rot/bacterial_soft_rot_0012.jpg,Bacterial Soft Rot
/Users/thun/Desktop/cauliflower_training/cali/Black Rot/black_rot_107.png,Black Rot
/Users/thun/Desktop/cauliflower_training/cali/Bacterial Soft Rot/bacterial_soft_rot_0303.jpg,Bacterial Soft Rot
/Users/thun/Desktop/cauliflower_training/cali/Healthy/healthy_0209.png,Healthy
/Users/thun/Desktop/cauliflower_training/cali/Downy Mildew/downy_mildew_0048.png,Downy Mildew
/Users/thun/Desktop/cauliflower_training/cali/Downy Mildew/downy_mildew_0813.jpg,Downy Mildew
/Users/thun/Desktop/cauliflower_training/cali/Downy Mildew/downy_mildew_0214.png,Downy Mildew
/Users/thun/Desktop/cauliflower_training/cali/Alternaria Leaf Spot/alternaria_leaf_spot_0041.jpeg,Alternaria Leaf Spot
/Users/thun/Desktop/cauliflower_training/cali/Healthy/healthy_3039.jpg,Healthy
/Users/thun/Desktop/cauliflower_training/cali/Healthy/healthy_2090.jpg,Healthy
/Users/thun/Desktop/cauliflower_training/cali/Black Rot/black_rot_247.png,Black Rot
/Users/thun/Desktop/cauliflower_training/cali/Alternaria Leaf Spot/alternaria_leaf_spot_1488.jpg,Alternaria Leaf Spot
/Users/thun/Desktop/cauliflower_training/cali/Black Rot/black_rot_546.png,Black Rot
/Users/thun/Desktop/cauliflower_training/cali/Downy Mildew/downy_mildew_0726.jpg,Downy Mildew
/Users/thun/Desktop/cauliflower_training/cali/Downy Mildew/downy_mildew_0176.png,Downy Mildew
/Users/thun/Desktop/cauliflower_training/cali/Alternaria Leaf Spot/alternaria_leaf_spot_1323.jpg,Alternaria Leaf Spot
/Users/thun/Desktop/cauliflower_training/cali/Healthy/healthy_1883.jpg,Healthy
/Users/thun/Desktop/cauliflower_training/cali/Bacterial Soft Rot/bacterial_soft_rot_1096.jpg,Bacterial Soft Rot
/Users/thun/Desktop/cauliflower_training/cali/Bacterial Soft Rot/bacterial_soft_rot_1144.jpg,Bacterial Soft Rot
/Users/thun/Desktop/cauliflower_training/cali/Downy Mildew/downy_mildew_0884.jpeg,Downy Mildew
/Users/thun/Desktop/cauliflower_training/cali/Bacterial Soft Rot/bacterial_soft_rot_0264.jpg,Bacterial Soft Rot
/Users/thun/Desktop/cauliflower_training/cali/Alternaria Leaf Spot/alternaria_leaf_spot_0955.jpg,Alternaria Leaf Spot
/Users/thun/Desktop/cauliflower_training/cali/Healthy/healthy_2818.jpg,Healthy
/Users/thun/Desktop/cauliflower_training/cali/Downy Mildew/downy_mildew_0856.jpg,Downy Mildew
/Users/thun/Desktop/cauliflower_training/cali/Downy Mildew/downy_mildew_0088.png,Downy Mildew
/Users/thun/Desktop/cauliflower_training/cali/Downy Mildew/downy_mildew_0129.png,Downy Mildew
/Users/thun/Desktop/cauliflower_training/cali/Black Rot/black_rot_612.png,Black Rot
/Users/thun/Desktop/cauliflower_training/cali/Healthy/healthy_3016.jpg,Healthy
/Users/thun/Desktop/cauliflower_training/cali/Bacterial Soft Rot/bacterial_soft_rot_0032.jpeg,Bacterial Soft Rot
/Users/thun/Desktop/cauliflower_training/cali/Bacterial Soft Rot/bacterial_soft_rot_0071.jpeg,Bacterial Soft Rot
/Users/thun/Desktop/cauliflower_training/cali/Alternaria Leaf Spot/alternaria_leaf_spot_0151.jpeg,Alternaria Leaf Spot
/Users/thun/Desktop/cauliflower_training/cali/Healthy/healthy_1307.jpg,Healthy
/Users/thun/Desktop/cauliflower_training/cali/Downy Mildew/downy_mildew_0292.png,Downy Mildew
/Users/thun/Desktop/cauliflower_training/cali/Healthy/healthy_0559.png,Healthy
/Users/thun/Desktop/cauliflower_training/cali/Black Rot/black_rot_560.png,Black Rot
/Users/thun/Desktop/cauliflower_training/cali/Downy Mildew/downy_mildew_1216.jpeg,Downy Mildew
/Users/thun/Desktop/cauliflower_training/cali/Black Rot/black_rot_541.png,Black Rot
/Users/thun/Desktop/cauliflower_training/cali/Bacterial Soft Rot/bacterial_soft_rot_0664.jpg,Bacterial Soft Rot
/Users/thun/Desktop/cauliflower_training/cali/Downy Mildew/downy_mildew_0363.png,Downy Mildew
/Users/thun/Desktop/cauliflower_training/cali/Healthy/healthy_1771.jpg,Healthy
/Users/thun/Desktop/cauliflower_training/cali/Bacterial Soft Rot/bacterial_soft_rot_0368.jpg,Bacterial Soft Rot
/Users/thun/Desktop/cauliflower_training/cali/Healthy/healthy_1596.jpeg,Healthy
/Users/thun/Desktop/cauliflower_training/cali/Bacterial Soft Rot/bacterial_soft_rot_0996.jpg,Bacterial Soft Rot
/Users/thun/Desktop/cauliflower_training/cali/Downy Mildew/downy_mildew_1259.jpg,Downy Mildew
/Users/thun/Desktop/cauliflower_training/cali/Downy Mildew/downy_mildew_1185.jpg,Downy Mildew
/Users/thun/Desktop/cauliflower_training/cali/Alternaria Leaf Spot/alternaria_leaf_spot_0919.jpg,Alternaria Leaf Spot
/Users/thun/Desktop/cauliflower_training/cali/Bacterial Soft Rot/bacterial_soft_rot_0708.jpg,Bacterial Soft Rot
/Users/thun/Desktop/cauliflower_training/cali/Bacterial Soft Rot/bacterial_soft_rot_1064.jpg,Bacterial Soft Rot
/Users/thun/Desktop/cauliflower_training/cali/Healthy/healthy_2049.jpg,Healthy
/Users/thun/Desktop/cauliflower_training/cali/Bacterial Soft Rot/bacterial_soft_rot_0756.jpg,Bacterial Soft Rot
/Users/thun/Desktop/cauliflower_training/cali/Healthy/healthy_2313.jpg,Healthy
/Users/thun/Desktop/cauliflower_training/cali/Healthy/healthy_0566.png,Healthy
/Users/thun/Desktop/cauliflower_training/cali/Downy Mildew/downy_mildew_0346.png,Downy Mildew
/Users/thun/Desktop/cauliflower_training/cali/Healthy/healthy_3079.jpg,Healthy
/Users/thun/Desktop/cauliflower_training/cali/Black Rot/black_rot_540.png,Black Rot
/Users/thun/Desktop/cauliflower_training/cali/Downy Mildew/downy_mildew_0939.jpg,Downy Mildew
/Users/thun/Desktop/cauliflower_training/cali/Healthy/healthy_0704.jpeg,Healthy
/Users/thun/Desktop/cauliflower_training/cali/Healthy/healthy_0155.png,Healthy
/Users/thun/Desktop/cauliflower_training/cali/Healthy/healthy_1915.jpg,Healthy
/Users/thun/Desktop/cauliflower_training/cali/Healthy/healthy_1411.jpg,Healthy
/Users/thun/Desktop/cauliflower_training/cali/Healthy/healthy_2541.jpg,Healthy
/Users/thun/Desktop/cauliflower_training/cali/Healthy/healthy_1669.jpg,Healthy
/Users/thun/Desktop/cauliflower_training/cali/Healthy/healthy_1869.jpg,Healthy
/Users/thun/Desktop/cauliflower_training/cali/Downy Mildew/downy_mildew_0574.png,Downy Mildew
/Users/thun/Desktop/cauliflower_training/cali/Alternaria Leaf Spot/alternaria_leaf_spot_1202.jpg,Alternaria Leaf Spot
/Users/thun/Desktop/cauliflower_training/cali/Healthy/healthy_3112.jpg,Healthy
/Users/thun/Desktop/cauliflower_training/cali/Black Rot/black_rot_703.jpeg,Black Rot
/Users/thun/Desktop/cauliflower_training/cali/Downy Mildew/downy_mildew_1253.jpg,Downy Mildew
/Users/thun/Desktop/cauliflower_training/cali/Alternaria Leaf Spot/alternaria_leaf_spot_0216.jpeg,Alternaria Leaf Spot
/Users/thun/Desktop/cauliflower_training/cali/Alternaria Leaf Spot/alternaria_leaf_spot_0821.jpg,Alternaria Leaf Spot
/Users/thun/Desktop/cauliflower_training/cali/Alternaria Leaf Spot/alternaria_leaf_spot_1340.jpg,Alternaria Leaf Spot
/Users/thun/Desktop/cauliflower_training/cali/Alternaria Leaf Spot/alternaria_leaf_spot_0949.jpg,Alternaria Leaf Spot
/Users/thun/Desktop/cauliflower_training/cali/Healthy/healthy_2700.jpg,Healthy
/Users/thun/Desktop/cauliflower_training/cali/Healthy/healthy_2878.jpg,Healthy
/Users/thun/Desktop/cauliflower_training/cali/Alternaria Leaf Spot/alternaria_leaf_spot_0624.jpg,Alternaria Leaf Spot
/Users/thun/Desktop/cauliflower_training/cali/Alternaria Leaf Spot/alternaria_leaf_spot_1033.jpg,Alternaria Leaf Spot
/Users/thun/Desktop/cauliflower_training/cali/Healthy/healthy_0419.png,Healthy
/Users/thun/Desktop/cauliflower_training/cali/Alternaria Leaf Spot/alternaria_leaf_spot_0047.jpeg,Alternaria Leaf Spot
/Users/thun/Desktop/cauliflower_training/cali/Alternaria Leaf Spot/alternaria_leaf_spot_0326.jpg,Alternaria Leaf Spot
/Users/thun/Desktop/cauliflower_training/cali/Bacterial Soft Rot/bacterial_soft_rot_1385.jpg,Bacterial Soft Rot
/Users/thun/Desktop/cauliflower_training/cali/Downy Mildew/downy_mildew_0826.jpg,Downy Mildew
/Users/thun/Desktop/cauliflower_training/cali/Alternaria Leaf Spot/alternaria_leaf_spot_1308.jpg,Alternaria Leaf Spot
/Users/thun/Desktop/cauliflower_training/cali/Alternaria Leaf Spot/alternaria_leaf_spot_1384.jpg,Alternaria Leaf Spot
/Users/thun/Desktop/cauliflower_training/cali/Bacterial Soft Rot/bacterial_soft_rot_0744.jpg,Bacterial Soft Rot
/Users/thun/Desktop/cauliflower_training/cali/Alternaria Leaf Spot/alternaria_leaf_spot_1153.jpg,Alternaria Leaf Spot
/Users/thun/Desktop/cauliflower_training/cali/Healthy/healthy_1078.jpg,Healthy
/Users/thun/Desktop/cauliflower_training/cali/Downy Mildew/downy_mildew_0266.png,Downy Mildew
/Users/thun/Desktop/cauliflower_training/cali/Healthy/healthy_0920.jpg,Healthy
/Users/thun/Desktop/cauliflower_training/cali/Healthy/healthy_3026.jpg,Healthy
/Users/thun/Desktop/cauliflower_training/cali/Black Rot/black_rot_614.png,Black Rot
/Users/thun/Desktop/cauliflower_training/cali/Healthy/healthy_3125.jpeg,Healthy
/Users/thun/Desktop/cauliflower_training/cali/Alternaria Leaf Spot/alternaria_leaf_spot_1083.jpg,Alternaria Leaf Spot
/Users/thun/Desktop/cauliflower_training/cali/Downy Mildew/downy_mildew_1256.jpeg,Downy Mildew
/Users/thun/Desktop/cauliflower_training/cali/Black Rot/black_rot_697.png,Black Rot
/Users/thun/Desktop/cauliflower_training/cali/Healthy/healthy_1731.jpg,Healthy
/Users/thun/Desktop/cauliflower_training/cali/Bacterial Soft Rot/bacterial_soft_rot_0690.jpg,Bacterial Soft Rot
/Users/thun/Desktop/cauliflower_training/cali/Healthy/healthy_1595.png,Healthy
/Users/thun/Desktop/cauliflower_training/cali/Bacterial Soft Rot/bacterial_soft_rot_0210.jpg,Bacterial Soft Rot
/Users/thun/Desktop/cauliflower_training/cali/Healthy/healthy_1331.jpg,Healthy
/Users/thun/Desktop/cauliflower_training/cali/Healthy/healthy_2074.jpg,Healthy
/Users/thun/Desktop/cauliflower_training/cali/Black Rot/black_rot_117.png,Black Rot
/Users/thun/Desktop/cauliflower_training/cali/Alternaria Leaf Spot/alternaria_leaf_spot_0510.jpg,Alternaria Leaf Spot
/Users/thun/Desktop/cauliflower_training/cali/Healthy/healthy_1325.jpg,Healthy
/Users/thun/Desktop/cauliflower_training/cali/Alternaria Leaf Spot/alternaria_leaf_spot_0796.jpg,Alternaria Leaf Spot
/Users/thun/Desktop/cauliflower_training/cali/Downy Mildew/downy_mildew_0787.jpg,Downy Mildew
/Users/thun/Desktop/cauliflower_training/cali/Black Rot/black_rot_196.png,Black Rot
/Users/thun/Desktop/cauliflower_training/cali/Healthy/healthy_1890.jpg,Healthy
/Users/thun/Desktop/cauliflower_training/cali/Healthy/healthy_0459.png,Healthy
/Users/thun/Desktop/cauliflower_training/cali/Downy Mildew/downy_mildew_0229.png,Downy Mildew
/Users/thun/Desktop/cauliflower_training/cali/Healthy/healthy_2637.jpg,Healthy
/Users/thun/Desktop/cauliflower_training/cali/Healthy/healthy_0605.png,Healthy
/Users/thun/Desktop/cauliflower_training/cali/Healthy/healthy_1985.jpg,Healthy
/Users/thun/Desktop/cauliflower_training/cali/Healthy/healthy_2446.jpg,Healthy
/Users/thun/Desktop/cauliflower_training/cali/Healthy/healthy_1880.jpg,Healthy
/Users/thun/Desktop/cauliflower_training/cali/Healthy/healthy_0502.png,Healthy
/Users/thun/Desktop/cauliflower_training/cali/Healthy/healthy_1368.jpg,Healthy
/Users/thun/Desktop/cauliflower_training/cali/Healthy/healthy_2882.jpg,Healthy
/Users/thun/Desktop/cauliflower_training/cali/Alternaria Leaf Spot/alternaria_leaf_spot_0026.jpeg,Alternaria Leaf Spot
/Users/thun/Desktop/cauliflower_training/cali/Alternaria Leaf Spot/alternaria_leaf_spot_0559.jpg,Alternaria Leaf Spot
/Users/thun/Desktop/cauliflower_training/cali/Healthy/healthy_0088.png,Healthy
/Users/thun/Desktop/cauliflower_training/cali/Healthy/healthy_0166.png,Healthy
/Users/thun/Desktop/cauliflower_training/cali/Alternaria Leaf Spot/alternaria_leaf_spot_0679.jpg,Alternaria Leaf Spot
/Users/thun/Desktop/cauliflower_training/cali/Healthy/healthy_2627.jpg,Healthy
/Users/thun/Desktop/cauliflower_training/cali/Healthy/healthy_1721.jpg,Healthy
/Users/thun/Desktop/cauliflower_training/cali/Downy Mildew/downy_mildew_0516.png,Downy Mildew
/Users/thun/Desktop/cauliflower_training/cali/Black Rot/black_rot_348.png,Black Rot
/Users/thun/Desktop/cauliflower_training/cali/Alternaria Leaf Spot/alternaria_leaf_spot_0676.jpg,Alternaria Leaf Spot
/Users/thun/Desktop/cauliflower_training/cali/Healthy/healthy_0720.jpeg,Healthy
/Users/thun/Desktop/cauliflower_training/cali/Healthy/healthy_1746.jpg,Healthy
/Users/thun/Desktop/cauliflower_training/cali/Healthy/healthy_0578.png,Healthy
/Users/thun/Desktop/cauliflower_training/cali/Healthy/healthy_0034.png,Healthy
/Users/thun/Desktop/cauliflower_training/cali/Healthy/healthy_1444.jpg,Healthy
/Users/thun/Desktop/cauliflower_training/cali/Healthy/healthy_2483.jpg,Healthy
/Users/thun/Desktop/cauliflower_training/cali/Healthy/healthy_3049.jpg,Healthy
/Users/thun/Desktop/cauliflower_training/cali/Healthy/healthy_0402.png,Healthy
/Users/thun/Desktop/cauliflower_training/cali/Black Rot/black_rot_580.png,Black Rot
/Users/thun/Desktop/cauliflower_training/cali/Downy Mildew/downy_mildew_0096.png,Downy Mildew
/Users/thun/Desktop/cauliflower_training/cali/Healthy/healthy_1023.jpeg,Healthy
/Users/thun/Desktop/cauliflower_training/cali/Downy Mildew/downy_mildew_0202.png,Downy Mildew
/Users/thun/Desktop/cauliflower_training/cali/Healthy/healthy_2813.jpg,Healthy
/Users/thun/Desktop/cauliflower_training/cali/Bacterial Soft Rot/bacterial_soft_rot_0949.jpg,Bacterial Soft Rot
/Users/thun/Desktop/cauliflower_training/cali/Downy Mildew/downy_mildew_0682.png,Downy Mildew
/Users/thun/Desktop/cauliflower_training/cali/Alternaria Leaf Spot/alternaria_leaf_spot_0643.jpg,Alternaria Leaf Spot
/Users/thun/Desktop/cauliflower_training/cali/Healthy/healthy_2766.jpg,Healthy
/Users/thun/Desktop/cauliflower_training/cali/Alternaria Leaf Spot/alternaria_leaf_spot_0074.jpeg,Alternaria Leaf Spot
/Users/thun/Desktop/cauliflower_training/cali/Healthy/healthy_2838.jpg,Healthy
/Users/thun/Desktop/cauliflower_training/cali/Bacterial Soft Rot/bacterial_soft_rot_0599.jpg,Bacterial Soft Rot
/Users/thun/Desktop/cauliflower_training/cali/Alternaria Leaf Spot/alternaria_leaf_spot_0850.jpg,Alternaria Leaf Spot
/Users/thun/Desktop/cauliflower_training/cali/Healthy/healthy_0585.png,Healthy
/Users/thun/Desktop/cauliflower_training/cali/Healthy/healthy_1329.png,Healthy
/Users/thun/Desktop/cauliflower_training/cali/Healthy/healthy_0532.png,Healthy
/Users/thun/Desktop/cauliflower_training/cali/Downy Mildew/downy_mildew_0976.jpeg,Downy Mildew
/Users/thun/Desktop/cauliflower_training/cali/Healthy/healthy_3154.jpg,Healthy
/Users/thun/Desktop/cauliflower_training/cali/Healthy/healthy_1196.png,Healthy
/Users/thun/Desktop/cauliflower_training/cali/Downy Mildew/downy_mildew_1214.jpeg,Downy Mildew
/Users/thun/Desktop/cauliflower_training/cali/Healthy/healthy_0403.png,Healthy
/Users/thun/Desktop/cauliflower_training/cali/Downy Mildew/downy_mildew_0130.png,Downy Mildew
/Users/thun/Desktop/cauliflower_training/cali/Downy Mildew/downy_mildew_0386.png,Downy Mildew
/Users/thun/Desktop/cauliflower_training/cali/Black Rot/black_rot_633.png,Black Rot
/Users/thun/Desktop/cauliflower_training/cali/Healthy/healthy_2611.jpg,Healthy
/Users/thun/Desktop/cauliflower_training/cali/Black Rot/black_rot_307.png,Black Rot
/Users/thun/Desktop/cauliflower_training/cali/Downy Mildew/downy_mildew_0659.png,Downy Mildew
/Users/thun/Desktop/cauliflower_training/cali/Bacterial Soft Rot/bacterial_soft_rot_1136.jpg,Bacterial Soft Rot
/Users/thun/Desktop/cauliflower_training/cali/Alternaria Leaf Spot/alternaria_leaf_spot_1214.jpg,Alternaria Leaf Spot
/Users/thun/Desktop/cauliflower_training/cali/Black Rot/black_rot_640.png,Black Rot
/Users/thun/Desktop/cauliflower_training/cali/Downy Mildew/downy_mildew_0612.png,Downy Mildew
/Users/thun/Desktop/cauliflower_training/cali/Downy Mildew/downy_mildew_0381.png,Downy Mildew
/Users/thun/Desktop/cauliflower_training/cali/Downy Mildew/downy_mildew_0284.png,Downy Mildew
/Users/thun/Desktop/cauliflower_training/cali/Healthy/healthy_2534.jpg,Healthy
/Users/thun/Desktop/cauliflower_training/cali/Alternaria Leaf Spot/alternaria_leaf_spot_0975.jpg,Alternaria Leaf Spot
/Users/thun/Desktop/cauliflower_training/cali/Bacterial Soft Rot/bacterial_soft_rot_1257.jpg,Bacterial Soft Rot
/Users/thun/Desktop/cauliflower_training/cali/Healthy/healthy_2539.jpg,Healthy
/Users/thun/Desktop/cauliflower_training/cali/Healthy/healthy_1214.jpg,Healthy
/Users/thun/Desktop/cauliflower_training/cali/Healthy/healthy_1185.jpg,Healthy
/Users/thun/Desktop/cauliflower_training/cali/Healthy/healthy_2289.jpg,Healthy
/Users/thun/Desktop/cauliflower_training/cali/Healthy/healthy_2749.jpg,Healthy
/Users/thun/Desktop/cauliflower_training/cali/Healthy/healthy_1939.jpg,Healthy
/Users/thun/Desktop/cauliflower_training/cali/Healthy/healthy_0775.jpeg,Healthy
/Users/thun/Desktop/cauliflower_training/cali/Black Rot/black_rot_505.png,Black Rot
/Users/thun/Desktop/cauliflower_training/cali/Healthy/healthy_1322.jpg,Healthy
/Users/thun/Desktop/cauliflower_training/cali/Healthy/healthy_0890.jpg,Healthy
/Users/thun/Desktop/cauliflower_training/cali/Healthy/healthy_3140.jpg,Healthy
/Users/thun/Desktop/cauliflower_training/cali/Healthy/healthy_1522.jpg,Healthy
/Users/thun/Desktop/cauliflower_training/cali/Black Rot/black_rot_510.png,Black Rot
/Users/thun/Desktop/cauliflower_training/cali/Black Rot/black_rot_420.png,Black Rot
/Users/thun/Desktop/cauliflower_training/cali/Healthy/healthy_0672.png,Healthy
/Users/thun/Desktop/cauliflower_training/cali/Healthy/healthy_2152.jpg,Healthy
/Users/thun/Desktop/cauliflower_training/cali/Downy Mildew/downy_mildew_0413.png,Downy Mildew
/Users/thun/Desktop/cauliflower_training/cali/Black Rot/black_rot_516.png,Black Rot
/Users/thun/Desktop/cauliflower_training/cali/Alternaria Leaf Spot/alternaria_leaf_spot_0766.jpg,Alternaria Leaf Spot
/Users/thun/Desktop/cauliflower_training/cali/Alternaria Leaf Spot/alternaria_leaf_spot_0011.jpeg,Alternaria Leaf Spot
/Users/thun/Desktop/cauliflower_training/cali/Bacterial Soft Rot/bacterial_soft_rot_0183.jpeg,Bacterial Soft Rot
/Users/thun/Desktop/cauliflower_training/cali/Downy Mildew/downy_mildew_0102.png,Downy Mildew
/Users/thun/Desktop/cauliflower_training/cali/Downy Mildew/downy_mildew_0026.png,Downy Mildew
/Users/thun/Desktop/cauliflower_training/cali/Alternaria Leaf Spot/alternaria_leaf_spot_1346.jpg,Alternaria Leaf Spot
/Users/thun/Desktop/cauliflower_training/cali/Healthy/healthy_0210.png,Healthy
/Users/thun/Desktop/cauliflower_training/cali/Bacterial Soft Rot/bacterial_soft_rot_1073.jpg,Bacterial Soft Rot
/Users/thun/Desktop/cauliflower_training/cali/Black Rot/black_rot_034.png,Black Rot
/Users/thun/Desktop/cauliflower_training/cali/Downy Mildew/downy_mildew_0949.jpg,Downy Mildew
/Users/thun/Desktop/cauliflower_training/cali/Downy Mildew/downy_mildew_1282.jpeg,Downy Mildew
/Users/thun/Desktop/cauliflower_training/cali/Downy Mildew/downy_mildew_0265.png,Downy Mildew
/Users/thun/Desktop/cauliflower_training/cali/Healthy/healthy_0732.jpeg,Healthy
/Users/thun/Desktop/cauliflower_training/cali/Black Rot/black_rot_222.png,Black Rot
/Users/thun/Desktop/cauliflower_training/cali/Black Rot/black_rot_774.jpeg,Black Rot
/Users/thun/Desktop/cauliflower_training/cali/Bacterial Soft Rot/bacterial_soft_rot_0506.jpg,Bacterial Soft Rot
/Users/thun/Desktop/cauliflower_training/cali/Bacterial Soft Rot/bacterial_soft_rot_0729.jpg,Bacterial Soft Rot
/Users/thun/Desktop/cauliflower_training/cali/Black Rot/black_rot_747.jpeg,Black Rot
/Users/thun/Desktop/cauliflower_training/cali/Black Rot/black_rot_538.png,Black Rot
/Users/thun/Desktop/cauliflower_training/cali/Alternaria Leaf Spot/alternaria_leaf_spot_1230.jpg,Alternaria Leaf Spot
/Users/thun/Desktop/cauliflower_training/cali/Healthy/healthy_1847.jpg,Healthy
/Users/thun/Desktop/cauliflower_training/cali/Downy Mildew/downy_mildew_0657.png,Downy Mildew
/Users/thun/Desktop/cauliflower_training/cali/Black Rot/black_rot_186.png,Black Rot
/Users/thun/Desktop/cauliflower_training/cali/Healthy/healthy_0987.jpeg,Healthy
/Users/thun/Desktop/cauliflower_training/cali/Alternaria Leaf Spot/alternaria_leaf_spot_1204.jpg,Alternaria Leaf Spot
/Users/thun/Desktop/cauliflower_training/cali/Alternaria Leaf Spot/alternaria_leaf_spot_0536.jpg,Alternaria Leaf Spot
/Users/thun/Desktop/cauliflower_training/cali/Downy Mildew/downy_mildew_0409.png,Downy Mildew
/Users/thun/Desktop/cauliflower_training/cali/Healthy/healthy_1828.jpg,Healthy
/Users/thun/Desktop/cauliflower_training/cali/Bacterial Soft Rot/bacterial_soft_rot_1027.jpg,Bacterial Soft Rot
/Users/thun/Desktop/cauliflower_training/cali/Black Rot/black_rot_338.png,Black Rot
/Users/thun/Desktop/cauliflower_training/cali/Downy Mildew/downy_mildew_0797.jpg,Downy Mildew
/Users/thun/Desktop/cauliflower_training/cali/Downy Mildew/downy_mildew_0544.png,Downy Mildew
/Users/thun/Desktop/cauliflower_training/cali/Healthy/healthy_1757.jpg,Healthy
/Users/thun/Desktop/cauliflower_training/cali/Alternaria Leaf Spot/alternaria_leaf_spot_0263.jpeg,Alternaria Leaf Spot
/Users/thun/Desktop/cauliflower_training/cali/Healthy/healthy_2094.jpg,Healthy
/Users/thun/Desktop/cauliflower_training/cali/Alternaria Leaf Spot/alternaria_leaf_spot_0531.jpg,Alternaria Leaf Spot
/Users/thun/Desktop/cauliflower_training/cali/Alternaria Leaf Spot/alternaria_leaf_spot_1348.jpg,Alternaria Leaf Spot
/Users/thun/Desktop/cauliflower_training/cali/Bacterial Soft Rot/bacterial_soft_rot_0247.jpg,Bacterial Soft Rot
/Users/thun/Desktop/cauliflower_training/cali/Bacterial Soft Rot/bacterial_soft_rot_0186.jpeg,Bacterial Soft Rot
/Users/thun/Desktop/cauliflower_training/cali/Healthy/healthy_0494.png,Healthy
/Users/thun/Desktop/cauliflower_training/cali/Healthy/healthy_2737.jpg,Healthy
/Users/thun/Desktop/cauliflower_training/cali/Healthy/healthy_2910.jpg,Healthy
/Users/thun/Desktop/cauliflower_training/cali/Downy Mildew/downy_mildew_0424.png,Downy Mildew
/Users/thun/Desktop/cauliflower_training/cali/Downy Mildew/downy_mildew_0162.png,Downy Mildew
/Users/thun/Desktop/cauliflower_training/cali/Healthy/healthy_1807.jpg,Healthy
/Users/thun/Desktop/cauliflower_training/cali/Healthy/healthy_2550.jpg,Healthy
/Users/thun/Desktop/cauliflower_training/cali/Healthy/healthy_1399.jpg,Healthy
/Users/thun/Desktop/cauliflower_training/cali/Downy Mildew/downy_mildew_0082.png,Downy Mildew
/Users/thun/Desktop/cauliflower_training/cali/Healthy/healthy_2998.jpg,Healthy
/Users/thun/Desktop/cauliflower_training/cali/Black Rot/black_rot_679.png,Black Rot
/Users/thun/Desktop/cauliflower_training/cali/Black Rot/black_rot_387.png,Black Rot
/Users/thun/Desktop/cauliflower_training/cali/Bacterial Soft Rot/bacterial_soft_rot_1290.jpg,Bacterial Soft Rot
/Users/thun/Desktop/cauliflower_training/cali/Healthy/healthy_1826.jpg,Healthy
/Users/thun/Desktop/cauliflower_training/cali/Healthy/healthy_2713.jpg,Healthy
/Users/thun/Desktop/cauliflower_training/cali/Healthy/healthy_2615.jpg,Healthy
/Users/thun/Desktop/cauliflower_training/cali/Black Rot/black_rot_789.jpeg,Black Rot
/Users/thun/Desktop/cauliflower_training/cali/Healthy/healthy_2400.jpg,Healthy
/Users/thun/Desktop/cauliflower_training/cali/Healthy/healthy_0677.png,Healthy
/Users/thun/Desktop/cauliflower_training/cali/Alternaria Leaf Spot/alternaria_leaf_spot_0543.jpg,Alternaria Leaf Spot
/Users/thun/Desktop/cauliflower_training/cali/Downy Mildew/downy_mildew_0366.png,Downy Mildew
/Users/thun/Desktop/cauliflower_training/cali/Downy Mildew/downy_mildew_0389.png,Downy Mildew
/Users/thun/Desktop/cauliflower_training/cali/Healthy/healthy_1478.png,Healthy
/Users/thun/Desktop/cauliflower_training/cali/Healthy/healthy_0264.png,Healthy
/Users/thun/Desktop/cauliflower_training/cali/Healthy/healthy_0253.png,Healthy
/Users/thun/Desktop/cauliflower_training/cali/Alternaria Leaf Spot/alternaria_leaf_spot_0228.jpeg,Alternaria Leaf Spot
/Users/thun/Desktop/cauliflower_training/cali/Black Rot/black_rot_370.png,Black Rot
/Users/thun/Desktop/cauliflower_training/cali/Downy Mildew/downy_mildew_1237.jpg,Downy Mildew
/Users/thun/Desktop/cauliflower_training/cali/Healthy/healthy_2103.jpg,Healthy
/Users/thun/Desktop/cauliflower_training/cali/Healthy/healthy_2080.jpg,Healthy
/Users/thun/Desktop/cauliflower_training/cali/Alternaria Leaf Spot/alternaria_leaf_spot_0058.jpeg,Alternaria Leaf Spot
/Users/thun/Desktop/cauliflower_training/cali/Alternaria Leaf Spot/alternaria_leaf_spot_0448.jpg,Alternaria Leaf Spot
/Users/thun/Desktop/cauliflower_training/cali/Healthy/healthy_1974.jpg,Healthy
/Users/thun/Desktop/cauliflower_training/cali/Downy Mildew/downy_mildew_1135.jpg,Downy Mildew
/Users/thun/Desktop/cauliflower_training/cali/Bacterial Soft Rot/bacterial_soft_rot_0977.jpg,Bacterial Soft Rot
/Users/thun/Desktop/cauliflower_training/cali/Alternaria Leaf Spot/alternaria_leaf_spot_0767.jpg,Alternaria Leaf Spot
/Users/thun/Desktop/cauliflower_training/cali/Healthy/healthy_0047.png,Healthy
/Users/thun/Desktop/cauliflower_training/cali/Healthy/healthy_2957.jpeg,Healthy
/Users/thun/Desktop/cauliflower_training/cali/Alternaria Leaf Spot/alternaria_leaf_spot_1297.jpg,Alternaria Leaf Spot
/Users/thun/Desktop/cauliflower_training/cali/Black Rot/black_rot_704.jpg,Black Rot
/Users/thun/Desktop/cauliflower_training/cali/Alternaria Leaf Spot/alternaria_leaf_spot_0721.jpg,Alternaria Leaf Spot
/Users/thun/Desktop/cauliflower_training/cali/Healthy/healthy_0773.jpeg,Healthy
/Users/thun/Desktop/cauliflower_training/cali/Bacterial Soft Rot/bacterial_soft_rot_0211.jpg,Bacterial Soft Rot
/Users/thun/Desktop/cauliflower_training/cali/Alternaria Leaf Spot/alternaria_leaf_spot_0869.jpg,Alternaria Leaf Spot
/Users/thun/Desktop/cauliflower_training/cali/Downy Mildew/downy_mildew_1113.jpeg,Downy Mildew
/Users/thun/Desktop/cauliflower_training/cali/Healthy/healthy_2770.jpg,Healthy
/Users/thun/Desktop/cauliflower_training/cali/Healthy/healthy_1016.jpeg,Healthy
/Users/thun/Desktop/cauliflower_training/cali/Healthy/healthy_1769.jpg,Healthy
/Users/thun/Desktop/cauliflower_training/cali/Downy Mildew/downy_mildew_0520.png,Downy Mildew
/Users/thun/Desktop/cauliflower_training/cali/Healthy/healthy_0313.png,Healthy
/Users/thun/Desktop/cauliflower_training/cali/Alternaria Leaf Spot/alternaria_leaf_spot_0098.jpeg,Alternaria Leaf Spot
/Users/thun/Desktop/cauliflower_training/cali/Healthy/healthy_1394.png,Healthy
/Users/thun/Desktop/cauliflower_training/cali/Bacterial Soft Rot/bacterial_soft_rot_1243.jpg,Bacterial Soft Rot
/Users/thun/Desktop/cauliflower_training/cali/Downy Mildew/downy_mildew_0468.png,Downy Mildew
/Users/thun/Desktop/cauliflower_training/cali/Healthy/healthy_0813.jpg,Healthy
/Users/thun/Desktop/cauliflower_training/cali/Healthy/healthy_1108.jpg,Healthy
/Users/thun/Desktop/cauliflower_training/cali/Bacterial Soft Rot/bacterial_soft_rot_1309.jpg,Bacterial Soft Rot
/Users/thun/Desktop/cauliflower_training/cali/Healthy/healthy_2340.jpg,Healthy
/Users/thun/Desktop/cauliflower_training/cali/Black Rot/black_rot_090.png,Black Rot
/Users/thun/Desktop/cauliflower_training/cali/Alternaria Leaf Spot/alternaria_leaf_spot_0356.jpg,Alternaria Leaf Spot
/Users/thun/Desktop/cauliflower_training/cali/Healthy/healthy_0894.jpg,Healthy
/Users/thun/Desktop/cauliflower_training/cali/Healthy/healthy_0309.png,Healthy
/Users/thun/Desktop/cauliflower_training/cali/Bacterial Soft Rot/bacterial_soft_rot_1253.jpg,Bacterial Soft Rot
/Users/thun/Desktop/cauliflower_training/cali/Healthy/healthy_1647.jpg,Healthy
/Users/thun/Desktop/cauliflower_training/cali/Black Rot/black_rot_134.png,Black Rot
/Users/thun/Desktop/cauliflower_training/cali/Healthy/healthy_2442.jpg,Healthy
/Users/thun/Desktop/cauliflower_training/cali/Healthy/healthy_0994.jpeg,Healthy
/Users/thun/Desktop/cauliflower_training/cali/Healthy/healthy_0026.png,Healthy
/Users/thun/Desktop/cauliflower_training/cali/Healthy/healthy_2959.jpg,Healthy
/Users/thun/Desktop/cauliflower_training/cali/Healthy/healthy_1250.jpg,Healthy
/Users/thun/Desktop/cauliflower_training/cali/Healthy/healthy_0390.png,Healthy
/Users/thun/Desktop/cauliflower_training/cali/Alternaria Leaf Spot/alternaria_leaf_spot_0424.jpg,Alternaria Leaf Spot
/Users/thun/Desktop/cauliflower_training/cali/Healthy/healthy_1165.jpg,Healthy
/Users/thun/Desktop/cauliflower_training/cali/Healthy/healthy_0671.png,Healthy
/Users/thun/Desktop/cauliflower_training/cali/Healthy/healthy_1296.jpg,Healthy
/Users/thun/Desktop/cauliflower_training/cali/Bacterial Soft Rot/bacterial_soft_rot_0734.jpg,Bacterial Soft Rot
/Users/thun/Desktop/cauliflower_training/cali/Bacterial Soft Rot/bacterial_soft_rot_0497.jpg,Bacterial Soft Rot
/Users/thun/Desktop/cauliflower_training/cali/Healthy/healthy_2239.jpg,Healthy
/Users/thun/Desktop/cauliflower_training/cali/Healthy/healthy_0214.png,Healthy
/Users/thun/Desktop/cauliflower_training/cali/Downy Mildew/downy_mildew_1134.jpeg,Downy Mildew
/Users/thun/Desktop/cauliflower_training/cali/Alternaria Leaf Spot/alternaria_leaf_spot_0848.jpg,Alternaria Leaf Spot
/Users/thun/Desktop/cauliflower_training/cali/Healthy/healthy_0893.jpeg,Healthy
/Users/thun/Desktop/cauliflower_training/cali/Bacterial Soft Rot/bacterial_soft_rot_0773.jpg,Bacterial Soft Rot
/Users/thun/Desktop/cauliflower_training/cali/Healthy/healthy_2448.jpg,Healthy
/Users/thun/Desktop/cauliflower_training/cali/Downy Mildew/downy_mildew_0970.jpeg,Downy Mildew
/Users/thun/Desktop/cauliflower_training/cali/Alternaria Leaf Spot/alternaria_leaf_spot_1405.jpg,Alternaria Leaf Spot
/Users/thun/Desktop/cauliflower_training/cali/Healthy/healthy_3137.jpeg,Healthy
/Users/thun/Desktop/cauliflower_training/cali/Healthy/healthy_0663.png,Healthy
/Users/thun/Desktop/cauliflower_training/cali/Alternaria Leaf Spot/alternaria_leaf_spot_1282.jpg,Alternaria Leaf Spot
/Users/thun/Desktop/cauliflower_training/cali/Black Rot/black_rot_544.png,Black Rot
/Users/thun/Desktop/cauliflower_training/cali/Healthy/healthy_2071.jpg,Healthy
/Users/thun/Desktop/cauliflower_training/cali/Healthy/healthy_2215.jpg,Healthy
/Users/thun/Desktop/cauliflower_training/cali/Healthy/healthy_1704.jpg,Healthy
/Users/thun/Desktop/cauliflower_training/cali/Bacterial Soft Rot/bacterial_soft_rot_0321.jpg,Bacterial Soft Rot
/Users/thun/Desktop/cauliflower_training/cali/Healthy/healthy_0019.png,Healthy
/Users/thun/Desktop/cauliflower_training/cali/Alternaria Leaf Spot/alternaria_leaf_spot_0126.jpg,Alternaria Leaf Spot
/Users/thun/Desktop/cauliflower_training/cali/Alternaria Leaf Spot/alternaria_leaf_spot_0634.jpg,Alternaria Leaf Spot
/Users/thun/Desktop/cauliflower_training/cali/Black Rot/black_rot_266.png,Black Rot
/Users/thun/Desktop/cauliflower_training/cali/Bacterial Soft Rot/bacterial_soft_rot_0913.jpg,Bacterial Soft Rot
/Users/thun/Desktop/cauliflower_training/cali/Bacterial Soft Rot/bacterial_soft_rot_1322.jpg,Bacterial Soft Rot
/Users/thun/Desktop/cauliflower_training/cali/Bacterial Soft Rot/bacterial_soft_rot_0568.jpg,Bacterial Soft Rot
/Users/thun/Desktop/cauliflower_training/cali/Alternaria Leaf Spot/alternaria_leaf_spot_0809.jpg,Alternaria Leaf Spot
/Users/thun/Desktop/cauliflower_training/cali/Bacterial Soft Rot/bacterial_soft_rot_1345.jpg,Bacterial Soft Rot
/Users/thun/Desktop/cauliflower_training/cali/Healthy/healthy_2801.jpg,Healthy
/Users/thun/Desktop/cauliflower_training/cali/Healthy/healthy_2389.jpg,Healthy
/Users/thun/Desktop/cauliflower_training/cali/Downy Mildew/downy_mildew_0717.jpg,Downy Mildew
/Users/thun/Desktop/cauliflower_training/cali/Downy Mildew/downy_mildew_0934.jpeg,Downy Mildew
/Users/thun/Desktop/cauliflower_training/cali/Healthy/healthy_2488.jpg,Healthy
/Users/thun/Desktop/cauliflower_training/cali/Healthy/healthy_1121.jpg,Healthy
/Users/thun/Desktop/cauliflower_training/cali/Healthy/healthy_0554.png,Healthy
/Users/thun/Desktop/cauliflower_training/cali/Bacterial Soft Rot/bacterial_soft_rot_0442.jpg,Bacterial Soft Rot
/Users/thun/Desktop/cauliflower_training/cali/Healthy/healthy_0723.jpeg,Healthy
/Users/thun/Desktop/cauliflower_training/cali/Black Rot/black_rot_443.png,Black Rot
/Users/thun/Desktop/cauliflower_training/cali/Healthy/healthy_1894.jpg,Healthy
/Users/thun/Desktop/cauliflower_training/cali/Bacterial Soft Rot/bacterial_soft_rot_0677.jpg,Bacterial Soft Rot
/Users/thun/Desktop/cauliflower_training/cali/Alternaria Leaf Spot/alternaria_leaf_spot_0662.jpg,Alternaria Leaf Spot
/Users/thun/Desktop/cauliflower_training/cali/Alternaria Leaf Spot/alternaria_leaf_spot_0415.jpg,Alternaria Leaf Spot
/Users/thun/Desktop/cauliflower_training/cali/Black Rot/black_rot_685.png,Black Rot
/Users/thun/Desktop/cauliflower_training/cali/Downy Mildew/downy_mildew_0944.jpeg,Downy Mildew
/Users/thun/Desktop/cauliflower_training/cali/Healthy/healthy_2849.jpg,Healthy
/Users/thun/Desktop/cauliflower_training/cali/Black Rot/black_rot_108.png,Black Rot
/Users/thun/Desktop/cauliflower_training/cali/Healthy/healthy_2421.jpg,Healthy
/Users/thun/Desktop/cauliflower_training/cali/Healthy/healthy_0328.png,Healthy
/Users/thun/Desktop/cauliflower_training/cali/Bacterial Soft Rot/bacterial_soft_rot_0942.jpg,Bacterial Soft Rot
/Users/thun/Desktop/cauliflower_training/cali/Downy Mildew/downy_mildew_1094.jpg,Downy Mildew
/Users/thun/Desktop/cauliflower_training/cali/Alternaria Leaf Spot/alternaria_leaf_spot_0911.jpg,Alternaria Leaf Spot
/Users/thun/Desktop/cauliflower_training/cali/Bacterial Soft Rot/bacterial_soft_rot_0504.jpg,Bacterial Soft Rot
/Users/thun/Desktop/cauliflower_training/cali/Healthy/healthy_0363.png,Healthy
/Users/thun/Desktop/cauliflower_training/cali/Alternaria Leaf Spot/alternaria_leaf_spot_0935.jpg,Alternaria Leaf Spot
/Users/thun/Desktop/cauliflower_training/cali/Alternaria Leaf Spot/alternaria_leaf_spot_0768.jpg,Alternaria Leaf Spot
/Users/thun/Desktop/cauliflower_training/cali/Black Rot/black_rot_227.png,Black Rot
/Users/thun/Desktop/cauliflower_training/cali/Alternaria Leaf Spot/alternaria_leaf_spot_0924.jpg,Alternaria Leaf Spot
/Users/thun/Desktop/cauliflower_training/cali/Bacterial Soft Rot/bacterial_soft_rot_1011.jpg,Bacterial Soft Rot
/Users/thun/Desktop/cauliflower_training/cali/Bacterial Soft Rot/bacterial_soft_rot_0265.jpg,Bacterial Soft Rot
/Users/thun/Desktop/cauliflower_training/cali/Healthy/healthy_0454.png,Healthy
/Users/thun/Desktop/cauliflower_training/cali/Black Rot/black_rot_021.png,Black Rot
/Users/thun/Desktop/cauliflower_training/cali/Downy Mildew/downy_mildew_0566.png,Downy Mildew
/Users/thun/Desktop/cauliflower_training/cali/Black Rot/black_rot_484.png,Black Rot
/Users/thun/Desktop/cauliflower_training/cali/Healthy/healthy_2262.jpg,Healthy
/Users/thun/Desktop/cauliflower_training/cali/Black Rot/black_rot_710.jpg,Black Rot
/Users/thun/Desktop/cauliflower_training/cali/Downy Mildew/downy_mildew_0830.jpeg,Downy Mildew
/Users/thun/Desktop/cauliflower_training/cali/Healthy/healthy_2571.jpg,Healthy
/Users/thun/Desktop/cauliflower_training/cali/Bacterial Soft Rot/bacterial_soft_rot_0044.jpeg,Bacterial Soft Rot
/Users/thun/Desktop/cauliflower_training/cali/Alternaria Leaf Spot/alternaria_leaf_spot_1391.jpg,Alternaria Leaf Spot
/Users/thun/Desktop/cauliflower_training/cali/Bacterial Soft Rot/bacterial_soft_rot_0614.jpg,Bacterial Soft Rot
/Users/thun/Desktop/cauliflower_training/cali/Downy Mildew/downy_mildew_0890.jpeg,Downy Mildew
/Users/thun/Desktop/cauliflower_training/cali/Healthy/healthy_2807.jpg,Healthy
/Users/thun/Desktop/cauliflower_training/cali/Alternaria Leaf Spot/alternaria_leaf_spot_0595.jpg,Alternaria Leaf Spot
/Users/thun/Desktop/cauliflower_training/cali/Bacterial Soft Rot/bacterial_soft_rot_0586.jpg,Bacterial Soft Rot
/Users/thun/Desktop/cauliflower_training/cali/Bacterial Soft Rot/bacterial_soft_rot_0600.jpg,Bacterial Soft Rot
/Users/thun/Desktop/cauliflower_training/cali/Black Rot/black_rot_214.png,Black Rot
/Users/thun/Desktop/cauliflower_training/cali/Healthy/healthy_0951.jpeg,Healthy
/Users/thun/Desktop/cauliflower_training/cali/Healthy/healthy_1500.jpeg,Healthy
/Users/thun/Desktop/cauliflower_training/cali/Bacterial Soft Rot/bacterial_soft_rot_1118.jpg,Bacterial Soft Rot
/Users/thun/Desktop/cauliflower_training/cali/Alternaria Leaf Spot/alternaria_leaf_spot_0973.jpg,Alternaria Leaf Spot
/Users/thun/Desktop/cauliflower_training/cali/Healthy/healthy_1521.jpeg,Healthy
/Users/thun/Desktop/cauliflower_training/cali/Healthy/healthy_0615.png,Healthy
/Users/thun/Desktop/cauliflower_training/cali/Downy Mildew/downy_mildew_0937.jpg,Downy Mildew
/Users/thun/Desktop/cauliflower_training/cali/Healthy/healthy_1794.jpg,Healthy
/Users/thun/Desktop/cauliflower_training/cali/Healthy/healthy_2869.jpg,Healthy
/Users/thun/Desktop/cauliflower_training/cali/Healthy/healthy_3160.jpg,Healthy
/Users/thun/Desktop/cauliflower_training/cali/Healthy/healthy_3085.jpg,Healthy
/Users/thun/Desktop/cauliflower_training/cali/Bacterial Soft Rot/bacterial_soft_rot_1216.jpg,Bacterial Soft Rot
/Users/thun/Desktop/cauliflower_training/cali/Healthy/healthy_0367.png,Healthy
/Users/thun/Desktop/cauliflower_training/cali/Bacterial Soft Rot/bacterial_soft_rot_1166.jpg,Bacterial Soft Rot
/Users/thun/Desktop/cauliflower_training/cali/Healthy/healthy_2547.jpg,Healthy
/Users/thun/Desktop/cauliflower_training/cali/Alternaria Leaf Spot/alternaria_leaf_spot_1332.jpg,Alternaria Leaf Spot
/Users/thun/Desktop/cauliflower_training/cali/Bacterial Soft Rot/bacterial_soft_rot_1275.jpg,Bacterial Soft Rot
/Users/thun/Desktop/cauliflower_training/cali/Healthy/healthy_2193.jpg,Healthy
/Users/thun/Desktop/cauliflower_training/cali/Bacterial Soft Rot/bacterial_soft_rot_0460.jpg,Bacterial Soft Rot
/Users/thun/Desktop/cauliflower_training/cali/Healthy/healthy_0844.jpeg,Healthy
/Users/thun/Desktop/cauliflower_training/cali/Bacterial Soft Rot/bacterial_soft_rot_1247.jpg,Bacterial Soft Rot
/Users/thun/Desktop/cauliflower_training/cali/Healthy/healthy_1586.png,Healthy
/Users/thun/Desktop/cauliflower_training/cali/Healthy/healthy_2828.jpg,Healthy
/Users/thun/Desktop/cauliflower_training/cali/Alternaria Leaf Spot/alternaria_leaf_spot_0805.jpg,Alternaria Leaf Spot
/Users/thun/Desktop/cauliflower_training/cali/Bacterial Soft Rot/bacterial_soft_rot_0394.jpg,Bacterial Soft Rot
/Users/thun/Desktop/cauliflower_training/cali/Alternaria Leaf Spot/alternaria_leaf_spot_0528.jpg,Alternaria Leaf Spot
/Users/thun/Desktop/cauliflower_training/cali/Downy Mildew/downy_mildew_0262.png,Downy Mildew
/Users/thun/Desktop/cauliflower_training/cali/Healthy/healthy_2005.jpg,Healthy
/Users/thun/Desktop/cauliflower_training/cali/Alternaria Leaf Spot/alternaria_leaf_spot_0186.jpeg,Alternaria Leaf Spot
/Users/thun/Desktop/cauliflower_training/cali/Healthy/healthy_0599.png,Healthy
/Users/thun/Desktop/cauliflower_training/cali/Bacterial Soft Rot/bacterial_soft_rot_0663.jpg,Bacterial Soft Rot
/Users/thun/Desktop/cauliflower_training/cali/Healthy/healthy_2529.jpg,Healthy
/Users/thun/Desktop/cauliflower_training/cali/Healthy/healthy_0499.png,Healthy
/Users/thun/Desktop/cauliflower_training/cali/Bacterial Soft Rot/bacterial_soft_rot_0964.jpg,Bacterial Soft Rot
/Users/thun/Desktop/cauliflower_training/cali/Healthy/healthy_2985.jpg,Healthy
/Users/thun/Desktop/cauliflower_training/cali/Healthy/healthy_2976.jpg,Healthy
/Users/thun/Desktop/cauliflower_training/cali/Downy Mildew/downy_mildew_0403.png,Downy Mildew
/Users/thun/Desktop/cauliflower_training/cali/Downy Mildew/downy_mildew_1044.jpg,Downy Mildew
/Users/thun/Desktop/cauliflower_training/cali/Bacterial Soft Rot/bacterial_soft_rot_1303.jpg,Bacterial Soft Rot
/Users/thun/Desktop/cauliflower_training/cali/Downy Mildew/downy_mildew_1106.jpg,Downy Mildew
/Users/thun/Desktop/cauliflower_training/cali/Healthy/healthy_0263.png,Healthy
/Users/thun/Desktop/cauliflower_training/cali/Downy Mildew/downy_mildew_0780.jpeg,Downy Mildew
/Users/thun/Desktop/cauliflower_training/cali/Bacterial Soft Rot/bacterial_soft_rot_0024.jpg,Bacterial Soft Rot
/Users/thun/Desktop/cauliflower_training/cali/Bacterial Soft Rot/bacterial_soft_rot_0299.jpg,Bacterial Soft Rot
/Users/thun/Desktop/cauliflower_training/cali/Healthy/healthy_1193.jpg,Healthy
/Users/thun/Desktop/cauliflower_training/cali/Healthy/healthy_0286.png,Healthy
/Users/thun/Desktop/cauliflower_training/cali/Healthy/healthy_0703.png,Healthy
/Users/thun/Desktop/cauliflower_training/cali/Black Rot/black_rot_305.png,Black Rot
/Users/thun/Desktop/cauliflower_training/cali/Alternaria Leaf Spot/alternaria_leaf_spot_0472.jpg,Alternaria Leaf Spot
/Users/thun/Desktop/cauliflower_training/cali/Healthy/healthy_1006.jpeg,Healthy
/Users/thun/Desktop/cauliflower_training/cali/Alternaria Leaf Spot/alternaria_leaf_spot_0312.jpg,Alternaria Leaf Spot
/Users/thun/Desktop/cauliflower_training/cali/Downy Mildew/downy_mildew_0161.png,Downy Mildew
/Users/thun/Desktop/cauliflower_training/cali/Alternaria Leaf Spot/alternaria_leaf_spot_0940.jpg,Alternaria Leaf Spot
/Users/thun/Desktop/cauliflower_training/cali/Bacterial Soft Rot/bacterial_soft_rot_0403.jpg,Bacterial Soft Rot
/Users/thun/Desktop/cauliflower_training/cali/Bacterial Soft Rot/bacterial_soft_rot_0402.jpg,Bacterial Soft Rot
/Users/thun/Desktop/cauliflower_training/cali/Healthy/healthy_2690.jpg,Healthy
/Users/thun/Desktop/cauliflower_training/cali/Healthy/healthy_0097.png,Healthy
/Users/thun/Desktop/cauliflower_training/cali/Black Rot/black_rot_183.png,Black Rot
/Users/thun/Desktop/cauliflower_training/cali/Alternaria Leaf Spot/alternaria_leaf_spot_0799.jpg,Alternaria Leaf Spot
/Users/thun/Desktop/cauliflower_training/cali/Alternaria Leaf Spot/alternaria_leaf_spot_0703.jpg,Alternaria Leaf Spot
/Users/thun/Desktop/cauliflower_training/cali/Healthy/healthy_2810.jpg,Healthy
/Users/thun/Desktop/cauliflower_training/cali/Black Rot/black_rot_357.png,Black Rot
/Users/thun/Desktop/cauliflower_training/cali/Downy Mildew/downy_mildew_0164.png,Downy Mildew
/Users/thun/Desktop/cauliflower_training/cali/Healthy/healthy_2109.jpg,Healthy
/Users/thun/Desktop/cauliflower_training/cali/Healthy/healthy_1674.jpg,Healthy
/Users/thun/Desktop/cauliflower_training/cali/Black Rot/black_rot_248.png,Black Rot
/Users/thun/Desktop/cauliflower_training/cali/Black Rot/black_rot_665.png,Black Rot
/Users/thun/Desktop/cauliflower_training/cali/Bacterial Soft Rot/bacterial_soft_rot_0988.jpg,Bacterial Soft Rot
/Users/thun/Desktop/cauliflower_training/cali/Healthy/healthy_0872.jpeg,Healthy
/Users/thun/Desktop/cauliflower_training/cali/Healthy/healthy_2416.jpg,Healthy
/Users/thun/Desktop/cauliflower_training/cali/Alternaria Leaf Spot/alternaria_leaf_spot_0050.jpeg,Alternaria Leaf Spot
/Users/thun/Desktop/cauliflower_training/cali/Alternaria Leaf Spot/alternaria_leaf_spot_1206.jpg,Alternaria Leaf Spot
/Users/thun/Desktop/cauliflower_training/cali/Alternaria Leaf Spot/alternaria_leaf_spot_0433.jpg,Alternaria Leaf Spot
/Users/thun/Desktop/cauliflower_training/cali/Bacterial Soft Rot/bacterial_soft_rot_0711.jpg,Bacterial Soft Rot
/Users/thun/Desktop/cauliflower_training/cali/Alternaria Leaf Spot/alternaria_leaf_spot_1019.jpg,Alternaria Leaf Spot
/Users/thun/Desktop/cauliflower_training/cali/Downy Mildew/downy_mildew_0778.jpeg,Downy Mildew
/Users/thun/Desktop/cauliflower_training/cali/Bacterial Soft Rot/bacterial_soft_rot_0959.jpg,Bacterial Soft Rot
/Users/thun/Desktop/cauliflower_training/cali/Healthy/healthy_1809.jpg,Healthy
/Users/thun/Desktop/cauliflower_training/cali/Healthy/healthy_2679.jpg,Healthy
/Users/thun/Desktop/cauliflower_training/cali/Downy Mildew/downy_mildew_0128.png,Downy Mildew
/Users/thun/Desktop/cauliflower_training/cali/Healthy/healthy_0631.png,Healthy
/Users/thun/Desktop/cauliflower_training/cali/Healthy/healthy_0301.png,Healthy
/Users/thun/Desktop/cauliflower_training/cali/Bacterial Soft Rot/bacterial_soft_rot_0590.jpg,Bacterial Soft Rot
/Users/thun/Desktop/cauliflower_training/cali/Healthy/healthy_1015.jpeg,Healthy
/Users/thun/Desktop/cauliflower_training/cali/Downy Mildew/downy_mildew_0387.png,Downy Mildew
/Users/thun/Desktop/cauliflower_training/cali/Healthy/healthy_2115.jpg,Healthy
/Users/thun/Desktop/cauliflower_training/cali/Black Rot/black_rot_367.png,Black Rot
/Users/thun/Desktop/cauliflower_training/cali/Healthy/healthy_3065.jpeg,Healthy
/Users/thun/Desktop/cauliflower_training/cali/Healthy/healthy_2569.jpg,Healthy
/Users/thun/Desktop/cauliflower_training/cali/Alternaria Leaf Spot/alternaria_leaf_spot_1145.jpg,Alternaria Leaf Spot
/Users/thun/Desktop/cauliflower_training/cali/Alternaria Leaf Spot/alternaria_leaf_spot_0904.jpg,Alternaria Leaf Spot
/Users/thun/Desktop/cauliflower_training/cali/Healthy/healthy_2014.jpg,Healthy
/Users/thun/Desktop/cauliflower_training/cali/Healthy/healthy_0257.png,Healthy
/Users/thun/Desktop/cauliflower_training/cali/Bacterial Soft Rot/bacterial_soft_rot_0053.jpeg,Bacterial Soft Rot
/Users/thun/Desktop/cauliflower_training/cali/Black Rot/black_rot_256.png,Black Rot
/Users/thun/Desktop/cauliflower_training/cali/Alternaria Leaf Spot/alternaria_leaf_spot_0015.jpeg,Alternaria Leaf Spot
/Users/thun/Desktop/cauliflower_training/cali/Healthy/healthy_1019.jpeg,Healthy
/Users/thun/Desktop/cauliflower_training/cali/Bacterial Soft Rot/bacterial_soft_rot_1349.jpg,Bacterial Soft Rot
/Users/thun/Desktop/cauliflower_training/cali/Alternaria Leaf Spot/alternaria_leaf_spot_1082.jpg,Alternaria Leaf Spot
/Users/thun/Desktop/cauliflower_training/cali/Healthy/healthy_3051.jpg,Healthy
/Users/thun/Desktop/cauliflower_training/cali/Downy Mildew/downy_mildew_0482.png,Downy Mildew
/Users/thun/Desktop/cauliflower_training/cali/Downy Mildew/downy_mildew_0526.png,Downy Mildew
/Users/thun/Desktop/cauliflower_training/cali/Healthy/healthy_0937.jpeg,Healthy
/Users/thun/Desktop/cauliflower_training/cali/Bacterial Soft Rot/bacterial_soft_rot_1231.jpg,Bacterial Soft Rot
/Users/thun/Desktop/cauliflower_training/cali/Downy Mildew/downy_mildew_0655.png,Downy Mildew
/Users/thun/Desktop/cauliflower_training/cali/Healthy/healthy_2417.jpg,Healthy
/Users/thun/Desktop/cauliflower_training/cali/Bacterial Soft Rot/bacterial_soft_rot_0049.jpeg,Bacterial Soft Rot
/Users/thun/Desktop/cauliflower_training/cali/Bacterial Soft Rot/bacterial_soft_rot_0196.jpeg,Bacterial Soft Rot
/Users/thun/Desktop/cauliflower_training/cali/Black Rot/black_rot_750.jpg,Black Rot
/Users/thun/Desktop/cauliflower_training/cali/Black Rot/black_rot_634.png,Black Rot
/Users/thun/Desktop/cauliflower_training/cali/Healthy/healthy_2771.jpg,Healthy
/Users/thun/Desktop/cauliflower_training/cali/Alternaria Leaf Spot/alternaria_leaf_spot_1312.jpg,Alternaria Leaf Spot
/Users/thun/Desktop/cauliflower_training/cali/Alternaria Leaf Spot/alternaria_leaf_spot_0288.jpeg,Alternaria Leaf Spot
/Users/thun/Desktop/cauliflower_training/cali/Healthy/healthy_0058.png,Healthy
/Users/thun/Desktop/cauliflower_training/cali/Bacterial Soft Rot/bacterial_soft_rot_0213.jpg,Bacterial Soft Rot
/Users/thun/Desktop/cauliflower_training/cali/Downy Mildew/downy_mildew_0046.png,Downy Mildew
/Users/thun/Desktop/cauliflower_training/cali/Black Rot/black_rot_296.png,Black Rot
/Users/thun/Desktop/cauliflower_training/cali/Healthy/healthy_0925.jpeg,Healthy
/Users/thun/Desktop/cauliflower_training/cali/Alternaria Leaf Spot/alternaria_leaf_spot_0777.jpg,Alternaria Leaf Spot
/Users/thun/Desktop/cauliflower_training/cali/Black Rot/black_rot_224.png,Black Rot
/Users/thun/Desktop/cauliflower_training/cali/Black Rot/black_rot_791.jpeg,Black Rot
/Users/thun/Desktop/cauliflower_training/cali/Healthy/healthy_2107.jpg,Healthy
/Users/thun/Desktop/cauliflower_training/cali/Black Rot/black_rot_233.png,Black Rot
/Users/thun/Desktop/cauliflower_training/cali/Healthy/healthy_2572.jpg,Healthy
/Users/thun/Desktop/cauliflower_training/cali/Bacterial Soft Rot/bacterial_soft_rot_0169.jpeg,Bacterial Soft Rot
/Users/thun/Desktop/cauliflower_training/cali/Bacterial Soft Rot/bacterial_soft_rot_0531.jpg,Bacterial Soft Rot
/Users/thun/Desktop/cauliflower_training/cali/Alternaria Leaf Spot/alternaria_leaf_spot_0420.jpg,Alternaria Leaf Spot
/Users/thun/Desktop/cauliflower_training/cali/Black Rot/black_rot_276.png,Black Rot
/Users/thun/Desktop/cauliflower_training/cali/Healthy/healthy_1109.jpg,Healthy
/Users/thun/Desktop/cauliflower_training/cali/Bacterial Soft Rot/bacterial_soft_rot_0273.jpg,Bacterial Soft Rot
/Users/thun/Desktop/cauliflower_training/cali/Healthy/healthy_2385.jpg,Healthy
/Users/thun/Desktop/cauliflower_training/cali/Downy Mildew/downy_mildew_0016.png,Downy Mildew
/Users/thun/Desktop/cauliflower_training/cali/Healthy/healthy_2091.jpg,Healthy
/Users/thun/Desktop/cauliflower_training/cali/Downy Mildew/downy_mildew_0080.png,Downy Mildew
/Users/thun/Desktop/cauliflower_training/cali/Downy Mildew/downy_mildew_0146.png,Downy Mildew
/Users/thun/Desktop/cauliflower_training/cali/Bacterial Soft Rot/bacterial_soft_rot_0836.jpg,Bacterial Soft Rot
/Users/thun/Desktop/cauliflower_training/cali/Healthy/healthy_3099.jpg,Healthy
/Users/thun/Desktop/cauliflower_training/cali/Healthy/healthy_1569.jpeg,Healthy
/Users/thun/Desktop/cauliflower_training/cali/Downy Mildew/downy_mildew_0615.png,Downy Mildew
/Users/thun/Desktop/cauliflower_training/cali/Bacterial Soft Rot/bacterial_soft_rot_0892.jpg,Bacterial Soft Rot
/Users/thun/Desktop/cauliflower_training/cali/Healthy/healthy_2062.jpg,Healthy
/Users/thun/Desktop/cauliflower_training/cali/Bacterial Soft Rot/bacterial_soft_rot_1248.jpg,Bacterial Soft Rot
/Users/thun/Desktop/cauliflower_training/cali/Bacterial Soft Rot/bacterial_soft_rot_0220.jpg,Bacterial Soft Rot
/Users/thun/Desktop/cauliflower_training/cali/Healthy/healthy_0998.jpeg,Healthy
/Users/thun/Desktop/cauliflower_training/cali/Downy Mildew/downy_mildew_0084.png,Downy Mildew
/Users/thun/Desktop/cauliflower_training/cali/Bacterial Soft Rot/bacterial_soft_rot_0461.jpg,Bacterial Soft Rot
/Users/thun/Desktop/cauliflower_training/cali/Black Rot/black_rot_318.png,Black Rot
/Users/thun/Desktop/cauliflower_training/cali/Healthy/healthy_0393.png,Healthy
/Users/thun/Desktop/cauliflower_training/cali/Black Rot/black_rot_711.jpeg,Black Rot
/Users/thun/Desktop/cauliflower_training/cali/Alternaria Leaf Spot/alternaria_leaf_spot_0072.jpeg,Alternaria Leaf Spot
/Users/thun/Desktop/cauliflower_training/cali/Healthy/healthy_2234.jpg,Healthy
/Users/thun/Desktop/cauliflower_training/cali/Healthy/healthy_0530.png,Healthy
/Users/thun/Desktop/cauliflower_training/cali/Bacterial Soft Rot/bacterial_soft_rot_0214.jpg,Bacterial Soft Rot
/Users/thun/Desktop/cauliflower_training/cali/Alternaria Leaf Spot/alternaria_leaf_spot_1152.jpg,Alternaria Leaf Spot
/Users/thun/Desktop/cauliflower_training/cali/Downy Mildew/downy_mildew_1102.jpeg,Downy Mildew
/Users/thun/Desktop/cauliflower_training/cali/Alternaria Leaf Spot/alternaria_leaf_spot_1415.jpg,Alternaria Leaf Spot
/Users/thun/Desktop/cauliflower_training/cali/Downy Mildew/downy_mildew_1123.jpeg,Downy Mildew
/Users/thun/Desktop/cauliflower_training/cali/Alternaria Leaf Spot/alternaria_leaf_spot_0090.jpeg,Alternaria Leaf Spot
/Users/thun/Desktop/cauliflower_training/cali/Healthy/healthy_1605.jpg,Healthy
/Users/thun/Desktop/cauliflower_training/cali/Downy Mildew/downy_mildew_0864.jpg,Downy Mildew
/Users/thun/Desktop/cauliflower_training/cali/Alternaria Leaf Spot/alternaria_leaf_spot_1196.jpg,Alternaria Leaf Spot
/Users/thun/Desktop/cauliflower_training/cali/Healthy/healthy_2032.jpg,Healthy
/Users/thun/Desktop/cauliflower_training/cali/Healthy/healthy_1908.jpg,Healthy
/Users/thun/Desktop/cauliflower_training/cali/Bacterial Soft Rot/bacterial_soft_rot_0147.jpeg,Bacterial Soft Rot
/Users/thun/Desktop/cauliflower_training/cali/Alternaria Leaf Spot/alternaria_leaf_spot_0315.jpg,Alternaria Leaf Spot
/Users/thun/Desktop/cauliflower_training/cali/Healthy/healthy_1892.jpg,Healthy
/Users/thun/Desktop/cauliflower_training/cali/Healthy/healthy_2156.jpg,Healthy
/Users/thun/Desktop/cauliflower_training/cali/Alternaria Leaf Spot/alternaria_leaf_spot_0930.jpg,Alternaria Leaf Spot
/Users/thun/Desktop/cauliflower_training/cali/Downy Mildew/downy_mildew_0844.jpg,Downy Mildew
/Users/thun/Desktop/cauliflower_training/cali/Downy Mildew/downy_mildew_0838.jpg,Downy Mildew
/Users/thun/Desktop/cauliflower_training/cali/Black Rot/black_rot_648.png,Black Rot
/Users/thun/Desktop/cauliflower_training/cali/Downy Mildew/downy_mildew_0550.png,Downy Mildew
/Users/thun/Desktop/cauliflower_training/cali/Downy Mildew/downy_mildew_0360.png,Downy Mildew
/Users/thun/Desktop/cauliflower_training/cali/Bacterial Soft Rot/bacterial_soft_rot_0894.jpg,Bacterial Soft Rot
/Users/thun/Desktop/cauliflower_training/cali/Alternaria Leaf Spot/alternaria_leaf_spot_0131.jpeg,Alternaria Leaf Spot
/Users/thun/Desktop/cauliflower_training/cali/Healthy/healthy_2003.jpg,Healthy
/Users/thun/Desktop/cauliflower_training/cali/Alternaria Leaf Spot/alternaria_leaf_spot_0410.jpg,Alternaria Leaf Spot
/Users/thun/Desktop/cauliflower_training/cali/Alternaria Leaf Spot/alternaria_leaf_spot_1097.jpg,Alternaria Leaf Spot
/Users/thun/Desktop/cauliflower_training/cali/Alternaria Leaf Spot/alternaria_leaf_spot_0213.jpeg,Alternaria Leaf Spot
/Users/thun/Desktop/cauliflower_training/cali/Downy Mildew/downy_mildew_0134.png,Downy Mildew
/Users/thun/Desktop/cauliflower_training/cali/Downy Mildew/downy_mildew_0473.png,Downy Mildew
/Users/thun/Desktop/cauliflower_training/cali/Healthy/healthy_2709.jpg,Healthy
/Users/thun/Desktop/cauliflower_training/cali/Healthy/healthy_1707.jpg,Healthy
/Users/thun/Desktop/cauliflower_training/cali/Healthy/healthy_3144.jpg,Healthy
/Users/thun/Desktop/cauliflower_training/cali/Healthy/healthy_0299.png,Healthy
/Users/thun/Desktop/cauliflower_training/cali/Black Rot/black_rot_701.jpeg,Black Rot
/Users/thun/Desktop/cauliflower_training/cali/Alternaria Leaf Spot/alternaria_leaf_spot_0229.jpeg,Alternaria Leaf Spot
/Users/thun/Desktop/cauliflower_training/cali/Downy Mildew/downy_mildew_1233.jpg,Downy Mildew
/Users/thun/Desktop/cauliflower_training/cali/Bacterial Soft Rot/bacterial_soft_rot_1392.jpg,Bacterial Soft Rot
/Users/thun/Desktop/cauliflower_training/cali/Alternaria Leaf Spot/alternaria_leaf_spot_0631.jpg,Alternaria Leaf Spot
/Users/thun/Desktop/cauliflower_training/cali/Healthy/healthy_1802.jpg,Healthy
/Users/thun/Desktop/cauliflower_training/cali/Bacterial Soft Rot/bacterial_soft_rot_0829.jpg,Bacterial Soft Rot
/Users/thun/Desktop/cauliflower_training/cali/Bacterial Soft Rot/bacterial_soft_rot_0266.jpg,Bacterial Soft Rot
/Users/thun/Desktop/cauliflower_training/cali/Alternaria Leaf Spot/alternaria_leaf_spot_0707.jpg,Alternaria Leaf Spot
/Users/thun/Desktop/cauliflower_training/cali/Bacterial Soft Rot/bacterial_soft_rot_0017.jpg,Bacterial Soft Rot
/Users/thun/Desktop/cauliflower_training/cali/Healthy/healthy_0918.png,Healthy
/Users/thun/Desktop/cauliflower_training/cali/Black Rot/black_rot_727.jpeg,Black Rot
/Users/thun/Desktop/cauliflower_training/cali/Bacterial Soft Rot/bacterial_soft_rot_0086.jpeg,Bacterial Soft Rot
/Users/thun/Desktop/cauliflower_training/cali/Healthy/healthy_2490.jpg,Healthy
/Users/thun/Desktop/cauliflower_training/cali/Downy Mildew/downy_mildew_1028.jpeg,Downy Mildew
/Users/thun/Desktop/cauliflower_training/cali/Bacterial Soft Rot/bacterial_soft_rot_0085.jpeg,Bacterial Soft Rot
/Users/thun/Desktop/cauliflower_training/cali/Alternaria Leaf Spot/alternaria_leaf_spot_1106.jpg,Alternaria Leaf Spot
/Users/thun/Desktop/cauliflower_training/cali/Bacterial Soft Rot/bacterial_soft_rot_1213.jpg,Bacterial Soft Rot
/Users/thun/Desktop/cauliflower_training/cali/Bacterial Soft Rot/bacterial_soft_rot_0820.jpg,Bacterial Soft Rot
/Users/thun/Desktop/cauliflower_training/cali/Healthy/healthy_1177.jpg,Healthy
/Users/thun/Desktop/cauliflower_training/cali/Bacterial Soft Rot/bacterial_soft_rot_0158.jpeg,Bacterial Soft Rot
/Users/thun/Desktop/cauliflower_training/cali/Downy Mildew/downy_mildew_0218.png,Downy Mildew
/Users/thun/Desktop/cauliflower_training/cali/Healthy/healthy_0516.png,Healthy
/Users/thun/Desktop/cauliflower_training/cali/Alternaria Leaf Spot/alternaria_leaf_spot_1421.jpg,Alternaria Leaf Spot
/Users/thun/Desktop/cauliflower_training/cali/Alternaria Leaf Spot/alternaria_leaf_spot_1058.jpg,Alternaria Leaf Spot
/Users/thun/Desktop/cauliflower_training/cali/Downy Mildew/downy_mildew_0803.jpg,Downy Mildew
/Users/thun/Desktop/cauliflower_training/cali/Healthy/healthy_0826.png,Healthy
/Users/thun/Desktop/cauliflower_training/cali/Healthy/healthy_1028.jpeg,Healthy
/Users/thun/Desktop/cauliflower_training/cali/Black Rot/black_rot_622.png,Black Rot
/Users/thun/Desktop/cauliflower_training/cali/Downy Mildew/downy_mildew_0217.png,Downy Mildew
/Users/thun/Desktop/cauliflower_training/cali/Bacterial Soft Rot/bacterial_soft_rot_0391.jpg,Bacterial Soft Rot
/Users/thun/Desktop/cauliflower_training/cali/Bacterial Soft Rot/bacterial_soft_rot_1252.jpg,Bacterial Soft Rot
/Users/thun/Desktop/cauliflower_training/cali/Healthy/healthy_2033.jpg,Healthy
/Users/thun/Desktop/cauliflower_training/cali/Healthy/healthy_3033.jpg,Healthy
/Users/thun/Desktop/cauliflower_training/cali/Alternaria Leaf Spot/alternaria_leaf_spot_0482.jpg,Alternaria Leaf Spot
/Users/thun/Desktop/cauliflower_training/cali/Bacterial Soft Rot/bacterial_soft_rot_0033.jpeg,Bacterial Soft Rot
/Users/thun/Desktop/cauliflower_training/cali/Downy Mildew/downy_mildew_0081.png,Downy Mildew
/Users/thun/Desktop/cauliflower_training/cali/Healthy/healthy_0822.jpeg,Healthy
/Users/thun/Desktop/cauliflower_training/cali/Healthy/healthy_3123.jpg,Healthy
/Users/thun/Desktop/cauliflower_training/cali/Healthy/healthy_2646.jpg,Healthy
/Users/thun/Desktop/cauliflower_training/cali/Bacterial Soft Rot/bacterial_soft_rot_0453.jpg,Bacterial Soft Rot
/Users/thun/Desktop/cauliflower_training/cali/Downy Mildew/downy_mildew_0942.jpeg,Downy Mildew
/Users/thun/Desktop/cauliflower_training/cali/Healthy/healthy_1045.png,Healthy
/Users/thun/Desktop/cauliflower_training/cali/Downy Mildew/downy_mildew_0105.png,Downy Mildew
/Users/thun/Desktop/cauliflower_training/cali/Alternaria Leaf Spot/alternaria_leaf_spot_0835.jpg,Alternaria Leaf Spot
/Users/thun/Desktop/cauliflower_training/cali/Alternaria Leaf Spot/alternaria_leaf_spot_0118.jpeg,Alternaria Leaf Spot
/Users/thun/Desktop/cauliflower_training/cali/Downy Mildew/downy_mildew_1059.jpeg,Downy Mildew
/Users/thun/Desktop/cauliflower_training/cali/Black Rot/black_rot_694.png,Black Rot
/Users/thun/Desktop/cauliflower_training/cali/Alternaria Leaf Spot/alternaria_leaf_spot_1447.jpg,Alternaria Leaf Spot
/Users/thun/Desktop/cauliflower_training/cali/Downy Mildew/downy_mildew_1084.jpeg,Downy Mildew
/Users/thun/Desktop/cauliflower_training/cali/Alternaria Leaf Spot/alternaria_leaf_spot_1065.jpg,Alternaria Leaf Spot
/Users/thun/Desktop/cauliflower_training/cali/Bacterial Soft Rot/bacterial_soft_rot_1398.jpg,Bacterial Soft Rot
/Users/thun/Desktop/cauliflower_training/cali/Healthy/healthy_0185.png,Healthy
/Users/thun/Desktop/cauliflower_training/cali/Healthy/healthy_0717.jpg,Healthy
/Users/thun/Desktop/cauliflower_training/cali/Healthy/healthy_3093.jpg,Healthy
/Users/thun/Desktop/cauliflower_training/cali/Healthy/healthy_2315.jpg,Healthy
/Users/thun/Desktop/cauliflower_training/cali/Bacterial Soft Rot/bacterial_soft_rot_0388.jpg,Bacterial Soft Rot
/Users/thun/Desktop/cauliflower_training/cali/Black Rot/black_rot_159.png,Black Rot
/Users/thun/Desktop/cauliflower_training/cali/Black Rot/black_rot_431.png,Black Rot
/Users/thun/Desktop/cauliflower_training/cali/Healthy/healthy_1032.jpg,Healthy
/Users/thun/Desktop/cauliflower_training/cali/Healthy/healthy_2662.jpg,Healthy
/Users/thun/Desktop/cauliflower_training/cali/Downy Mildew/downy_mildew_0819.jpg,Downy Mildew
/Users/thun/Desktop/cauliflower_training/cali/Alternaria Leaf Spot/alternaria_leaf_spot_1062.jpg,Alternaria Leaf Spot
/Users/thun/Desktop/cauliflower_training/cali/Healthy/healthy_2626.jpg,Healthy
/Users/thun/Desktop/cauliflower_training/cali/Alternaria Leaf Spot/alternaria_leaf_spot_0686.jpg,Alternaria Leaf Spot
/Users/thun/Desktop/cauliflower_training/cali/Alternaria Leaf Spot/alternaria_leaf_spot_0429.jpg,Alternaria Leaf Spot
/Users/thun/Desktop/cauliflower_training/cali/Downy Mildew/downy_mildew_1247.jpg,Downy Mildew
/Users/thun/Desktop/cauliflower_training/cali/Healthy/healthy_2039.jpg,Healthy
/Users/thun/Desktop/cauliflower_training/cali/Alternaria Leaf Spot/alternaria_leaf_spot_0021.jpeg,Alternaria Leaf Spot
/Users/thun/Desktop/cauliflower_training/cali/Downy Mildew/downy_mildew_0361.png,Downy Mildew
/Users/thun/Desktop/cauliflower_training/cali/Downy Mildew/downy_mildew_0378.png,Downy Mildew
/Users/thun/Desktop/cauliflower_training/cali/Downy Mildew/downy_mildew_0195.png,Downy Mildew
/Users/thun/Desktop/cauliflower_training/cali/Downy Mildew/downy_mildew_0753.jpg,Downy Mildew
/Users/thun/Desktop/cauliflower_training/cali/Downy Mildew/downy_mildew_0654.png,Downy Mildew
/Users/thun/Desktop/cauliflower_training/cali/Alternaria Leaf Spot/alternaria_leaf_spot_1222.jpg,Alternaria Leaf Spot
/Users/thun/Desktop/cauliflower_training/cali/Healthy/healthy_1783.jpg,Healthy
/Users/thun/Desktop/cauliflower_training/cali/Healthy/healthy_1837.jpg,Healthy
/Users/thun/Desktop/cauliflower_training/cali/Alternaria Leaf Spot/alternaria_leaf_spot_0016.jpg,Alternaria Leaf Spot
/Users/thun/Desktop/cauliflower_training/cali/Black Rot/black_rot_366.png,Black Rot
/Users/thun/Desktop/cauliflower_training/cali/Alternaria Leaf Spot/alternaria_leaf_spot_0901.jpg,Alternaria Leaf Spot
/Users/thun/Desktop/cauliflower_training/cali/Alternaria Leaf Spot/alternaria_leaf_spot_0575.jpg,Alternaria Leaf Spot
/Users/thun/Desktop/cauliflower_training/cali/Black Rot/black_rot_457.png,Black Rot
/Users/thun/Desktop/cauliflower_training/cali/Healthy/healthy_2304.jpg,Healthy
/Users/thun/Desktop/cauliflower_training/cali/Healthy/healthy_1788.jpg,Healthy
/Users/thun/Desktop/cauliflower_training/cali/Black Rot/black_rot_687.png,Black Rot
/Users/thun/Desktop/cauliflower_training/cali/Bacterial Soft Rot/bacterial_soft_rot_1227.jpg,Bacterial Soft Rot
/Users/thun/Desktop/cauliflower_training/cali/Healthy/healthy_0673.png,Healthy
/Users/thun/Desktop/cauliflower_training/cali/Bacterial Soft Rot/bacterial_soft_rot_0647.jpg,Bacterial Soft Rot
/Users/thun/Desktop/cauliflower_training/cali/Healthy/healthy_2796.jpg,Healthy
/Users/thun/Desktop/cauliflower_training/cali/Black Rot/black_rot_182.png,Black Rot
/Users/thun/Desktop/cauliflower_training/cali/Healthy/healthy_2756.jpg,Healthy
/Users/thun/Desktop/cauliflower_training/cali/Downy Mildew/downy_mildew_0485.png,Downy Mildew
/Users/thun/Desktop/cauliflower_training/cali/Alternaria Leaf Spot/alternaria_leaf_spot_1195.jpg,Alternaria Leaf Spot
/Users/thun/Desktop/cauliflower_training/cali/Downy Mildew/downy_mildew_0880.jpeg,Downy Mildew
/Users/thun/Desktop/cauliflower_training/cali/Black Rot/black_rot_088.png,Black Rot
/Users/thun/Desktop/cauliflower_training/cali/Alternaria Leaf Spot/alternaria_leaf_spot_1157.jpg,Alternaria Leaf Spot
/Users/thun/Desktop/cauliflower_training/cali/Healthy/healthy_0751.jpeg,Healthy
/Users/thun/Desktop/cauliflower_training/cali/Downy Mildew/downy_mildew_0371.png,Downy Mildew
/Users/thun/Desktop/cauliflower_training/cali/Alternaria Leaf Spot/alternaria_leaf_spot_0680.jpg,Alternaria Leaf Spot
/Users/thun/Desktop/cauliflower_training/cali/Downy Mildew/downy_mildew_0887.jpg,Downy Mildew
/Users/thun/Desktop/cauliflower_training/cali/Healthy/healthy_2082.jpg,Healthy
/Users/thun/Desktop/cauliflower_training/cali/Healthy/healthy_0831.jpeg,Healthy
/Users/thun/Desktop/cauliflower_training/cali/Healthy/healthy_0231.png,Healthy
/Users/thun/Desktop/cauliflower_training/cali/Healthy/healthy_1672.jpg,Healthy
/Users/thun/Desktop/cauliflower_training/cali/Healthy/healthy_2623.jpg,Healthy
/Users/thun/Desktop/cauliflower_training/cali/Bacterial Soft Rot/bacterial_soft_rot_0438.jpg,Bacterial Soft Rot
/Users/thun/Desktop/cauliflower_training/cali/Alternaria Leaf Spot/alternaria_leaf_spot_0117.jpeg,Alternaria Leaf Spot
/Users/thun/Desktop/cauliflower_training/cali/Bacterial Soft Rot/bacterial_soft_rot_0349.jpg,Bacterial Soft Rot
/Users/thun/Desktop/cauliflower_training/cali/Downy Mildew/downy_mildew_0498.png,Downy Mildew
/Users/thun/Desktop/cauliflower_training/cali/Bacterial Soft Rot/bacterial_soft_rot_0361.jpg,Bacterial Soft Rot
/Users/thun/Desktop/cauliflower_training/cali/Healthy/healthy_0154.png,Healthy
/Users/thun/Desktop/cauliflower_training/cali/Bacterial Soft Rot/bacterial_soft_rot_0802.jpg,Bacterial Soft Rot
/Users/thun/Desktop/cauliflower_training/cali/Black Rot/black_rot_084.png,Black Rot
/Users/thun/Desktop/cauliflower_training/cali/Healthy/healthy_1866.jpg,Healthy
/Users/thun/Desktop/cauliflower_training/cali/Healthy/healthy_0853.jpeg,Healthy
/Users/thun/Desktop/cauliflower_training/cali/Healthy/healthy_2188.jpg,Healthy
/Users/thun/Desktop/cauliflower_training/cali/Healthy/healthy_1600.jpg,Healthy
/Users/thun/Desktop/cauliflower_training/cali/Healthy/healthy_0934.jpg,Healthy
/Users/thun/Desktop/cauliflower_training/cali/Alternaria Leaf Spot/alternaria_leaf_spot_0246.jpeg,Alternaria Leaf Spot
/Users/thun/Desktop/cauliflower_training/cali/Healthy/healthy_2182.jpg,Healthy
/Users/thun/Desktop/cauliflower_training/cali/Downy Mildew/downy_mildew_0506.png,Downy Mildew
/Users/thun/Desktop/cauliflower_training/cali/Healthy/healthy_3117.jpg,Healthy
/Users/thun/Desktop/cauliflower_training/cali/Alternaria Leaf Spot/alternaria_leaf_spot_1154.jpg,Alternaria Leaf Spot
/Users/thun/Desktop/cauliflower_training/cali/Black Rot/black_rot_292.png,Black Rot
/Users/thun/Desktop/cauliflower_training/cali/Black Rot/black_rot_215.png,Black Rot
/Users/thun/Desktop/cauliflower_training/cali/Alternaria Leaf Spot/alternaria_leaf_spot_1185.jpg,Alternaria Leaf Spot
/Users/thun/Desktop/cauliflower_training/cali/Healthy/healthy_2364.jpg,Healthy
/Users/thun/Desktop/cauliflower_training/cali/Downy Mildew/downy_mildew_0280.png,Downy Mildew
/Users/thun/Desktop/cauliflower_training/cali/Alternaria Leaf Spot/alternaria_leaf_spot_1484.jpg,Alternaria Leaf Spot
/Users/thun/Desktop/cauliflower_training/cali/Downy Mildew/downy_mildew_0641.png,Downy Mildew
/Users/thun/Desktop/cauliflower_training/cali/Bacterial Soft Rot/bacterial_soft_rot_0257.jpg,Bacterial Soft Rot
/Users/thun/Desktop/cauliflower_training/cali/Healthy/healthy_0117.png,Healthy
/Users/thun/Desktop/cauliflower_training/cali/Black Rot/black_rot_465.png,Black Rot
/Users/thun/Desktop/cauliflower_training/cali/Bacterial Soft Rot/bacterial_soft_rot_1198.jpg,Bacterial Soft Rot
/Users/thun/Desktop/cauliflower_training/cali/Healthy/healthy_3054.jpg,Healthy
/Users/thun/Desktop/cauliflower_training/cali/Healthy/healthy_1256.jpg,Healthy
/Users/thun/Desktop/cauliflower_training/cali/Downy Mildew/downy_mildew_0583.png,Downy Mildew
/Users/thun/Desktop/cauliflower_training/cali/Healthy/healthy_0715.jpeg,Healthy
/Users/thun/Desktop/cauliflower_training/cali/Healthy/healthy_2842.jpg,Healthy
/Users/thun/Desktop/cauliflower_training/cali/Downy Mildew/downy_mildew_1191.jpg,Downy Mildew
/Users/thun/Desktop/cauliflower_training/cali/Bacterial Soft Rot/bacterial_soft_rot_0431.jpg,Bacterial Soft Rot
/Users/thun/Desktop/cauliflower_training/cali/Bacterial Soft Rot/bacterial_soft_rot_0428.jpg,Bacterial Soft Rot
/Users/thun/Desktop/cauliflower_training/cali/Bacterial Soft Rot/bacterial_soft_rot_1112.jpg,Bacterial Soft Rot
/Users/thun/Desktop/cauliflower_training/cali/Healthy/healthy_0633.png,Healthy
/Users/thun/Desktop/cauliflower_training/cali/Bacterial Soft Rot/bacterial_soft_rot_0340.jpg,Bacterial Soft Rot
/Users/thun/Desktop/cauliflower_training/cali/Healthy/healthy_0175.png,Healthy
/Users/thun/Desktop/cauliflower_training/cali/Alternaria Leaf Spot/alternaria_leaf_spot_0883.jpg,Alternaria Leaf Spot
/Users/thun/Desktop/cauliflower_training/cali/Healthy/healthy_0788.jpeg,Healthy
/Users/thun/Desktop/cauliflower_training/cali/Bacterial Soft Rot/bacterial_soft_rot_0890.jpg,Bacterial Soft Rot
/Users/thun/Desktop/cauliflower_training/cali/Healthy/healthy_2831.jpg,Healthy
/Users/thun/Desktop/cauliflower_training/cali/Healthy/healthy_0742.jpeg,Healthy
/Users/thun/Desktop/cauliflower_training/cali/Healthy/healthy_0626.png,Healthy
/Users/thun/Desktop/cauliflower_training/cali/Healthy/healthy_0090.png,Healthy
/Users/thun/Desktop/cauliflower_training/cali/Downy Mildew/downy_mildew_0869.jpg,Downy Mildew
/Users/thun/Desktop/cauliflower_training/cali/Black Rot/black_rot_749.jpeg,Black Rot
/Users/thun/Desktop/cauliflower_training/cali/Bacterial Soft Rot/bacterial_soft_rot_1088.jpg,Bacterial Soft Rot
/Users/thun/Desktop/cauliflower_training/cali/Healthy/healthy_1554.jpeg,Healthy
/Users/thun/Desktop/cauliflower_training/cali/Healthy/healthy_0581.png,Healthy
/Users/thun/Desktop/cauliflower_training/cali/Healthy/healthy_0319.png,Healthy
/Users/thun/Desktop/cauliflower_training/cali/Alternaria Leaf Spot/alternaria_leaf_spot_0580.jpg,Alternaria Leaf Spot
/Users/thun/Desktop/cauliflower_training/cali/Downy Mildew/downy_mildew_1188.jpeg,Downy Mildew
/Users/thun/Desktop/cauliflower_training/cali/Alternaria Leaf Spot/alternaria_leaf_spot_1172.jpg,Alternaria Leaf Spot
/Users/thun/Desktop/cauliflower_training/cali/Healthy/healthy_0597.png,Healthy
/Users/thun/Desktop/cauliflower_training/cali/Bacterial Soft Rot/bacterial_soft_rot_0051.jpeg,Bacterial Soft Rot
/Users/thun/Desktop/cauliflower_training/cali/Black Rot/black_rot_273.png,Black Rot
/Users/thun/Desktop/cauliflower_training/cali/Healthy/healthy_3126.jpg,Healthy
/Users/thun/Desktop/cauliflower_training/cali/Black Rot/black_rot_746.jpg,Black Rot
/Users/thun/Desktop/cauliflower_training/cali/Alternaria Leaf Spot/alternaria_leaf_spot_0833.jpg,Alternaria Leaf Spot
/Users/thun/Desktop/cauliflower_training/cali/Alternaria Leaf Spot/alternaria_leaf_spot_1468.jpg,Alternaria Leaf Spot
/Users/thun/Desktop/cauliflower_training/cali/Alternaria Leaf Spot/alternaria_leaf_spot_1372.jpg,Alternaria Leaf Spot
/Users/thun/Desktop/cauliflower_training/cali/Black Rot/black_rot_352.png,Black Rot
/Users/thun/Desktop/cauliflower_training/cali/Bacterial Soft Rot/bacterial_soft_rot_0941.jpg,Bacterial Soft Rot
/Users/thun/Desktop/cauliflower_training/cali/Downy Mildew/downy_mildew_0345.png,Downy Mildew
/Users/thun/Desktop/cauliflower_training/cali/Black Rot/black_rot_344.png,Black Rot
/Users/thun/Desktop/cauliflower_training/cali/Healthy/healthy_0042.png,Healthy
/Users/thun/Desktop/cauliflower_training/cali/Healthy/healthy_0558.png,Healthy
/Users/thun/Desktop/cauliflower_training/cali/Alternaria Leaf Spot/alternaria_leaf_spot_0551.jpg,Alternaria Leaf Spot
/Users/thun/Desktop/cauliflower_training/cali/Alternaria Leaf Spot/alternaria_leaf_spot_1379.jpg,Alternaria Leaf Spot
/Users/thun/Desktop/cauliflower_training/cali/Healthy/healthy_3060.jpg,Healthy
/Users/thun/Desktop/cauliflower_training/cali/Bacterial Soft Rot/bacterial_soft_rot_0245.jpg,Bacterial Soft Rot
/Users/thun/Desktop/cauliflower_training/cali/Bacterial Soft Rot/bacterial_soft_rot_0645.jpg,Bacterial Soft Rot
/Users/thun/Desktop/cauliflower_training/cali/Bacterial Soft Rot/bacterial_soft_rot_0732.jpg,Bacterial Soft Rot
/Users/thun/Desktop/cauliflower_training/cali/Bacterial Soft Rot/bacterial_soft_rot_1208.jpg,Bacterial Soft Rot
/Users/thun/Desktop/cauliflower_training/cali/Healthy/healthy_1510.jpg,Healthy
/Users/thun/Desktop/cauliflower_training/cali/Bacterial Soft Rot/bacterial_soft_rot_0693.jpg,Bacterial Soft Rot
/Users/thun/Desktop/cauliflower_training/cali/Alternaria Leaf Spot/alternaria_leaf_spot_0770.jpg,Alternaria Leaf Spot
/Users/thun/Desktop/cauliflower_training/cali/Bacterial Soft Rot/bacterial_soft_rot_0793.jpg,Bacterial Soft Rot
/Users/thun/Desktop/cauliflower_training/cali/Bacterial Soft Rot/bacterial_soft_rot_0681.jpg,Bacterial Soft Rot
/Users/thun/Desktop/cauliflower_training/cali/Healthy/healthy_0472.png,Healthy
/Users/thun/Desktop/cauliflower_training/cali/Bacterial Soft Rot/bacterial_soft_rot_0311.jpg,Bacterial Soft Rot
/Users/thun/Desktop/cauliflower_training/cali/Healthy/healthy_1150.jpg,Healthy
/Users/thun/Desktop/cauliflower_training/cali/Downy Mildew/downy_mildew_1168.jpeg,Downy Mildew
/Users/thun/Desktop/cauliflower_training/cali/Healthy/healthy_1058.jpeg,Healthy
/Users/thun/Desktop/cauliflower_training/cali/Alternaria Leaf Spot/alternaria_leaf_spot_1149.jpg,Alternaria Leaf Spot
/Users/thun/Desktop/cauliflower_training/cali/Healthy/healthy_1463.png,Healthy
/Users/thun/Desktop/cauliflower_training/cali/Alternaria Leaf Spot/alternaria_leaf_spot_0713.jpg,Alternaria Leaf Spot
/Users/thun/Desktop/cauliflower_training/cali/Alternaria Leaf Spot/alternaria_leaf_spot_0871.jpg,Alternaria Leaf Spot
/Users/thun/Desktop/cauliflower_training/cali/Bacterial Soft Rot/bacterial_soft_rot_0596.jpg,Bacterial Soft Rot
/Users/thun/Desktop/cauliflower_training/cali/Bacterial Soft Rot/bacterial_soft_rot_0650.jpg,Bacterial Soft Rot
/Users/thun/Desktop/cauliflower_training/cali/Downy Mildew/downy_mildew_0047.png,Downy Mildew
/Users/thun/Desktop/cauliflower_training/cali/Bacterial Soft Rot/bacterial_soft_rot_0249.jpg,Bacterial Soft Rot
/Users/thun/Desktop/cauliflower_training/cali/Downy Mildew/downy_mildew_1260.jpeg,Downy Mildew
/Users/thun/Desktop/cauliflower_training/cali/Downy Mildew/downy_mildew_1091.jpeg,Downy Mildew
/Users/thun/Desktop/cauliflower_training/cali/Bacterial Soft Rot/bacterial_soft_rot_1223.jpg,Bacterial Soft Rot
/Users/thun/Desktop/cauliflower_training/cali/Healthy/healthy_0618.png,Healthy
/Users/thun/Desktop/cauliflower_training/cali/Healthy/healthy_1351.jpg,Healthy
/Users/thun/Desktop/cauliflower_training/cali/Alternaria Leaf Spot/alternaria_leaf_spot_0224.jpeg,Alternaria Leaf Spot
/Users/thun/Desktop/cauliflower_training/cali/Healthy/healthy_0569.png,Healthy
/Users/thun/Desktop/cauliflower_training/cali/Healthy/healthy_1786.jpg,Healthy
/Users/thun/Desktop/cauliflower_training/cali/Healthy/healthy_2634.jpg,Healthy
/Users/thun/Desktop/cauliflower_training/cali/Downy Mildew/downy_mildew_0397.png,Downy Mildew
/Users/thun/Desktop/cauliflower_training/cali/Bacterial Soft Rot/bacterial_soft_rot_0665.jpg,Bacterial Soft Rot
/Users/thun/Desktop/cauliflower_training/cali/Downy Mildew/downy_mildew_0449.png,Downy Mildew
/Users/thun/Desktop/cauliflower_training/cali/Alternaria Leaf Spot/alternaria_leaf_spot_0196.jpeg,Alternaria Leaf Spot
/Users/thun/Desktop/cauliflower_training/cali/Healthy/healthy_1255.jpg,Healthy
/Users/thun/Desktop/cauliflower_training/cali/Healthy/healthy_3011.jpg,Healthy
/Users/thun/Desktop/cauliflower_training/cali/Black Rot/black_rot_456.png,Black Rot
/Users/thun/Desktop/cauliflower_training/cali/Downy Mildew/downy_mildew_0714.jpg,Downy Mildew
/Users/thun/Desktop/cauliflower_training/cali/Alternaria Leaf Spot/alternaria_leaf_spot_1492.jpg,Alternaria Leaf Spot
/Users/thun/Desktop/cauliflower_training/cali/Downy Mildew/downy_mildew_0734.jpg,Downy Mildew
/Users/thun/Desktop/cauliflower_training/cali/Bacterial Soft Rot/bacterial_soft_rot_0226.jpg,Bacterial Soft Rot
/Users/thun/Desktop/cauliflower_training/cali/Healthy/healthy_1491.jpeg,Healthy
/Users/thun/Desktop/cauliflower_training/cali/Healthy/healthy_0778.jpeg,Healthy
/Users/thun/Desktop/cauliflower_training/cali/Healthy/healthy_1863.jpg,Healthy
/Users/thun/Desktop/cauliflower_training/cali/Downy Mildew/downy_mildew_0618.png,Downy Mildew
/Users/thun/Desktop/cauliflower_training/cali/Black Rot/black_rot_522.png,Black Rot
/Users/thun/Desktop/cauliflower_training/cali/Healthy/healthy_2311.jpg,Healthy
/Users/thun/Desktop/cauliflower_training/cali/Healthy/healthy_2972.jpg,Healthy
/Users/thun/Desktop/cauliflower_training/cali/Healthy/healthy_1878.jpg,Healthy
/Users/thun/Desktop/cauliflower_training/cali/Black Rot/black_rot_179.png,Black Rot
/Users/thun/Desktop/cauliflower_training/cali/Healthy/healthy_2425.jpg,Healthy
/Users/thun/Desktop/cauliflower_training/cali/Healthy/healthy_1017.jpeg,Healthy
/Users/thun/Desktop/cauliflower_training/cali/Downy Mildew/downy_mildew_1251.jpg,Downy Mildew
/Users/thun/Desktop/cauliflower_training/cali/Healthy/healthy_2059.jpg,Healthy
/Users/thun/Desktop/cauliflower_training/cali/Bacterial Soft Rot/bacterial_soft_rot_0306.jpg,Bacterial Soft Rot
/Users/thun/Desktop/cauliflower_training/cali/Healthy/healthy_1789.jpg,Healthy
/Users/thun/Desktop/cauliflower_training/cali/Bacterial Soft Rot/bacterial_soft_rot_0689.jpg,Bacterial Soft Rot
/Users/thun/Desktop/cauliflower_training/cali/Healthy/healthy_2940.jpg,Healthy
/Users/thun/Desktop/cauliflower_training/cali/Bacterial Soft Rot/bacterial_soft_rot_0570.jpg,Bacterial Soft Rot
/Users/thun/Desktop/cauliflower_training/cali/Downy Mildew/downy_mildew_0465.png,Downy Mildew
/Users/thun/Desktop/cauliflower_training/cali/Healthy/healthy_1104.jpg,Healthy
/Users/thun/Desktop/cauliflower_training/cali/Bacterial Soft Rot/bacterial_soft_rot_0633.jpg,Bacterial Soft Rot
/Users/thun/Desktop/cauliflower_training/cali/Downy Mildew/downy_mildew_0505.png,Downy Mildew
/Users/thun/Desktop/cauliflower_training/cali/Healthy/healthy_1295.jpg,Healthy
/Users/thun/Desktop/cauliflower_training/cali/Downy Mildew/downy_mildew_0951.jpg,Downy Mildew
/Users/thun/Desktop/cauliflower_training/cali/Alternaria Leaf Spot/alternaria_leaf_spot_1463.jpg,Alternaria Leaf Spot
/Users/thun/Desktop/cauliflower_training/cali/Bacterial Soft Rot/bacterial_soft_rot_0994.jpg,Bacterial Soft Rot
/Users/thun/Desktop/cauliflower_training/cali/Bacterial Soft Rot/bacterial_soft_rot_0291.jpg,Bacterial Soft Rot
/Users/thun/Desktop/cauliflower_training/cali/Healthy/healthy_0878.jpeg,Healthy
/Users/thun/Desktop/cauliflower_training/cali/Alternaria Leaf Spot/alternaria_leaf_spot_0144.jpeg,Alternaria Leaf Spot
/Users/thun/Desktop/cauliflower_training/cali/Black Rot/black_rot_170.png,Black Rot
/Users/thun/Desktop/cauliflower_training/cali/Alternaria Leaf Spot/alternaria_leaf_spot_1508.jpg,Alternaria Leaf Spot
/Users/thun/Desktop/cauliflower_training/cali/Healthy/healthy_2052.jpg,Healthy
/Users/thun/Desktop/cauliflower_training/cali/Downy Mildew/downy_mildew_1155.jpg,Downy Mildew
/Users/thun/Desktop/cauliflower_training/cali/Bacterial Soft Rot/bacterial_soft_rot_0533.jpg,Bacterial Soft Rot
/Users/thun/Desktop/cauliflower_training/cali/Alternaria Leaf Spot/alternaria_leaf_spot_0517.jpg,Alternaria Leaf Spot
/Users/thun/Desktop/cauliflower_training/cali/Healthy/healthy_1962.jpg,Healthy
/Users/thun/Desktop/cauliflower_training/cali/Healthy/healthy_2594.jpg,Healthy
/Users/thun/Desktop/cauliflower_training/cali/Healthy/healthy_2750.jpg,Healthy
/Users/thun/Desktop/cauliflower_training/cali/Bacterial Soft Rot/bacterial_soft_rot_0278.jpg,Bacterial Soft Rot
/Users/thun/Desktop/cauliflower_training/cali/Black Rot/black_rot_155.png,Black Rot
/Users/thun/Desktop/cauliflower_training/cali/Healthy/healthy_1274.jpg,Healthy
/Users/thun/Desktop/cauliflower_training/cali/Healthy/healthy_2176.jpg,Healthy
/Users/thun/Desktop/cauliflower_training/cali/Alternaria Leaf Spot/alternaria_leaf_spot_0843.jpg,Alternaria Leaf Spot
/Users/thun/Desktop/cauliflower_training/cali/Healthy/healthy_1093.jpg,Healthy
/Users/thun/Desktop/cauliflower_training/cali/Black Rot/black_rot_140.png,Black Rot
/Users/thun/Desktop/cauliflower_training/cali/Healthy/healthy_1339.jpg,Healthy
/Users/thun/Desktop/cauliflower_training/cali/Bacterial Soft Rot/bacterial_soft_rot_1093.jpg,Bacterial Soft Rot
/Users/thun/Desktop/cauliflower_training/cali/Downy Mildew/downy_mildew_0119.png,Downy Mildew
/Users/thun/Desktop/cauliflower_training/cali/Black Rot/black_rot_485.png,Black Rot
/Users/thun/Desktop/cauliflower_training/cali/Healthy/healthy_0814.jpeg,Healthy
/Users/thun/Desktop/cauliflower_training/cali/Alternaria Leaf Spot/alternaria_leaf_spot_1272.jpg,Alternaria Leaf Spot
/Users/thun/Desktop/cauliflower_training/cali/Alternaria Leaf Spot/alternaria_leaf_spot_0182.jpeg,Alternaria Leaf Spot
/Users/thun/Desktop/cauliflower_training/cali/Black Rot/black_rot_336.png,Black Rot
/Users/thun/Desktop/cauliflower_training/cali/Bacterial Soft Rot/bacterial_soft_rot_0198.jpeg,Bacterial Soft Rot
/Users/thun/Desktop/cauliflower_training/cali/Alternaria Leaf Spot/alternaria_leaf_spot_0925.jpg,Alternaria Leaf Spot
/Users/thun/Desktop/cauliflower_training/cali/Healthy/healthy_0424.png,Healthy
/Users/thun/Desktop/cauliflower_training/cali/Healthy/healthy_0863.jpeg,Healthy
/Users/thun/Desktop/cauliflower_training/cali/Downy Mildew/downy_mildew_0730.jpg,Downy Mildew
/Users/thun/Desktop/cauliflower_training/cali/Healthy/healthy_0483.png,Healthy
/Users/thun/Desktop/cauliflower_training/cali/Healthy/healthy_2133.jpg,Healthy
/Users/thun/Desktop/cauliflower_training/cali/Healthy/healthy_1887.jpg,Healthy
/Users/thun/Desktop/cauliflower_training/cali/Healthy/healthy_0817.jpeg,Healthy
/Users/thun/Desktop/cauliflower_training/cali/Downy Mildew/downy_mildew_0470.png,Downy Mildew
/Users/thun/Desktop/cauliflower_training/cali/Downy Mildew/downy_mildew_1000.jpeg,Downy Mildew
/Users/thun/Desktop/cauliflower_training/cali/Downy Mildew/downy_mildew_0496.png,Downy Mildew
/Users/thun/Desktop/cauliflower_training/cali/Downy Mildew/downy_mildew_0626.png,Downy Mildew
/Users/thun/Desktop/cauliflower_training/cali/Black Rot/black_rot_076.png,Black Rot
/Users/thun/Desktop/cauliflower_training/cali/Healthy/healthy_2398.jpg,Healthy
/Users/thun/Desktop/cauliflower_training/cali/Bacterial Soft Rot/bacterial_soft_rot_1010.jpg,Bacterial Soft Rot
/Users/thun/Desktop/cauliflower_training/cali/Bacterial Soft Rot/bacterial_soft_rot_1388.jpg,Bacterial Soft Rot
/Users/thun/Desktop/cauliflower_training/cali/Healthy/healthy_0718.jpeg,Healthy
/Users/thun/Desktop/cauliflower_training/cali/Healthy/healthy_0722.jpeg,Healthy
/Users/thun/Desktop/cauliflower_training/cali/Healthy/healthy_1756.jpg,Healthy
/Users/thun/Desktop/cauliflower_training/cali/Downy Mildew/downy_mildew_0733.jpg,Downy Mildew
/Users/thun/Desktop/cauliflower_training/cali/Alternaria Leaf Spot/alternaria_leaf_spot_1129.jpg,Alternaria Leaf Spot
/Users/thun/Desktop/cauliflower_training/cali/Alternaria Leaf Spot/alternaria_leaf_spot_1495.jpg,Alternaria Leaf Spot
/Users/thun/Desktop/cauliflower_training/cali/Healthy/healthy_2595.jpg,Healthy
/Users/thun/Desktop/cauliflower_training/cali/Bacterial Soft Rot/bacterial_soft_rot_1400.jpg,Bacterial Soft Rot
/Users/thun/Desktop/cauliflower_training/cali/Bacterial Soft Rot/bacterial_soft_rot_0566.jpg,Bacterial Soft Rot
/Users/thun/Desktop/cauliflower_training/cali/Black Rot/black_rot_375.png,Black Rot
/Users/thun/Desktop/cauliflower_training/cali/Alternaria Leaf Spot/alternaria_leaf_spot_0185.jpeg,Alternaria Leaf Spot
/Users/thun/Desktop/cauliflower_training/cali/Healthy/healthy_1003.jpeg,Healthy
/Users/thun/Desktop/cauliflower_training/cali/Bacterial Soft Rot/bacterial_soft_rot_0685.jpg,Bacterial Soft Rot
/Users/thun/Desktop/cauliflower_training/cali/Black Rot/black_rot_501.png,Black Rot
/Users/thun/Desktop/cauliflower_training/cali/Alternaria Leaf Spot/alternaria_leaf_spot_0561.jpg,Alternaria Leaf Spot
/Users/thun/Desktop/cauliflower_training/cali/Healthy/healthy_1765.jpg,Healthy
/Users/thun/Desktop/cauliflower_training/cali/Healthy/healthy_2463.jpg,Healthy
/Users/thun/Desktop/cauliflower_training/cali/Alternaria Leaf Spot/alternaria_leaf_spot_1374.jpg,Alternaria Leaf Spot
/Users/thun/Desktop/cauliflower_training/cali/Healthy/healthy_1047.jpg,Healthy
/Users/thun/Desktop/cauliflower_training/cali/Alternaria Leaf Spot/alternaria_leaf_spot_0985.jpg,Alternaria Leaf Spot
/Users/thun/Desktop/cauliflower_training/cali/Black Rot/black_rot_166.png,Black Rot
/Users/thun/Desktop/cauliflower_training/cali/Healthy/healthy_1747.jpg,Healthy
/Users/thun/Desktop/cauliflower_training/cali/Bacterial Soft Rot/bacterial_soft_rot_1286.jpg,Bacterial Soft Rot
/Users/thun/Desktop/cauliflower_training/cali/Downy Mildew/downy_mildew_1148.jpeg,Downy Mildew
/Users/thun/Desktop/cauliflower_training/cali/Healthy/healthy_2296.jpg,Healthy
/Users/thun/Desktop/cauliflower_training/cali/Healthy/healthy_2482.jpg,Healthy
/Users/thun/Desktop/cauliflower_training/cali/Downy Mildew/downy_mildew_1136.jpeg,Downy Mildew
/Users/thun/Desktop/cauliflower_training/cali/Alternaria Leaf Spot/alternaria_leaf_spot_0853.jpg,Alternaria Leaf Spot
/Users/thun/Desktop/cauliflower_training/cali/Downy Mildew/downy_mildew_0603.png,Downy Mildew
/Users/thun/Desktop/cauliflower_training/cali/Downy Mildew/downy_mildew_0185.png,Downy Mildew
/Users/thun/Desktop/cauliflower_training/cali/Healthy/healthy_2199.jpg,Healthy
/Users/thun/Desktop/cauliflower_training/cali/Black Rot/black_rot_556.png,Black Rot
/Users/thun/Desktop/cauliflower_training/cali/Healthy/healthy_2918.jpg,Healthy
/Users/thun/Desktop/cauliflower_training/cali/Black Rot/black_rot_399.png,Black Rot
/Users/thun/Desktop/cauliflower_training/cali/Bacterial Soft Rot/bacterial_soft_rot_0597.jpg,Bacterial Soft Rot
/Users/thun/Desktop/cauliflower_training/cali/Bacterial Soft Rot/bacterial_soft_rot_1356.jpg,Bacterial Soft Rot
/Users/thun/Desktop/cauliflower_training/cali/Black Rot/black_rot_571.png,Black Rot
/Users/thun/Desktop/cauliflower_training/cali/Bacterial Soft Rot/bacterial_soft_rot_0127.jpeg,Bacterial Soft Rot
/Users/thun/Desktop/cauliflower_training/cali/Healthy/healthy_2029.jpg,Healthy
/Users/thun/Desktop/cauliflower_training/cali/Downy Mildew/downy_mildew_0396.png,Downy Mildew
/Users/thun/Desktop/cauliflower_training/cali/Bacterial Soft Rot/bacterial_soft_rot_1387.jpg,Bacterial Soft Rot
/Users/thun/Desktop/cauliflower_training/cali/Black Rot/black_rot_185.png,Black Rot
/Users/thun/Desktop/cauliflower_training/cali/Bacterial Soft Rot/bacterial_soft_rot_0508.jpg,Bacterial Soft Rot
/Users/thun/Desktop/cauliflower_training/cali/Healthy/healthy_1422.jpeg,Healthy
/Users/thun/Desktop/cauliflower_training/cali/Healthy/healthy_1518.jpeg,Healthy
/Users/thun/Desktop/cauliflower_training/cali/Alternaria Leaf Spot/alternaria_leaf_spot_1331.jpg,Alternaria Leaf Spot
/Users/thun/Desktop/cauliflower_training/cali/Healthy/healthy_2978.jpg,Healthy
/Users/thun/Desktop/cauliflower_training/cali/Alternaria Leaf Spot/alternaria_leaf_spot_0744.jpg,Alternaria Leaf Spot
/Users/thun/Desktop/cauliflower_training/cali/Downy Mildew/downy_mildew_0779.jpg,Downy Mildew
/Users/thun/Desktop/cauliflower_training/cali/Bacterial Soft Rot/bacterial_soft_rot_0124.jpeg,Bacterial Soft Rot
/Users/thun/Desktop/cauliflower_training/cali/Healthy/healthy_0980.jpg,Healthy
/Users/thun/Desktop/cauliflower_training/cali/Healthy/healthy_0889.jpeg,Healthy
/Users/thun/Desktop/cauliflower_training/cali/Healthy/healthy_0935.jpeg,Healthy
/Users/thun/Desktop/cauliflower_training/cali/Black Rot/black_rot_782.jpeg,Black Rot
/Users/thun/Desktop/cauliflower_training/cali/Black Rot/black_rot_396.png,Black Rot
/Users/thun/Desktop/cauliflower_training/cali/Bacterial Soft Rot/bacterial_soft_rot_1007.jpg,Bacterial Soft Rot
/Users/thun/Desktop/cauliflower_training/cali/Black Rot/black_rot_097.png,Black Rot
/Users/thun/Desktop/cauliflower_training/cali/Bacterial Soft Rot/bacterial_soft_rot_0548.jpg,Bacterial Soft Rot
/Users/thun/Desktop/cauliflower_training/cali/Downy Mildew/downy_mildew_0504.png,Downy Mildew
/Users/thun/Desktop/cauliflower_training/cali/Bacterial Soft Rot/bacterial_soft_rot_0286.jpg,Bacterial Soft Rot
/Users/thun/Desktop/cauliflower_training/cali/Healthy/healthy_0641.png,Healthy
/Users/thun/Desktop/cauliflower_training/cali/Downy Mildew/downy_mildew_1244.jpeg,Downy Mildew
/Users/thun/Desktop/cauliflower_training/cali/Bacterial Soft Rot/bacterial_soft_rot_0717.jpg,Bacterial Soft Rot
/Users/thun/Desktop/cauliflower_training/cali/Alternaria Leaf Spot/alternaria_leaf_spot_0585.jpg,Alternaria Leaf Spot
/Users/thun/Desktop/cauliflower_training/cali/Healthy/healthy_1473.jpeg,Healthy
/Users/thun/Desktop/cauliflower_training/cali/Bacterial Soft Rot/bacterial_soft_rot_1267.jpg,Bacterial Soft Rot
/Users/thun/Desktop/cauliflower_training/cali/Healthy/healthy_2008.jpg,Healthy
/Users/thun/Desktop/cauliflower_training/cali/Bacterial Soft Rot/bacterial_soft_rot_0185.jpeg,Bacterial Soft Rot
/Users/thun/Desktop/cauliflower_training/cali/Healthy/healthy_2775.jpg,Healthy
/Users/thun/Desktop/cauliflower_training/cali/Alternaria Leaf Spot/alternaria_leaf_spot_0583.jpg,Alternaria Leaf Spot
/Users/thun/Desktop/cauliflower_training/cali/Black Rot/black_rot_658.png,Black Rot
/Users/thun/Desktop/cauliflower_training/cali/Downy Mildew/downy_mildew_0454.png,Downy Mildew
/Users/thun/Desktop/cauliflower_training/cali/Bacterial Soft Rot/bacterial_soft_rot_0824.jpg,Bacterial Soft Rot
/Users/thun/Desktop/cauliflower_training/cali/Downy Mildew/downy_mildew_1043.jpeg,Downy Mildew
/Users/thun/Desktop/cauliflower_training/cali/Downy Mildew/downy_mildew_0414.png,Downy Mildew
/Users/thun/Desktop/cauliflower_training/cali/Downy Mildew/downy_mildew_1066.jpeg,Downy Mildew
/Users/thun/Desktop/cauliflower_training/cali/Bacterial Soft Rot/bacterial_soft_rot_0181.jpeg,Bacterial Soft Rot
/Users/thun/Desktop/cauliflower_training/cali/Bacterial Soft Rot/bacterial_soft_rot_0800.jpg,Bacterial Soft Rot
/Users/thun/Desktop/cauliflower_training/cali/Bacterial Soft Rot/bacterial_soft_rot_0514.jpg,Bacterial Soft Rot
/Users/thun/Desktop/cauliflower_training/cali/Downy Mildew/downy_mildew_0984.jpeg,Downy Mildew
/Users/thun/Desktop/cauliflower_training/cali/Bacterial Soft Rot/bacterial_soft_rot_0609.jpg,Bacterial Soft Rot
/Users/thun/Desktop/cauliflower_training/cali/Healthy/healthy_0295.png,Healthy
/Users/thun/Desktop/cauliflower_training/cali/Healthy/healthy_0979.jpeg,Healthy
/Users/thun/Desktop/cauliflower_training/cali/Bacterial Soft Rot/bacterial_soft_rot_0309.jpg,Bacterial Soft Rot
/Users/thun/Desktop/cauliflower_training/cali/Healthy/healthy_0323.png,Healthy
/Users/thun/Desktop/cauliflower_training/cali/Black Rot/black_rot_145.png,Black Rot
/Users/thun/Desktop/cauliflower_training/cali/Downy Mildew/downy_mildew_0226.png,Downy Mildew
/Users/thun/Desktop/cauliflower_training/cali/Healthy/healthy_0099.png,Healthy
/Users/thun/Desktop/cauliflower_training/cali/Alternaria Leaf Spot/alternaria_leaf_spot_1347.jpg,Alternaria Leaf Spot
/Users/thun/Desktop/cauliflower_training/cali/Downy Mildew/downy_mildew_0662.png,Downy Mildew
/Users/thun/Desktop/cauliflower_training/cali/Downy Mildew/downy_mildew_0153.png,Downy Mildew
/Users/thun/Desktop/cauliflower_training/cali/Alternaria Leaf Spot/alternaria_leaf_spot_0844.jpg,Alternaria Leaf Spot
/Users/thun/Desktop/cauliflower_training/cali/Healthy/healthy_1662.jpg,Healthy
/Users/thun/Desktop/cauliflower_training/cali/Bacterial Soft Rot/bacterial_soft_rot_0830.jpg,Bacterial Soft Rot
/Users/thun/Desktop/cauliflower_training/cali/Healthy/healthy_2921.jpg,Healthy
/Users/thun/Desktop/cauliflower_training/cali/Healthy/healthy_2454.jpg,Healthy
/Users/thun/Desktop/cauliflower_training/cali/Healthy/healthy_0498.png,Healthy
/Users/thun/Desktop/cauliflower_training/cali/Bacterial Soft Rot/bacterial_soft_rot_1037.jpg,Bacterial Soft Rot
/Users/thun/Desktop/cauliflower_training/cali/Alternaria Leaf Spot/alternaria_leaf_spot_1309.jpg,Alternaria Leaf Spot
/Users/thun/Desktop/cauliflower_training/cali/Downy Mildew/downy_mildew_0143.png,Downy Mildew
/Users/thun/Desktop/cauliflower_training/cali/Alternaria Leaf Spot/alternaria_leaf_spot_1108.jpg,Alternaria Leaf Spot
/Users/thun/Desktop/cauliflower_training/cali/Healthy/healthy_2330.jpg,Healthy
/Users/thun/Desktop/cauliflower_training/cali/Black Rot/black_rot_577.png,Black Rot
/Users/thun/Desktop/cauliflower_training/cali/Alternaria Leaf Spot/alternaria_leaf_spot_0465.jpg,Alternaria Leaf Spot
/Users/thun/Desktop/cauliflower_training/cali/Bacterial Soft Rot/bacterial_soft_rot_1132.jpg,Bacterial Soft Rot
/Users/thun/Desktop/cauliflower_training/cali/Alternaria Leaf Spot/alternaria_leaf_spot_1020.jpg,Alternaria Leaf Spot
/Users/thun/Desktop/cauliflower_training/cali/Healthy/healthy_1095.jpg,Healthy
/Users/thun/Desktop/cauliflower_training/cali/Healthy/healthy_2964.jpg,Healthy
/Users/thun/Desktop/cauliflower_training/cali/Black Rot/black_rot_253.png,Black Rot
/Users/thun/Desktop/cauliflower_training/cali/Alternaria Leaf Spot/alternaria_leaf_spot_1226.jpg,Alternaria Leaf Spot
/Users/thun/Desktop/cauliflower_training/cali/Alternaria Leaf Spot/alternaria_leaf_spot_1356.jpg,Alternaria Leaf Spot
/Users/thun/Desktop/cauliflower_training/cali/Healthy/healthy_2904.jpg,Healthy
/Users/thun/Desktop/cauliflower_training/cali/Healthy/healthy_0809.jpeg,Healthy
/Users/thun/Desktop/cauliflower_training/cali/Bacterial Soft Rot/bacterial_soft_rot_0048.jpeg,Bacterial Soft Rot
/Users/thun/Desktop/cauliflower_training/cali/Alternaria Leaf Spot/alternaria_leaf_spot_0114.jpeg,Alternaria Leaf Spot
/Users/thun/Desktop/cauliflower_training/cali/Bacterial Soft Rot/bacterial_soft_rot_0066.jpeg,Bacterial Soft Rot
/Users/thun/Desktop/cauliflower_training/cali/Black Rot/black_rot_477.png,Black Rot
/Users/thun/Desktop/cauliflower_training/cali/Bacterial Soft Rot/bacterial_soft_rot_1310.jpg,Bacterial Soft Rot
/Users/thun/Desktop/cauliflower_training/cali/Healthy/healthy_2460.jpg,Healthy
/Users/thun/Desktop/cauliflower_training/cali/Healthy/healthy_0250.png,Healthy
/Users/thun/Desktop/cauliflower_training/cali/Healthy/healthy_2053.jpg,Healthy
/Users/thun/Desktop/cauliflower_training/cali/Bacterial Soft Rot/bacterial_soft_rot_0883.jpg,Bacterial Soft Rot
/Users/thun/Desktop/cauliflower_training/cali/Bacterial Soft Rot/bacterial_soft_rot_1124.jpg,Bacterial Soft Rot
/Users/thun/Desktop/cauliflower_training/cali/Bacterial Soft Rot/bacterial_soft_rot_0227.jpg,Bacterial Soft Rot
/Users/thun/Desktop/cauliflower_training/cali/Black Rot/black_rot_236.png,Black Rot
/Users/thun/Desktop/cauliflower_training/cali/Alternaria Leaf Spot/alternaria_leaf_spot_0963.jpg,Alternaria Leaf Spot
/Users/thun/Desktop/cauliflower_training/cali/Alternaria Leaf Spot/alternaria_leaf_spot_0579.jpg,Alternaria Leaf Spot
/Users/thun/Desktop/cauliflower_training/cali/Healthy/healthy_2997.jpg,Healthy
/Users/thun/Desktop/cauliflower_training/cali/Bacterial Soft Rot/bacterial_soft_rot_0218.jpg,Bacterial Soft Rot
/Users/thun/Desktop/cauliflower_training/cali/Alternaria Leaf Spot/alternaria_leaf_spot_1293.jpg,Alternaria Leaf Spot
/Users/thun/Desktop/cauliflower_training/cali/Healthy/healthy_2545.jpg,Healthy
/Users/thun/Desktop/cauliflower_training/cali/Downy Mildew/downy_mildew_0259.png,Downy Mildew
/Users/thun/Desktop/cauliflower_training/cali/Healthy/healthy_2558.jpg,Healthy
/Users/thun/Desktop/cauliflower_training/cali/Healthy/healthy_2163.jpg,Healthy
/Users/thun/Desktop/cauliflower_training/cali/Bacterial Soft Rot/bacterial_soft_rot_0439.jpg,Bacterial Soft Rot
/Users/thun/Desktop/cauliflower_training/cali/Downy Mildew/downy_mildew_0872.jpg,Downy Mildew
/Users/thun/Desktop/cauliflower_training/cali/Alternaria Leaf Spot/alternaria_leaf_spot_0512.jpg,Alternaria Leaf Spot
/Users/thun/Desktop/cauliflower_training/cali/Healthy/healthy_0879.jpeg,Healthy
/Users/thun/Desktop/cauliflower_training/cali/Alternaria Leaf Spot/alternaria_leaf_spot_1027.jpg,Alternaria Leaf Spot
/Users/thun/Desktop/cauliflower_training/cali/Alternaria Leaf Spot/alternaria_leaf_spot_0256.jpeg,Alternaria Leaf Spot
/Users/thun/Desktop/cauliflower_training/cali/Bacterial Soft Rot/bacterial_soft_rot_0097.jpeg,Bacterial Soft Rot
/Users/thun/Desktop/cauliflower_training/cali/Bacterial Soft Rot/bacterial_soft_rot_0714.jpg,Bacterial Soft Rot
/Users/thun/Desktop/cauliflower_training/cali/Healthy/healthy_0453.png,Healthy
/Users/thun/Desktop/cauliflower_training/cali/Bacterial Soft Rot/bacterial_soft_rot_1134.jpg,Bacterial Soft Rot
/Users/thun/Desktop/cauliflower_training/cali/Alternaria Leaf Spot/alternaria_leaf_spot_0321.jpg,Alternaria Leaf Spot
/Users/thun/Desktop/cauliflower_training/cali/Bacterial Soft Rot/bacterial_soft_rot_0168.jpeg,Bacterial Soft Rot
/Users/thun/Desktop/cauliflower_training/cali/Healthy/healthy_2714.jpg,Healthy
/Users/thun/Desktop/cauliflower_training/cali/Bacterial Soft Rot/bacterial_soft_rot_0584.jpg,Bacterial Soft Rot
/Users/thun/Desktop/cauliflower_training/cali/Healthy/healthy_0926.jpg,Healthy
/Users/thun/Desktop/cauliflower_training/cali/Black Rot/black_rot_656.png,Black Rot
/Users/thun/Desktop/cauliflower_training/cali/Downy Mildew/downy_mildew_0688.png,Downy Mildew
/Users/thun/Desktop/cauliflower_training/cali/Downy Mildew/downy_mildew_0851.jpg,Downy Mildew
/Users/thun/Desktop/cauliflower_training/cali/Downy Mildew/downy_mildew_0085.png,Downy Mildew
/Users/thun/Desktop/cauliflower_training/cali/Healthy/healthy_1938.jpg,Healthy
/Users/thun/Desktop/cauliflower_training/cali/Black Rot/black_rot_143.png,Black Rot
/Users/thun/Desktop/cauliflower_training/cali/Healthy/healthy_1918.jpg,Healthy
/Users/thun/Desktop/cauliflower_training/cali/Healthy/healthy_1713.jpg,Healthy
/Users/thun/Desktop/cauliflower_training/cali/Downy Mildew/downy_mildew_0531.png,Downy Mildew
/Users/thun/Desktop/cauliflower_training/cali/Healthy/healthy_1945.jpg,Healthy
/Users/thun/Desktop/cauliflower_training/cali/Healthy/healthy_0051.png,Healthy
/Users/thun/Desktop/cauliflower_training/cali/Healthy/healthy_0489.png,Healthy
/Users/thun/Desktop/cauliflower_training/cali/Healthy/healthy_0931.jpeg,Healthy
/Users/thun/Desktop/cauliflower_training/cali/Healthy/healthy_0730.jpeg,Healthy
/Users/thun/Desktop/cauliflower_training/cali/Bacterial Soft Rot/bacterial_soft_rot_1031.jpg,Bacterial Soft Rot
/Users/thun/Desktop/cauliflower_training/cali/Healthy/healthy_0316.png,Healthy
/Users/thun/Desktop/cauliflower_training/cali/Healthy/healthy_2428.jpg,Healthy
/Users/thun/Desktop/cauliflower_training/cali/Bacterial Soft Rot/bacterial_soft_rot_0603.jpg,Bacterial Soft Rot
/Users/thun/Desktop/cauliflower_training/cali/Alternaria Leaf Spot/alternaria_leaf_spot_0053.jpeg,Alternaria Leaf Spot
/Users/thun/Desktop/cauliflower_training/cali/Alternaria Leaf Spot/alternaria_leaf_spot_0070.jpeg,Alternaria Leaf Spot
/Users/thun/Desktop/cauliflower_training/cali/Alternaria Leaf Spot/alternaria_leaf_spot_0065.jpeg,Alternaria Leaf Spot
/Users/thun/Desktop/cauliflower_training/cali/Bacterial Soft Rot/bacterial_soft_rot_0006.jpg,Bacterial Soft Rot
/Users/thun/Desktop/cauliflower_training/cali/Alternaria Leaf Spot/alternaria_leaf_spot_1229.jpg,Alternaria Leaf Spot
/Users/thun/Desktop/cauliflower_training/cali/Bacterial Soft Rot/bacterial_soft_rot_0767.jpg,Bacterial Soft Rot
/Users/thun/Desktop/cauliflower_training/cali/Bacterial Soft Rot/bacterial_soft_rot_0965.jpg,Bacterial Soft Rot
/Users/thun/Desktop/cauliflower_training/cali/Bacterial Soft Rot/bacterial_soft_rot_0234.jpg,Bacterial Soft Rot
/Users/thun/Desktop/cauliflower_training/cali/Bacterial Soft Rot/bacterial_soft_rot_0888.jpg,Bacterial Soft Rot
/Users/thun/Desktop/cauliflower_training/cali/Bacterial Soft Rot/bacterial_soft_rot_0004.jpg,Bacterial Soft Rot
/Users/thun/Desktop/cauliflower_training/cali/Healthy/healthy_0434.png,Healthy
/Users/thun/Desktop/cauliflower_training/cali/Black Rot/black_rot_064.png,Black Rot
/Users/thun/Desktop/cauliflower_training/cali/Healthy/healthy_1637.jpg,Healthy
/Users/thun/Desktop/cauliflower_training/cali/Alternaria Leaf Spot/alternaria_leaf_spot_0774.jpg,Alternaria Leaf Spot
/Users/thun/Desktop/cauliflower_training/cali/Alternaria Leaf Spot/alternaria_leaf_spot_0091.jpeg,Alternaria Leaf Spot
/Users/thun/Desktop/cauliflower_training/cali/Black Rot/black_rot_300.png,Black Rot
/Users/thun/Desktop/cauliflower_training/cali/Alternaria Leaf Spot/alternaria_leaf_spot_1500.jpg,Alternaria Leaf Spot
/Users/thun/Desktop/cauliflower_training/cali/Bacterial Soft Rot/bacterial_soft_rot_1277.jpg,Bacterial Soft Rot
/Users/thun/Desktop/cauliflower_training/cali/Alternaria Leaf Spot/alternaria_leaf_spot_0289.jpeg,Alternaria Leaf Spot
/Users/thun/Desktop/cauliflower_training/cali/Healthy/healthy_2604.jpg,Healthy
/Users/thun/Desktop/cauliflower_training/cali/Downy Mildew/downy_mildew_0911.jpg,Downy Mildew
/Users/thun/Desktop/cauliflower_training/cali/Downy Mildew/downy_mildew_0092.png,Downy Mildew
/Users/thun/Desktop/cauliflower_training/cali/Black Rot/black_rot_051.png,Black Rot
/Users/thun/Desktop/cauliflower_training/cali/Healthy/healthy_1265.jpg,Healthy
/Users/thun/Desktop/cauliflower_training/cali/Alternaria Leaf Spot/alternaria_leaf_spot_1107.jpg,Alternaria Leaf Spot
/Users/thun/Desktop/cauliflower_training/cali/Bacterial Soft Rot/bacterial_soft_rot_0359.jpg,Bacterial Soft Rot
/Users/thun/Desktop/cauliflower_training/cali/Downy Mildew/downy_mildew_0362.png,Downy Mildew
/Users/thun/Desktop/cauliflower_training/cali/Bacterial Soft Rot/bacterial_soft_rot_0999.jpg,Bacterial Soft Rot
/Users/thun/Desktop/cauliflower_training/cali/Downy Mildew/downy_mildew_0658.png,Downy Mildew
/Users/thun/Desktop/cauliflower_training/cali/Alternaria Leaf Spot/alternaria_leaf_spot_0723.jpg,Alternaria Leaf Spot
/Users/thun/Desktop/cauliflower_training/cali/Healthy/healthy_0649.png,Healthy
/Users/thun/Desktop/cauliflower_training/cali/Downy Mildew/downy_mildew_0094.png,Downy Mildew
/Users/thun/Desktop/cauliflower_training/cali/Black Rot/black_rot_112.png,Black Rot
/Users/thun/Desktop/cauliflower_training/cali/Healthy/healthy_0668.png,Healthy
/Users/thun/Desktop/cauliflower_training/cali/Bacterial Soft Rot/bacterial_soft_rot_0914.jpg,Bacterial Soft Rot
/Users/thun/Desktop/cauliflower_training/cali/Downy Mildew/downy_mildew_0822.jpg,Downy Mildew
/Users/thun/Desktop/cauliflower_training/cali/Bacterial Soft Rot/bacterial_soft_rot_1025.jpg,Bacterial Soft Rot
/Users/thun/Desktop/cauliflower_training/cali/Alternaria Leaf Spot/alternaria_leaf_spot_0055.jpeg,Alternaria Leaf Spot
/Users/thun/Desktop/cauliflower_training/cali/Healthy/healthy_0268.png,Healthy
/Users/thun/Desktop/cauliflower_training/cali/Downy Mildew/downy_mildew_1024.jpeg,Downy Mildew
/Users/thun/Desktop/cauliflower_training/cali/Healthy/healthy_1612.jpg,Healthy
/Users/thun/Desktop/cauliflower_training/cali/Healthy/healthy_2780.jpg,Healthy
/Users/thun/Desktop/cauliflower_training/cali/Bacterial Soft Rot/bacterial_soft_rot_0676.jpg,Bacterial Soft Rot
/Users/thun/Desktop/cauliflower_training/cali/Black Rot/black_rot_735.jpeg,Black Rot
/Users/thun/Desktop/cauliflower_training/cali/Healthy/healthy_2439.jpg,Healthy
/Users/thun/Desktop/cauliflower_training/cali/Healthy/healthy_1391.jpg,Healthy
/Users/thun/Desktop/cauliflower_training/cali/Alternaria Leaf Spot/alternaria_leaf_spot_0623.jpg,Alternaria Leaf Spot
/Users/thun/Desktop/cauliflower_training/cali/Black Rot/black_rot_767.jpeg,Black Rot
/Users/thun/Desktop/cauliflower_training/cali/Bacterial Soft Rot/bacterial_soft_rot_0103.jpeg,Bacterial Soft Rot
/Users/thun/Desktop/cauliflower_training/cali/Alternaria Leaf Spot/alternaria_leaf_spot_0002.jpg,Alternaria Leaf Spot
/Users/thun/Desktop/cauliflower_training/cali/Alternaria Leaf Spot/alternaria_leaf_spot_0277.jpeg,Alternaria Leaf Spot
/Users/thun/Desktop/cauliflower_training/cali/Healthy/healthy_2120.jpg,Healthy
/Users/thun/Desktop/cauliflower_training/cali/Bacterial Soft Rot/bacterial_soft_rot_0669.jpg,Bacterial Soft Rot
/Users/thun/Desktop/cauliflower_training/cali/Downy Mildew/downy_mildew_1278.jpeg,Downy Mildew
/Users/thun/Desktop/cauliflower_training/cali/Alternaria Leaf Spot/alternaria_leaf_spot_0754.jpg,Alternaria Leaf Spot
/Users/thun/Desktop/cauliflower_training/cali/Healthy/healthy_0096.png,Healthy
/Users/thun/Desktop/cauliflower_training/cali/Bacterial Soft Rot/bacterial_soft_rot_1082.jpg,Bacterial Soft Rot
/Users/thun/Desktop/cauliflower_training/cali/Healthy/healthy_2462.jpg,Healthy
/Users/thun/Desktop/cauliflower_training/cali/Healthy/healthy_1692.jpg,Healthy
/Users/thun/Desktop/cauliflower_training/cali/Black Rot/black_rot_043.png,Black Rot
/Users/thun/Desktop/cauliflower_training/cali/Bacterial Soft Rot/bacterial_soft_rot_0393.jpg,Bacterial Soft Rot
/Users/thun/Desktop/cauliflower_training/cali/Healthy/healthy_1622.jpg,Healthy
/Users/thun/Desktop/cauliflower_training/cali/Healthy/healthy_2968.jpg,Healthy
/Users/thun/Desktop/cauliflower_training/cali/Alternaria Leaf Spot/alternaria_leaf_spot_0342.jpg,Alternaria Leaf Spot
/Users/thun/Desktop/cauliflower_training/cali/Alternaria Leaf Spot/alternaria_leaf_spot_1505.jpg,Alternaria Leaf Spot
/Users/thun/Desktop/cauliflower_training/cali/Bacterial Soft Rot/bacterial_soft_rot_1273.jpg,Bacterial Soft Rot
/Users/thun/Desktop/cauliflower_training/cali/Black Rot/black_rot_584.png,Black Rot
/Users/thun/Desktop/cauliflower_training/cali/Healthy/healthy_0676.png,Healthy
/Users/thun/Desktop/cauliflower_training/cali/Bacterial Soft Rot/bacterial_soft_rot_0130.jpeg,Bacterial Soft Rot
/Users/thun/Desktop/cauliflower_training/cali/Healthy/healthy_2043.jpg,Healthy
/Users/thun/Desktop/cauliflower_training/cali/Healthy/healthy_1318.jpg,Healthy
/Users/thun/Desktop/cauliflower_training/cali/Healthy/healthy_1187.jpg,Healthy
/Users/thun/Desktop/cauliflower_training/cali/Alternaria Leaf Spot/alternaria_leaf_spot_1148.jpg,Alternaria Leaf Spot
/Users/thun/Desktop/cauliflower_training/cali/Alternaria Leaf Spot/alternaria_leaf_spot_1138.jpg,Alternaria Leaf Spot
/Users/thun/Desktop/cauliflower_training/cali/Healthy/healthy_1312.jpg,Healthy
/Users/thun/Desktop/cauliflower_training/cali/Bacterial Soft Rot/bacterial_soft_rot_0869.jpg,Bacterial Soft Rot
/Users/thun/Desktop/cauliflower_training/cali/Healthy/healthy_0282.png,Healthy
/Users/thun/Desktop/cauliflower_training/cali/Healthy/healthy_0400.png,Healthy
/Users/thun/Desktop/cauliflower_training/cali/Healthy/healthy_1743.jpg,Healthy
/Users/thun/Desktop/cauliflower_training/cali/Black Rot/black_rot_208.png,Black Rot
/Users/thun/Desktop/cauliflower_training/cali/Bacterial Soft Rot/bacterial_soft_rot_0056.jpeg,Bacterial Soft Rot
/Users/thun/Desktop/cauliflower_training/cali/Healthy/healthy_2100.jpg,Healthy
/Users/thun/Desktop/cauliflower_training/cali/Healthy/healthy_3133.jpg,Healthy
/Users/thun/Desktop/cauliflower_training/cali/Black Rot/black_rot_543.png,Black Rot
/Users/thun/Desktop/cauliflower_training/cali/Black Rot/black_rot_362.png,Black Rot
/Users/thun/Desktop/cauliflower_training/cali/Bacterial Soft Rot/bacterial_soft_rot_0857.jpg,Bacterial Soft Rot
/Users/thun/Desktop/cauliflower_training/cali/Alternaria Leaf Spot/alternaria_leaf_spot_1123.jpg,Alternaria Leaf Spot
/Users/thun/Desktop/cauliflower_training/cali/Healthy/healthy_3104.jpg,Healthy
/Users/thun/Desktop/cauliflower_training/cali/Black Rot/black_rot_773.jpeg,Black Rot
/Users/thun/Desktop/cauliflower_training/cali/Alternaria Leaf Spot/alternaria_leaf_spot_1399.jpg,Alternaria Leaf Spot
/Users/thun/Desktop/cauliflower_training/cali/Alternaria Leaf Spot/alternaria_leaf_spot_0533.jpg,Alternaria Leaf Spot
/Users/thun/Desktop/cauliflower_training/cali/Downy Mildew/downy_mildew_0029.png,Downy Mildew
/Users/thun/Desktop/cauliflower_training/cali/Healthy/healthy_1122.jpg,Healthy
/Users/thun/Desktop/cauliflower_training/cali/Bacterial Soft Rot/bacterial_soft_rot_1339.jpg,Bacterial Soft Rot
/Users/thun/Desktop/cauliflower_training/cali/Black Rot/black_rot_548.png,Black Rot
/Users/thun/Desktop/cauliflower_training/cali/Healthy/healthy_2397.jpg,Healthy
/Users/thun/Desktop/cauliflower_training/cali/Alternaria Leaf Spot/alternaria_leaf_spot_0397.jpg,Alternaria Leaf Spot
/Users/thun/Desktop/cauliflower_training/cali/Healthy/healthy_0824.jpeg,Healthy
/Users/thun/Desktop/cauliflower_training/cali/Alternaria Leaf Spot/alternaria_leaf_spot_1215.jpg,Alternaria Leaf Spot
/Users/thun/Desktop/cauliflower_training/cali/Bacterial Soft Rot/bacterial_soft_rot_1091.jpg,Bacterial Soft Rot
/Users/thun/Desktop/cauliflower_training/cali/Healthy/healthy_0756.jpeg,Healthy
/Users/thun/Desktop/cauliflower_training/cali/Downy Mildew/downy_mildew_1037.jpeg,Downy Mildew
/Users/thun/Desktop/cauliflower_training/cali/Healthy/healthy_1998.jpg,Healthy
/Users/thun/Desktop/cauliflower_training/cali/Downy Mildew/downy_mildew_0913.jpg,Downy Mildew
/Users/thun/Desktop/cauliflower_training/cali/Black Rot/black_rot_603.png,Black Rot
/Users/thun/Desktop/cauliflower_training/cali/Downy Mildew/downy_mildew_0770.jpeg,Downy Mildew
/Users/thun/Desktop/cauliflower_training/cali/Bacterial Soft Rot/bacterial_soft_rot_0174.jpeg,Bacterial Soft Rot
/Users/thun/Desktop/cauliflower_training/cali/Bacterial Soft Rot/bacterial_soft_rot_1360.jpg,Bacterial Soft Rot
/Users/thun/Desktop/cauliflower_training/cali/Downy Mildew/downy_mildew_1152.jpeg,Downy Mildew
/Users/thun/Desktop/cauliflower_training/cali/Healthy/healthy_2079.jpg,Healthy
/Users/thun/Desktop/cauliflower_training/cali/Alternaria Leaf Spot/alternaria_leaf_spot_0846.jpg,Alternaria Leaf Spot
/Users/thun/Desktop/cauliflower_training/cali/Alternaria Leaf Spot/alternaria_leaf_spot_0879.jpg,Alternaria Leaf Spot
/Users/thun/Desktop/cauliflower_training/cali/Healthy/healthy_1377.jpg,Healthy
/Users/thun/Desktop/cauliflower_training/cali/Healthy/healthy_1457.png,Healthy
/Users/thun/Desktop/cauliflower_training/cali/Bacterial Soft Rot/bacterial_soft_rot_0863.jpg,Bacterial Soft Rot
/Users/thun/Desktop/cauliflower_training/cali/Bacterial Soft Rot/bacterial_soft_rot_0138.jpeg,Bacterial Soft Rot
/Users/thun/Desktop/cauliflower_training/cali/Black Rot/black_rot_700.png,Black Rot
/Users/thun/Desktop/cauliflower_training/cali/Bacterial Soft Rot/bacterial_soft_rot_0630.jpg,Bacterial Soft Rot
/Users/thun/Desktop/cauliflower_training/cali/Healthy/healthy_2489.jpg,Healthy
/Users/thun/Desktop/cauliflower_training/cali/Bacterial Soft Rot/bacterial_soft_rot_0413.jpg,Bacterial Soft Rot
/Users/thun/Desktop/cauliflower_training/cali/Healthy/healthy_1236.jpeg,Healthy
/Users/thun/Desktop/cauliflower_training/cali/Alternaria Leaf Spot/alternaria_leaf_spot_0987.jpg,Alternaria Leaf Spot
/Users/thun/Desktop/cauliflower_training/cali/Bacterial Soft Rot/bacterial_soft_rot_0133.jpeg,Bacterial Soft Rot
/Users/thun/Desktop/cauliflower_training/cali/Alternaria Leaf Spot/alternaria_leaf_spot_1263.jpg,Alternaria Leaf Spot
/Users/thun/Desktop/cauliflower_training/cali/Bacterial Soft Rot/bacterial_soft_rot_0790.jpg,Bacterial Soft Rot
/Users/thun/Desktop/cauliflower_training/cali/Downy Mildew/downy_mildew_1027.jpeg,Downy Mildew
/Users/thun/Desktop/cauliflower_training/cali/Healthy/healthy_1103.jpeg,Healthy
/Users/thun/Desktop/cauliflower_training/cali/Bacterial Soft Rot/bacterial_soft_rot_1202.jpg,Bacterial Soft Rot
/Users/thun/Desktop/cauliflower_training/cali/Healthy/healthy_1065.png,Healthy
/Users/thun/Desktop/cauliflower_training/cali/Bacterial Soft Rot/bacterial_soft_rot_0482.jpg,Bacterial Soft Rot
/Users/thun/Desktop/cauliflower_training/cali/Healthy/healthy_3024.jpg,Healthy
/Users/thun/Desktop/cauliflower_training/cali/Bacterial Soft Rot/bacterial_soft_rot_0727.jpg,Bacterial Soft Rot
/Users/thun/Desktop/cauliflower_training/cali/Bacterial Soft Rot/bacterial_soft_rot_0037.jpeg,Bacterial Soft Rot
/Users/thun/Desktop/cauliflower_training/cali/Downy Mildew/downy_mildew_0187.png,Downy Mildew
/Users/thun/Desktop/cauliflower_training/cali/Healthy/healthy_1321.jpg,Healthy
/Users/thun/Desktop/cauliflower_training/cali/Bacterial Soft Rot/bacterial_soft_rot_1111.jpg,Bacterial Soft Rot
/Users/thun/Desktop/cauliflower_training/cali/Downy Mildew/downy_mildew_0100.png,Downy Mildew
/Users/thun/Desktop/cauliflower_training/cali/Downy Mildew/downy_mildew_1014.jpeg,Downy Mildew
/Users/thun/Desktop/cauliflower_training/cali/Alternaria Leaf Spot/alternaria_leaf_spot_0358.jpg,Alternaria Leaf Spot
/Users/thun/Desktop/cauliflower_training/cali/Bacterial Soft Rot/bacterial_soft_rot_1323.jpg,Bacterial Soft Rot
/Users/thun/Desktop/cauliflower_training/cali/Alternaria Leaf Spot/alternaria_leaf_spot_1485.jpg,Alternaria Leaf Spot
/Users/thun/Desktop/cauliflower_training/cali/Downy Mildew/downy_mildew_0974.jpeg,Downy Mildew
/Users/thun/Desktop/cauliflower_training/cali/Downy Mildew/downy_mildew_1226.jpeg,Downy Mildew
/Users/thun/Desktop/cauliflower_training/cali/Healthy/healthy_0616.png,Healthy
/Users/thun/Desktop/cauliflower_training/cali/Downy Mildew/downy_mildew_0491.png,Downy Mildew
/Users/thun/Desktop/cauliflower_training/cali/Healthy/healthy_1683.jpg,Healthy
/Users/thun/Desktop/cauliflower_training/cali/Healthy/healthy_2960.jpg,Healthy
/Users/thun/Desktop/cauliflower_training/cali/Bacterial Soft Rot/bacterial_soft_rot_0078.jpeg,Bacterial Soft Rot
/Users/thun/Desktop/cauliflower_training/cali/Alternaria Leaf Spot/alternaria_leaf_spot_0200.jpeg,Alternaria Leaf Spot
/Users/thun/Desktop/cauliflower_training/cali/Black Rot/black_rot_385.png,Black Rot
/Users/thun/Desktop/cauliflower_training/cali/Healthy/healthy_0790.jpeg,Healthy
/Users/thun/Desktop/cauliflower_training/cali/Healthy/healthy_0168.png,Healthy
/Users/thun/Desktop/cauliflower_training/cali/Healthy/healthy_1333.jpg,Healthy
/Users/thun/Desktop/cauliflower_training/cali/Alternaria Leaf Spot/alternaria_leaf_spot_0284.jpeg,Alternaria Leaf Spot
/Users/thun/Desktop/cauliflower_training/cali/Black Rot/black_rot_753.jpeg,Black Rot
/Users/thun/Desktop/cauliflower_training/cali/Bacterial Soft Rot/bacterial_soft_rot_0946.jpg,Bacterial Soft Rot
/Users/thun/Desktop/cauliflower_training/cali/Bacterial Soft Rot/bacterial_soft_rot_0799.jpg,Bacterial Soft Rot
/Users/thun/Desktop/cauliflower_training/cali/Downy Mildew/downy_mildew_0557.png,Downy Mildew
/Users/thun/Desktop/cauliflower_training/cali/Bacterial Soft Rot/bacterial_soft_rot_1159.jpg,Bacterial Soft Rot
/Users/thun/Desktop/cauliflower_training/cali/Alternaria Leaf Spot/alternaria_leaf_spot_0183.jpeg,Alternaria Leaf Spot
/Users/thun/Desktop/cauliflower_training/cali/Healthy/healthy_1506.jpeg,Healthy
/Users/thun/Desktop/cauliflower_training/cali/Bacterial Soft Rot/bacterial_soft_rot_0850.jpg,Bacterial Soft Rot
/Users/thun/Desktop/cauliflower_training/cali/Healthy/healthy_2728.jpg,Healthy
/Users/thun/Desktop/cauliflower_training/cali/Alternaria Leaf Spot/alternaria_leaf_spot_0476.jpg,Alternaria Leaf Spot
/Users/thun/Desktop/cauliflower_training/cali/Healthy/healthy_0643.png,Healthy
/Users/thun/Desktop/cauliflower_training/cali/Bacterial Soft Rot/bacterial_soft_rot_1102.jpg,Bacterial Soft Rot
/Users/thun/Desktop/cauliflower_training/cali/Healthy/healthy_2021.jpg,Healthy
/Users/thun/Desktop/cauliflower_training/cali/Bacterial Soft Rot/bacterial_soft_rot_0766.jpg,Bacterial Soft Rot
/Users/thun/Desktop/cauliflower_training/cali/Alternaria Leaf Spot/alternaria_leaf_spot_0589.jpg,Alternaria Leaf Spot
/Users/thun/Desktop/cauliflower_training/cali/Downy Mildew/downy_mildew_0589.png,Downy Mildew
/Users/thun/Desktop/cauliflower_training/cali/Downy Mildew/downy_mildew_0749.jpg,Downy Mildew
/Users/thun/Desktop/cauliflower_training/cali/Alternaria Leaf Spot/alternaria_leaf_spot_0347.jpg,Alternaria Leaf Spot
/Users/thun/Desktop/cauliflower_training/cali/Healthy/healthy_2160.jpg,Healthy
/Users/thun/Desktop/cauliflower_training/cali/Downy Mildew/downy_mildew_0799.jpg,Downy Mildew
/Users/thun/Desktop/cauliflower_training/cali/Alternaria Leaf Spot/alternaria_leaf_spot_0109.jpeg,Alternaria Leaf Spot
/Users/thun/Desktop/cauliflower_training/cali/Healthy/healthy_1815.jpg,Healthy
/Users/thun/Desktop/cauliflower_training/cali/Alternaria Leaf Spot/alternaria_leaf_spot_0847.jpg,Alternaria Leaf Spot
/Users/thun/Desktop/cauliflower_training/cali/Bacterial Soft Rot/bacterial_soft_rot_0852.jpg,Bacterial Soft Rot
/Users/thun/Desktop/cauliflower_training/cali/Healthy/healthy_0755.jpeg,Healthy
/Users/thun/Desktop/cauliflower_training/cali/Downy Mildew/downy_mildew_0325.png,Downy Mildew
/Users/thun/Desktop/cauliflower_training/cali/Black Rot/black_rot_381.png,Black Rot
/Users/thun/Desktop/cauliflower_training/cali/Alternaria Leaf Spot/alternaria_leaf_spot_0523.jpg,Alternaria Leaf Spot
/Users/thun/Desktop/cauliflower_training/cali/Healthy/healthy_0163.png,Healthy
/Users/thun/Desktop/cauliflower_training/cali/Healthy/healthy_0866.jpeg,Healthy
/Users/thun/Desktop/cauliflower_training/cali/Downy Mildew/downy_mildew_0215.png,Downy Mildew
/Users/thun/Desktop/cauliflower_training/cali/Bacterial Soft Rot/bacterial_soft_rot_0948.jpg,Bacterial Soft Rot
/Users/thun/Desktop/cauliflower_training/cali/Healthy/healthy_1420.jpg,Healthy
/Users/thun/Desktop/cauliflower_training/cali/Healthy/healthy_0908.jpeg,Healthy
/Users/thun/Desktop/cauliflower_training/cali/Alternaria Leaf Spot/alternaria_leaf_spot_0539.jpg,Alternaria Leaf Spot
/Users/thun/Desktop/cauliflower_training/cali/Black Rot/black_rot_258.png,Black Rot
/Users/thun/Desktop/cauliflower_training/cali/Downy Mildew/downy_mildew_0453.png,Downy Mildew
/Users/thun/Desktop/cauliflower_training/cali/Downy Mildew/downy_mildew_0701.jpeg,Downy Mildew
/Users/thun/Desktop/cauliflower_training/cali/Healthy/healthy_2405.jpg,Healthy
/Users/thun/Desktop/cauliflower_training/cali/Healthy/healthy_1825.jpg,Healthy
/Users/thun/Desktop/cauliflower_training/cali/Healthy/healthy_1440.jpeg,Healthy
/Users/thun/Desktop/cauliflower_training/cali/Downy Mildew/downy_mildew_0533.png,Downy Mildew
/Users/thun/Desktop/cauliflower_training/cali/Bacterial Soft Rot/bacterial_soft_rot_0347.jpg,Bacterial Soft Rot
/Users/thun/Desktop/cauliflower_training/cali/Bacterial Soft Rot/bacterial_soft_rot_0489.jpg,Bacterial Soft Rot
/Users/thun/Desktop/cauliflower_training/cali/Healthy/healthy_2231.jpg,Healthy
/Users/thun/Desktop/cauliflower_training/cali/Alternaria Leaf Spot/alternaria_leaf_spot_0537.jpg,Alternaria Leaf Spot
/Users/thun/Desktop/cauliflower_training/cali/Black Rot/black_rot_177.png,Black Rot
/Users/thun/Desktop/cauliflower_training/cali/Black Rot/black_rot_197.png,Black Rot
/Users/thun/Desktop/cauliflower_training/cali/Healthy/healthy_0160.png,Healthy
/Users/thun/Desktop/cauliflower_training/cali/Alternaria Leaf Spot/alternaria_leaf_spot_0450.jpg,Alternaria Leaf Spot
/Users/thun/Desktop/cauliflower_training/cali/Healthy/healthy_2561.jpg,Healthy
/Users/thun/Desktop/cauliflower_training/cali/Healthy/healthy_2661.jpg,Healthy
/Users/thun/Desktop/cauliflower_training/cali/Bacterial Soft Rot/bacterial_soft_rot_0558.jpg,Bacterial Soft Rot
/Users/thun/Desktop/cauliflower_training/cali/Bacterial Soft Rot/bacterial_soft_rot_1019.jpg,Bacterial Soft Rot
/Users/thun/Desktop/cauliflower_training/cali/Healthy/healthy_1340.jpg,Healthy
/Users/thun/Desktop/cauliflower_training/cali/Downy Mildew/downy_mildew_0191.png,Downy Mildew
/Users/thun/Desktop/cauliflower_training/cali/Healthy/healthy_0834.jpeg,Healthy
/Users/thun/Desktop/cauliflower_training/cali/Downy Mildew/downy_mildew_1254.jpeg,Downy Mildew
/Users/thun/Desktop/cauliflower_training/cali/Downy Mildew/downy_mildew_0015.png,Downy Mildew
/Users/thun/Desktop/cauliflower_training/cali/Healthy/healthy_2038.jpg,Healthy
/Users/thun/Desktop/cauliflower_training/cali/Alternaria Leaf Spot/alternaria_leaf_spot_1302.jpg,Alternaria Leaf Spot
/Users/thun/Desktop/cauliflower_training/cali/Healthy/healthy_1242.jpg,Healthy
/Users/thun/Desktop/cauliflower_training/cali/Downy Mildew/downy_mildew_0283.png,Downy Mildew
/Users/thun/Desktop/cauliflower_training/cali/Black Rot/black_rot_598.png,Black Rot
/Users/thun/Desktop/cauliflower_training/cali/Healthy/healthy_1609.jpg,Healthy
/Users/thun/Desktop/cauliflower_training/cali/Black Rot/black_rot_221.png,Black Rot
/Users/thun/Desktop/cauliflower_training/cali/Healthy/healthy_2217.jpg,Healthy
/Users/thun/Desktop/cauliflower_training/cali/Healthy/healthy_3004.jpg,Healthy
/Users/thun/Desktop/cauliflower_training/cali/Downy Mildew/downy_mildew_0390.png,Downy Mildew
/Users/thun/Desktop/cauliflower_training/cali/Healthy/healthy_1266.jpg,Healthy
/Users/thun/Desktop/cauliflower_training/cali/Downy Mildew/downy_mildew_0101.png,Downy Mildew
/Users/thun/Desktop/cauliflower_training/cali/Black Rot/black_rot_741.jpeg,Black Rot
/Users/thun/Desktop/cauliflower_training/cali/Healthy/healthy_2762.jpg,Healthy
/Users/thun/Desktop/cauliflower_training/cali/Bacterial Soft Rot/bacterial_soft_rot_1165.jpg,Bacterial Soft Rot
/Users/thun/Desktop/cauliflower_training/cali/Downy Mildew/downy_mildew_1266.jpeg,Downy Mildew
/Users/thun/Desktop/cauliflower_training/cali/Healthy/healthy_0702.jpg,Healthy
/Users/thun/Desktop/cauliflower_training/cali/Black Rot/black_rot_762.jpg,Black Rot
/Users/thun/Desktop/cauliflower_training/cali/Alternaria Leaf Spot/alternaria_leaf_spot_1395.jpg,Alternaria Leaf Spot
/Users/thun/Desktop/cauliflower_training/cali/Bacterial Soft Rot/bacterial_soft_rot_1116.jpg,Bacterial Soft Rot
/Users/thun/Desktop/cauliflower_training/cali/Black Rot/black_rot_022.png,Black Rot
/Users/thun/Desktop/cauliflower_training/cali/Healthy/healthy_1935.jpg,Healthy
/Users/thun/Desktop/cauliflower_training/cali/Downy Mildew/downy_mildew_1129.jpg,Downy Mildew
/Users/thun/Desktop/cauliflower_training/cali/Alternaria Leaf Spot/alternaria_leaf_spot_1137.jpg,Alternaria Leaf Spot
/Users/thun/Desktop/cauliflower_training/cali/Alternaria Leaf Spot/alternaria_leaf_spot_0262.jpg,Alternaria Leaf Spot
/Users/thun/Desktop/cauliflower_training/cali/Black Rot/black_rot_759.jpeg,Black Rot
/Users/thun/Desktop/cauliflower_training/cali/Bacterial Soft Rot/bacterial_soft_rot_1396.jpg,Bacterial Soft Rot
/Users/thun/Desktop/cauliflower_training/cali/Healthy/healthy_2328.jpg,Healthy
/Users/thun/Desktop/cauliflower_training/cali/Healthy/healthy_0544.png,Healthy
/Users/thun/Desktop/cauliflower_training/cali/Alternaria Leaf Spot/alternaria_leaf_spot_0103.jpeg,Alternaria Leaf Spot
/Users/thun/Desktop/cauliflower_training/cali/Black Rot/black_rot_786.jpeg,Black Rot
/Users/thun/Desktop/cauliflower_training/cali/Black Rot/black_rot_137.png,Black Rot
/Users/thun/Desktop/cauliflower_training/cali/Alternaria Leaf Spot/alternaria_leaf_spot_0064.jpg,Alternaria Leaf Spot
/Users/thun/Desktop/cauliflower_training/cali/Alternaria Leaf Spot/alternaria_leaf_spot_1409.jpg,Alternaria Leaf Spot
/Users/thun/Desktop/cauliflower_training/cali/Downy Mildew/downy_mildew_0326.png,Downy Mildew
/Users/thun/Desktop/cauliflower_training/cali/Healthy/healthy_2204.jpg,Healthy
/Users/thun/Desktop/cauliflower_training/cali/Downy Mildew/downy_mildew_0331.png,Downy Mildew
/Users/thun/Desktop/cauliflower_training/cali/Healthy/healthy_1565.png,Healthy
/Users/thun/Desktop/cauliflower_training/cali/Downy Mildew/downy_mildew_1034.jpeg,Downy Mildew
/Users/thun/Desktop/cauliflower_training/cali/Alternaria Leaf Spot/alternaria_leaf_spot_0394.jpg,Alternaria Leaf Spot
/Users/thun/Desktop/cauliflower_training/cali/Healthy/healthy_1654.jpg,Healthy
/Users/thun/Desktop/cauliflower_training/cali/Alternaria Leaf Spot/alternaria_leaf_spot_0655.jpg,Alternaria Leaf Spot
/Users/thun/Desktop/cauliflower_training/cali/Downy Mildew/downy_mildew_0530.png,Downy Mildew
/Users/thun/Desktop/cauliflower_training/cali/Healthy/healthy_1818.jpg,Healthy
/Users/thun/Desktop/cauliflower_training/cali/Black Rot/black_rot_229.png,Black Rot
/Users/thun/Desktop/cauliflower_training/cali/Alternaria Leaf Spot/alternaria_leaf_spot_1361.jpg,Alternaria Leaf Spot
/Users/thun/Desktop/cauliflower_training/cali/Alternaria Leaf Spot/alternaria_leaf_spot_1243.jpg,Alternaria Leaf Spot
/Users/thun/Desktop/cauliflower_training/cali/Downy Mildew/downy_mildew_0535.png,Downy Mildew
/Users/thun/Desktop/cauliflower_training/cali/Healthy/healthy_2097.jpg,Healthy
/Users/thun/Desktop/cauliflower_training/cali/Healthy/healthy_2628.jpg,Healthy
/Users/thun/Desktop/cauliflower_training/cali/Downy Mildew/downy_mildew_0148.png,Downy Mildew
/Users/thun/Desktop/cauliflower_training/cali/Downy Mildew/downy_mildew_0542.png,Downy Mildew
/Users/thun/Desktop/cauliflower_training/cali/Alternaria Leaf Spot/alternaria_leaf_spot_0462.jpg,Alternaria Leaf Spot
/Users/thun/Desktop/cauliflower_training/cali/Alternaria Leaf Spot/alternaria_leaf_spot_1073.jpg,Alternaria Leaf Spot
/Users/thun/Desktop/cauliflower_training/cali/Healthy/healthy_1714.jpg,Healthy
/Users/thun/Desktop/cauliflower_training/cali/Healthy/healthy_2470.jpg,Healthy
/Users/thun/Desktop/cauliflower_training/cali/Bacterial Soft Rot/bacterial_soft_rot_1301.jpg,Bacterial Soft Rot
/Users/thun/Desktop/cauliflower_training/cali/Black Rot/black_rot_621.png,Black Rot
/Users/thun/Desktop/cauliflower_training/cali/Healthy/healthy_2792.jpg,Healthy
/Users/thun/Desktop/cauliflower_training/cali/Bacterial Soft Rot/bacterial_soft_rot_1235.jpg,Bacterial Soft Rot
/Users/thun/Desktop/cauliflower_training/cali/Alternaria Leaf Spot/alternaria_leaf_spot_0192.jpeg,Alternaria Leaf Spot
/Users/thun/Desktop/cauliflower_training/cali/Downy Mildew/downy_mildew_0317.png,Downy Mildew
/Users/thun/Desktop/cauliflower_training/cali/Alternaria Leaf Spot/alternaria_leaf_spot_0285.jpeg,Alternaria Leaf Spot
/Users/thun/Desktop/cauliflower_training/cali/Bacterial Soft Rot/bacterial_soft_rot_0940.jpg,Bacterial Soft Rot
/Users/thun/Desktop/cauliflower_training/cali/Bacterial Soft Rot/bacterial_soft_rot_0764.jpg,Bacterial Soft Rot
/Users/thun/Desktop/cauliflower_training/cali/Bacterial Soft Rot/bacterial_soft_rot_0494.jpg,Bacterial Soft Rot
/Users/thun/Desktop/cauliflower_training/cali/Alternaria Leaf Spot/alternaria_leaf_spot_1362.jpg,Alternaria Leaf Spot
/Users/thun/Desktop/cauliflower_training/cali/Black Rot/black_rot_094.png,Black Rot
/Users/thun/Desktop/cauliflower_training/cali/Bacterial Soft Rot/bacterial_soft_rot_0499.jpg,Bacterial Soft Rot
/Users/thun/Desktop/cauliflower_training/cali/Bacterial Soft Rot/bacterial_soft_rot_0972.jpg,Bacterial Soft Rot
/Users/thun/Desktop/cauliflower_training/cali/Downy Mildew/downy_mildew_0299.png,Downy Mildew
/Users/thun/Desktop/cauliflower_training/cali/Healthy/healthy_2348.jpg,Healthy
/Users/thun/Desktop/cauliflower_training/cali/Bacterial Soft Rot/bacterial_soft_rot_0938.jpg,Bacterial Soft Rot
/Users/thun/Desktop/cauliflower_training/cali/Healthy/healthy_2909.jpg,Healthy
/Users/thun/Desktop/cauliflower_training/cali/Bacterial Soft Rot/bacterial_soft_rot_0589.jpg,Bacterial Soft Rot
/Users/thun/Desktop/cauliflower_training/cali/Black Rot/black_rot_329.png,Black Rot
/Users/thun/Desktop/cauliflower_training/cali/Healthy/healthy_1144.png,Healthy
/Users/thun/Desktop/cauliflower_training/cali/Alternaria Leaf Spot/alternaria_leaf_spot_0437.jpg,Alternaria Leaf Spot
/Users/thun/Desktop/cauliflower_training/cali/Alternaria Leaf Spot/alternaria_leaf_spot_1168.jpg,Alternaria Leaf Spot
/Users/thun/Desktop/cauliflower_training/cali/Alternaria Leaf Spot/alternaria_leaf_spot_0048.jpeg,Alternaria Leaf Spot
/Users/thun/Desktop/cauliflower_training/cali/Healthy/healthy_2791.jpg,Healthy
/Users/thun/Desktop/cauliflower_training/cali/Bacterial Soft Rot/bacterial_soft_rot_0595.jpg,Bacterial Soft Rot
/Users/thun/Desktop/cauliflower_training/cali/Healthy/healthy_0536.png,Healthy
/Users/thun/Desktop/cauliflower_training/cali/Healthy/healthy_2390.jpg,Healthy
/Users/thun/Desktop/cauliflower_training/cali/Bacterial Soft Rot/bacterial_soft_rot_0976.jpg,Bacterial Soft Rot
/Users/thun/Desktop/cauliflower_training/cali/Black Rot/black_rot_470.png,Black Rot
/Users/thun/Desktop/cauliflower_training/cali/Bacterial Soft Rot/bacterial_soft_rot_0577.jpg,Bacterial Soft Rot
/Users/thun/Desktop/cauliflower_training/cali/Healthy/healthy_1034.jpeg,Healthy
/Users/thun/Desktop/cauliflower_training/cali/Healthy/healthy_2351.jpg,Healthy
/Users/thun/Desktop/cauliflower_training/cali/Healthy/healthy_0289.png,Healthy
/Users/thun/Desktop/cauliflower_training/cali/Healthy/healthy_2285.jpg,Healthy
/Users/thun/Desktop/cauliflower_training/cali/Downy Mildew/downy_mildew_0888.jpeg,Downy Mildew
/Users/thun/Desktop/cauliflower_training/cali/Healthy/healthy_0010.png,Healthy
/Users/thun/Desktop/cauliflower_training/cali/Healthy/healthy_1725.jpg,Healthy
/Users/thun/Desktop/cauliflower_training/cali/Downy Mildew/downy_mildew_1279.jpg,Downy Mildew
/Users/thun/Desktop/cauliflower_training/cali/Healthy/healthy_1427.png,Healthy
/Users/thun/Desktop/cauliflower_training/cali/Downy Mildew/downy_mildew_0771.jpg,Downy Mildew
/Users/thun/Desktop/cauliflower_training/cali/Healthy/healthy_2805.jpg,Healthy
/Users/thun/Desktop/cauliflower_training/cali/Healthy/healthy_1670.jpg,Healthy
/Users/thun/Desktop/cauliflower_training/cali/Alternaria Leaf Spot/alternaria_leaf_spot_0970.jpg,Alternaria Leaf Spot
/Users/thun/Desktop/cauliflower_training/cali/Healthy/healthy_0196.png,Healthy
/Users/thun/Desktop/cauliflower_training/cali/Healthy/healthy_1313.jpg,Healthy
/Users/thun/Desktop/cauliflower_training/cali/Downy Mildew/downy_mildew_1186.jpeg,Downy Mildew
/Users/thun/Desktop/cauliflower_training/cali/Healthy/healthy_1931.jpg,Healthy
/Users/thun/Desktop/cauliflower_training/cali/Alternaria Leaf Spot/alternaria_leaf_spot_0836.jpg,Alternaria Leaf Spot
/Users/thun/Desktop/cauliflower_training/cali/Alternaria Leaf Spot/alternaria_leaf_spot_0411.jpg,Alternaria Leaf Spot
/Users/thun/Desktop/cauliflower_training/cali/Alternaria Leaf Spot/alternaria_leaf_spot_0460.jpg,Alternaria Leaf Spot
/Users/thun/Desktop/cauliflower_training/cali/Healthy/healthy_1345.png,Healthy
/Users/thun/Desktop/cauliflower_training/cali/Healthy/healthy_2042.jpg,Healthy
/Users/thun/Desktop/cauliflower_training/cali/Healthy/healthy_0338.png,Healthy
/Users/thun/Desktop/cauliflower_training/cali/Healthy/healthy_1080.jpg,Healthy
/Users/thun/Desktop/cauliflower_training/cali/Healthy/healthy_0798.jpeg,Healthy
/Users/thun/Desktop/cauliflower_training/cali/Healthy/healthy_1369.jpeg,Healthy
/Users/thun/Desktop/cauliflower_training/cali/Downy Mildew/downy_mildew_0673.png,Downy Mildew
/Users/thun/Desktop/cauliflower_training/cali/Bacterial Soft Rot/bacterial_soft_rot_1129.jpg,Bacterial Soft Rot
/Users/thun/Desktop/cauliflower_training/cali/Healthy/healthy_2224.jpg,Healthy
/Users/thun/Desktop/cauliflower_training/cali/Black Rot/black_rot_570.png,Black Rot
/Users/thun/Desktop/cauliflower_training/cali/Downy Mildew/downy_mildew_0035.png,Downy Mildew
/Users/thun/Desktop/cauliflower_training/cali/Healthy/healthy_0232.png,Healthy
/Users/thun/Desktop/cauliflower_training/cali/Healthy/healthy_0598.png,Healthy
/Users/thun/Desktop/cauliflower_training/cali/Healthy/healthy_0682.png,Healthy
/Users/thun/Desktop/cauliflower_training/cali/Healthy/healthy_1370.jpg,Healthy
/Users/thun/Desktop/cauliflower_training/cali/Downy Mildew/downy_mildew_0908.jpeg,Downy Mildew
/Users/thun/Desktop/cauliflower_training/cali/Bacterial Soft Rot/bacterial_soft_rot_0653.jpg,Bacterial Soft Rot
/Users/thun/Desktop/cauliflower_training/cali/Healthy/healthy_3061.jpg,Healthy
/Users/thun/Desktop/cauliflower_training/cali/Healthy/healthy_2464.jpg,Healthy
/Users/thun/Desktop/cauliflower_training/cali/Bacterial Soft Rot/bacterial_soft_rot_1173.jpg,Bacterial Soft Rot
/Users/thun/Desktop/cauliflower_training/cali/Healthy/healthy_0772.jpeg,Healthy
/Users/thun/Desktop/cauliflower_training/cali/Alternaria Leaf Spot/alternaria_leaf_spot_1189.jpg,Alternaria Leaf Spot
/Users/thun/Desktop/cauliflower_training/cali/Healthy/healthy_2691.jpg,Healthy
/Users/thun/Desktop/cauliflower_training/cali/Alternaria Leaf Spot/alternaria_leaf_spot_1043.jpg,Alternaria Leaf Spot
/Users/thun/Desktop/cauliflower_training/cali/Healthy/healthy_0449.png,Healthy
/Users/thun/Desktop/cauliflower_training/cali/Alternaria Leaf Spot/alternaria_leaf_spot_0474.jpg,Alternaria Leaf Spot
/Users/thun/Desktop/cauliflower_training/cali/Healthy/healthy_1808.jpg,Healthy
/Users/thun/Desktop/cauliflower_training/cali/Downy Mildew/downy_mildew_0981.jpg,Downy Mildew
/Users/thun/Desktop/cauliflower_training/cali/Downy Mildew/downy_mildew_0785.jpg,Downy Mildew
/Users/thun/Desktop/cauliflower_training/cali/Healthy/healthy_2424.jpg,Healthy
/Users/thun/Desktop/cauliflower_training/cali/Alternaria Leaf Spot/alternaria_leaf_spot_0369.jpg,Alternaria Leaf Spot
/Users/thun/Desktop/cauliflower_training/cali/Black Rot/black_rot_644.png,Black Rot
/Users/thun/Desktop/cauliflower_training/cali/Black Rot/black_rot_610.png,Black Rot
/Users/thun/Desktop/cauliflower_training/cali/Healthy/healthy_0048.png,Healthy
/Users/thun/Desktop/cauliflower_training/cali/Healthy/healthy_2332.jpg,Healthy
/Users/thun/Desktop/cauliflower_training/cali/Healthy/healthy_1305.jpg,Healthy
/Users/thun/Desktop/cauliflower_training/cali/Downy Mildew/downy_mildew_1262.jpeg,Downy Mildew
/Users/thun/Desktop/cauliflower_training/cali/Alternaria Leaf Spot/alternaria_leaf_spot_0571.jpg,Alternaria Leaf Spot
/Users/thun/Desktop/cauliflower_training/cali/Healthy/healthy_2944.jpg,Healthy
/Users/thun/Desktop/cauliflower_training/cali/Alternaria Leaf Spot/alternaria_leaf_spot_1028.jpg,Alternaria Leaf Spot
/Users/thun/Desktop/cauliflower_training/cali/Bacterial Soft Rot/bacterial_soft_rot_0839.jpg,Bacterial Soft Rot
/Users/thun/Desktop/cauliflower_training/cali/Bacterial Soft Rot/bacterial_soft_rot_0573.jpg,Bacterial Soft Rot
/Users/thun/Desktop/cauliflower_training/cali/Bacterial Soft Rot/bacterial_soft_rot_0966.jpg,Bacterial Soft Rot
/Users/thun/Desktop/cauliflower_training/cali/Healthy/healthy_2510.jpg,Healthy
/Users/thun/Desktop/cauliflower_training/cali/Healthy/healthy_2782.jpg,Healthy
/Users/thun/Desktop/cauliflower_training/cali/Alternaria Leaf Spot/alternaria_leaf_spot_0812.jpg,Alternaria Leaf Spot
/Users/thun/Desktop/cauliflower_training/cali/Bacterial Soft Rot/bacterial_soft_rot_0542.jpg,Bacterial Soft Rot
/Users/thun/Desktop/cauliflower_training/cali/Healthy/healthy_2812.jpg,Healthy
/Users/thun/Desktop/cauliflower_training/cali/Healthy/healthy_1687.jpg,Healthy
/Users/thun/Desktop/cauliflower_training/cali/Healthy/healthy_1232.jpg,Healthy
/Users/thun/Desktop/cauliflower_training/cali/Healthy/healthy_2508.jpg,Healthy
/Users/thun/Desktop/cauliflower_training/cali/Healthy/healthy_2630.jpg,Healthy
/Users/thun/Desktop/cauliflower_training/cali/Alternaria Leaf Spot/alternaria_leaf_spot_0507.jpg,Alternaria Leaf Spot
/Users/thun/Desktop/cauliflower_training/cali/Alternaria Leaf Spot/alternaria_leaf_spot_0174.jpeg,Alternaria Leaf Spot
/Users/thun/Desktop/cauliflower_training/cali/Alternaria Leaf Spot/alternaria_leaf_spot_0073.jpeg,Alternaria Leaf Spot
/Users/thun/Desktop/cauliflower_training/cali/Bacterial Soft Rot/bacterial_soft_rot_0791.jpg,Bacterial Soft Rot
/Users/thun/Desktop/cauliflower_training/cali/Downy Mildew/downy_mildew_0790.jpeg,Downy Mildew
/Users/thun/Desktop/cauliflower_training/cali/Healthy/healthy_1627.jpg,Healthy
/Users/thun/Desktop/cauliflower_training/cali/Alternaria Leaf Spot/alternaria_leaf_spot_1205.jpg,Alternaria Leaf Spot
/Users/thun/Desktop/cauliflower_training/cali/Downy Mildew/downy_mildew_1056.jpg,Downy Mildew
/Users/thun/Desktop/cauliflower_training/cali/Healthy/healthy_1438.jpg,Healthy
/Users/thun/Desktop/cauliflower_training/cali/Healthy/healthy_2284.jpg,Healthy
/Users/thun/Desktop/cauliflower_training/cali/Healthy/healthy_3045.jpg,Healthy
/Users/thun/Desktop/cauliflower_training/cali/Healthy/healthy_1989.jpg,Healthy
/Users/thun/Desktop/cauliflower_training/cali/Healthy/healthy_0310.png,Healthy
/Users/thun/Desktop/cauliflower_training/cali/Healthy/healthy_0797.jpeg,Healthy
/Users/thun/Desktop/cauliflower_training/cali/Black Rot/black_rot_213.png,Black Rot
/Users/thun/Desktop/cauliflower_training/cali/Healthy/healthy_2321.jpg,Healthy
/Users/thun/Desktop/cauliflower_training/cali/Healthy/healthy_1364.jpg,Healthy
/Users/thun/Desktop/cauliflower_training/cali/Healthy/healthy_0092.png,Healthy
/Users/thun/Desktop/cauliflower_training/cali/Healthy/healthy_2584.jpg,Healthy
/Users/thun/Desktop/cauliflower_training/cali/Healthy/healthy_0848.jpeg,Healthy
/Users/thun/Desktop/cauliflower_training/cali/Alternaria Leaf Spot/alternaria_leaf_spot_0417.jpg,Alternaria Leaf Spot
/Users/thun/Desktop/cauliflower_training/cali/Alternaria Leaf Spot/alternaria_leaf_spot_0667.jpg,Alternaria Leaf Spot
/Users/thun/Desktop/cauliflower_training/cali/Bacterial Soft Rot/bacterial_soft_rot_0280.jpg,Bacterial Soft Rot
/Users/thun/Desktop/cauliflower_training/cali/Healthy/healthy_0398.png,Healthy
/Users/thun/Desktop/cauliflower_training/cali/Healthy/healthy_0538.png,Healthy
/Users/thun/Desktop/cauliflower_training/cali/Healthy/healthy_0956.jpg,Healthy
/Users/thun/Desktop/cauliflower_training/cali/Alternaria Leaf Spot/alternaria_leaf_spot_0322.jpg,Alternaria Leaf Spot
/Users/thun/Desktop/cauliflower_training/cali/Healthy/healthy_2738.jpg,Healthy
/Users/thun/Desktop/cauliflower_training/cali/Alternaria Leaf Spot/alternaria_leaf_spot_0570.jpg,Alternaria Leaf Spot
/Users/thun/Desktop/cauliflower_training/cali/Black Rot/black_rot_628.png,Black Rot
/Users/thun/Desktop/cauliflower_training/cali/Downy Mildew/downy_mildew_0459.png,Downy Mildew
/Users/thun/Desktop/cauliflower_training/cali/Bacterial Soft Rot/bacterial_soft_rot_0188.jpeg,Bacterial Soft Rot
/Users/thun/Desktop/cauliflower_training/cali/Healthy/healthy_0697.png,Healthy
/Users/thun/Desktop/cauliflower_training/cali/Alternaria Leaf Spot/alternaria_leaf_spot_0588.jpg,Alternaria Leaf Spot
/Users/thun/Desktop/cauliflower_training/cali/Bacterial Soft Rot/bacterial_soft_rot_0891.jpg,Bacterial Soft Rot
/Users/thun/Desktop/cauliflower_training/cali/Healthy/healthy_3120.jpg,Healthy
/Users/thun/Desktop/cauliflower_training/cali/Healthy/healthy_2505.jpg,Healthy
/Users/thun/Desktop/cauliflower_training/cali/Healthy/healthy_0799.jpeg,Healthy
/Users/thun/Desktop/cauliflower_training/cali/Alternaria Leaf Spot/alternaria_leaf_spot_0042.jpeg,Alternaria Leaf Spot
/Users/thun/Desktop/cauliflower_training/cali/Healthy/healthy_0942.jpeg,Healthy
/Users/thun/Desktop/cauliflower_training/cali/Alternaria Leaf Spot/alternaria_leaf_spot_1030.jpg,Alternaria Leaf Spot
/Users/thun/Desktop/cauliflower_training/cali/Healthy/healthy_0358.png,Healthy
/Users/thun/Desktop/cauliflower_training/cali/Healthy/healthy_1953.jpg,Healthy
/Users/thun/Desktop/cauliflower_training/cali/Bacterial Soft Rot/bacterial_soft_rot_0059.jpeg,Bacterial Soft Rot
/Users/thun/Desktop/cauliflower_training/cali/Black Rot/black_rot_432.png,Black Rot
/Users/thun/Desktop/cauliflower_training/cali/Downy Mildew/downy_mildew_1093.jpeg,Downy Mildew
/Users/thun/Desktop/cauliflower_training/cali/Healthy/healthy_0164.png,Healthy
/Users/thun/Desktop/cauliflower_training/cali/Alternaria Leaf Spot/alternaria_leaf_spot_0902.jpg,Alternaria Leaf Spot
/Users/thun/Desktop/cauliflower_training/cali/Black Rot/black_rot_448.png,Black Rot
/Users/thun/Desktop/cauliflower_training/cali/Black Rot/black_rot_321.png,Black Rot
/Users/thun/Desktop/cauliflower_training/cali/Black Rot/black_rot_267.png,Black Rot
/Users/thun/Desktop/cauliflower_training/cali/Black Rot/black_rot_055.png,Black Rot
/Users/thun/Desktop/cauliflower_training/cali/Alternaria Leaf Spot/alternaria_leaf_spot_0327.jpg,Alternaria Leaf Spot
/Users/thun/Desktop/cauliflower_training/cali/Healthy/healthy_0737.jpeg,Healthy
/Users/thun/Desktop/cauliflower_training/cali/Alternaria Leaf Spot/alternaria_leaf_spot_1053.jpg,Alternaria Leaf Spot
/Users/thun/Desktop/cauliflower_training/cali/Black Rot/black_rot_029.png,Black Rot
/Users/thun/Desktop/cauliflower_training/cali/Downy Mildew/downy_mildew_1245.jpg,Downy Mildew
/Users/thun/Desktop/cauliflower_training/cali/Downy Mildew/downy_mildew_0099.png,Downy Mildew
/Users/thun/Desktop/cauliflower_training/cali/Alternaria Leaf Spot/alternaria_leaf_spot_0857.jpg,Alternaria Leaf Spot
/Users/thun/Desktop/cauliflower_training/cali/Healthy/healthy_2870.jpg,Healthy
/Users/thun/Desktop/cauliflower_training/cali/Downy Mildew/downy_mildew_1047.jpeg,Downy Mildew
/Users/thun/Desktop/cauliflower_training/cali/Healthy/healthy_2540.jpg,Healthy
/Users/thun/Desktop/cauliflower_training/cali/Black Rot/black_rot_661.png,Black Rot
/Users/thun/Desktop/cauliflower_training/cali/Alternaria Leaf Spot/alternaria_leaf_spot_0147.jpeg,Alternaria Leaf Spot
/Users/thun/Desktop/cauliflower_training/cali/Alternaria Leaf Spot/alternaria_leaf_spot_0310.jpg,Alternaria Leaf Spot
/Users/thun/Desktop/cauliflower_training/cali/Alternaria Leaf Spot/alternaria_leaf_spot_0390.jpg,Alternaria Leaf Spot
/Users/thun/Desktop/cauliflower_training/cali/Bacterial Soft Rot/bacterial_soft_rot_1004.jpg,Bacterial Soft Rot
/Users/thun/Desktop/cauliflower_training/cali/Healthy/healthy_1660.jpg,Healthy
/Users/thun/Desktop/cauliflower_training/cali/Downy Mildew/downy_mildew_0410.png,Downy Mildew
/Users/thun/Desktop/cauliflower_training/cali/Healthy/healthy_1960.jpg,Healthy
/Users/thun/Desktop/cauliflower_training/cali/Black Rot/black_rot_657.png,Black Rot
/Users/thun/Desktop/cauliflower_training/cali/Healthy/healthy_0083.png,Healthy
/Users/thun/Desktop/cauliflower_training/cali/Healthy/healthy_1467.jpeg,Healthy
/Users/thun/Desktop/cauliflower_training/cali/Healthy/healthy_1817.jpg,Healthy
/Users/thun/Desktop/cauliflower_training/cali/Bacterial Soft Rot/bacterial_soft_rot_0872.jpg,Bacterial Soft Rot
/Users/thun/Desktop/cauliflower_training/cali/Black Rot/black_rot_095.png,Black Rot
/Users/thun/Desktop/cauliflower_training/cali/Healthy/healthy_2533.jpg,Healthy
/Users/thun/Desktop/cauliflower_training/cali/Downy Mildew/downy_mildew_0660.png,Downy Mildew
/Users/thun/Desktop/cauliflower_training/cali/Alternaria Leaf Spot/alternaria_leaf_spot_1469.jpg,Alternaria Leaf Spot
/Users/thun/Desktop/cauliflower_training/cali/Healthy/healthy_1202.jpg,Healthy
/Users/thun/Desktop/cauliflower_training/cali/Alternaria Leaf Spot/alternaria_leaf_spot_0509.jpg,Alternaria Leaf Spot
/Users/thun/Desktop/cauliflower_training/cali/Healthy/healthy_0288.png,Healthy
/Users/thun/Desktop/cauliflower_training/cali/Downy Mildew/downy_mildew_0428.png,Downy Mildew
/Users/thun/Desktop/cauliflower_training/cali/Alternaria Leaf Spot/alternaria_leaf_spot_1115.jpg,Alternaria Leaf Spot
/Users/thun/Desktop/cauliflower_training/cali/Downy Mildew/downy_mildew_1068.jpeg,Downy Mildew
/Users/thun/Desktop/cauliflower_training/cali/Bacterial Soft Rot/bacterial_soft_rot_0694.jpg,Bacterial Soft Rot
/Users/thun/Desktop/cauliflower_training/cali/Bacterial Soft Rot/bacterial_soft_rot_1084.jpg,Bacterial Soft Rot
/Users/thun/Desktop/cauliflower_training/cali/Alternaria Leaf Spot/alternaria_leaf_spot_0272.jpeg,Alternaria Leaf Spot
/Users/thun/Desktop/cauliflower_training/cali/Healthy/healthy_1992.jpg,Healthy
/Users/thun/Desktop/cauliflower_training/cali/Black Rot/black_rot_014.png,Black Rot
/Users/thun/Desktop/cauliflower_training/cali/Downy Mildew/downy_mildew_1206.jpeg,Downy Mildew
/Users/thun/Desktop/cauliflower_training/cali/Alternaria Leaf Spot/alternaria_leaf_spot_0271.jpeg,Alternaria Leaf Spot
/Users/thun/Desktop/cauliflower_training/cali/Black Rot/black_rot_535.png,Black Rot
/Users/thun/Desktop/cauliflower_training/cali/Bacterial Soft Rot/bacterial_soft_rot_1401.webp,Bacterial Soft Rot
/Users/thun/Desktop/cauliflower_training/cali/Healthy/healthy_2856.jpg,Healthy
/Users/thun/Desktop/cauliflower_training/cali/Healthy/healthy_1118.png,Healthy
/Users/thun/Desktop/cauliflower_training/cali/Healthy/healthy_2036.jpg,Healthy
/Users/thun/Desktop/cauliflower_training/cali/Downy Mildew/downy_mildew_0213.png,Downy Mildew
/Users/thun/Desktop/cauliflower_training/cali/Downy Mildew/downy_mildew_0625.png,Downy Mildew
/Users/thun/Desktop/cauliflower_training/cali/Downy Mildew/downy_mildew_0933.jpg,Downy Mildew
/Users/thun/Desktop/cauliflower_training/cali/Bacterial Soft Rot/bacterial_soft_rot_1353.jpg,Bacterial Soft Rot
/Users/thun/Desktop/cauliflower_training/cali/Healthy/healthy_1540.jpg,Healthy
/Users/thun/Desktop/cauliflower_training/cali/Black Rot/black_rot_714.jpg,Black Rot
/Users/thun/Desktop/cauliflower_training/cali/Alternaria Leaf Spot/alternaria_leaf_spot_0227.jpeg,Alternaria Leaf Spot
/Users/thun/Desktop/cauliflower_training/cali/Downy Mildew/downy_mildew_0285.png,Downy Mildew
/Users/thun/Desktop/cauliflower_training/cali/Bacterial Soft Rot/bacterial_soft_rot_0387.jpg,Bacterial Soft Rot
/Users/thun/Desktop/cauliflower_training/cali/Alternaria Leaf Spot/alternaria_leaf_spot_1357.jpg,Alternaria Leaf Spot
/Users/thun/Desktop/cauliflower_training/cali/Alternaria Leaf Spot/alternaria_leaf_spot_0140.jpeg,Alternaria Leaf Spot
/Users/thun/Desktop/cauliflower_training/cali/Downy Mildew/downy_mildew_0765.jpg,Downy Mildew
/Users/thun/Desktop/cauliflower_training/cali/Downy Mildew/downy_mildew_1048.jpeg,Downy Mildew
/Users/thun/Desktop/cauliflower_training/cali/Downy Mildew/downy_mildew_0463.png,Downy Mildew
/Users/thun/Desktop/cauliflower_training/cali/Bacterial Soft Rot/bacterial_soft_rot_0058.jpeg,Bacterial Soft Rot
/Users/thun/Desktop/cauliflower_training/cali/Bacterial Soft Rot/bacterial_soft_rot_0725.jpg,Bacterial Soft Rot
/Users/thun/Desktop/cauliflower_training/cali/Healthy/healthy_3087.jpg,Healthy
/Users/thun/Desktop/cauliflower_training/cali/Alternaria Leaf Spot/alternaria_leaf_spot_0670.jpg,Alternaria Leaf Spot
/Users/thun/Desktop/cauliflower_training/cali/Downy Mildew/downy_mildew_0432.png,Downy Mildew
/Users/thun/Desktop/cauliflower_training/cali/Healthy/healthy_0767.jpeg,Healthy
/Users/thun/Desktop/cauliflower_training/cali/Healthy/healthy_2243.jpg,Healthy
/Users/thun/Desktop/cauliflower_training/cali/Healthy/healthy_2674.jpg,Healthy
/Users/thun/Desktop/cauliflower_training/cali/Black Rot/black_rot_757.jpeg,Black Rot
/Users/thun/Desktop/cauliflower_training/cali/Downy Mildew/downy_mildew_0495.png,Downy Mildew
/Users/thun/Desktop/cauliflower_training/cali/Downy Mildew/downy_mildew_0257.png,Downy Mildew
/Users/thun/Desktop/cauliflower_training/cali/Healthy/healthy_2065.jpg,Healthy
/Users/thun/Desktop/cauliflower_training/cali/Healthy/healthy_0017.png,Healthy
/Users/thun/Desktop/cauliflower_training/cali/Bacterial Soft Rot/bacterial_soft_rot_1282.jpg,Bacterial Soft Rot
/Users/thun/Desktop/cauliflower_training/cali/Bacterial Soft Rot/bacterial_soft_rot_0429.jpg,Bacterial Soft Rot
/Users/thun/Desktop/cauliflower_training/cali/Healthy/healthy_3022.jpg,Healthy
/Users/thun/Desktop/cauliflower_training/cali/Healthy/healthy_0335.png,Healthy
/Users/thun/Desktop/cauliflower_training/cali/Downy Mildew/downy_mildew_0878.jpeg,Downy Mildew
/Users/thun/Desktop/cauliflower_training/cali/Healthy/healthy_0753.jpg,Healthy
/Users/thun/Desktop/cauliflower_training/cali/Bacterial Soft Rot/bacterial_soft_rot_1226.jpg,Bacterial Soft Rot
/Users/thun/Desktop/cauliflower_training/cali/Healthy/healthy_0452.png,Healthy
/Users/thun/Desktop/cauliflower_training/cali/Downy Mildew/downy_mildew_0639.png,Downy Mildew
/Users/thun/Desktop/cauliflower_training/cali/Healthy/healthy_2987.jpg,Healthy
/Users/thun/Desktop/cauliflower_training/cali/Healthy/healthy_3069.jpg,Healthy
/Users/thun/Desktop/cauliflower_training/cali/Healthy/healthy_2977.jpg,Healthy
/Users/thun/Desktop/cauliflower_training/cali/Bacterial Soft Rot/bacterial_soft_rot_0283.jpg,Bacterial Soft Rot
/Users/thun/Desktop/cauliflower_training/cali/Healthy/healthy_2134.jpg,Healthy
/Users/thun/Desktop/cauliflower_training/cali/Black Rot/black_rot_554.png,Black Rot
/Users/thun/Desktop/cauliflower_training/cali/Alternaria Leaf Spot/alternaria_leaf_spot_0169.jpeg,Alternaria Leaf Spot
/Users/thun/Desktop/cauliflower_training/cali/Healthy/healthy_0856.jpeg,Healthy
/Users/thun/Desktop/cauliflower_training/cali/Alternaria Leaf Spot/alternaria_leaf_spot_0332.jpg,Alternaria Leaf Spot
/Users/thun/Desktop/cauliflower_training/cali/Healthy/healthy_0490.png,Healthy
/Users/thun/Desktop/cauliflower_training/cali/Healthy/healthy_3073.jpg,Healthy
/Users/thun/Desktop/cauliflower_training/cali/Downy Mildew/downy_mildew_0630.png,Downy Mildew
/Users/thun/Desktop/cauliflower_training/cali/Bacterial Soft Rot/bacterial_soft_rot_0525.jpg,Bacterial Soft Rot
/Users/thun/Desktop/cauliflower_training/cali/Black Rot/black_rot_688.png,Black Rot
/Users/thun/Desktop/cauliflower_training/cali/Alternaria Leaf Spot/alternaria_leaf_spot_1246.jpg,Alternaria Leaf Spot
/Users/thun/Desktop/cauliflower_training/cali/Bacterial Soft Rot/bacterial_soft_rot_1080.jpg,Bacterial Soft Rot
/Users/thun/Desktop/cauliflower_training/cali/Alternaria Leaf Spot/alternaria_leaf_spot_0318.jpg,Alternaria Leaf Spot
/Users/thun/Desktop/cauliflower_training/cali/Healthy/healthy_0420.png,Healthy
/Users/thun/Desktop/cauliflower_training/cali/Bacterial Soft Rot/bacterial_soft_rot_0667.jpg,Bacterial Soft Rot
/Users/thun/Desktop/cauliflower_training/cali/Bacterial Soft Rot/bacterial_soft_rot_0691.jpg,Bacterial Soft Rot
/Users/thun/Desktop/cauliflower_training/cali/Bacterial Soft Rot/bacterial_soft_rot_0454.jpg,Bacterial Soft Rot
/Users/thun/Desktop/cauliflower_training/cali/Healthy/healthy_1297.jpg,Healthy
/Users/thun/Desktop/cauliflower_training/cali/Healthy/healthy_2376.jpg,Healthy
/Users/thun/Desktop/cauliflower_training/cali/Downy Mildew/downy_mildew_0645.png,Downy Mildew
/Users/thun/Desktop/cauliflower_training/cali/Black Rot/black_rot_301.png,Black Rot
/Users/thun/Desktop/cauliflower_training/cali/Healthy/healthy_0523.png,Healthy
/Users/thun/Desktop/cauliflower_training/cali/Healthy/healthy_3111.jpg,Healthy
/Users/thun/Desktop/cauliflower_training/cali/Healthy/healthy_0650.png,Healthy
/Users/thun/Desktop/cauliflower_training/cali/Black Rot/black_rot_508.png,Black Rot
/Users/thun/Desktop/cauliflower_training/cali/Bacterial Soft Rot/bacterial_soft_rot_0338.jpg,Bacterial Soft Rot
/Users/thun/Desktop/cauliflower_training/cali/Bacterial Soft Rot/bacterial_soft_rot_1002.jpg,Bacterial Soft Rot
/Users/thun/Desktop/cauliflower_training/cali/Healthy/healthy_2211.jpg,Healthy
/Users/thun/Desktop/cauliflower_training/cali/Healthy/healthy_0685.png,Healthy
/Users/thun/Desktop/cauliflower_training/cali/Downy Mildew/downy_mildew_0295.png,Downy Mildew
/Users/thun/Desktop/cauliflower_training/cali/Healthy/healthy_0274.png,Healthy
/Users/thun/Desktop/cauliflower_training/cali/Bacterial Soft Rot/bacterial_soft_rot_0313.jpg,Bacterial Soft Rot
/Users/thun/Desktop/cauliflower_training/cali/Alternaria Leaf Spot/alternaria_leaf_spot_0825.jpg,Alternaria Leaf Spot
/Users/thun/Desktop/cauliflower_training/cali/Bacterial Soft Rot/bacterial_soft_rot_0986.jpg,Bacterial Soft Rot
/Users/thun/Desktop/cauliflower_training/cali/Downy Mildew/downy_mildew_0448.png,Downy Mildew
/Users/thun/Desktop/cauliflower_training/cali/Healthy/healthy_1442.png,Healthy
/Users/thun/Desktop/cauliflower_training/cali/Healthy/healthy_2819.jpg,Healthy
/Users/thun/Desktop/cauliflower_training/cali/Healthy/healthy_2772.jpg,Healthy
/Users/thun/Desktop/cauliflower_training/cali/Healthy/healthy_1009.jpeg,Healthy
/Users/thun/Desktop/cauliflower_training/cali/Alternaria Leaf Spot/alternaria_leaf_spot_0647.jpg,Alternaria Leaf Spot
/Users/thun/Desktop/cauliflower_training/cali/Black Rot/black_rot_553.png,Black Rot
/Users/thun/Desktop/cauliflower_training/cali/Alternaria Leaf Spot/alternaria_leaf_spot_0885.jpg,Alternaria Leaf Spot
/Users/thun/Desktop/cauliflower_training/cali/Healthy/healthy_1382.jpeg,Healthy
/Users/thun/Desktop/cauliflower_training/cali/Downy Mildew/downy_mildew_1061.jpeg,Downy Mildew
/Users/thun/Desktop/cauliflower_training/cali/Alternaria Leaf Spot/alternaria_leaf_spot_0808.jpg,Alternaria Leaf Spot
/Users/thun/Desktop/cauliflower_training/cali/Healthy/healthy_0468.png,Healthy
/Users/thun/Desktop/cauliflower_training/cali/Healthy/healthy_0038.png,Healthy
/Users/thun/Desktop/cauliflower_training/cali/Healthy/healthy_2844.jpg,Healthy
/Users/thun/Desktop/cauliflower_training/cali/Downy Mildew/downy_mildew_0947.jpg,Downy Mildew
/Users/thun/Desktop/cauliflower_training/cali/Healthy/healthy_2949.jpg,Healthy
/Users/thun/Desktop/cauliflower_training/cali/Healthy/healthy_1359.jpg,Healthy
/Users/thun/Desktop/cauliflower_training/cali/Black Rot/black_rot_365.png,Black Rot
/Users/thun/Desktop/cauliflower_training/cali/Healthy/healthy_0211.png,Healthy
/Users/thun/Desktop/cauliflower_training/cali/Downy Mildew/downy_mildew_0497.png,Downy Mildew
/Users/thun/Desktop/cauliflower_training/cali/Bacterial Soft Rot/bacterial_soft_rot_0877.jpg,Bacterial Soft Rot
/Users/thun/Desktop/cauliflower_training/cali/Downy Mildew/downy_mildew_0312.png,Downy Mildew
/Users/thun/Desktop/cauliflower_training/cali/Downy Mildew/downy_mildew_0689.png,Downy Mildew
/Users/thun/Desktop/cauliflower_training/cali/Downy Mildew/downy_mildew_1239.jpg,Downy Mildew
/Users/thun/Desktop/cauliflower_training/cali/Alternaria Leaf Spot/alternaria_leaf_spot_0722.jpg,Alternaria Leaf Spot
/Users/thun/Desktop/cauliflower_training/cali/Downy Mildew/downy_mildew_1057.jpeg,Downy Mildew
/Users/thun/Desktop/cauliflower_training/cali/Healthy/healthy_1482.jpeg,Healthy
/Users/thun/Desktop/cauliflower_training/cali/Healthy/healthy_3010.jpg,Healthy
/Users/thun/Desktop/cauliflower_training/cali/Healthy/healthy_0808.jpeg,Healthy
/Users/thun/Desktop/cauliflower_training/cali/Alternaria Leaf Spot/alternaria_leaf_spot_0959.jpg,Alternaria Leaf Spot
/Users/thun/Desktop/cauliflower_training/cali/Bacterial Soft Rot/bacterial_soft_rot_0109.jpeg,Bacterial Soft Rot
/Users/thun/Desktop/cauliflower_training/cali/Downy Mildew/downy_mildew_0302.png,Downy Mildew
/Users/thun/Desktop/cauliflower_training/cali/Healthy/healthy_0302.png,Healthy
/Users/thun/Desktop/cauliflower_training/cali/Healthy/healthy_2139.jpg,Healthy
/Users/thun/Desktop/cauliflower_training/cali/Healthy/healthy_0330.png,Healthy
/Users/thun/Desktop/cauliflower_training/cali/Alternaria Leaf Spot/alternaria_leaf_spot_1235.jpg,Alternaria Leaf Spot
/Users/thun/Desktop/cauliflower_training/cali/Bacterial Soft Rot/bacterial_soft_rot_0035.jpeg,Bacterial Soft Rot
/Users/thun/Desktop/cauliflower_training/cali/Healthy/healthy_2288.jpg,Healthy
/Users/thun/Desktop/cauliflower_training/cali/Healthy/healthy_0695.png,Healthy
/Users/thun/Desktop/cauliflower_training/cali/Healthy/healthy_1139.jpg,Healthy
/Users/thun/Desktop/cauliflower_training/cali/Healthy/healthy_1163.jpg,Healthy
/Users/thun/Desktop/cauliflower_training/cali/Healthy/healthy_1667.jpg,Healthy
/Users/thun/Desktop/cauliflower_training/cali/Healthy/healthy_1145.jpg,Healthy
/Users/thun/Desktop/cauliflower_training/cali/Black Rot/black_rot_206.png,Black Rot
/Users/thun/Desktop/cauliflower_training/cali/Bacterial Soft Rot/bacterial_soft_rot_0384.jpg,Bacterial Soft Rot
/Users/thun/Desktop/cauliflower_training/cali/Downy Mildew/downy_mildew_0031.png,Downy Mildew
/Users/thun/Desktop/cauliflower_training/cali/Bacterial Soft Rot/bacterial_soft_rot_0288.jpg,Bacterial Soft Rot
/Users/thun/Desktop/cauliflower_training/cali/Bacterial Soft Rot/bacterial_soft_rot_0486.jpg,Bacterial Soft Rot
/Users/thun/Desktop/cauliflower_training/cali/Healthy/healthy_0076.png,Healthy
/Users/thun/Desktop/cauliflower_training/cali/Healthy/healthy_0020.png,Healthy
/Users/thun/Desktop/cauliflower_training/cali/Black Rot/black_rot_627.png,Black Rot
/Users/thun/Desktop/cauliflower_training/cali/Healthy/healthy_0411.png,Healthy
/Users/thun/Desktop/cauliflower_training/cali/Healthy/healthy_1555.jpg,Healthy
/Users/thun/Desktop/cauliflower_training/cali/Alternaria Leaf Spot/alternaria_leaf_spot_0534.jpg,Alternaria Leaf Spot
/Users/thun/Desktop/cauliflower_training/cali/Healthy/healthy_2087.jpg,Healthy
/Users/thun/Desktop/cauliflower_training/cali/Alternaria Leaf Spot/alternaria_leaf_spot_0219.jpeg,Alternaria Leaf Spot
/Users/thun/Desktop/cauliflower_training/cali/Healthy/healthy_0204.png,Healthy
/Users/thun/Desktop/cauliflower_training/cali/Alternaria Leaf Spot/alternaria_leaf_spot_0576.jpg,Alternaria Leaf Spot
/Users/thun/Desktop/cauliflower_training/cali/Healthy/healthy_0050.png,Healthy
/Users/thun/Desktop/cauliflower_training/cali/Alternaria Leaf Spot/alternaria_leaf_spot_0675.jpg,Alternaria Leaf Spot
/Users/thun/Desktop/cauliflower_training/cali/Bacterial Soft Rot/bacterial_soft_rot_0136.jpeg,Bacterial Soft Rot
/Users/thun/Desktop/cauliflower_training/cali/Downy Mildew/downy_mildew_0572.png,Downy Mildew
/Users/thun/Desktop/cauliflower_training/cali/Alternaria Leaf Spot/alternaria_leaf_spot_0233.jpeg,Alternaria Leaf Spot
/Users/thun/Desktop/cauliflower_training/cali/Healthy/healthy_1696.jpg,Healthy
/Users/thun/Desktop/cauliflower_training/cali/Downy Mildew/downy_mildew_0941.jpg,Downy Mildew
/Users/thun/Desktop/cauliflower_training/cali/Bacterial Soft Rot/bacterial_soft_rot_0297.jpg,Bacterial Soft Rot
/Users/thun/Desktop/cauliflower_training/cali/Alternaria Leaf Spot/alternaria_leaf_spot_0941.jpg,Alternaria Leaf Spot
/Users/thun/Desktop/cauliflower_training/cali/Bacterial Soft Rot/bacterial_soft_rot_0658.jpg,Bacterial Soft Rot
/Users/thun/Desktop/cauliflower_training/cali/Alternaria Leaf Spot/alternaria_leaf_spot_0519.jpg,Alternaria Leaf Spot
/Users/thun/Desktop/cauliflower_training/cali/Bacterial Soft Rot/bacterial_soft_rot_1058.jpg,Bacterial Soft Rot
/Users/thun/Desktop/cauliflower_training/cali/Bacterial Soft Rot/bacterial_soft_rot_0357.jpg,Bacterial Soft Rot
/Users/thun/Desktop/cauliflower_training/cali/Healthy/healthy_2122.jpg,Healthy
/Users/thun/Desktop/cauliflower_training/cali/Healthy/healthy_0351.png,Healthy
/Users/thun/Desktop/cauliflower_training/cali/Healthy/healthy_1294.jpg,Healthy
/Users/thun/Desktop/cauliflower_training/cali/Bacterial Soft Rot/bacterial_soft_rot_0187.jpeg,Bacterial Soft Rot
/Users/thun/Desktop/cauliflower_training/cali/Alternaria Leaf Spot/alternaria_leaf_spot_1127.jpg,Alternaria Leaf Spot
/Users/thun/Desktop/cauliflower_training/cali/Alternaria Leaf Spot/alternaria_leaf_spot_0261.jpeg,Alternaria Leaf Spot
/Users/thun/Desktop/cauliflower_training/cali/Bacterial Soft Rot/bacterial_soft_rot_0190.jpeg,Bacterial Soft Rot
/Users/thun/Desktop/cauliflower_training/cali/Healthy/healthy_1895.jpg,Healthy
/Users/thun/Desktop/cauliflower_training/cali/Bacterial Soft Rot/bacterial_soft_rot_1060.jpg,Bacterial Soft Rot
/Users/thun/Desktop/cauliflower_training/cali/Healthy/healthy_1092.png,Healthy
/Users/thun/Desktop/cauliflower_training/cali/Healthy/healthy_2554.jpg,Healthy
/Users/thun/Desktop/cauliflower_training/cali/Black Rot/black_rot_779.jpeg,Black Rot
/Users/thun/Desktop/cauliflower_training/cali/Bacterial Soft Rot/bacterial_soft_rot_1203.jpg,Bacterial Soft Rot
/Users/thun/Desktop/cauliflower_training/cali/Alternaria Leaf Spot/alternaria_leaf_spot_0867.jpg,Alternaria Leaf Spot
/Users/thun/Desktop/cauliflower_training/cali/Alternaria Leaf Spot/alternaria_leaf_spot_0022.jpeg,Alternaria Leaf Spot
/Users/thun/Desktop/cauliflower_training/cali/Healthy/healthy_0546.png,Healthy
/Users/thun/Desktop/cauliflower_training/cali/Healthy/healthy_0488.png,Healthy
/Users/thun/Desktop/cauliflower_training/cali/Healthy/healthy_1709.jpg,Healthy
/Users/thun/Desktop/cauliflower_training/cali/Bacterial Soft Rot/bacterial_soft_rot_0250.jpg,Bacterial Soft Rot
/Users/thun/Desktop/cauliflower_training/cali/Healthy/healthy_1900.jpg,Healthy
/Users/thun/Desktop/cauliflower_training/cali/Black Rot/black_rot_086.png,Black Rot
/Users/thun/Desktop/cauliflower_training/cali/Downy Mildew/downy_mildew_0582.png,Downy Mildew
/Users/thun/Desktop/cauliflower_training/cali/Healthy/healthy_0542.png,Healthy
/Users/thun/Desktop/cauliflower_training/cali/Black Rot/black_rot_453.png,Black Rot
/Users/thun/Desktop/cauliflower_training/cali/Alternaria Leaf Spot/alternaria_leaf_spot_0564.jpg,Alternaria Leaf Spot
/Users/thun/Desktop/cauliflower_training/cali/Healthy/healthy_2898.jpg,Healthy
/Users/thun/Desktop/cauliflower_training/cali/Bacterial Soft Rot/bacterial_soft_rot_0100.jpeg,Bacterial Soft Rot
/Users/thun/Desktop/cauliflower_training/cali/Healthy/healthy_2271.jpg,Healthy
/Users/thun/Desktop/cauliflower_training/cali/Alternaria Leaf Spot/alternaria_leaf_spot_0890.jpg,Alternaria Leaf Spot
/Users/thun/Desktop/cauliflower_training/cali/Healthy/healthy_0225.png,Healthy
/Users/thun/Desktop/cauliflower_training/cali/Alternaria Leaf Spot/alternaria_leaf_spot_0454.jpg,Alternaria Leaf Spot
/Users/thun/Desktop/cauliflower_training/cali/Black Rot/black_rot_512.png,Black Rot
/Users/thun/Desktop/cauliflower_training/cali/Healthy/healthy_0441.png,Healthy
/Users/thun/Desktop/cauliflower_training/cali/Black Rot/black_rot_074.png,Black Rot
/Users/thun/Desktop/cauliflower_training/cali/Black Rot/black_rot_096.png,Black Rot
/Users/thun/Desktop/cauliflower_training/cali/Healthy/healthy_2503.jpg,Healthy
/Users/thun/Desktop/cauliflower_training/cali/Bacterial Soft Rot/bacterial_soft_rot_1048.jpg,Bacterial Soft Rot
/Users/thun/Desktop/cauliflower_training/cali/Downy Mildew/downy_mildew_0863.jpg,Downy Mildew
/Users/thun/Desktop/cauliflower_training/cali/Healthy/healthy_0656.png,Healthy
/Users/thun/Desktop/cauliflower_training/cali/Healthy/healthy_1874.jpg,Healthy
/Users/thun/Desktop/cauliflower_training/cali/Black Rot/black_rot_390.png,Black Rot
/Users/thun/Desktop/cauliflower_training/cali/Healthy/healthy_0305.png,Healthy
/Users/thun/Desktop/cauliflower_training/cali/Healthy/healthy_0244.png,Healthy
/Users/thun/Desktop/cauliflower_training/cali/Healthy/healthy_0061.png,Healthy
/Users/thun/Desktop/cauliflower_training/cali/Black Rot/black_rot_414.png,Black Rot
/Users/thun/Desktop/cauliflower_training/cali/Healthy/healthy_0591.png,Healthy
/Users/thun/Desktop/cauliflower_training/cali/Bacterial Soft Rot/bacterial_soft_rot_0446.jpg,Bacterial Soft Rot
/Users/thun/Desktop/cauliflower_training/cali/Healthy/healthy_2802.jpg,Healthy
/Users/thun/Desktop/cauliflower_training/cali/Alternaria Leaf Spot/alternaria_leaf_spot_0795.jpg,Alternaria Leaf Spot
/Users/thun/Desktop/cauliflower_training/cali/Healthy/healthy_0837.jpeg,Healthy
/Users/thun/Desktop/cauliflower_training/cali/Healthy/healthy_2358.jpg,Healthy
/Users/thun/Desktop/cauliflower_training/cali/Alternaria Leaf Spot/alternaria_leaf_spot_1464.jpg,Alternaria Leaf Spot
/Users/thun/Desktop/cauliflower_training/cali/Alternaria Leaf Spot/alternaria_leaf_spot_0097.jpeg,Alternaria Leaf Spot
/Users/thun/Desktop/cauliflower_training/cali/Bacterial Soft Rot/bacterial_soft_rot_0601.jpg,Bacterial Soft Rot
/Users/thun/Desktop/cauliflower_training/cali/Alternaria Leaf Spot/alternaria_leaf_spot_0661.jpg,Alternaria Leaf Spot
/Users/thun/Desktop/cauliflower_training/cali/Healthy/healthy_0573.png,Healthy
/Users/thun/Desktop/cauliflower_training/cali/Black Rot/black_rot_302.png,Black Rot
/Users/thun/Desktop/cauliflower_training/cali/Bacterial Soft Rot/bacterial_soft_rot_0156.jpeg,Bacterial Soft Rot
/Users/thun/Desktop/cauliflower_training/cali/Alternaria Leaf Spot/alternaria_leaf_spot_0942.jpg,Alternaria Leaf Spot
/Users/thun/Desktop/cauliflower_training/cali/Black Rot/black_rot_164.png,Black Rot
/Users/thun/Desktop/cauliflower_training/cali/Alternaria Leaf Spot/alternaria_leaf_spot_0274.jpg,Alternaria Leaf Spot
/Users/thun/Desktop/cauliflower_training/cali/Healthy/healthy_2429.jpg,Healthy
/Users/thun/Desktop/cauliflower_training/cali/Healthy/healthy_0875.jpeg,Healthy
/Users/thun/Desktop/cauliflower_training/cali/Healthy/healthy_2362.jpg,Healthy
/Users/thun/Desktop/cauliflower_training/cali/Black Rot/black_rot_274.png,Black Rot
/Users/thun/Desktop/cauliflower_training/cali/Downy Mildew/downy_mildew_1202.jpeg,Downy Mildew
/Users/thun/Desktop/cauliflower_training/cali/Bacterial Soft Rot/bacterial_soft_rot_0380.jpg,Bacterial Soft Rot
/Users/thun/Desktop/cauliflower_training/cali/Downy Mildew/downy_mildew_0664.png,Downy Mildew
/Users/thun/Desktop/cauliflower_training/cali/Downy Mildew/downy_mildew_0841.jpg,Downy Mildew
/Users/thun/Desktop/cauliflower_training/cali/Alternaria Leaf Spot/alternaria_leaf_spot_1414.jpg,Alternaria Leaf Spot
/Users/thun/Desktop/cauliflower_training/cali/Healthy/healthy_3053.jpeg,Healthy
/Users/thun/Desktop/cauliflower_training/cali/Black Rot/black_rot_717.jpeg,Black Rot
/Users/thun/Desktop/cauliflower_training/cali/Healthy/healthy_2477.jpg,Healthy
/Users/thun/Desktop/cauliflower_training/cali/Downy Mildew/downy_mildew_0802.jpg,Downy Mildew
/Users/thun/Desktop/cauliflower_training/cali/Healthy/healthy_0552.png,Healthy
/Users/thun/Desktop/cauliflower_training/cali/Bacterial Soft Rot/bacterial_soft_rot_1076.jpg,Bacterial Soft Rot
/Users/thun/Desktop/cauliflower_training/cali/Bacterial Soft Rot/bacterial_soft_rot_1110.jpg,Bacterial Soft Rot
/Users/thun/Desktop/cauliflower_training/cali/Healthy/healthy_0350.png,Healthy
/Users/thun/Desktop/cauliflower_training/cali/Bacterial Soft Rot/bacterial_soft_rot_0122.jpeg,Bacterial Soft Rot
/Users/thun/Desktop/cauliflower_training/cali/Healthy/healthy_1029.jpg,Healthy
/Users/thun/Desktop/cauliflower_training/cali/Healthy/healthy_0125.png,Healthy
/Users/thun/Desktop/cauliflower_training/cali/Healthy/healthy_1655.jpg,Healthy
/Users/thun/Desktop/cauliflower_training/cali/Alternaria Leaf Spot/alternaria_leaf_spot_0773.jpg,Alternaria Leaf Spot
/Users/thun/Desktop/cauliflower_training/cali/Downy Mildew/downy_mildew_0914.jpeg,Downy Mildew
/Users/thun/Desktop/cauliflower_training/cali/Healthy/healthy_1395.jpeg,Healthy
/Users/thun/Desktop/cauliflower_training/cali/Downy Mildew/downy_mildew_0885.jpg,Downy Mildew
/Users/thun/Desktop/cauliflower_training/cali/Alternaria Leaf Spot/alternaria_leaf_spot_1099.jpg,Alternaria Leaf Spot
/Users/thun/Desktop/cauliflower_training/cali/Bacterial Soft Rot/bacterial_soft_rot_0267.jpg,Bacterial Soft Rot
/Users/thun/Desktop/cauliflower_training/cali/Healthy/healthy_1836.jpg,Healthy
/Users/thun/Desktop/cauliflower_training/cali/Healthy/healthy_2295.jpg,Healthy
/Users/thun/Desktop/cauliflower_training/cali/Bacterial Soft Rot/bacterial_soft_rot_0025.jpg,Bacterial Soft Rot
/Users/thun/Desktop/cauliflower_training/cali/Downy Mildew/downy_mildew_0588.png,Downy Mildew
/Users/thun/Desktop/cauliflower_training/cali/Healthy/healthy_2785.jpg,Healthy
/Users/thun/Desktop/cauliflower_training/cali/Downy Mildew/downy_mildew_0952.jpeg,Downy Mildew
/Users/thun/Desktop/cauliflower_training/cali/Healthy/healthy_0763.jpeg,Healthy
/Users/thun/Desktop/cauliflower_training/cali/Healthy/healthy_2733.jpg,Healthy
/Users/thun/Desktop/cauliflower_training/cali/Bacterial Soft Rot/bacterial_soft_rot_0846.jpg,Bacterial Soft Rot
/Users/thun/Desktop/cauliflower_training/cali/Healthy/healthy_0104.png,Healthy
/Users/thun/Desktop/cauliflower_training/cali/Healthy/healthy_0165.png,Healthy
/Users/thun/Desktop/cauliflower_training/cali/Healthy/healthy_2888.jpg,Healthy
/Users/thun/Desktop/cauliflower_training/cali/Alternaria Leaf Spot/alternaria_leaf_spot_1390.jpg,Alternaria Leaf Spot
/Users/thun/Desktop/cauliflower_training/cali/Healthy/healthy_3145.jpg,Healthy
/Users/thun/Desktop/cauliflower_training/cali/Healthy/healthy_0769.jpeg,Healthy
/Users/thun/Desktop/cauliflower_training/cali/Alternaria Leaf Spot/alternaria_leaf_spot_0435.jpg,Alternaria Leaf Spot
/Users/thun/Desktop/cauliflower_training/cali/Alternaria Leaf Spot/alternaria_leaf_spot_0193.jpeg,Alternaria Leaf Spot
/Users/thun/Desktop/cauliflower_training/cali/Alternaria Leaf Spot/alternaria_leaf_spot_0176.jpeg,Alternaria Leaf Spot
/Users/thun/Desktop/cauliflower_training/cali/Downy Mildew/downy_mildew_0994.jpeg,Downy Mildew
/Users/thun/Desktop/cauliflower_training/cali/Alternaria Leaf Spot/alternaria_leaf_spot_0018.jpeg,Alternaria Leaf Spot
/Users/thun/Desktop/cauliflower_training/cali/Downy Mildew/downy_mildew_0314.png,Downy Mildew
/Users/thun/Desktop/cauliflower_training/cali/Healthy/healthy_1448.png,Healthy
/Users/thun/Desktop/cauliflower_training/cali/Alternaria Leaf Spot/alternaria_leaf_spot_0578.jpg,Alternaria Leaf Spot
/Users/thun/Desktop/cauliflower_training/cali/Healthy/healthy_1803.jpg,Healthy
/Users/thun/Desktop/cauliflower_training/cali/Downy Mildew/downy_mildew_0901.jpg,Downy Mildew
/Users/thun/Desktop/cauliflower_training/cali/Healthy/healthy_0681.png,Healthy
/Users/thun/Desktop/cauliflower_training/cali/Alternaria Leaf Spot/alternaria_leaf_spot_1224.jpg,Alternaria Leaf Spot
/Users/thun/Desktop/cauliflower_training/cali/Alternaria Leaf Spot/alternaria_leaf_spot_0296.jpeg,Alternaria Leaf Spot
/Users/thun/Desktop/cauliflower_training/cali/Healthy/healthy_1872.jpg,Healthy
/Users/thun/Desktop/cauliflower_training/cali/Black Rot/black_rot_652.png,Black Rot
/Users/thun/Desktop/cauliflower_training/cali/Healthy/healthy_1638.jpg,Healthy
/Users/thun/Desktop/cauliflower_training/cali/Black Rot/black_rot_430.png,Black Rot
/Users/thun/Desktop/cauliflower_training/cali/Black Rot/black_rot_670.png,Black Rot
/Users/thun/Desktop/cauliflower_training/cali/Black Rot/black_rot_151.png,Black Rot
/Users/thun/Desktop/cauliflower_training/cali/Healthy/healthy_1176.jpg,Healthy
/Users/thun/Desktop/cauliflower_training/cali/Healthy/healthy_1002.jpeg,Healthy
/Users/thun/Desktop/cauliflower_training/cali/Downy Mildew/downy_mildew_0669.png,Downy Mildew
/Users/thun/Desktop/cauliflower_training/cali/Bacterial Soft Rot/bacterial_soft_rot_1052.jpg,Bacterial Soft Rot
/Users/thun/Desktop/cauliflower_training/cali/Alternaria Leaf Spot/alternaria_leaf_spot_1370.jpg,Alternaria Leaf Spot
/Users/thun/Desktop/cauliflower_training/cali/Healthy/healthy_0074.png,Healthy
/Users/thun/Desktop/cauliflower_training/cali/Alternaria Leaf Spot/alternaria_leaf_spot_0592.jpg,Alternaria Leaf Spot
/Users/thun/Desktop/cauliflower_training/cali/Black Rot/black_rot_217.png,Black Rot
/Users/thun/Desktop/cauliflower_training/cali/Bacterial Soft Rot/bacterial_soft_rot_1083.jpg,Bacterial Soft Rot
/Users/thun/Desktop/cauliflower_training/cali/Alternaria Leaf Spot/alternaria_leaf_spot_1041.jpg,Alternaria Leaf Spot
/Users/thun/Desktop/cauliflower_training/cali/Bacterial Soft Rot/bacterial_soft_rot_1182.jpg,Bacterial Soft Rot
/Users/thun/Desktop/cauliflower_training/cali/Bacterial Soft Rot/bacterial_soft_rot_0592.jpg,Bacterial Soft Rot
/Users/thun/Desktop/cauliflower_training/cali/Downy Mildew/downy_mildew_0340.png,Downy Mildew
/Users/thun/Desktop/cauliflower_training/cali/Black Rot/black_rot_458.png,Black Rot
/Users/thun/Desktop/cauliflower_training/cali/Healthy/healthy_0100.png,Healthy
/Users/thun/Desktop/cauliflower_training/cali/Healthy/healthy_0531.png,Healthy
/Users/thun/Desktop/cauliflower_training/cali/Downy Mildew/downy_mildew_1222.jpeg,Downy Mildew
/Users/thun/Desktop/cauliflower_training/cali/Black Rot/black_rot_761.jpeg,Black Rot
/Users/thun/Desktop/cauliflower_training/cali/Healthy/healthy_1545.jpeg,Healthy
/Users/thun/Desktop/cauliflower_training/cali/Healthy/healthy_1993.jpg,Healthy
/Users/thun/Desktop/cauliflower_training/cali/Alternaria Leaf Spot/alternaria_leaf_spot_0569.jpg,Alternaria Leaf Spot
/Users/thun/Desktop/cauliflower_training/cali/Black Rot/black_rot_772.jpeg,Black Rot
/Users/thun/Desktop/cauliflower_training/cali/Downy Mildew/downy_mildew_0684.png,Downy Mildew
/Users/thun/Desktop/cauliflower_training/cali/Alternaria Leaf Spot/alternaria_leaf_spot_0653.jpg,Alternaria Leaf Spot
/Users/thun/Desktop/cauliflower_training/cali/Bacterial Soft Rot/bacterial_soft_rot_0544.jpg,Bacterial Soft Rot
/Users/thun/Desktop/cauliflower_training/cali/Alternaria Leaf Spot/alternaria_leaf_spot_0336.jpg,Alternaria Leaf Spot
/Users/thun/Desktop/cauliflower_training/cali/Bacterial Soft Rot/bacterial_soft_rot_0149.jpeg,Bacterial Soft Rot
/Users/thun/Desktop/cauliflower_training/cali/Black Rot/black_rot_342.png,Black Rot
/Users/thun/Desktop/cauliflower_training/cali/Black Rot/black_rot_683.png,Black Rot
/Users/thun/Desktop/cauliflower_training/cali/Healthy/healthy_1043.jpeg,Healthy
/Users/thun/Desktop/cauliflower_training/cali/Bacterial Soft Rot/bacterial_soft_rot_0795.jpg,Bacterial Soft Rot
/Users/thun/Desktop/cauliflower_training/cali/Bacterial Soft Rot/bacterial_soft_rot_0819.jpg,Bacterial Soft Rot
/Users/thun/Desktop/cauliflower_training/cali/Bacterial Soft Rot/bacterial_soft_rot_1133.jpg,Bacterial Soft Rot
/Users/thun/Desktop/cauliflower_training/cali/Healthy/healthy_0996.jpeg,Healthy
/Users/thun/Desktop/cauliflower_training/cali/Black Rot/black_rot_526.png,Black Rot
/Users/thun/Desktop/cauliflower_training/cali/Downy Mildew/downy_mildew_1137.jpg,Downy Mildew
/Users/thun/Desktop/cauliflower_training/cali/Healthy/healthy_2538.jpg,Healthy
/Users/thun/Desktop/cauliflower_training/cali/Healthy/healthy_2057.jpg,Healthy
/Users/thun/Desktop/cauliflower_training/cali/Bacterial Soft Rot/bacterial_soft_rot_0588.jpg,Bacterial Soft Rot
/Users/thun/Desktop/cauliflower_training/cali/Healthy/healthy_0056.png,Healthy
/Users/thun/Desktop/cauliflower_training/cali/Bacterial Soft Rot/bacterial_soft_rot_0782.jpg,Bacterial Soft Rot
/Users/thun/Desktop/cauliflower_training/cali/Healthy/healthy_0564.png,Healthy
/Users/thun/Desktop/cauliflower_training/cali/Alternaria Leaf Spot/alternaria_leaf_spot_0976.jpg,Alternaria Leaf Spot
/Users/thun/Desktop/cauliflower_training/cali/Healthy/healthy_2128.jpg,Healthy
/Users/thun/Desktop/cauliflower_training/cali/Healthy/healthy_0254.png,Healthy
/Users/thun/Desktop/cauliflower_training/cali/Black Rot/black_rot_187.png,Black Rot
/Users/thun/Desktop/cauliflower_training/cali/Healthy/healthy_2181.jpg,Healthy
/Users/thun/Desktop/cauliflower_training/cali/Black Rot/black_rot_280.png,Black Rot
/Users/thun/Desktop/cauliflower_training/cali/Healthy/healthy_2165.jpg,Healthy
/Users/thun/Desktop/cauliflower_training/cali/Downy Mildew/downy_mildew_0009.png,Downy Mildew
/Users/thun/Desktop/cauliflower_training/cali/Alternaria Leaf Spot/alternaria_leaf_spot_1210.jpg,Alternaria Leaf Spot
/Users/thun/Desktop/cauliflower_training/cali/Bacterial Soft Rot/bacterial_soft_rot_0809.jpg,Bacterial Soft Rot
/Users/thun/Desktop/cauliflower_training/cali/Healthy/healthy_1671.jpg,Healthy
/Users/thun/Desktop/cauliflower_training/cali/Downy Mildew/downy_mildew_0745.jpg,Downy Mildew
/Users/thun/Desktop/cauliflower_training/cali/Healthy/healthy_2382.jpg,Healthy
/Users/thun/Desktop/cauliflower_training/cali/Alternaria Leaf Spot/alternaria_leaf_spot_1258.jpg,Alternaria Leaf Spot
/Users/thun/Desktop/cauliflower_training/cali/Healthy/healthy_1547.png,Healthy
/Users/thun/Desktop/cauliflower_training/cali/Healthy/healthy_0332.png,Healthy
/Users/thun/Desktop/cauliflower_training/cali/Healthy/healthy_2742.jpg,Healthy
/Users/thun/Desktop/cauliflower_training/cali/Downy Mildew/downy_mildew_0561.png,Downy Mildew
/Users/thun/Desktop/cauliflower_training/cali/Healthy/healthy_0657.png,Healthy
/Users/thun/Desktop/cauliflower_training/cali/Healthy/healthy_1514.png,Healthy
/Users/thun/Desktop/cauliflower_training/cali/Bacterial Soft Rot/bacterial_soft_rot_0731.jpg,Bacterial Soft Rot
/Users/thun/Desktop/cauliflower_training/cali/Downy Mildew/downy_mildew_0812.jpg,Downy Mildew
/Users/thun/Desktop/cauliflower_training/cali/Black Rot/black_rot_602.png,Black Rot
/Users/thun/Desktop/cauliflower_training/cali/Bacterial Soft Rot/bacterial_soft_rot_0011.jpg,Bacterial Soft Rot
/Users/thun/Desktop/cauliflower_training/cali/Healthy/healthy_1580.png,Healthy
/Users/thun/Desktop/cauliflower_training/cali/Alternaria Leaf Spot/alternaria_leaf_spot_0666.jpg,Alternaria Leaf Spot
/Users/thun/Desktop/cauliflower_training/cali/Alternaria Leaf Spot/alternaria_leaf_spot_0922.jpg,Alternaria Leaf Spot
/Users/thun/Desktop/cauliflower_training/cali/Black Rot/black_rot_275.png,Black Rot
/Users/thun/Desktop/cauliflower_training/cali/Downy Mildew/downy_mildew_0091.png,Downy Mildew
/Users/thun/Desktop/cauliflower_training/cali/Bacterial Soft Rot/bacterial_soft_rot_1332.jpg,Bacterial Soft Rot
/Users/thun/Desktop/cauliflower_training/cali/Alternaria Leaf Spot/alternaria_leaf_spot_1143.jpg,Alternaria Leaf Spot
/Users/thun/Desktop/cauliflower_training/cali/Bacterial Soft Rot/bacterial_soft_rot_1113.jpg,Bacterial Soft Rot
/Users/thun/Desktop/cauliflower_training/cali/Bacterial Soft Rot/bacterial_soft_rot_1251.jpg,Bacterial Soft Rot
/Users/thun/Desktop/cauliflower_training/cali/Bacterial Soft Rot/bacterial_soft_rot_0444.jpg,Bacterial Soft Rot
/Users/thun/Desktop/cauliflower_training/cali/Healthy/healthy_2293.jpg,Healthy
/Users/thun/Desktop/cauliflower_training/cali/Healthy/healthy_0184.png,Healthy
/Users/thun/Desktop/cauliflower_training/cali/Bacterial Soft Rot/bacterial_soft_rot_0167.jpeg,Bacterial Soft Rot
/Users/thun/Desktop/cauliflower_training/cali/Black Rot/black_rot_228.png,Black Rot
/Users/thun/Desktop/cauliflower_training/cali/Alternaria Leaf Spot/alternaria_leaf_spot_0051.jpeg,Alternaria Leaf Spot
/Users/thun/Desktop/cauliflower_training/cali/Bacterial Soft Rot/bacterial_soft_rot_0164.jpeg,Bacterial Soft Rot
/Users/thun/Desktop/cauliflower_training/cali/Healthy/healthy_1472.png,Healthy
/Users/thun/Desktop/cauliflower_training/cali/Healthy/healthy_2341.jpg,Healthy
/Users/thun/Desktop/cauliflower_training/cali/Black Rot/black_rot_079.png,Black Rot
/Users/thun/Desktop/cauliflower_training/cali/Downy Mildew/downy_mildew_0305.png,Downy Mildew
/Users/thun/Desktop/cauliflower_training/cali/Alternaria Leaf Spot/alternaria_leaf_spot_0994.jpg,Alternaria Leaf Spot
/Users/thun/Desktop/cauliflower_training/cali/Downy Mildew/downy_mildew_0847.jpg,Downy Mildew
/Users/thun/Desktop/cauliflower_training/cali/Downy Mildew/downy_mildew_1250.jpeg,Downy Mildew
/Users/thun/Desktop/cauliflower_training/cali/Downy Mildew/downy_mildew_0611.png,Downy Mildew
/Users/thun/Desktop/cauliflower_training/cali/Healthy/healthy_3066.jpg,Healthy
/Users/thun/Desktop/cauliflower_training/cali/Downy Mildew/downy_mildew_0072.png,Downy Mildew
/Users/thun/Desktop/cauliflower_training/cali/Bacterial Soft Rot/bacterial_soft_rot_0060.jpeg,Bacterial Soft Rot
/Users/thun/Desktop/cauliflower_training/cali/Healthy/healthy_0959.jpeg,Healthy
/Users/thun/Desktop/cauliflower_training/cali/Healthy/healthy_1203.jpg,Healthy
/Users/thun/Desktop/cauliflower_training/cali/Bacterial Soft Rot/bacterial_soft_rot_0221.jpg,Bacterial Soft Rot
/Users/thun/Desktop/cauliflower_training/cali/Alternaria Leaf Spot/alternaria_leaf_spot_0391.jpg,Alternaria Leaf Spot
/Users/thun/Desktop/cauliflower_training/cali/Bacterial Soft Rot/bacterial_soft_rot_1072.jpg,Bacterial Soft Rot
/Users/thun/Desktop/cauliflower_training/cali/Healthy/healthy_2459.jpg,Healthy
/Users/thun/Desktop/cauliflower_training/cali/Healthy/healthy_0653.png,Healthy
/Users/thun/Desktop/cauliflower_training/cali/Healthy/healthy_0906.jpeg,Healthy
/Users/thun/Desktop/cauliflower_training/cali/Bacterial Soft Rot/bacterial_soft_rot_0068.jpeg,Bacterial Soft Rot
/Users/thun/Desktop/cauliflower_training/cali/Downy Mildew/downy_mildew_0444.png,Downy Mildew
/Users/thun/Desktop/cauliflower_training/cali/Downy Mildew/downy_mildew_0209.png,Downy Mildew
/Users/thun/Desktop/cauliflower_training/cali/Healthy/healthy_1301.jpeg,Healthy
/Users/thun/Desktop/cauliflower_training/cali/Downy Mildew/downy_mildew_0727.jpeg,Downy Mildew
/Users/thun/Desktop/cauliflower_training/cali/Bacterial Soft Rot/bacterial_soft_rot_0552.jpg,Bacterial Soft Rot
/Users/thun/Desktop/cauliflower_training/cali/Healthy/healthy_1876.jpg,Healthy
/Users/thun/Desktop/cauliflower_training/cali/Healthy/healthy_0603.png,Healthy
/Users/thun/Desktop/cauliflower_training/cali/Healthy/healthy_1898.jpg,Healthy
/Users/thun/Desktop/cauliflower_training/cali/Downy Mildew/downy_mildew_1150.jpeg,Downy Mildew
/Users/thun/Desktop/cauliflower_training/cali/Alternaria Leaf Spot/alternaria_leaf_spot_1303.jpg,Alternaria Leaf Spot
/Users/thun/Desktop/cauliflower_training/cali/Downy Mildew/downy_mildew_0011.png,Downy Mildew
/Users/thun/Desktop/cauliflower_training/cali/Healthy/healthy_1549.jpg,Healthy
/Users/thun/Desktop/cauliflower_training/cali/Black Rot/black_rot_590.png,Black Rot
/Users/thun/Desktop/cauliflower_training/cali/Alternaria Leaf Spot/alternaria_leaf_spot_0305.jpeg,Alternaria Leaf Spot
/Users/thun/Desktop/cauliflower_training/cali/Alternaria Leaf Spot/alternaria_leaf_spot_0281.jpeg,Alternaria Leaf Spot
/Users/thun/Desktop/cauliflower_training/cali/Downy Mildew/downy_mildew_1039.jpeg,Downy Mildew
/Users/thun/Desktop/cauliflower_training/cali/Downy Mildew/downy_mildew_1095.jpeg,Downy Mildew
/Users/thun/Desktop/cauliflower_training/cali/Bacterial Soft Rot/bacterial_soft_rot_0255.jpg,Bacterial Soft Rot
/Users/thun/Desktop/cauliflower_training/cali/Healthy/healthy_1587.jpeg,Healthy
/Users/thun/Desktop/cauliflower_training/cali/Healthy/healthy_2579.jpg,Healthy
/Users/thun/Desktop/cauliflower_training/cali/Black Rot/black_rot_474.png,Black Rot
/Users/thun/Desktop/cauliflower_training/cali/Alternaria Leaf Spot/alternaria_leaf_spot_0753.jpg,Alternaria Leaf Spot
/Users/thun/Desktop/cauliflower_training/cali/Healthy/healthy_0480.png,Healthy
/Users/thun/Desktop/cauliflower_training/cali/Alternaria Leaf Spot/alternaria_leaf_spot_0121.jpeg,Alternaria Leaf Spot
/Users/thun/Desktop/cauliflower_training/cali/Healthy/healthy_1447.jpg,Healthy
/Users/thun/Desktop/cauliflower_training/cali/Downy Mildew/downy_mildew_0219.png,Downy Mildew
/Users/thun/Desktop/cauliflower_training/cali/Downy Mildew/downy_mildew_1111.jpeg,Downy Mildew
/Users/thun/Desktop/cauliflower_training/cali/Downy Mildew/downy_mildew_1258.jpeg,Downy Mildew
/Users/thun/Desktop/cauliflower_training/cali/Downy Mildew/downy_mildew_1242.jpeg,Downy Mildew
/Users/thun/Desktop/cauliflower_training/cali/Healthy/healthy_1813.jpg,Healthy
/Users/thun/Desktop/cauliflower_training/cali/Bacterial Soft Rot/bacterial_soft_rot_0005.jpg,Bacterial Soft Rot
/Users/thun/Desktop/cauliflower_training/cali/Downy Mildew/downy_mildew_0719.jpg,Downy Mildew
/Users/thun/Desktop/cauliflower_training/cali/Alternaria Leaf Spot/alternaria_leaf_spot_1442.jpg,Alternaria Leaf Spot
/Users/thun/Desktop/cauliflower_training/cali/Alternaria Leaf Spot/alternaria_leaf_spot_0841.jpg,Alternaria Leaf Spot
/Users/thun/Desktop/cauliflower_training/cali/Healthy/healthy_2194.jpg,Healthy
/Users/thun/Desktop/cauliflower_training/cali/Alternaria Leaf Spot/alternaria_leaf_spot_1085.jpg,Alternaria Leaf Spot
/Users/thun/Desktop/cauliflower_training/cali/Healthy/healthy_1101.jpg,Healthy
/Users/thun/Desktop/cauliflower_training/cali/Bacterial Soft Rot/bacterial_soft_rot_0081.jpeg,Bacterial Soft Rot
/Users/thun/Desktop/cauliflower_training/cali/Healthy/healthy_0331.png,Healthy
/Users/thun/Desktop/cauliflower_training/cali/Bacterial Soft Rot/bacterial_soft_rot_0687.jpg,Bacterial Soft Rot
/Users/thun/Desktop/cauliflower_training/cali/Healthy/healthy_0710.jpeg,Healthy
/Users/thun/Desktop/cauliflower_training/cali/Bacterial Soft Rot/bacterial_soft_rot_0970.jpg,Bacterial Soft Rot
/Users/thun/Desktop/cauliflower_training/cali/Bacterial Soft Rot/bacterial_soft_rot_0160.jpeg,Bacterial Soft Rot
/Users/thun/Desktop/cauliflower_training/cali/Black Rot/black_rot_639.png,Black Rot
/Users/thun/Desktop/cauliflower_training/cali/Black Rot/black_rot_760.jpg,Black Rot
/Users/thun/Desktop/cauliflower_training/cali/Alternaria Leaf Spot/alternaria_leaf_spot_1134.jpg,Alternaria Leaf Spot
/Users/thun/Desktop/cauliflower_training/cali/Downy Mildew/downy_mildew_0865.jpg,Downy Mildew
/Users/thun/Desktop/cauliflower_training/cali/Downy Mildew/downy_mildew_1076.jpeg,Downy Mildew
/Users/thun/Desktop/cauliflower_training/cali/Alternaria Leaf Spot/alternaria_leaf_spot_0953.jpg,Alternaria Leaf Spot
/Users/thun/Desktop/cauliflower_training/cali/Bacterial Soft Rot/bacterial_soft_rot_0804.jpg,Bacterial Soft Rot
/Users/thun/Desktop/cauliflower_training/cali/Healthy/healthy_0032.png,Healthy
/Users/thun/Desktop/cauliflower_training/cali/Downy Mildew/downy_mildew_0271.png,Downy Mildew
/Users/thun/Desktop/cauliflower_training/cali/Alternaria Leaf Spot/alternaria_leaf_spot_1471.jpg,Alternaria Leaf Spot
/Users/thun/Desktop/cauliflower_training/cali/Bacterial Soft Rot/bacterial_soft_rot_0478.jpg,Bacterial Soft Rot
/Users/thun/Desktop/cauliflower_training/cali/Alternaria Leaf Spot/alternaria_leaf_spot_0598.jpg,Alternaria Leaf Spot
/Users/thun/Desktop/cauliflower_training/cali/Alternaria Leaf Spot/alternaria_leaf_spot_0239.jpeg,Alternaria Leaf Spot
/Users/thun/Desktop/cauliflower_training/cali/Healthy/healthy_1342.jpg,Healthy
/Users/thun/Desktop/cauliflower_training/cali/Downy Mildew/downy_mildew_0545.png,Downy Mildew
/Users/thun/Desktop/cauliflower_training/cali/Bacterial Soft Rot/bacterial_soft_rot_0522.jpg,Bacterial Soft Rot
/Users/thun/Desktop/cauliflower_training/cali/Healthy/healthy_2580.jpg,Healthy
/Users/thun/Desktop/cauliflower_training/cali/Healthy/healthy_0421.png,Healthy
/Users/thun/Desktop/cauliflower_training/cali/Healthy/healthy_1461.jpeg,Healthy
/Users/thun/Desktop/cauliflower_training/cali/Alternaria Leaf Spot/alternaria_leaf_spot_0089.jpeg,Alternaria Leaf Spot
/Users/thun/Desktop/cauliflower_training/cali/Bacterial Soft Rot/bacterial_soft_rot_0063.jpeg,Bacterial Soft Rot
/Users/thun/Desktop/cauliflower_training/cali/Healthy/healthy_2871.jpg,Healthy
/Users/thun/Desktop/cauliflower_training/cali/Healthy/healthy_0759.jpeg,Healthy
/Users/thun/Desktop/cauliflower_training/cali/Healthy/healthy_0600.png,Healthy
/Users/thun/Desktop/cauliflower_training/cali/Downy Mildew/downy_mildew_0538.png,Downy Mildew
/Users/thun/Desktop/cauliflower_training/cali/Black Rot/black_rot_611.png,Black Rot
/Users/thun/Desktop/cauliflower_training/cali/Alternaria Leaf Spot/alternaria_leaf_spot_0222.jpeg,Alternaria Leaf Spot
/Users/thun/Desktop/cauliflower_training/cali/Downy Mildew/downy_mildew_0113.png,Downy Mildew
/Users/thun/Desktop/cauliflower_training/cali/Bacterial Soft Rot/bacterial_soft_rot_0817.jpg,Bacterial Soft Rot
/Users/thun/Desktop/cauliflower_training/cali/Downy Mildew/downy_mildew_1005.jpeg,Downy Mildew
/Users/thun/Desktop/cauliflower_training/cali/Alternaria Leaf Spot/alternaria_leaf_spot_0446.jpg,Alternaria Leaf Spot
/Users/thun/Desktop/cauliflower_training/cali/Black Rot/black_rot_574.png,Black Rot
/Users/thun/Desktop/cauliflower_training/cali/Bacterial Soft Rot/bacterial_soft_rot_1139.jpg,Bacterial Soft Rot
/Users/thun/Desktop/cauliflower_training/cali/Healthy/healthy_0551.png,Healthy
/Users/thun/Desktop/cauliflower_training/cali/Bacterial Soft Rot/bacterial_soft_rot_1137.jpg,Bacterial Soft Rot
/Users/thun/Desktop/cauliflower_training/cali/Downy Mildew/downy_mildew_0076.png,Downy Mildew
/Users/thun/Desktop/cauliflower_training/cali/Downy Mildew/downy_mildew_0571.png,Downy Mildew
/Users/thun/Desktop/cauliflower_training/cali/Black Rot/black_rot_353.png,Black Rot
/Users/thun/Desktop/cauliflower_training/cali/Bacterial Soft Rot/bacterial_soft_rot_0789.jpg,Bacterial Soft Rot
/Users/thun/Desktop/cauliflower_training/cali/Healthy/healthy_0733.jpeg,Healthy
/Users/thun/Desktop/cauliflower_training/cali/Alternaria Leaf Spot/alternaria_leaf_spot_0426.jpg,Alternaria Leaf Spot
/Users/thun/Desktop/cauliflower_training/cali/Healthy/healthy_1539.jpeg,Healthy
/Users/thun/Desktop/cauliflower_training/cali/Downy Mildew/downy_mildew_0425.png,Downy Mildew
/Users/thun/Desktop/cauliflower_training/cali/Downy Mildew/downy_mildew_0439.png,Downy Mildew
/Users/thun/Desktop/cauliflower_training/cali/Downy Mildew/downy_mildew_1255.jpg,Downy Mildew
/Users/thun/Desktop/cauliflower_training/cali/Healthy/healthy_2943.jpg,Healthy
/Users/thun/Desktop/cauliflower_training/cali/Black Rot/black_rot_036.png,Black Rot
/Users/thun/Desktop/cauliflower_training/cali/Healthy/healthy_2535.jpg,Healthy
/Users/thun/Desktop/cauliflower_training/cali/Healthy/healthy_2073.jpg,Healthy
/Users/thun/Desktop/cauliflower_training/cali/Alternaria Leaf Spot/alternaria_leaf_spot_0977.jpg,Alternaria Leaf Spot
/Users/thun/Desktop/cauliflower_training/cali/Downy Mildew/downy_mildew_0245.png,Downy Mildew
/Users/thun/Desktop/cauliflower_training/cali/Bacterial Soft Rot/bacterial_soft_rot_0083.jpeg,Bacterial Soft Rot
/Users/thun/Desktop/cauliflower_training/cali/Healthy/healthy_0147.png,Healthy
/Users/thun/Desktop/cauliflower_training/cali/Healthy/healthy_0510.png,Healthy
/Users/thun/Desktop/cauliflower_training/cali/Bacterial Soft Rot/bacterial_soft_rot_0300.jpg,Bacterial Soft Rot
/Users/thun/Desktop/cauliflower_training/cali/Healthy/healthy_0219.png,Healthy
/Users/thun/Desktop/cauliflower_training/cali/Alternaria Leaf Spot/alternaria_leaf_spot_1142.jpg,Alternaria Leaf Spot
/Users/thun/Desktop/cauliflower_training/cali/Alternaria Leaf Spot/alternaria_leaf_spot_1364.jpg,Alternaria Leaf Spot
/Users/thun/Desktop/cauliflower_training/cali/Healthy/healthy_1634.jpg,Healthy
/Users/thun/Desktop/cauliflower_training/cali/Downy Mildew/downy_mildew_0399.png,Downy Mildew
/Users/thun/Desktop/cauliflower_training/cali/Downy Mildew/downy_mildew_0687.png,Downy Mildew
/Users/thun/Desktop/cauliflower_training/cali/Downy Mildew/downy_mildew_0620.png,Downy Mildew
/Users/thun/Desktop/cauliflower_training/cali/Downy Mildew/downy_mildew_0445.png,Downy Mildew
/Users/thun/Desktop/cauliflower_training/cali/Healthy/healthy_1346.jpg,Healthy
/Users/thun/Desktop/cauliflower_training/cali/Alternaria Leaf Spot/alternaria_leaf_spot_0535.jpg,Alternaria Leaf Spot
/Users/thun/Desktop/cauliflower_training/cali/Healthy/healthy_0191.png,Healthy
/Users/thun/Desktop/cauliflower_training/cali/Alternaria Leaf Spot/alternaria_leaf_spot_1077.jpg,Alternaria Leaf Spot
/Users/thun/Desktop/cauliflower_training/cali/Black Rot/black_rot_579.png,Black Rot
/Users/thun/Desktop/cauliflower_training/cali/Black Rot/black_rot_195.png,Black Rot
/Users/thun/Desktop/cauliflower_training/cali/Black Rot/black_rot_424.png,Black Rot
/Users/thun/Desktop/cauliflower_training/cali/Healthy/healthy_1299.jpg,Healthy
/Users/thun/Desktop/cauliflower_training/cali/Healthy/healthy_1414.jpg,Healthy
/Users/thun/Desktop/cauliflower_training/cali/Alternaria Leaf Spot/alternaria_leaf_spot_0245.jpeg,Alternaria Leaf Spot
/Users/thun/Desktop/cauliflower_training/cali/Alternaria Leaf Spot/alternaria_leaf_spot_0560.jpg,Alternaria Leaf Spot
/Users/thun/Desktop/cauliflower_training/cali/Healthy/healthy_1026.jpeg,Healthy
/Users/thun/Desktop/cauliflower_training/cali/Alternaria Leaf Spot/alternaria_leaf_spot_0692.jpg,Alternaria Leaf Spot
/Users/thun/Desktop/cauliflower_training/cali/Healthy/healthy_1484.png,Healthy
/Users/thun/Desktop/cauliflower_training/cali/Downy Mildew/downy_mildew_0407.png,Downy Mildew
/Users/thun/Desktop/cauliflower_training/cali/Healthy/healthy_2846.jpg,Healthy
/Users/thun/Desktop/cauliflower_training/cali/Alternaria Leaf Spot/alternaria_leaf_spot_0716.jpg,Alternaria Leaf Spot
/Users/thun/Desktop/cauliflower_training/cali/Alternaria Leaf Spot/alternaria_leaf_spot_1322.jpg,Alternaria Leaf Spot
/Users/thun/Desktop/cauliflower_training/cali/Downy Mildew/downy_mildew_0310.png,Downy Mildew
/Users/thun/Desktop/cauliflower_training/cali/Alternaria Leaf Spot/alternaria_leaf_spot_1327.jpg,Alternaria Leaf Spot
/Users/thun/Desktop/cauliflower_training/cali/Downy Mildew/downy_mildew_1049.jpeg,Downy Mildew
/Users/thun/Desktop/cauliflower_training/cali/Bacterial Soft Rot/bacterial_soft_rot_1194.jpg,Bacterial Soft Rot
/Users/thun/Desktop/cauliflower_training/cali/Black Rot/black_rot_260.png,Black Rot
/Users/thun/Desktop/cauliflower_training/cali/Healthy/healthy_0593.png,Healthy
/Users/thun/Desktop/cauliflower_training/cali/Bacterial Soft Rot/bacterial_soft_rot_0801.jpg,Bacterial Soft Rot
/Users/thun/Desktop/cauliflower_training/cali/Healthy/healthy_2435.jpg,Healthy
/Users/thun/Desktop/cauliflower_training/cali/Healthy/healthy_2631.jpg,Healthy
/Users/thun/Desktop/cauliflower_training/cali/Healthy/healthy_2650.jpg,Healthy
/Users/thun/Desktop/cauliflower_training/cali/Bacterial Soft Rot/bacterial_soft_rot_1265.jpg,Bacterial Soft Rot
/Users/thun/Desktop/cauliflower_training/cali/Healthy/healthy_1936.jpg,Healthy
/Users/thun/Desktop/cauliflower_training/cali/Alternaria Leaf Spot/alternaria_leaf_spot_0513.jpg,Alternaria Leaf Spot
/Users/thun/Desktop/cauliflower_training/cali/Alternaria Leaf Spot/alternaria_leaf_spot_0690.jpg,Alternaria Leaf Spot
/Users/thun/Desktop/cauliflower_training/cali/Black Rot/black_rot_511.png,Black Rot
/Users/thun/Desktop/cauliflower_training/cali/Healthy/healthy_0557.png,Healthy
/Users/thun/Desktop/cauliflower_training/cali/Healthy/healthy_0291.png,Healthy
/Users/thun/Desktop/cauliflower_training/cali/Bacterial Soft Rot/bacterial_soft_rot_0540.jpg,Bacterial Soft Rot
/Users/thun/Desktop/cauliflower_training/cali/Alternaria Leaf Spot/alternaria_leaf_spot_1354.jpg,Alternaria Leaf Spot
/Users/thun/Desktop/cauliflower_training/cali/Black Rot/black_rot_593.png,Black Rot
/Users/thun/Desktop/cauliflower_training/cali/Alternaria Leaf Spot/alternaria_leaf_spot_1144.jpg,Alternaria Leaf Spot
/Users/thun/Desktop/cauliflower_training/cali/Bacterial Soft Rot/bacterial_soft_rot_0874.jpg,Bacterial Soft Rot
/Users/thun/Desktop/cauliflower_training/cali/Healthy/healthy_2323.jpg,Healthy
/Users/thun/Desktop/cauliflower_training/cali/Healthy/healthy_2028.jpg,Healthy
/Users/thun/Desktop/cauliflower_training/cali/Downy Mildew/downy_mildew_0521.png,Downy Mildew
/Users/thun/Desktop/cauliflower_training/cali/Bacterial Soft Rot/bacterial_soft_rot_1046.jpg,Bacterial Soft Rot
/Users/thun/Desktop/cauliflower_training/cali/Healthy/healthy_0009.png,Healthy
/Users/thun/Desktop/cauliflower_training/cali/Alternaria Leaf Spot/alternaria_leaf_spot_0900.jpg,Alternaria Leaf Spot
/Users/thun/Desktop/cauliflower_training/cali/Black Rot/black_rot_650.png,Black Rot
/Users/thun/Desktop/cauliflower_training/cali/Healthy/healthy_2501.jpg,Healthy
/Users/thun/Desktop/cauliflower_training/cali/Black Rot/black_rot_350.png,Black Rot
/Users/thun/Desktop/cauliflower_training/cali/Black Rot/black_rot_188.png,Black Rot
/Users/thun/Desktop/cauliflower_training/cali/Bacterial Soft Rot/bacterial_soft_rot_0294.jpg,Bacterial Soft Rot
/Users/thun/Desktop/cauliflower_training/cali/Alternaria Leaf Spot/alternaria_leaf_spot_0752.jpg,Alternaria Leaf Spot
/Users/thun/Desktop/cauliflower_training/cali/Healthy/healthy_2808.jpg,Healthy
/Users/thun/Desktop/cauliflower_training/cali/Black Rot/black_rot_235.png,Black Rot
/Users/thun/Desktop/cauliflower_training/cali/Healthy/healthy_2583.jpg,Healthy
/Users/thun/Desktop/cauliflower_training/cali/Healthy/healthy_1010.jpeg,Healthy
/Users/thun/Desktop/cauliflower_training/cali/Downy Mildew/downy_mildew_1283.jpg,Downy Mildew
/Users/thun/Desktop/cauliflower_training/cali/Healthy/healthy_1564.jpg,Healthy
/Users/thun/Desktop/cauliflower_training/cali/Healthy/healthy_0413.png,Healthy
/Users/thun/Desktop/cauliflower_training/cali/Bacterial Soft Rot/bacterial_soft_rot_0772.jpg,Bacterial Soft Rot
/Users/thun/Desktop/cauliflower_training/cali/Alternaria Leaf Spot/alternaria_leaf_spot_0791.jpg,Alternaria Leaf Spot
/Users/thun/Desktop/cauliflower_training/cali/Healthy/healthy_2886.jpg,Healthy
/Users/thun/Desktop/cauliflower_training/cali/Healthy/healthy_2247.jpg,Healthy
/Users/thun/Desktop/cauliflower_training/cali/Black Rot/black_rot_083.png,Black Rot
/Users/thun/Desktop/cauliflower_training/cali/Healthy/healthy_2914.jpg,Healthy
/Users/thun/Desktop/cauliflower_training/cali/Alternaria Leaf Spot/alternaria_leaf_spot_0440.jpg,Alternaria Leaf Spot
/Users/thun/Desktop/cauliflower_training/cali/Bacterial Soft Rot/bacterial_soft_rot_0636.jpg,Bacterial Soft Rot
/Users/thun/Desktop/cauliflower_training/cali/Alternaria Leaf Spot/alternaria_leaf_spot_0337.jpg,Alternaria Leaf Spot
/Users/thun/Desktop/cauliflower_training/cali/Alternaria Leaf Spot/alternaria_leaf_spot_0039.jpeg,Alternaria Leaf Spot
/Users/thun/Desktop/cauliflower_training/cali/Downy Mildew/downy_mildew_0487.png,Downy Mildew
/Users/thun/Desktop/cauliflower_training/cali/Black Rot/black_rot_534.png,Black Rot
/Users/thun/Desktop/cauliflower_training/cali/Healthy/healthy_0938.jpg,Healthy
/Users/thun/Desktop/cauliflower_training/cali/Alternaria Leaf Spot/alternaria_leaf_spot_0567.jpg,Alternaria Leaf Spot
/Users/thun/Desktop/cauliflower_training/cali/Healthy/healthy_1524.jpeg,Healthy
/Users/thun/Desktop/cauliflower_training/cali/Healthy/healthy_2783.jpg,Healthy
/Users/thun/Desktop/cauliflower_training/cali/Bacterial Soft Rot/bacterial_soft_rot_0406.jpg,Bacterial Soft Rot
/Users/thun/Desktop/cauliflower_training/cali/Healthy/healthy_0895.png,Healthy
/Users/thun/Desktop/cauliflower_training/cali/Healthy/healthy_2607.jpg,Healthy
/Users/thun/Desktop/cauliflower_training/cali/Downy Mildew/downy_mildew_0732.jpg,Downy Mildew
/Users/thun/Desktop/cauliflower_training/cali/Downy Mildew/downy_mildew_0912.jpeg,Downy Mildew
/Users/thun/Desktop/cauliflower_training/cali/Healthy/healthy_0972.jpeg,Healthy
/Users/thun/Desktop/cauliflower_training/cali/Healthy/healthy_0356.png,Healthy
/Users/thun/Desktop/cauliflower_training/cali/Downy Mildew/downy_mildew_0835.jpg,Downy Mildew
/Users/thun/Desktop/cauliflower_training/cali/Healthy/healthy_2250.jpg,Healthy
/Users/thun/Desktop/cauliflower_training/cali/Bacterial Soft Rot/bacterial_soft_rot_0323.jpg,Bacterial Soft Rot
/Users/thun/Desktop/cauliflower_training/cali/Healthy/healthy_2140.jpg,Healthy
/Users/thun/Desktop/cauliflower_training/cali/Healthy/healthy_3122.jpg,Healthy
/Users/thun/Desktop/cauliflower_training/cali/Healthy/healthy_2141.jpg,Healthy
/Users/thun/Desktop/cauliflower_training/cali/Bacterial Soft Rot/bacterial_soft_rot_0260.jpg,Bacterial Soft Rot
/Users/thun/Desktop/cauliflower_training/cali/Downy Mildew/downy_mildew_0782.jpeg,Downy Mildew
/Users/thun/Desktop/cauliflower_training/cali/Black Rot/black_rot_372.png,Black Rot
/Users/thun/Desktop/cauliflower_training/cali/Downy Mildew/downy_mildew_0883.jpg,Downy Mildew
/Users/thun/Desktop/cauliflower_training/cali/Healthy/healthy_2781.jpg,Healthy
/Users/thun/Desktop/cauliflower_training/cali/Healthy/healthy_0054.png,Healthy
/Users/thun/Desktop/cauliflower_training/cali/Black Rot/black_rot_550.png,Black Rot
/Users/thun/Desktop/cauliflower_training/cali/Alternaria Leaf Spot/alternaria_leaf_spot_0968.jpg,Alternaria Leaf Spot
/Users/thun/Desktop/cauliflower_training/cali/Downy Mildew/downy_mildew_1075.jpeg,Downy Mildew
/Users/thun/Desktop/cauliflower_training/cali/Bacterial Soft Rot/bacterial_soft_rot_0576.jpg,Bacterial Soft Rot
/Users/thun/Desktop/cauliflower_training/cali/Healthy/healthy_0521.png,Healthy
/Users/thun/Desktop/cauliflower_training/cali/Alternaria Leaf Spot/alternaria_leaf_spot_0160.jpeg,Alternaria Leaf Spot
/Users/thun/Desktop/cauliflower_training/cali/Bacterial Soft Rot/bacterial_soft_rot_0644.jpg,Bacterial Soft Rot
/Users/thun/Desktop/cauliflower_training/cali/Healthy/healthy_1253.jpg,Healthy
/Users/thun/Desktop/cauliflower_training/cali/Alternaria Leaf Spot/alternaria_leaf_spot_0007.jpeg,Alternaria Leaf Spot
/Users/thun/Desktop/cauliflower_training/cali/Alternaria Leaf Spot/alternaria_leaf_spot_0490.jpg,Alternaria Leaf Spot
/Users/thun/Desktop/cauliflower_training/cali/Black Rot/black_rot_133.png,Black Rot
/Users/thun/Desktop/cauliflower_training/cali/Healthy/healthy_1867.jpg,Healthy
/Users/thun/Desktop/cauliflower_training/cali/Healthy/healthy_1245.jpg,Healthy
/Users/thun/Desktop/cauliflower_training/cali/Bacterial Soft Rot/bacterial_soft_rot_1130.jpg,Bacterial Soft Rot
/Users/thun/Desktop/cauliflower_training/cali/Healthy/healthy_1059.jpg,Healthy
/Users/thun/Desktop/cauliflower_training/cali/Downy Mildew/downy_mildew_0106.png,Downy Mildew
/Users/thun/Desktop/cauliflower_training/cali/Downy Mildew/downy_mildew_0023.png,Downy Mildew
/Users/thun/Desktop/cauliflower_training/cali/Alternaria Leaf Spot/alternaria_leaf_spot_1477.jpg,Alternaria Leaf Spot
/Users/thun/Desktop/cauliflower_training/cali/Black Rot/black_rot_169.png,Black Rot
/Users/thun/Desktop/cauliflower_training/cali/Healthy/healthy_1225.png,Healthy
/Users/thun/Desktop/cauliflower_training/cali/Bacterial Soft Rot/bacterial_soft_rot_0503.jpg,Bacterial Soft Rot
/Users/thun/Desktop/cauliflower_training/cali/Downy Mildew/downy_mildew_0007.png,Downy Mildew
/Users/thun/Desktop/cauliflower_training/cali/Downy Mildew/downy_mildew_0093.png,Downy Mildew
/Users/thun/Desktop/cauliflower_training/cali/Healthy/healthy_1717.jpg,Healthy
/Users/thun/Desktop/cauliflower_training/cali/Bacterial Soft Rot/bacterial_soft_rot_0758.jpg,Bacterial Soft Rot
/Users/thun/Desktop/cauliflower_training/cali/Bacterial Soft Rot/bacterial_soft_rot_0137.jpeg,Bacterial Soft Rot
/Users/thun/Desktop/cauliflower_training/cali/Black Rot/black_rot_282.png,Black Rot
/Users/thun/Desktop/cauliflower_training/cali/Black Rot/black_rot_050.png,Black Rot
/Users/thun/Desktop/cauliflower_training/cali/Black Rot/black_rot_530.png,Black Rot
/Users/thun/Desktop/cauliflower_training/cali/Healthy/healthy_2023.jpg,Healthy
/Users/thun/Desktop/cauliflower_training/cali/Bacterial Soft Rot/bacterial_soft_rot_0492.jpg,Bacterial Soft Rot
/Users/thun/Desktop/cauliflower_training/cali/Bacterial Soft Rot/bacterial_soft_rot_0579.jpg,Bacterial Soft Rot
/Users/thun/Desktop/cauliflower_training/cali/Alternaria Leaf Spot/alternaria_leaf_spot_1112.jpg,Alternaria Leaf Spot
/Users/thun/Desktop/cauliflower_training/cali/Downy Mildew/downy_mildew_0821.jpg,Downy Mildew
/Users/thun/Desktop/cauliflower_training/cali/Bacterial Soft Rot/bacterial_soft_rot_0382.jpg,Bacterial Soft Rot
/Users/thun/Desktop/cauliflower_training/cali/Black Rot/black_rot_719.jpeg,Black Rot
/Users/thun/Desktop/cauliflower_training/cali/Alternaria Leaf Spot/alternaria_leaf_spot_0584.jpg,Alternaria Leaf Spot
/Users/thun/Desktop/cauliflower_training/cali/Healthy/healthy_2403.jpg,Healthy
/Users/thun/Desktop/cauliflower_training/cali/Bacterial Soft Rot/bacterial_soft_rot_1250.jpg,Bacterial Soft Rot
/Users/thun/Desktop/cauliflower_training/cali/Black Rot/black_rot_237.png,Black Rot
/Users/thun/Desktop/cauliflower_training/cali/Black Rot/black_rot_454.png,Black Rot
/Users/thun/Desktop/cauliflower_training/cali/Alternaria Leaf Spot/alternaria_leaf_spot_0207.jpeg,Alternaria Leaf Spot
/Users/thun/Desktop/cauliflower_training/cali/Alternaria Leaf Spot/alternaria_leaf_spot_0360.jpg,Alternaria Leaf Spot
/Users/thun/Desktop/cauliflower_training/cali/Healthy/healthy_2519.jpg,Healthy
/Users/thun/Desktop/cauliflower_training/cali/Bacterial Soft Rot/bacterial_soft_rot_0200.jpeg,Bacterial Soft Rot
/Users/thun/Desktop/cauliflower_training/cali/Black Rot/black_rot_613.png,Black Rot
/Users/thun/Desktop/cauliflower_training/cali/Healthy/healthy_1977.jpg,Healthy
/Users/thun/Desktop/cauliflower_training/cali/Black Rot/black_rot_588.png,Black Rot
/Users/thun/Desktop/cauliflower_training/cali/Healthy/healthy_0307.png,Healthy
/Users/thun/Desktop/cauliflower_training/cali/Healthy/healthy_1946.jpg,Healthy
/Users/thun/Desktop/cauliflower_training/cali/Healthy/healthy_1320.jpg,Healthy
/Users/thun/Desktop/cauliflower_training/cali/Alternaria Leaf Spot/alternaria_leaf_spot_0077.jpeg,Alternaria Leaf Spot
/Users/thun/Desktop/cauliflower_training/cali/Bacterial Soft Rot/bacterial_soft_rot_1077.jpg,Bacterial Soft Rot
/Users/thun/Desktop/cauliflower_training/cali/Bacterial Soft Rot/bacterial_soft_rot_1287.jpg,Bacterial Soft Rot
/Users/thun/Desktop/cauliflower_training/cali/Healthy/healthy_0479.png,Healthy
/Users/thun/Desktop/cauliflower_training/cali/Healthy/healthy_2526.jpg,Healthy
/Users/thun/Desktop/cauliflower_training/cali/Healthy/healthy_1793.jpg,Healthy
/Users/thun/Desktop/cauliflower_training/cali/Black Rot/black_rot_017.png,Black Rot
/Users/thun/Desktop/cauliflower_training/cali/Downy Mildew/downy_mildew_0971.jpg,Downy Mildew
/Users/thun/Desktop/cauliflower_training/cali/Black Rot/black_rot_136.png,Black Rot
/Users/thun/Desktop/cauliflower_training/cali/Healthy/healthy_1038.jpg,Healthy
/Users/thun/Desktop/cauliflower_training/cali/Downy Mildew/downy_mildew_0617.png,Downy Mildew
/Users/thun/Desktop/cauliflower_training/cali/Downy Mildew/downy_mildew_0567.png,Downy Mildew
/Users/thun/Desktop/cauliflower_training/cali/Healthy/healthy_2001.jpg,Healthy
/Users/thun/Desktop/cauliflower_training/cali/Alternaria Leaf Spot/alternaria_leaf_spot_0241.jpeg,Alternaria Leaf Spot
/Users/thun/Desktop/cauliflower_training/cali/Downy Mildew/downy_mildew_0281.png,Downy Mildew
/Users/thun/Desktop/cauliflower_training/cali/Bacterial Soft Rot/bacterial_soft_rot_0112.jpeg,Bacterial Soft Rot
/Users/thun/Desktop/cauliflower_training/cali/Healthy/healthy_0721.jpeg,Healthy
/Users/thun/Desktop/cauliflower_training/cali/Downy Mildew/downy_mildew_0049.png,Downy Mildew
/Users/thun/Desktop/cauliflower_training/cali/Bacterial Soft Rot/bacterial_soft_rot_0435.jpg,Bacterial Soft Rot
/Users/thun/Desktop/cauliflower_training/cali/Healthy/healthy_2303.jpg,Healthy
/Users/thun/Desktop/cauliflower_training/cali/Alternaria Leaf Spot/alternaria_leaf_spot_0150.jpeg,Alternaria Leaf Spot
/Users/thun/Desktop/cauliflower_training/cali/Alternaria Leaf Spot/alternaria_leaf_spot_0649.jpg,Alternaria Leaf Spot
/Users/thun/Desktop/cauliflower_training/cali/Bacterial Soft Rot/bacterial_soft_rot_0289.jpg,Bacterial Soft Rot
/Users/thun/Desktop/cauliflower_training/cali/Healthy/healthy_0613.png,Healthy
/Users/thun/Desktop/cauliflower_training/cali/Healthy/healthy_3072.jpg,Healthy
/Users/thun/Desktop/cauliflower_training/cali/Bacterial Soft Rot/bacterial_soft_rot_0009.jpg,Bacterial Soft Rot
/Users/thun/Desktop/cauliflower_training/cali/Black Rot/black_rot_005.png,Black Rot
/Users/thun/Desktop/cauliflower_training/cali/Bacterial Soft Rot/bacterial_soft_rot_1171.jpg,Bacterial Soft Rot
/Users/thun/Desktop/cauliflower_training/cali/Bacterial Soft Rot/bacterial_soft_rot_0104.jpeg,Bacterial Soft Rot
/Users/thun/Desktop/cauliflower_training/cali/Black Rot/black_rot_608.png,Black Rot
/Users/thun/Desktop/cauliflower_training/cali/Healthy/healthy_1075.png,Healthy
/Users/thun/Desktop/cauliflower_training/cali/Healthy/healthy_0149.png,Healthy
/Users/thun/Desktop/cauliflower_training/cali/Black Rot/black_rot_180.png,Black Rot
/Users/thun/Desktop/cauliflower_training/cali/Healthy/healthy_0823.jpeg,Healthy
/Users/thun/Desktop/cauliflower_training/cali/Healthy/healthy_0131.png,Healthy
/Users/thun/Desktop/cauliflower_training/cali/Downy Mildew/downy_mildew_1132.jpeg,Downy Mildew
/Users/thun/Desktop/cauliflower_training/cali/Alternaria Leaf Spot/alternaria_leaf_spot_1422.jpg,Alternaria Leaf Spot
/Users/thun/Desktop/cauliflower_training/cali/Downy Mildew/downy_mildew_0004.png,Downy Mildew
/Users/thun/Desktop/cauliflower_training/cali/Bacterial Soft Rot/bacterial_soft_rot_0978.jpg,Bacterial Soft Rot
/Users/thun/Desktop/cauliflower_training/cali/Bacterial Soft Rot/bacterial_soft_rot_0831.jpg,Bacterial Soft Rot
/Users/thun/Desktop/cauliflower_training/cali/Downy Mildew/downy_mildew_0343.png,Downy Mildew
/Users/thun/Desktop/cauliflower_training/cali/Downy Mildew/downy_mildew_0167.png,Downy Mildew
/Users/thun/Desktop/cauliflower_training/cali/Downy Mildew/downy_mildew_0811.jpg,Downy Mildew
/Users/thun/Desktop/cauliflower_training/cali/Bacterial Soft Rot/bacterial_soft_rot_0612.jpg,Bacterial Soft Rot
/Users/thun/Desktop/cauliflower_training/cali/Healthy/healthy_2058.jpg,Healthy
/Users/thun/Desktop/cauliflower_training/cali/Bacterial Soft Rot/bacterial_soft_rot_1246.jpg,Bacterial Soft Rot
/Users/thun/Desktop/cauliflower_training/cali/Bacterial Soft Rot/bacterial_soft_rot_1374.jpg,Bacterial Soft Rot
/Users/thun/Desktop/cauliflower_training/cali/Healthy/healthy_1471.jpg,Healthy
/Users/thun/Desktop/cauliflower_training/cali/Healthy/healthy_1598.png,Healthy
/Users/thun/Desktop/cauliflower_training/cali/Downy Mildew/downy_mildew_0158.png,Downy Mildew
/Users/thun/Desktop/cauliflower_training/cali/Healthy/healthy_1623.jpg,Healthy
/Users/thun/Desktop/cauliflower_training/cali/Healthy/healthy_2066.jpg,Healthy
/Users/thun/Desktop/cauliflower_training/cali/Healthy/healthy_1529.png,Healthy
/Users/thun/Desktop/cauliflower_training/cali/Downy Mildew/downy_mildew_1032.jpg,Downy Mildew
/Users/thun/Desktop/cauliflower_training/cali/Alternaria Leaf Spot/alternaria_leaf_spot_0621.jpg,Alternaria Leaf Spot
/Users/thun/Desktop/cauliflower_training/cali/Healthy/healthy_2789.jpg,Healthy
/Users/thun/Desktop/cauliflower_training/cali/Black Rot/black_rot_262.png,Black Rot
/Users/thun/Desktop/cauliflower_training/cali/Healthy/healthy_0967.jpeg,Healthy
/Users/thun/Desktop/cauliflower_training/cali/Alternaria Leaf Spot/alternaria_leaf_spot_0428.jpg,Alternaria Leaf Spot
/Users/thun/Desktop/cauliflower_training/cali/Alternaria Leaf Spot/alternaria_leaf_spot_1059.jpg,Alternaria Leaf Spot
/Users/thun/Desktop/cauliflower_training/cali/Healthy/healthy_0912.jpeg,Healthy
/Users/thun/Desktop/cauliflower_training/cali/Downy Mildew/downy_mildew_0670.png,Downy Mildew
/Users/thun/Desktop/cauliflower_training/cali/Downy Mildew/downy_mildew_0474.png,Downy Mildew
/Users/thun/Desktop/cauliflower_training/cali/Bacterial Soft Rot/bacterial_soft_rot_1035.jpg,Bacterial Soft Rot
/Users/thun/Desktop/cauliflower_training/cali/Bacterial Soft Rot/bacterial_soft_rot_0464.jpg,Bacterial Soft Rot
/Users/thun/Desktop/cauliflower_training/cali/Black Rot/black_rot_223.png,Black Rot
/Users/thun/Desktop/cauliflower_training/cali/Healthy/healthy_0344.png,Healthy
/Users/thun/Desktop/cauliflower_training/cali/Bacterial Soft Rot/bacterial_soft_rot_1222.jpg,Bacterial Soft Rot
/Users/thun/Desktop/cauliflower_training/cali/Bacterial Soft Rot/bacterial_soft_rot_0498.jpg,Bacterial Soft Rot
/Users/thun/Desktop/cauliflower_training/cali/Healthy/healthy_1811.jpg,Healthy
/Users/thun/Desktop/cauliflower_training/cali/Healthy/healthy_1412.png,Healthy
/Users/thun/Desktop/cauliflower_training/cali/Downy Mildew/downy_mildew_1221.jpg,Downy Mildew
/Users/thun/Desktop/cauliflower_training/cali/Alternaria Leaf Spot/alternaria_leaf_spot_0133.jpeg,Alternaria Leaf Spot
/Users/thun/Desktop/cauliflower_training/cali/Healthy/healthy_2935.jpg,Healthy
/Users/thun/Desktop/cauliflower_training/cali/Bacterial Soft Rot/bacterial_soft_rot_0698.jpg,Bacterial Soft Rot
/Users/thun/Desktop/cauliflower_training/cali/Healthy/healthy_2557.jpg,Healthy
/Users/thun/Desktop/cauliflower_training/cali/Healthy/healthy_0014.png,Healthy
/Users/thun/Desktop/cauliflower_training/cali/Downy Mildew/downy_mildew_1174.jpeg,Downy Mildew
/Users/thun/Desktop/cauliflower_training/cali/Healthy/healthy_2253.jpg,Healthy
/Users/thun/Desktop/cauliflower_training/cali/Healthy/healthy_0447.png,Healthy
/Users/thun/Desktop/cauliflower_training/cali/Healthy/healthy_2965.jpg,Healthy
/Users/thun/Desktop/cauliflower_training/cali/Bacterial Soft Rot/bacterial_soft_rot_0316.jpg,Bacterial Soft Rot
/Users/thun/Desktop/cauliflower_training/cali/Downy Mildew/downy_mildew_1267.jpg,Downy Mildew
/Users/thun/Desktop/cauliflower_training/cali/Alternaria Leaf Spot/alternaria_leaf_spot_1223.jpg,Alternaria Leaf Spot
/Users/thun/Desktop/cauliflower_training/cali/Alternaria Leaf Spot/alternaria_leaf_spot_0761.jpg,Alternaria Leaf Spot
/Users/thun/Desktop/cauliflower_training/cali/Alternaria Leaf Spot/alternaria_leaf_spot_0487.jpg,Alternaria Leaf Spot
/Users/thun/Desktop/cauliflower_training/cali/Downy Mildew/downy_mildew_0870.jpg,Downy Mildew
/Users/thun/Desktop/cauliflower_training/cali/Bacterial Soft Rot/bacterial_soft_rot_0897.jpg,Bacterial Soft Rot
/Users/thun/Desktop/cauliflower_training/cali/Downy Mildew/downy_mildew_0480.png,Downy Mildew
/Users/thun/Desktop/cauliflower_training/cali/Downy Mildew/downy_mildew_0875.jpg,Downy Mildew
/Users/thun/Desktop/cauliflower_training/cali/Healthy/healthy_0785.jpeg,Healthy
/Users/thun/Desktop/cauliflower_training/cali/Healthy/healthy_3015.jpg,Healthy
/Users/thun/Desktop/cauliflower_training/cali/Healthy/healthy_2857.jpg,Healthy
/Users/thun/Desktop/cauliflower_training/cali/Bacterial Soft Rot/bacterial_soft_rot_1142.jpg,Bacterial Soft Rot
/Users/thun/Desktop/cauliflower_training/cali/Bacterial Soft Rot/bacterial_soft_rot_0736.jpg,Bacterial Soft Rot
/Users/thun/Desktop/cauliflower_training/cali/Alternaria Leaf Spot/alternaria_leaf_spot_1236.jpg,Alternaria Leaf Spot
/Users/thun/Desktop/cauliflower_training/cali/Alternaria Leaf Spot/alternaria_leaf_spot_1381.jpg,Alternaria Leaf Spot
/Users/thun/Desktop/cauliflower_training/cali/Black Rot/black_rot_027.png,Black Rot
/Users/thun/Desktop/cauliflower_training/cali/Healthy/healthy_2988.jpg,Healthy
/Users/thun/Desktop/cauliflower_training/cali/Healthy/healthy_2213.jpg,Healthy
/Users/thun/Desktop/cauliflower_training/cali/Black Rot/black_rot_566.png,Black Rot
/Users/thun/Desktop/cauliflower_training/cali/Bacterial Soft Rot/bacterial_soft_rot_1288.jpg,Bacterial Soft Rot
/Users/thun/Desktop/cauliflower_training/cali/Alternaria Leaf Spot/alternaria_leaf_spot_1081.jpg,Alternaria Leaf Spot
/Users/thun/Desktop/cauliflower_training/cali/Alternaria Leaf Spot/alternaria_leaf_spot_0590.jpg,Alternaria Leaf Spot
/Users/thun/Desktop/cauliflower_training/cali/Healthy/healthy_1948.jpg,Healthy
/Users/thun/Desktop/cauliflower_training/cali/Bacterial Soft Rot/bacterial_soft_rot_0397.jpg,Bacterial Soft Rot
/Users/thun/Desktop/cauliflower_training/cali/Downy Mildew/downy_mildew_0786.jpeg,Downy Mildew
/Users/thun/Desktop/cauliflower_training/cali/Black Rot/black_rot_165.png,Black Rot
/Users/thun/Desktop/cauliflower_training/cali/Healthy/healthy_1994.jpg,Healthy
/Users/thun/Desktop/cauliflower_training/cali/Black Rot/black_rot_651.png,Black Rot
/Users/thun/Desktop/cauliflower_training/cali/Healthy/healthy_1233.jpg,Healthy
/Users/thun/Desktop/cauliflower_training/cali/Alternaria Leaf Spot/alternaria_leaf_spot_0852.jpg,Alternaria Leaf Spot
/Users/thun/Desktop/cauliflower_training/cali/Healthy/healthy_2492.jpg,Healthy
/Users/thun/Desktop/cauliflower_training/cali/Healthy/healthy_2903.jpg,Healthy
/Users/thun/Desktop/cauliflower_training/cali/Bacterial Soft Rot/bacterial_soft_rot_0723.jpg,Bacterial Soft Rot
/Users/thun/Desktop/cauliflower_training/cali/Healthy/healthy_0520.png,Healthy
/Users/thun/Desktop/cauliflower_training/cali/Downy Mildew/downy_mildew_0703.jpeg,Downy Mildew
/Users/thun/Desktop/cauliflower_training/cali/Alternaria Leaf Spot/alternaria_leaf_spot_0995.jpg,Alternaria Leaf Spot
/Users/thun/Desktop/cauliflower_training/cali/Black Rot/black_rot_030.png,Black Rot
/Users/thun/Desktop/cauliflower_training/cali/Black Rot/black_rot_189.png,Black Rot
/Users/thun/Desktop/cauliflower_training/cali/Alternaria Leaf Spot/alternaria_leaf_spot_1451.jpg,Alternaria Leaf Spot
/Users/thun/Desktop/cauliflower_training/cali/Black Rot/black_rot_130.png,Black Rot
/Users/thun/Desktop/cauliflower_training/cali/Alternaria Leaf Spot/alternaria_leaf_spot_0542.jpg,Alternaria Leaf Spot
/Users/thun/Desktop/cauliflower_training/cali/Downy Mildew/downy_mildew_0315.png,Downy Mildew
/Users/thun/Desktop/cauliflower_training/cali/Alternaria Leaf Spot/alternaria_leaf_spot_0972.jpg,Alternaria Leaf Spot
/Users/thun/Desktop/cauliflower_training/cali/Downy Mildew/downy_mildew_0124.png,Downy Mildew
/Users/thun/Desktop/cauliflower_training/cali/Healthy/healthy_2938.jpg,Healthy
/Users/thun/Desktop/cauliflower_training/cali/Healthy/healthy_1110.jpg,Healthy
/Users/thun/Desktop/cauliflower_training/cali/Alternaria Leaf Spot/alternaria_leaf_spot_0052.jpg,Alternaria Leaf Spot
/Users/thun/Desktop/cauliflower_training/cali/Bacterial Soft Rot/bacterial_soft_rot_1297.jpg,Bacterial Soft Rot
/Users/thun/Desktop/cauliflower_training/cali/Bacterial Soft Rot/bacterial_soft_rot_0365.jpg,Bacterial Soft Rot
/Users/thun/Desktop/cauliflower_training/cali/Alternaria Leaf Spot/alternaria_leaf_spot_0005.jpeg,Alternaria Leaf Spot
/Users/thun/Desktop/cauliflower_training/cali/Downy Mildew/downy_mildew_0481.png,Downy Mildew
/Users/thun/Desktop/cauliflower_training/cali/Alternaria Leaf Spot/alternaria_leaf_spot_1256.jpg,Alternaria Leaf Spot
/Users/thun/Desktop/cauliflower_training/cali/Downy Mildew/downy_mildew_0064.png,Downy Mildew
/Users/thun/Desktop/cauliflower_training/cali/Healthy/healthy_1436.png,Healthy
/Users/thun/Desktop/cauliflower_training/cali/Healthy/healthy_0923.jpeg,Healthy
/Users/thun/Desktop/cauliflower_training/cali/Downy Mildew/downy_mildew_0008.png,Downy Mildew
/Users/thun/Desktop/cauliflower_training/cali/Healthy/healthy_1222.jpg,Healthy
/Users/thun/Desktop/cauliflower_training/cali/Downy Mildew/downy_mildew_0404.png,Downy Mildew
/Users/thun/Desktop/cauliflower_training/cali/Alternaria Leaf Spot/alternaria_leaf_spot_0909.jpg,Alternaria Leaf Spot
/Users/thun/Desktop/cauliflower_training/cali/Black Rot/black_rot_799.jpeg,Black Rot
/Users/thun/Desktop/cauliflower_training/cali/Downy Mildew/downy_mildew_0044.png,Downy Mildew
/Users/thun/Desktop/cauliflower_training/cali/Downy Mildew/downy_mildew_1079.jpeg,Downy Mildew
/Users/thun/Desktop/cauliflower_training/cali/Alternaria Leaf Spot/alternaria_leaf_spot_0457.jpg,Alternaria Leaf Spot
/Users/thun/Desktop/cauliflower_training/cali/Healthy/healthy_1140.jpg,Healthy
/Users/thun/Desktop/cauliflower_training/cali/Healthy/healthy_1842.jpg,Healthy
/Users/thun/Desktop/cauliflower_training/cali/Healthy/healthy_0062.png,Healthy
/Users/thun/Desktop/cauliflower_training/cali/Downy Mildew/downy_mildew_0555.png,Downy Mildew
/Users/thun/Desktop/cauliflower_training/cali/Bacterial Soft Rot/bacterial_soft_rot_0646.jpg,Bacterial Soft Rot
/Users/thun/Desktop/cauliflower_training/cali/Healthy/healthy_1152.jpg,Healthy
/Users/thun/Desktop/cauliflower_training/cali/Healthy/healthy_2566.jpg,Healthy
/Users/thun/Desktop/cauliflower_training/cali/Alternaria Leaf Spot/alternaria_leaf_spot_1239.jpg,Alternaria Leaf Spot
/Users/thun/Desktop/cauliflower_training/cali/Alternaria Leaf Spot/alternaria_leaf_spot_0696.jpg,Alternaria Leaf Spot
/Users/thun/Desktop/cauliflower_training/cali/Bacterial Soft Rot/bacterial_soft_rot_1224.jpg,Bacterial Soft Rot
/Users/thun/Desktop/cauliflower_training/cali/Downy Mildew/downy_mildew_0316.png,Downy Mildew
/Users/thun/Desktop/cauliflower_training/cali/Alternaria Leaf Spot/alternaria_leaf_spot_0731.jpg,Alternaria Leaf Spot
/Users/thun/Desktop/cauliflower_training/cali/Alternaria Leaf Spot/alternaria_leaf_spot_0040.jpg,Alternaria Leaf Spot
/Users/thun/Desktop/cauliflower_training/cali/Bacterial Soft Rot/bacterial_soft_rot_1242.jpg,Bacterial Soft Rot
/Users/thun/Desktop/cauliflower_training/cali/Downy Mildew/downy_mildew_0594.png,Downy Mildew
/Users/thun/Desktop/cauliflower_training/cali/Alternaria Leaf Spot/alternaria_leaf_spot_0084.jpeg,Alternaria Leaf Spot
/Users/thun/Desktop/cauliflower_training/cali/Downy Mildew/downy_mildew_0322.png,Downy Mildew
/Users/thun/Desktop/cauliflower_training/cali/Healthy/healthy_1052.jpeg,Healthy
/Users/thun/Desktop/cauliflower_training/cali/Alternaria Leaf Spot/alternaria_leaf_spot_0003.jpeg,Alternaria Leaf Spot
/Users/thun/Desktop/cauliflower_training/cali/Healthy/healthy_2105.jpg,Healthy
/Users/thun/Desktop/cauliflower_training/cali/Alternaria Leaf Spot/alternaria_leaf_spot_0154.jpeg,Alternaria Leaf Spot
/Users/thun/Desktop/cauliflower_training/cali/Healthy/healthy_1995.jpg,Healthy
/Users/thun/Desktop/cauliflower_training/cali/Healthy/healthy_3023.jpg,Healthy
/Users/thun/Desktop/cauliflower_training/cali/Healthy/healthy_1509.jpeg,Healthy
/Users/thun/Desktop/cauliflower_training/cali/Black Rot/black_rot_507.png,Black Rot
/Users/thun/Desktop/cauliflower_training/cali/Bacterial Soft Rot/bacterial_soft_rot_0248.jpg,Bacterial Soft Rot
/Users/thun/Desktop/cauliflower_training/cali/Alternaria Leaf Spot/alternaria_leaf_spot_0632.jpg,Alternaria Leaf Spot
/Users/thun/Desktop/cauliflower_training/cali/Downy Mildew/downy_mildew_1217.jpg,Downy Mildew
/Users/thun/Desktop/cauliflower_training/cali/Alternaria Leaf Spot/alternaria_leaf_spot_1494.jpg,Alternaria Leaf Spot
/Users/thun/Desktop/cauliflower_training/cali/Bacterial Soft Rot/bacterial_soft_rot_1324.jpg,Bacterial Soft Rot
/Users/thun/Desktop/cauliflower_training/cali/Healthy/healthy_0774.jpeg,Healthy
/Users/thun/Desktop/cauliflower_training/cali/Bacterial Soft Rot/bacterial_soft_rot_0535.jpg,Bacterial Soft Rot
/Users/thun/Desktop/cauliflower_training/cali/Healthy/healthy_1423.jpg,Healthy
/Users/thun/Desktop/cauliflower_training/cali/Downy Mildew/downy_mildew_0434.png,Downy Mildew
/Users/thun/Desktop/cauliflower_training/cali/Downy Mildew/downy_mildew_1077.jpeg,Downy Mildew
/Users/thun/Desktop/cauliflower_training/cali/Healthy/healthy_1071.png,Healthy
/Users/thun/Desktop/cauliflower_training/cali/Healthy/healthy_2166.jpg,Healthy
/Users/thun/Desktop/cauliflower_training/cali/Healthy/healthy_0830.jpeg,Healthy
/Users/thun/Desktop/cauliflower_training/cali/Downy Mildew/downy_mildew_0261.png,Downy Mildew
/Users/thun/Desktop/cauliflower_training/cali/Healthy/healthy_1846.jpg,Healthy
/Users/thun/Desktop/cauliflower_training/cali/Healthy/healthy_1358.png,Healthy
/Users/thun/Desktop/cauliflower_training/cali/Downy Mildew/downy_mildew_0160.png,Downy Mildew
/Users/thun/Desktop/cauliflower_training/cali/Black Rot/black_rot_555.png,Black Rot
/Users/thun/Desktop/cauliflower_training/cali/Bacterial Soft Rot/bacterial_soft_rot_1085.jpg,Bacterial Soft Rot
/Users/thun/Desktop/cauliflower_training/cali/Alternaria Leaf Spot/alternaria_leaf_spot_0946.jpg,Alternaria Leaf Spot
/Users/thun/Desktop/cauliflower_training/cali/Alternaria Leaf Spot/alternaria_leaf_spot_0456.jpg,Alternaria Leaf Spot
/Users/thun/Desktop/cauliflower_training/cali/Bacterial Soft Rot/bacterial_soft_rot_1162.jpg,Bacterial Soft Rot
/Users/thun/Desktop/cauliflower_training/cali/Healthy/healthy_1494.jpeg,Healthy
/Users/thun/Desktop/cauliflower_training/cali/Black Rot/black_rot_066.png,Black Rot
/Users/thun/Desktop/cauliflower_training/cali/Bacterial Soft Rot/bacterial_soft_rot_0925.jpg,Bacterial Soft Rot
/Users/thun/Desktop/cauliflower_training/cali/Healthy/healthy_0850.jpeg,Healthy
/Users/thun/Desktop/cauliflower_training/cali/Healthy/healthy_2476.jpg,Healthy
/Users/thun/Desktop/cauliflower_training/cali/Bacterial Soft Rot/bacterial_soft_rot_0216.jpg,Bacterial Soft Rot
/Users/thun/Desktop/cauliflower_training/cali/Bacterial Soft Rot/bacterial_soft_rot_0348.jpg,Bacterial Soft Rot
/Users/thun/Desktop/cauliflower_training/cali/Downy Mildew/downy_mildew_1016.jpeg,Downy Mildew
/Users/thun/Desktop/cauliflower_training/cali/Bacterial Soft Rot/bacterial_soft_rot_1062.jpg,Bacterial Soft Rot
/Users/thun/Desktop/cauliflower_training/cali/Downy Mildew/downy_mildew_1205.jpg,Downy Mildew
/Users/thun/Desktop/cauliflower_training/cali/Healthy/healthy_3081.jpg,Healthy
/Users/thun/Desktop/cauliflower_training/cali/Bacterial Soft Rot/bacterial_soft_rot_0847.jpg,Bacterial Soft Rot
/Users/thun/Desktop/cauliflower_training/cali/Downy Mildew/downy_mildew_0501.png,Downy Mildew
/Users/thun/Desktop/cauliflower_training/cali/Healthy/healthy_0724.jpeg,Healthy
/Users/thun/Desktop/cauliflower_training/cali/Downy Mildew/downy_mildew_0416.png,Downy Mildew
/Users/thun/Desktop/cauliflower_training/cali/Healthy/healthy_1156.jpg,Healthy
/Users/thun/Desktop/cauliflower_training/cali/Black Rot/black_rot_395.png,Black Rot
/Users/thun/Desktop/cauliflower_training/cali/Healthy/healthy_2024.jpg,Healthy
/Users/thun/Desktop/cauliflower_training/cali/Healthy/healthy_0886.jpg,Healthy
/Users/thun/Desktop/cauliflower_training/cali/Alternaria Leaf Spot/alternaria_leaf_spot_1467.jpg,Alternaria Leaf Spot
/Users/thun/Desktop/cauliflower_training/cali/Black Rot/black_rot_126.png,Black Rot
/Users/thun/Desktop/cauliflower_training/cali/Alternaria Leaf Spot/alternaria_leaf_spot_0422.jpg,Alternaria Leaf Spot
/Users/thun/Desktop/cauliflower_training/cali/Healthy/healthy_1458.jpeg,Healthy
/Users/thun/Desktop/cauliflower_training/cali/Downy Mildew/downy_mildew_1286.jpeg,Downy Mildew
/Users/thun/Desktop/cauliflower_training/cali/Healthy/healthy_2659.jpg,Healthy
/Users/thun/Desktop/cauliflower_training/cali/Healthy/healthy_1614.jpg,Healthy
/Users/thun/Desktop/cauliflower_training/cali/Downy Mildew/downy_mildew_0478.png,Downy Mildew
/Users/thun/Desktop/cauliflower_training/cali/Downy Mildew/downy_mildew_0824.jpg,Downy Mildew
/Users/thun/Desktop/cauliflower_training/cali/Alternaria Leaf Spot/alternaria_leaf_spot_1174.jpg,Alternaria Leaf Spot
/Users/thun/Desktop/cauliflower_training/cali/Alternaria Leaf Spot/alternaria_leaf_spot_0601.jpg,Alternaria Leaf Spot
/Users/thun/Desktop/cauliflower_training/cali/Bacterial Soft Rot/bacterial_soft_rot_0209.jpg,Bacterial Soft Rot
/Users/thun/Desktop/cauliflower_training/cali/Alternaria Leaf Spot/alternaria_leaf_spot_1440.jpg,Alternaria Leaf Spot
/Users/thun/Desktop/cauliflower_training/cali/Downy Mildew/downy_mildew_0379.png,Downy Mildew
/Users/thun/Desktop/cauliflower_training/cali/Bacterial Soft Rot/bacterial_soft_rot_0587.jpg,Bacterial Soft Rot
/Users/thun/Desktop/cauliflower_training/cali/Healthy/healthy_1357.jpg,Healthy
/Users/thun/Desktop/cauliflower_training/cali/Bacterial Soft Rot/bacterial_soft_rot_0230.jpg,Bacterial Soft Rot
/Users/thun/Desktop/cauliflower_training/cali/Healthy/healthy_2883.jpg,Healthy
/Users/thun/Desktop/cauliflower_training/cali/Healthy/healthy_0105.png,Healthy
/Users/thun/Desktop/cauliflower_training/cali/Healthy/healthy_1237.jpg,Healthy
/Users/thun/Desktop/cauliflower_training/cali/Alternaria Leaf Spot/alternaria_leaf_spot_0059.jpeg,Alternaria Leaf Spot
/Users/thun/Desktop/cauliflower_training/cali/Alternaria Leaf Spot/alternaria_leaf_spot_1455.jpg,Alternaria Leaf Spot
/Users/thun/Desktop/cauliflower_training/cali/Alternaria Leaf Spot/alternaria_leaf_spot_0453.jpg,Alternaria Leaf Spot
/Users/thun/Desktop/cauliflower_training/cali/Bacterial Soft Rot/bacterial_soft_rot_0369.jpg,Bacterial Soft Rot
/Users/thun/Desktop/cauliflower_training/cali/Healthy/healthy_2948.jpg,Healthy
/Users/thun/Desktop/cauliflower_training/cali/Bacterial Soft Rot/bacterial_soft_rot_0707.jpg,Bacterial Soft Rot
/Users/thun/Desktop/cauliflower_training/cali/Healthy/healthy_2252.jpg,Healthy
/Users/thun/Desktop/cauliflower_training/cali/Healthy/healthy_1764.jpg,Healthy
/Users/thun/Desktop/cauliflower_training/cali/Black Rot/black_rot_211.png,Black Rot
/Users/thun/Desktop/cauliflower_training/cali/Alternaria Leaf Spot/alternaria_leaf_spot_0529.jpg,Alternaria Leaf Spot
/Users/thun/Desktop/cauliflower_training/cali/Healthy/healthy_1386.jpg,Healthy
/Users/thun/Desktop/cauliflower_training/cali/Bacterial Soft Rot/bacterial_soft_rot_1122.jpg,Bacterial Soft Rot
/Users/thun/Desktop/cauliflower_training/cali/Alternaria Leaf Spot/alternaria_leaf_spot_0141.jpeg,Alternaria Leaf Spot
/Users/thun/Desktop/cauliflower_training/cali/Healthy/healthy_0658.png,Healthy
/Users/thun/Desktop/cauliflower_training/cali/Bacterial Soft Rot/bacterial_soft_rot_0562.jpg,Bacterial Soft Rot
/Users/thun/Desktop/cauliflower_training/cali/Downy Mildew/downy_mildew_1276.jpeg,Downy Mildew
/Users/thun/Desktop/cauliflower_training/cali/Downy Mildew/downy_mildew_0206.png,Downy Mildew
/Users/thun/Desktop/cauliflower_training/cali/Healthy/healthy_0181.png,Healthy
/Users/thun/Desktop/cauliflower_training/cali/Downy Mildew/downy_mildew_0551.png,Downy Mildew
/Users/thun/Desktop/cauliflower_training/cali/Healthy/healthy_2804.jpg,Healthy
/Users/thun/Desktop/cauliflower_training/cali/Bacterial Soft Rot/bacterial_soft_rot_1141.jpg,Bacterial Soft Rot
/Users/thun/Desktop/cauliflower_training/cali/Black Rot/black_rot_343.png,Black Rot
/Users/thun/Desktop/cauliflower_training/cali/Healthy/healthy_1000.jpeg,Healthy
/Users/thun/Desktop/cauliflower_training/cali/Bacterial Soft Rot/bacterial_soft_rot_0173.jpeg,Bacterial Soft Rot
/Users/thun/Desktop/cauliflower_training/cali/Bacterial Soft Rot/bacterial_soft_rot_0334.jpg,Bacterial Soft Rot
/Users/thun/Desktop/cauliflower_training/cali/Downy Mildew/downy_mildew_1109.jpeg,Downy Mildew
/Users/thun/Desktop/cauliflower_training/cali/Bacterial Soft Rot/bacterial_soft_rot_0873.jpg,Bacterial Soft Rot
/Users/thun/Desktop/cauliflower_training/cali/Bacterial Soft Rot/bacterial_soft_rot_1389.jpg,Bacterial Soft Rot
/Users/thun/Desktop/cauliflower_training/cali/Alternaria Leaf Spot/alternaria_leaf_spot_1040.jpg,Alternaria Leaf Spot
/Users/thun/Desktop/cauliflower_training/cali/Healthy/healthy_1459.jpg,Healthy
/Users/thun/Desktop/cauliflower_training/cali/Alternaria Leaf Spot/alternaria_leaf_spot_0779.jpg,Alternaria Leaf Spot
/Users/thun/Desktop/cauliflower_training/cali/Healthy/healthy_2996.jpg,Healthy
/Users/thun/Desktop/cauliflower_training/cali/Black Rot/black_rot_523.png,Black Rot
/Users/thun/Desktop/cauliflower_training/cali/Healthy/healthy_2864.jpg,Healthy
/Users/thun/Desktop/cauliflower_training/cali/Alternaria Leaf Spot/alternaria_leaf_spot_0313.jpg,Alternaria Leaf Spot
/Users/thun/Desktop/cauliflower_training/cali/Black Rot/black_rot_232.png,Black Rot
/Users/thun/Desktop/cauliflower_training/cali/Alternaria Leaf Spot/alternaria_leaf_spot_0652.jpg,Alternaria Leaf Spot
/Users/thun/Desktop/cauliflower_training/cali/Healthy/healthy_2703.jpg,Healthy
/Users/thun/Desktop/cauliflower_training/cali/Bacterial Soft Rot/bacterial_soft_rot_0534.jpg,Bacterial Soft Rot
/Users/thun/Desktop/cauliflower_training/cali/Black Rot/black_rot_109.png,Black Rot
/Users/thun/Desktop/cauliflower_training/cali/Black Rot/black_rot_032.png,Black Rot
/Users/thun/Desktop/cauliflower_training/cali/Healthy/healthy_0867.jpeg,Healthy
/Users/thun/Desktop/cauliflower_training/cali/Healthy/healthy_2344.jpg,Healthy
/Users/thun/Desktop/cauliflower_training/cali/Healthy/healthy_0481.png,Healthy
/Users/thun/Desktop/cauliflower_training/cali/Alternaria Leaf Spot/alternaria_leaf_spot_0252.jpeg,Alternaria Leaf Spot
/Users/thun/Desktop/cauliflower_training/cali/Downy Mildew/downy_mildew_0391.png,Downy Mildew
/Users/thun/Desktop/cauliflower_training/cali/Downy Mildew/downy_mildew_0829.jpg,Downy Mildew
/Users/thun/Desktop/cauliflower_training/cali/Alternaria Leaf Spot/alternaria_leaf_spot_1503.jpg,Alternaria Leaf Spot
/Users/thun/Desktop/cauliflower_training/cali/Healthy/healthy_1398.jpeg,Healthy
/Users/thun/Desktop/cauliflower_training/cali/Healthy/healthy_2154.jpg,Healthy
/Users/thun/Desktop/cauliflower_training/cali/Black Rot/black_rot_446.png,Black Rot
/Users/thun/Desktop/cauliflower_training/cali/Downy Mildew/downy_mildew_0507.png,Downy Mildew
/Users/thun/Desktop/cauliflower_training/cali/Healthy/healthy_0128.png,Healthy
/Users/thun/Desktop/cauliflower_training/cali/Alternaria Leaf Spot/alternaria_leaf_spot_0010.jpeg,Alternaria Leaf Spot
/Users/thun/Desktop/cauliflower_training/cali/Bacterial Soft Rot/bacterial_soft_rot_0900.jpg,Bacterial Soft Rot
/Users/thun/Desktop/cauliflower_training/cali/Healthy/healthy_2378.jpg,Healthy
/Users/thun/Desktop/cauliflower_training/cali/Alternaria Leaf Spot/alternaria_leaf_spot_0714.jpg,Alternaria Leaf Spot
/Users/thun/Desktop/cauliflower_training/cali/Black Rot/black_rot_339.png,Black Rot
/Users/thun/Desktop/cauliflower_training/cali/Healthy/healthy_0954.jpeg,Healthy
/Users/thun/Desktop/cauliflower_training/cali/Alternaria Leaf Spot/alternaria_leaf_spot_1078.jpg,Alternaria Leaf Spot
/Users/thun/Desktop/cauliflower_training/cali/Healthy/healthy_1805.jpg,Healthy
/Users/thun/Desktop/cauliflower_training/cali/Alternaria Leaf Spot/alternaria_leaf_spot_0283.jpeg,Alternaria Leaf Spot
/Users/thun/Desktop/cauliflower_training/cali/Healthy/healthy_2236.jpg,Healthy
/Users/thun/Desktop/cauliflower_training/cali/Healthy/healthy_2116.jpg,Healthy
/Users/thun/Desktop/cauliflower_training/cali/Alternaria Leaf Spot/alternaria_leaf_spot_1005.jpg,Alternaria Leaf Spot
/Users/thun/Desktop/cauliflower_training/cali/Alternaria Leaf Spot/alternaria_leaf_spot_0934.jpg,Alternaria Leaf Spot
/Users/thun/Desktop/cauliflower_training/cali/Downy Mildew/downy_mildew_1088.jpeg,Downy Mildew
/Users/thun/Desktop/cauliflower_training/cali/Alternaria Leaf Spot/alternaria_leaf_spot_1135.jpg,Alternaria Leaf Spot
/Users/thun/Desktop/cauliflower_training/cali/Bacterial Soft Rot/bacterial_soft_rot_0182.jpeg,Bacterial Soft Rot
/Users/thun/Desktop/cauliflower_training/cali/Bacterial Soft Rot/bacterial_soft_rot_0778.jpg,Bacterial Soft Rot
/Users/thun/Desktop/cauliflower_training/cali/Bacterial Soft Rot/bacterial_soft_rot_0827.jpg,Bacterial Soft Rot
/Users/thun/Desktop/cauliflower_training/cali/Alternaria Leaf Spot/alternaria_leaf_spot_0349.jpg,Alternaria Leaf Spot
/Users/thun/Desktop/cauliflower_training/cali/Healthy/healthy_0343.png,Healthy
/Users/thun/Desktop/cauliflower_training/cali/Bacterial Soft Rot/bacterial_soft_rot_0244.jpg,Bacterial Soft Rot
/Users/thun/Desktop/cauliflower_training/cali/Healthy/healthy_1419.jpeg,Healthy
/Users/thun/Desktop/cauliflower_training/cali/Downy Mildew/downy_mildew_0580.png,Downy Mildew
/Users/thun/Desktop/cauliflower_training/cali/Alternaria Leaf Spot/alternaria_leaf_spot_0596.jpg,Alternaria Leaf Spot
/Users/thun/Desktop/cauliflower_training/cali/Downy Mildew/downy_mildew_0334.png,Downy Mildew
/Users/thun/Desktop/cauliflower_training/cali/Healthy/healthy_0077.png,Healthy
/Users/thun/Desktop/cauliflower_training/cali/Downy Mildew/downy_mildew_0997.jpg,Downy Mildew
/Users/thun/Desktop/cauliflower_training/cali/Healthy/healthy_2618.jpg,Healthy
/Users/thun/Desktop/cauliflower_training/cali/Healthy/healthy_1042.png,Healthy
/Users/thun/Desktop/cauliflower_training/cali/Bacterial Soft Rot/bacterial_soft_rot_1015.jpg,Bacterial Soft Rot
/Users/thun/Desktop/cauliflower_training/cali/Bacterial Soft Rot/bacterial_soft_rot_0628.jpg,Bacterial Soft Rot
/Users/thun/Desktop/cauliflower_training/cali/Healthy/healthy_0983.jpeg,Healthy
/Users/thun/Desktop/cauliflower_training/cali/Bacterial Soft Rot/bacterial_soft_rot_1128.jpg,Bacterial Soft Rot
/Users/thun/Desktop/cauliflower_training/cali/Healthy/healthy_2173.jpg,Healthy
/Users/thun/Desktop/cauliflower_training/cali/Alternaria Leaf Spot/alternaria_leaf_spot_0293.jpeg,Alternaria Leaf Spot
/Users/thun/Desktop/cauliflower_training/cali/Healthy/healthy_1505.png,Healthy
/Users/thun/Desktop/cauliflower_training/cali/Downy Mildew/downy_mildew_0613.png,Downy Mildew
/Users/thun/Desktop/cauliflower_training/cali/Healthy/healthy_1779.jpg,Healthy
/Users/thun/Desktop/cauliflower_training/cali/Downy Mildew/downy_mildew_1263.jpg,Downy Mildew
/Users/thun/Desktop/cauliflower_training/cali/Downy Mildew/downy_mildew_1252.jpeg,Downy Mildew
/Users/thun/Desktop/cauliflower_training/cali/Alternaria Leaf Spot/alternaria_leaf_spot_1220.jpg,Alternaria Leaf Spot
/Users/thun/Desktop/cauliflower_training/cali/Healthy/healthy_0246.png,Healthy
/Users/thun/Desktop/cauliflower_training/cali/Alternaria Leaf Spot/alternaria_leaf_spot_0760.jpg,Alternaria Leaf Spot
/Users/thun/Desktop/cauliflower_training/cali/Black Rot/black_rot_561.png,Black Rot
/Users/thun/Desktop/cauliflower_training/cali/Alternaria Leaf Spot/alternaria_leaf_spot_0701.jpg,Alternaria Leaf Spot
/Users/thun/Desktop/cauliflower_training/cali/Alternaria Leaf Spot/alternaria_leaf_spot_0669.jpg,Alternaria Leaf Spot
/Users/thun/Desktop/cauliflower_training/cali/Bacterial Soft Rot/bacterial_soft_rot_0753.jpg,Bacterial Soft Rot
/Users/thun/Desktop/cauliflower_training/cali/Healthy/healthy_1277.png,Healthy
/Users/thun/Desktop/cauliflower_training/cali/Bacterial Soft Rot/bacterial_soft_rot_1106.jpg,Bacterial Soft Rot
/Users/thun/Desktop/cauliflower_training/cali/Bacterial Soft Rot/bacterial_soft_rot_0747.jpg,Bacterial Soft Rot
/Users/thun/Desktop/cauliflower_training/cali/Healthy/healthy_1497.jpeg,Healthy
/Users/thun/Desktop/cauliflower_training/cali/Alternaria Leaf Spot/alternaria_leaf_spot_0822.jpg,Alternaria Leaf Spot
/Users/thun/Desktop/cauliflower_training/cali/Alternaria Leaf Spot/alternaria_leaf_spot_1155.jpg,Alternaria Leaf Spot
/Users/thun/Desktop/cauliflower_training/cali/Alternaria Leaf Spot/alternaria_leaf_spot_1035.jpg,Alternaria Leaf Spot
/Users/thun/Desktop/cauliflower_training/cali/Alternaria Leaf Spot/alternaria_leaf_spot_1009.jpg,Alternaria Leaf Spot
/Users/thun/Desktop/cauliflower_training/cali/Downy Mildew/downy_mildew_1285.jpg,Downy Mildew
/Users/thun/Desktop/cauliflower_training/cali/Alternaria Leaf Spot/alternaria_leaf_spot_0300.jpeg,Alternaria Leaf Spot
/Users/thun/Desktop/cauliflower_training/cali/Black Rot/black_rot_736.jpg,Black Rot
/Users/thun/Desktop/cauliflower_training/cali/Alternaria Leaf Spot/alternaria_leaf_spot_0381.jpg,Alternaria Leaf Spot
/Users/thun/Desktop/cauliflower_training/cali/Healthy/healthy_2044.jpg,Healthy
/Users/thun/Desktop/cauliflower_training/cali/Downy Mildew/downy_mildew_0040.png,Downy Mildew
/Users/thun/Desktop/cauliflower_training/cali/Bacterial Soft Rot/bacterial_soft_rot_0236.jpg,Bacterial Soft Rot
/Users/thun/Desktop/cauliflower_training/cali/Downy Mildew/downy_mildew_0276.png,Downy Mildew
/Users/thun/Desktop/cauliflower_training/cali/Healthy/healthy_0401.png,Healthy
/Users/thun/Desktop/cauliflower_training/cali/Bacterial Soft Rot/bacterial_soft_rot_0157.jpeg,Bacterial Soft Rot
/Users/thun/Desktop/cauliflower_training/cali/Healthy/healthy_0324.png,Healthy
/Users/thun/Desktop/cauliflower_training/cali/Downy Mildew/downy_mildew_0477.png,Downy Mildew
/Users/thun/Desktop/cauliflower_training/cali/Bacterial Soft Rot/bacterial_soft_rot_0604.jpg,Bacterial Soft Rot
/Users/thun/Desktop/cauliflower_training/cali/Alternaria Leaf Spot/alternaria_leaf_spot_0111.jpeg,Alternaria Leaf Spot
/Users/thun/Desktop/cauliflower_training/cali/Alternaria Leaf Spot/alternaria_leaf_spot_0907.jpg,Alternaria Leaf Spot
/Users/thun/Desktop/cauliflower_training/cali/Downy Mildew/downy_mildew_0329.png,Downy Mildew
/Users/thun/Desktop/cauliflower_training/cali/Alternaria Leaf Spot/alternaria_leaf_spot_0784.jpg,Alternaria Leaf Spot
/Users/thun/Desktop/cauliflower_training/cali/Healthy/healthy_2290.jpg,Healthy
/Users/thun/Desktop/cauliflower_training/cali/Healthy/healthy_0874.jpeg,Healthy
/Users/thun/Desktop/cauliflower_training/cali/Healthy/healthy_0339.png,Healthy
/Users/thun/Desktop/cauliflower_training/cali/Bacterial Soft Rot/bacterial_soft_rot_1384.jpg,Bacterial Soft Rot
/Users/thun/Desktop/cauliflower_training/cali/Bacterial Soft Rot/bacterial_soft_rot_1022.jpg,Bacterial Soft Rot
/Users/thun/Desktop/cauliflower_training/cali/Bacterial Soft Rot/bacterial_soft_rot_0372.jpg,Bacterial Soft Rot
/Users/thun/Desktop/cauliflower_training/cali/Healthy/healthy_1525.jpg,Healthy
/Users/thun/Desktop/cauliflower_training/cali/Alternaria Leaf Spot/alternaria_leaf_spot_0194.jpeg,Alternaria Leaf Spot
/Users/thun/Desktop/cauliflower_training/cali/Healthy/healthy_2436.jpg,Healthy
/Users/thun/Desktop/cauliflower_training/cali/Bacterial Soft Rot/bacterial_soft_rot_1367.jpg,Bacterial Soft Rot
/Users/thun/Desktop/cauliflower_training/cali/Alternaria Leaf Spot/alternaria_leaf_spot_1450.jpg,Alternaria Leaf Spot
/Users/thun/Desktop/cauliflower_training/cali/Bacterial Soft Rot/bacterial_soft_rot_0358.jpg,Bacterial Soft Rot
/Users/thun/Desktop/cauliflower_training/cali/Healthy/healthy_0141.png,Healthy
/Users/thun/Desktop/cauliflower_training/cali/Alternaria Leaf Spot/alternaria_leaf_spot_1315.jpg,Alternaria Leaf Spot
/Users/thun/Desktop/cauliflower_training/cali/Healthy/healthy_1066.jpg,Healthy
/Users/thun/Desktop/cauliflower_training/cali/Healthy/healthy_1957.jpg,Healthy
/Users/thun/Desktop/cauliflower_training/cali/Downy Mildew/downy_mildew_0982.jpeg,Downy Mildew
/Users/thun/Desktop/cauliflower_training/cali/Alternaria Leaf Spot/alternaria_leaf_spot_1207.jpg,Alternaria Leaf Spot
/Users/thun/Desktop/cauliflower_training/cali/Black Rot/black_rot_100.png,Black Rot
/Users/thun/Desktop/cauliflower_training/cali/Healthy/healthy_1130.jpg,Healthy
/Users/thun/Desktop/cauliflower_training/cali/Healthy/healthy_0884.jpg,Healthy
/Users/thun/Desktop/cauliflower_training/cali/Healthy/healthy_0041.png,Healthy
/Users/thun/Desktop/cauliflower_training/cali/Alternaria Leaf Spot/alternaria_leaf_spot_0999.jpg,Alternaria Leaf Spot
/Users/thun/Desktop/cauliflower_training/cali/Bacterial Soft Rot/bacterial_soft_rot_0401.jpg,Bacterial Soft Rot
/Users/thun/Desktop/cauliflower_training/cali/Healthy/healthy_2316.jpg,Healthy
/Users/thun/Desktop/cauliflower_training/cali/Alternaria Leaf Spot/alternaria_leaf_spot_1193.jpg,Alternaria Leaf Spot
/Users/thun/Desktop/cauliflower_training/cali/Downy Mildew/downy_mildew_0344.png,Downy Mildew
/Users/thun/Desktop/cauliflower_training/cali/Healthy/healthy_0118.png,Healthy
/Users/thun/Desktop/cauliflower_training/cali/Black Rot/black_rot_023.png,Black Rot
/Users/thun/Desktop/cauliflower_training/cali/Bacterial Soft Rot/bacterial_soft_rot_0662.jpg,Bacterial Soft Rot
/Users/thun/Desktop/cauliflower_training/cali/Healthy/healthy_0587.png,Healthy
/Users/thun/Desktop/cauliflower_training/cali/Alternaria Leaf Spot/alternaria_leaf_spot_1052.jpg,Alternaria Leaf Spot
/Users/thun/Desktop/cauliflower_training/cali/Downy Mildew/downy_mildew_0668.png,Downy Mildew
/Users/thun/Desktop/cauliflower_training/cali/Healthy/healthy_1888.jpg,Healthy
/Users/thun/Desktop/cauliflower_training/cali/Alternaria Leaf Spot/alternaria_leaf_spot_1445.jpg,Alternaria Leaf Spot
/Users/thun/Desktop/cauliflower_training/cali/Healthy/healthy_1839.jpg,Healthy
/Users/thun/Desktop/cauliflower_training/cali/Downy Mildew/downy_mildew_0323.png,Downy Mildew
/Users/thun/Desktop/cauliflower_training/cali/Alternaria Leaf Spot/alternaria_leaf_spot_0751.jpg,Alternaria Leaf Spot
/Users/thun/Desktop/cauliflower_training/cali/Downy Mildew/downy_mildew_0724.jpg,Downy Mildew
/Users/thun/Desktop/cauliflower_training/cali/Black Rot/black_rot_630.png,Black Rot
/Users/thun/Desktop/cauliflower_training/cali/Downy Mildew/downy_mildew_0479.png,Downy Mildew
/Users/thun/Desktop/cauliflower_training/cali/Healthy/healthy_0575.png,Healthy
/Users/thun/Desktop/cauliflower_training/cali/Healthy/healthy_2230.jpg,Healthy
/Users/thun/Desktop/cauliflower_training/cali/Black Rot/black_rot_346.png,Black Rot
/Users/thun/Desktop/cauliflower_training/cali/Downy Mildew/downy_mildew_0037.png,Downy Mildew
/Users/thun/Desktop/cauliflower_training/cali/Bacterial Soft Rot/bacterial_soft_rot_0415.jpg,Bacterial Soft Rot
/Users/thun/Desktop/cauliflower_training/cali/Downy Mildew/downy_mildew_0429.png,Downy Mildew
/Users/thun/Desktop/cauliflower_training/cali/Healthy/healthy_2798.jpg,Healthy
/Users/thun/Desktop/cauliflower_training/cali/Bacterial Soft Rot/bacterial_soft_rot_0516.jpg,Bacterial Soft Rot
/Users/thun/Desktop/cauliflower_training/cali/Healthy/healthy_1040.jpeg,Healthy
/Users/thun/Desktop/cauliflower_training/cali/Alternaria Leaf Spot/alternaria_leaf_spot_0046.jpeg,Alternaria Leaf Spot
/Users/thun/Desktop/cauliflower_training/cali/Downy Mildew/downy_mildew_0200.png,Downy Mildew
/Users/thun/Desktop/cauliflower_training/cali/Alternaria Leaf Spot/alternaria_leaf_spot_1396.jpg,Alternaria Leaf Spot
/Users/thun/Desktop/cauliflower_training/cali/Healthy/healthy_2209.jpg,Healthy
/Users/thun/Desktop/cauliflower_training/cali/Healthy/healthy_1657.jpg,Healthy
/Users/thun/Desktop/cauliflower_training/cali/Healthy/healthy_0624.png,Healthy
/Users/thun/Desktop/cauliflower_training/cali/Healthy/healthy_2834.jpg,Healthy
/Users/thun/Desktop/cauliflower_training/cali/Healthy/healthy_0353.png,Healthy
/Users/thun/Desktop/cauliflower_training/cali/Healthy/healthy_2608.jpg,Healthy
/Users/thun/Desktop/cauliflower_training/cali/Healthy/healthy_2680.jpg,Healthy
/Users/thun/Desktop/cauliflower_training/cali/Alternaria Leaf Spot/alternaria_leaf_spot_0830.jpg,Alternaria Leaf Spot
/Users/thun/Desktop/cauliflower_training/cali/Healthy/healthy_1884.jpg,Healthy
/Users/thun/Desktop/cauliflower_training/cali/Bacterial Soft Rot/bacterial_soft_rot_0205.jpg,Bacterial Soft Rot
/Users/thun/Desktop/cauliflower_training/cali/Alternaria Leaf Spot/alternaria_leaf_spot_0225.jpeg,Alternaria Leaf Spot
/Users/thun/Desktop/cauliflower_training/cali/Healthy/healthy_1571.png,Healthy
/Users/thun/Desktop/cauliflower_training/cali/Alternaria Leaf Spot/alternaria_leaf_spot_0759.jpg,Alternaria Leaf Spot
/Users/thun/Desktop/cauliflower_training/cali/Healthy/healthy_0277.png,Healthy
/Users/thun/Desktop/cauliflower_training/cali/Healthy/healthy_0366.png,Healthy
/Users/thun/Desktop/cauliflower_training/cali/Black Rot/black_rot_047.png,Black Rot
/Users/thun/Desktop/cauliflower_training/cali/Alternaria Leaf Spot/alternaria_leaf_spot_0253.jpeg,Alternaria Leaf Spot
/Users/thun/Desktop/cauliflower_training/cali/Alternaria Leaf Spot/alternaria_leaf_spot_1276.jpg,Alternaria Leaf Spot
/Users/thun/Desktop/cauliflower_training/cali/Black Rot/black_rot_513.png,Black Rot
/Users/thun/Desktop/cauliflower_training/cali/Alternaria Leaf Spot/alternaria_leaf_spot_0468.jpg,Alternaria Leaf Spot
/Users/thun/Desktop/cauliflower_training/cali/Black Rot/black_rot_492.png,Black Rot
/Users/thun/Desktop/cauliflower_training/cali/Black Rot/black_rot_373.png,Black Rot
/Users/thun/Desktop/cauliflower_training/cali/Downy Mildew/downy_mildew_0898.jpeg,Downy Mildew
/Users/thun/Desktop/cauliflower_training/cali/Alternaria Leaf Spot/alternaria_leaf_spot_0294.jpeg,Alternaria Leaf Spot
/Users/thun/Desktop/cauliflower_training/cali/Alternaria Leaf Spot/alternaria_leaf_spot_1047.jpg,Alternaria Leaf Spot
/Users/thun/Desktop/cauliflower_training/cali/Healthy/healthy_1050.jpg,Healthy
/Users/thun/Desktop/cauliflower_training/cali/Healthy/healthy_2229.jpg,Healthy
/Users/thun/Desktop/cauliflower_training/cali/Downy Mildew/downy_mildew_0858.jpg,Downy Mildew
/Users/thun/Desktop/cauliflower_training/cali/Alternaria Leaf Spot/alternaria_leaf_spot_1430.jpg,Alternaria Leaf Spot
/Users/thun/Desktop/cauliflower_training/cali/Healthy/healthy_2427.jpg,Healthy
/Users/thun/Desktop/cauliflower_training/cali/Healthy/healthy_1744.jpg,Healthy
/Users/thun/Desktop/cauliflower_training/cali/Healthy/healthy_1889.jpg,Healthy
/Users/thun/Desktop/cauliflower_training/cali/Alternaria Leaf Spot/alternaria_leaf_spot_0364.jpg,Alternaria Leaf Spot
/Users/thun/Desktop/cauliflower_training/cali/Healthy/healthy_0151.png,Healthy
/Users/thun/Desktop/cauliflower_training/cali/Healthy/healthy_1335.jpg,Healthy
/Users/thun/Desktop/cauliflower_training/cali/Alternaria Leaf Spot/alternaria_leaf_spot_0501.jpg,Alternaria Leaf Spot
/Users/thun/Desktop/cauliflower_training/cali/Downy Mildew/downy_mildew_0985.jpg,Downy Mildew
/Users/thun/Desktop/cauliflower_training/cali/Healthy/healthy_0321.png,Healthy
/Users/thun/Desktop/cauliflower_training/cali/Downy Mildew/downy_mildew_0103.png,Downy Mildew
/Users/thun/Desktop/cauliflower_training/cali/Healthy/healthy_1169.jpg,Healthy
/Users/thun/Desktop/cauliflower_training/cali/Healthy/healthy_1925.jpg,Healthy
/Users/thun/Desktop/cauliflower_training/cali/Black Rot/black_rot_442.png,Black Rot
/Users/thun/Desktop/cauliflower_training/cali/Black Rot/black_rot_355.png,Black Rot
/Users/thun/Desktop/cauliflower_training/cali/Bacterial Soft Rot/bacterial_soft_rot_0087.jpeg,Bacterial Soft Rot
/Users/thun/Desktop/cauliflower_training/cali/Bacterial Soft Rot/bacterial_soft_rot_1092.jpg,Bacterial Soft Rot
/Users/thun/Desktop/cauliflower_training/cali/Bacterial Soft Rot/bacterial_soft_rot_0980.jpg,Bacterial Soft Rot
/Users/thun/Desktop/cauliflower_training/cali/Alternaria Leaf Spot/alternaria_leaf_spot_1466.jpg,Alternaria Leaf Spot
/Users/thun/Desktop/cauliflower_training/cali/Black Rot/black_rot_604.png,Black Rot
/Users/thun/Desktop/cauliflower_training/cali/Bacterial Soft Rot/bacterial_soft_rot_0151.jpeg,Bacterial Soft Rot
/Users/thun/Desktop/cauliflower_training/cali/Healthy/healthy_1485.jpeg,Healthy
/Users/thun/Desktop/cauliflower_training/cali/Bacterial Soft Rot/bacterial_soft_rot_0675.jpg,Bacterial Soft Rot
/Users/thun/Desktop/cauliflower_training/cali/Healthy/healthy_0456.png,Healthy
/Users/thun/Desktop/cauliflower_training/cali/Alternaria Leaf Spot/alternaria_leaf_spot_0067.jpeg,Alternaria Leaf Spot
/Users/thun/Desktop/cauliflower_training/cali/Healthy/healthy_2384.jpg,Healthy
/Users/thun/Desktop/cauliflower_training/cali/Healthy/healthy_1469.png,Healthy
/Users/thun/Desktop/cauliflower_training/cali/Black Rot/black_rot_308.png,Black Rot
/Users/thun/Desktop/cauliflower_training/cali/Black Rot/black_rot_756.jpg,Black Rot
/Users/thun/Desktop/cauliflower_training/cali/Bacterial Soft Rot/bacterial_soft_rot_0643.jpg,Bacterial Soft Rot
/Users/thun/Desktop/cauliflower_training/cali/Black Rot/black_rot_732.jpg,Black Rot
/Users/thun/Desktop/cauliflower_training/cali/Downy Mildew/downy_mildew_1023.jpeg,Downy Mildew
/Users/thun/Desktop/cauliflower_training/cali/Healthy/healthy_1433.png,Healthy
/Users/thun/Desktop/cauliflower_training/cali/Bacterial Soft Rot/bacterial_soft_rot_0178.jpeg,Bacterial Soft Rot
/Users/thun/Desktop/cauliflower_training/cali/Healthy/healthy_3150.jpg,Healthy
/Users/thun/Desktop/cauliflower_training/cali/Alternaria Leaf Spot/alternaria_leaf_spot_1292.jpg,Alternaria Leaf Spot
/Users/thun/Desktop/cauliflower_training/cali/Alternaria Leaf Spot/alternaria_leaf_spot_0974.jpg,Alternaria Leaf Spot
/Users/thun/Desktop/cauliflower_training/cali/Bacterial Soft Rot/bacterial_soft_rot_1333.jpg,Bacterial Soft Rot
/Users/thun/Desktop/cauliflower_training/cali/Healthy/healthy_0622.png,Healthy
/Users/thun/Desktop/cauliflower_training/cali/Black Rot/black_rot_504.png,Black Rot
/Users/thun/Desktop/cauliflower_training/cali/Alternaria Leaf Spot/alternaria_leaf_spot_0865.jpg,Alternaria Leaf Spot
/Users/thun/Desktop/cauliflower_training/cali/Downy Mildew/downy_mildew_0817.jpg,Downy Mildew
/Users/thun/Desktop/cauliflower_training/cali/Black Rot/black_rot_646.png,Black Rot
/Users/thun/Desktop/cauliflower_training/cali/Downy Mildew/downy_mildew_0484.png,Downy Mildew
/Users/thun/Desktop/cauliflower_training/cali/Healthy/healthy_2597.jpg,Healthy
/Users/thun/Desktop/cauliflower_training/cali/Healthy/healthy_0975.jpeg,Healthy
/Users/thun/Desktop/cauliflower_training/cali/Bacterial Soft Rot/bacterial_soft_rot_1196.jpg,Bacterial Soft Rot
/Users/thun/Desktop/cauliflower_training/cali/Healthy/healthy_2568.jpg,Healthy
/Users/thun/Desktop/cauliflower_training/cali/Alternaria Leaf Spot/alternaria_leaf_spot_0115.jpeg,Alternaria Leaf Spot
/Users/thun/Desktop/cauliflower_training/cali/Bacterial Soft Rot/bacterial_soft_rot_0074.jpeg,Bacterial Soft Rot
/Users/thun/Desktop/cauliflower_training/cali/Healthy/healthy_2543.jpg,Healthy
/Users/thun/Desktop/cauliflower_training/cali/Downy Mildew/downy_mildew_0966.jpeg,Downy Mildew
/Users/thun/Desktop/cauliflower_training/cali/Healthy/healthy_1135.jpg,Healthy
/Users/thun/Desktop/cauliflower_training/cali/Healthy/healthy_0917.jpg,Healthy
/Users/thun/Desktop/cauliflower_training/cali/Alternaria Leaf Spot/alternaria_leaf_spot_0006.jpeg,Alternaria Leaf Spot
/Users/thun/Desktop/cauliflower_training/cali/Bacterial Soft Rot/bacterial_soft_rot_0616.jpg,Bacterial Soft Rot
/Users/thun/Desktop/cauliflower_training/cali/Alternaria Leaf Spot/alternaria_leaf_spot_1109.jpg,Alternaria Leaf Spot
/Users/thun/Desktop/cauliflower_training/cali/Bacterial Soft Rot/bacterial_soft_rot_0404.jpg,Bacterial Soft Rot
/Users/thun/Desktop/cauliflower_training/cali/Alternaria Leaf Spot/alternaria_leaf_spot_1234.jpg,Alternaria Leaf Spot
/Users/thun/Desktop/cauliflower_training/cali/Downy Mildew/downy_mildew_0095.png,Downy Mildew
/Users/thun/Desktop/cauliflower_training/cali/Healthy/healthy_0492.png,Healthy
/Users/thun/Desktop/cauliflower_training/cali/Downy Mildew/downy_mildew_0172.png,Downy Mildew
/Users/thun/Desktop/cauliflower_training/cali/Alternaria Leaf Spot/alternaria_leaf_spot_1344.jpg,Alternaria Leaf Spot
/Users/thun/Desktop/cauliflower_training/cali/Downy Mildew/downy_mildew_0540.png,Downy Mildew
/Users/thun/Desktop/cauliflower_training/cali/Healthy/healthy_0887.jpeg,Healthy
/Users/thun/Desktop/cauliflower_training/cali/Alternaria Leaf Spot/alternaria_leaf_spot_0790.jpg,Alternaria Leaf Spot
/Users/thun/Desktop/cauliflower_training/cali/Alternaria Leaf Spot/alternaria_leaf_spot_0996.jpg,Alternaria Leaf Spot
/Users/thun/Desktop/cauliflower_training/cali/Downy Mildew/downy_mildew_0958.jpeg,Downy Mildew
/Users/thun/Desktop/cauliflower_training/cali/Bacterial Soft Rot/bacterial_soft_rot_0120.jpeg,Bacterial Soft Rot
/Users/thun/Desktop/cauliflower_training/cali/Bacterial Soft Rot/bacterial_soft_rot_0039.jpeg,Bacterial Soft Rot
/Users/thun/Desktop/cauliflower_training/cali/Downy Mildew/downy_mildew_0065.png,Downy Mildew
/Users/thun/Desktop/cauliflower_training/cali/Healthy/healthy_2177.jpg,Healthy
/Users/thun/Desktop/cauliflower_training/cali/Alternaria Leaf Spot/alternaria_leaf_spot_0793.jpg,Alternaria Leaf Spot
/Users/thun/Desktop/cauliflower_training/cali/Healthy/healthy_0247.png,Healthy
/Users/thun/Desktop/cauliflower_training/cali/Alternaria Leaf Spot/alternaria_leaf_spot_1506.jpg,Alternaria Leaf Spot
/Users/thun/Desktop/cauliflower_training/cali/Alternaria Leaf Spot/alternaria_leaf_spot_0351.jpg,Alternaria Leaf Spot
/Users/thun/Desktop/cauliflower_training/cali/Healthy/healthy_2258.jpg,Healthy
/Users/thun/Desktop/cauliflower_training/cali/Healthy/healthy_2183.jpg,Healthy
/Users/thun/Desktop/cauliflower_training/cali/Bacterial Soft Rot/bacterial_soft_rot_1394.jpg,Bacterial Soft Rot
/Users/thun/Desktop/cauliflower_training/cali/Downy Mildew/downy_mildew_0874.jpg,Downy Mildew
/Users/thun/Desktop/cauliflower_training/cali/Alternaria Leaf Spot/alternaria_leaf_spot_0866.jpg,Alternaria Leaf Spot
/Users/thun/Desktop/cauliflower_training/cali/Downy Mildew/downy_mildew_0513.png,Downy Mildew
/Users/thun/Desktop/cauliflower_training/cali/Healthy/healthy_2536.jpg,Healthy
/Users/thun/Desktop/cauliflower_training/cali/Healthy/healthy_0762.jpeg,Healthy
/Users/thun/Desktop/cauliflower_training/cali/Bacterial Soft Rot/bacterial_soft_rot_1295.jpg,Bacterial Soft Rot
/Users/thun/Desktop/cauliflower_training/cali/Bacterial Soft Rot/bacterial_soft_rot_1292.jpg,Bacterial Soft Rot
/Users/thun/Desktop/cauliflower_training/cali/Healthy/healthy_2675.jpg,Healthy
/Users/thun/Desktop/cauliflower_training/cali/Healthy/healthy_1332.png,Healthy
/Users/thun/Desktop/cauliflower_training/cali/Healthy/healthy_1267.jpg,Healthy
/Users/thun/Desktop/cauliflower_training/cali/Downy Mildew/downy_mildew_1234.jpeg,Downy Mildew
/Users/thun/Desktop/cauliflower_training/cali/Healthy/healthy_0883.jpeg,Healthy
/Users/thun/Desktop/cauliflower_training/cali/Downy Mildew/downy_mildew_0837.jpg,Downy Mildew
/Users/thun/Desktop/cauliflower_training/cali/Bacterial Soft Rot/bacterial_soft_rot_1358.jpg,Bacterial Soft Rot
/Users/thun/Desktop/cauliflower_training/cali/Healthy/healthy_0127.png,Healthy
/Users/thun/Desktop/cauliflower_training/cali/Healthy/healthy_0919.jpeg,Healthy
/Users/thun/Desktop/cauliflower_training/cali/Healthy/healthy_1410.jpeg,Healthy
/Users/thun/Desktop/cauliflower_training/cali/Healthy/healthy_2720.jpg,Healthy
/Users/thun/Desktop/cauliflower_training/cali/Bacterial Soft Rot/bacterial_soft_rot_0655.jpg,Bacterial Soft Rot
/Users/thun/Desktop/cauliflower_training/cali/Healthy/healthy_2218.jpg,Healthy
/Users/thun/Desktop/cauliflower_training/cali/Black Rot/black_rot_289.png,Black Rot
/Users/thun/Desktop/cauliflower_training/cali/Bacterial Soft Rot/bacterial_soft_rot_1153.jpg,Bacterial Soft Rot
/Users/thun/Desktop/cauliflower_training/cali/Healthy/healthy_2200.jpg,Healthy
/Users/thun/Desktop/cauliflower_training/cali/Alternaria Leaf Spot/alternaria_leaf_spot_0671.jpg,Alternaria Leaf Spot
/Users/thun/Desktop/cauliflower_training/cali/Downy Mildew/downy_mildew_0627.png,Downy Mildew
/Users/thun/Desktop/cauliflower_training/cali/Healthy/healthy_0864.jpg,Healthy
/Users/thun/Desktop/cauliflower_training/cali/Healthy/healthy_0594.png,Healthy
/Users/thun/Desktop/cauliflower_training/cali/Healthy/healthy_0914.jpeg,Healthy
/Users/thun/Desktop/cauliflower_training/cali/Healthy/healthy_1147.jpg,Healthy
/Users/thun/Desktop/cauliflower_training/cali/Healthy/healthy_0364.png,Healthy
/Users/thun/Desktop/cauliflower_training/cali/Bacterial Soft Rot/bacterial_soft_rot_1055.jpg,Bacterial Soft Rot
/Users/thun/Desktop/cauliflower_training/cali/Healthy/healthy_0018.png,Healthy
/Users/thun/Desktop/cauliflower_training/cali/Healthy/healthy_2500.jpg,Healthy
/Users/thun/Desktop/cauliflower_training/cali/Downy Mildew/downy_mildew_0006.png,Downy Mildew
/Users/thun/Desktop/cauliflower_training/cali/Bacterial Soft Rot/bacterial_soft_rot_0626.jpg,Bacterial Soft Rot
/Users/thun/Desktop/cauliflower_training/cali/Downy Mildew/downy_mildew_0876.jpg,Downy Mildew
/Users/thun/Desktop/cauliflower_training/cali/Downy Mildew/downy_mildew_1026.jpeg,Downy Mildew
/Users/thun/Desktop/cauliflower_training/cali/Bacterial Soft Rot/bacterial_soft_rot_0328.jpg,Bacterial Soft Rot
/Users/thun/Desktop/cauliflower_training/cali/Healthy/healthy_1334.jpg,Healthy
/Users/thun/Desktop/cauliflower_training/cali/Alternaria Leaf Spot/alternaria_leaf_spot_0380.jpg,Alternaria Leaf Spot
/Users/thun/Desktop/cauliflower_training/cali/Downy Mildew/downy_mildew_0269.png,Downy Mildew
/Users/thun/Desktop/cauliflower_training/cali/Healthy/healthy_2078.jpg,Healthy
/Users/thun/Desktop/cauliflower_training/cali/Downy Mildew/downy_mildew_0921.jpg,Downy Mildew
/Users/thun/Desktop/cauliflower_training/cali/Healthy/healthy_2037.jpg,Healthy
/Users/thun/Desktop/cauliflower_training/cali/Healthy/healthy_0475.png,Healthy
/Users/thun/Desktop/cauliflower_training/cali/Healthy/healthy_1561.jpg,Healthy
/Users/thun/Desktop/cauliflower_training/cali/Alternaria Leaf Spot/alternaria_leaf_spot_0920.jpg,Alternaria Leaf Spot
/Users/thun/Desktop/cauliflower_training/cali/Alternaria Leaf Spot/alternaria_leaf_spot_1483.jpg,Alternaria Leaf Spot
/Users/thun/Desktop/cauliflower_training/cali/Bacterial Soft Rot/bacterial_soft_rot_0858.jpg,Bacterial Soft Rot
/Users/thun/Desktop/cauliflower_training/cali/Alternaria Leaf Spot/alternaria_leaf_spot_0267.jpeg,Alternaria Leaf Spot
/Users/thun/Desktop/cauliflower_training/cali/Healthy/healthy_2070.jpg,Healthy
/Users/thun/Desktop/cauliflower_training/cali/Downy Mildew/downy_mildew_0303.png,Downy Mildew
/Users/thun/Desktop/cauliflower_training/cali/Healthy/healthy_2061.jpg,Healthy
/Users/thun/Desktop/cauliflower_training/cali/Black Rot/black_rot_200.png,Black Rot
/Users/thun/Desktop/cauliflower_training/cali/Black Rot/black_rot_731.jpeg,Black Rot
/Users/thun/Desktop/cauliflower_training/cali/Healthy/healthy_2320.jpg,Healthy
/Users/thun/Desktop/cauliflower_training/cali/Healthy/healthy_1787.jpg,Healthy
/Users/thun/Desktop/cauliflower_training/cali/Healthy/healthy_1581.jpeg,Healthy
/Users/thun/Desktop/cauliflower_training/cali/Healthy/healthy_3036.jpg,Healthy
/Users/thun/Desktop/cauliflower_training/cali/Black Rot/black_rot_715.jpeg,Black Rot
/Users/thun/Desktop/cauliflower_training/cali/Downy Mildew/downy_mildew_1003.jpeg,Downy Mildew
/Users/thun/Desktop/cauliflower_training/cali/Downy Mildew/downy_mildew_0192.png,Downy Mildew
/Users/thun/Desktop/cauliflower_training/cali/Healthy/healthy_2167.jpg,Healthy
/Users/thun/Desktop/cauliflower_training/cali/Downy Mildew/downy_mildew_0700.png,Downy Mildew
/Users/thun/Desktop/cauliflower_training/cali/Downy Mildew/downy_mildew_0946.jpeg,Downy Mildew
/Users/thun/Desktop/cauliflower_training/cali/Black Rot/black_rot_322.png,Black Rot
/Users/thun/Desktop/cauliflower_training/cali/Healthy/healthy_2727.jpg,Healthy
/Users/thun/Desktop/cauliflower_training/cali/Healthy/healthy_2498.jpg,Healthy
/Users/thun/Desktop/cauliflower_training/cali/Healthy/healthy_2349.jpg,Healthy
/Users/thun/Desktop/cauliflower_training/cali/Healthy/healthy_2318.jpg,Healthy
/Users/thun/Desktop/cauliflower_training/cali/Alternaria Leaf Spot/alternaria_leaf_spot_1339.jpg,Alternaria Leaf Spot
/Users/thun/Desktop/cauliflower_training/cali/Healthy/healthy_2473.jpg,Healthy
/Users/thun/Desktop/cauliflower_training/cali/Healthy/healthy_1840.jpg,Healthy
/Users/thun/Desktop/cauliflower_training/cali/Downy Mildew/downy_mildew_0393.png,Downy Mildew
/Users/thun/Desktop/cauliflower_training/cali/Alternaria Leaf Spot/alternaria_leaf_spot_0378.jpg,Alternaria Leaf Spot
/Users/thun/Desktop/cauliflower_training/cali/Downy Mildew/downy_mildew_0297.png,Downy Mildew
/Users/thun/Desktop/cauliflower_training/cali/Healthy/healthy_1903.jpg,Healthy
/Users/thun/Desktop/cauliflower_training/cali/Black Rot/black_rot_045.png,Black Rot
/Users/thun/Desktop/cauliflower_training/cali/Bacterial Soft Rot/bacterial_soft_rot_0944.jpg,Bacterial Soft Rot
/Users/thun/Desktop/cauliflower_training/cali/Healthy/healthy_1822.jpg,Healthy
/Users/thun/Desktop/cauliflower_training/cali/Healthy/healthy_1479.jpeg,Healthy
/Users/thun/Desktop/cauliflower_training/cali/Bacterial Soft Rot/bacterial_soft_rot_0201.jpg,Bacterial Soft Rot
/Users/thun/Desktop/cauliflower_training/cali/Downy Mildew/downy_mildew_0737.jpg,Downy Mildew
/Users/thun/Desktop/cauliflower_training/cali/Healthy/healthy_0326.png,Healthy
/Users/thun/Desktop/cauliflower_training/cali/Bacterial Soft Rot/bacterial_soft_rot_0735.jpg,Bacterial Soft Rot
/Users/thun/Desktop/cauliflower_training/cali/Downy Mildew/downy_mildew_1163.jpg,Downy Mildew
/Users/thun/Desktop/cauliflower_training/cali/Bacterial Soft Rot/bacterial_soft_rot_0381.jpg,Bacterial Soft Rot
/Users/thun/Desktop/cauliflower_training/cali/Healthy/healthy_2354.jpg,Healthy
/Users/thun/Desktop/cauliflower_training/cali/Bacterial Soft Rot/bacterial_soft_rot_1184.jpg,Bacterial Soft Rot
/Users/thun/Desktop/cauliflower_training/cali/Alternaria Leaf Spot/alternaria_leaf_spot_0926.jpg,Alternaria Leaf Spot
/Users/thun/Desktop/cauliflower_training/cali/Downy Mildew/downy_mildew_0546.png,Downy Mildew
/Users/thun/Desktop/cauliflower_training/cali/Black Rot/black_rot_769.jpeg,Black Rot
/Users/thun/Desktop/cauliflower_training/cali/Healthy/healthy_1396.jpg,Healthy
/Users/thun/Desktop/cauliflower_training/cali/Bacterial Soft Rot/bacterial_soft_rot_0661.jpg,Bacterial Soft Rot
/Users/thun/Desktop/cauliflower_training/cali/Alternaria Leaf Spot/alternaria_leaf_spot_0933.jpg,Alternaria Leaf Spot
/Users/thun/Desktop/cauliflower_training/cali/Healthy/healthy_0541.png,Healthy
/Users/thun/Desktop/cauliflower_training/cali/Healthy/healthy_1008.jpeg,Healthy
/Users/thun/Desktop/cauliflower_training/cali/Healthy/healthy_0306.png,Healthy
/Users/thun/Desktop/cauliflower_training/cali/Alternaria Leaf Spot/alternaria_leaf_spot_1178.jpg,Alternaria Leaf Spot
/Users/thun/Desktop/cauliflower_training/cali/Downy Mildew/downy_mildew_0907.jpg,Downy Mildew
/Users/thun/Desktop/cauliflower_training/cali/Alternaria Leaf Spot/alternaria_leaf_spot_0937.jpg,Alternaria Leaf Spot
/Users/thun/Desktop/cauliflower_training/cali/Alternaria Leaf Spot/alternaria_leaf_spot_1045.jpg,Alternaria Leaf Spot
/Users/thun/Desktop/cauliflower_training/cali/Black Rot/black_rot_502.png,Black Rot
/Users/thun/Desktop/cauliflower_training/cali/Alternaria Leaf Spot/alternaria_leaf_spot_1014.jpg,Alternaria Leaf Spot
/Users/thun/Desktop/cauliflower_training/cali/Alternaria Leaf Spot/alternaria_leaf_spot_0828.jpg,Alternaria Leaf Spot
/Users/thun/Desktop/cauliflower_training/cali/Healthy/healthy_0714.jpeg,Healthy
/Users/thun/Desktop/cauliflower_training/cali/Alternaria Leaf Spot/alternaria_leaf_spot_0099.jpeg,Alternaria Leaf Spot
/Users/thun/Desktop/cauliflower_training/cali/Bacterial Soft Rot/bacterial_soft_rot_0341.jpg,Bacterial Soft Rot
/Users/thun/Desktop/cauliflower_training/cali/Downy Mildew/downy_mildew_0923.jpg,Downy Mildew
/Users/thun/Desktop/cauliflower_training/cali/Healthy/healthy_0892.jpg,Healthy
/Users/thun/Desktop/cauliflower_training/cali/Bacterial Soft Rot/bacterial_soft_rot_0841.jpg,Bacterial Soft Rot
/Users/thun/Desktop/cauliflower_training/cali/Alternaria Leaf Spot/alternaria_leaf_spot_0718.jpg,Alternaria Leaf Spot
/Users/thun/Desktop/cauliflower_training/cali/Healthy/healthy_3037.jpg,Healthy
/Users/thun/Desktop/cauliflower_training/cali/Healthy/healthy_1991.jpg,Healthy
/Users/thun/Desktop/cauliflower_training/cali/Black Rot/black_rot_304.png,Black Rot
/Users/thun/Desktop/cauliflower_training/cali/Black Rot/black_rot_020.png,Black Rot
/Users/thun/Desktop/cauliflower_training/cali/Alternaria Leaf Spot/alternaria_leaf_spot_0756.jpg,Alternaria Leaf Spot
/Users/thun/Desktop/cauliflower_training/cali/Downy Mildew/downy_mildew_1009.jpeg,Downy Mildew
/Users/thun/Desktop/cauliflower_training/cali/Downy Mildew/downy_mildew_0446.png,Downy Mildew
/Users/thun/Desktop/cauliflower_training/cali/Bacterial Soft Rot/bacterial_soft_rot_1369.jpg,Bacterial Soft Rot
/Users/thun/Desktop/cauliflower_training/cali/Healthy/healthy_1204.jpg,Healthy
/Users/thun/Desktop/cauliflower_training/cali/Black Rot/black_rot_691.png,Black Rot
/Users/thun/Desktop/cauliflower_training/cali/Downy Mildew/downy_mildew_0924.jpeg,Downy Mildew
/Users/thun/Desktop/cauliflower_training/cali/Downy Mildew/downy_mildew_0321.png,Downy Mildew
/Users/thun/Desktop/cauliflower_training/cali/Healthy/healthy_2616.jpg,Healthy
/Users/thun/Desktop/cauliflower_training/cali/Healthy/healthy_1733.jpg,Healthy
/Users/thun/Desktop/cauliflower_training/cali/Healthy/healthy_0517.png,Healthy
/Users/thun/Desktop/cauliflower_training/cali/Healthy/healthy_1536.jpeg,Healthy
/Users/thun/Desktop/cauliflower_training/cali/Healthy/healthy_2350.jpg,Healthy
/Users/thun/Desktop/cauliflower_training/cali/Downy Mildew/downy_mildew_0604.png,Downy Mildew
/Users/thun/Desktop/cauliflower_training/cali/Healthy/healthy_1913.jpg,Healthy
/Users/thun/Desktop/cauliflower_training/cali/Alternaria Leaf Spot/alternaria_leaf_spot_0033.jpeg,Alternaria Leaf Spot
/Users/thun/Desktop/cauliflower_training/cali/Alternaria Leaf Spot/alternaria_leaf_spot_0218.jpeg,Alternaria Leaf Spot
/Users/thun/Desktop/cauliflower_training/cali/Bacterial Soft Rot/bacterial_soft_rot_0621.jpg,Bacterial Soft Rot
/Users/thun/Desktop/cauliflower_training/cali/Downy Mildew/downy_mildew_1022.jpeg,Downy Mildew
/Users/thun/Desktop/cauliflower_training/cali/Alternaria Leaf Spot/alternaria_leaf_spot_0132.jpeg,Alternaria Leaf Spot
/Users/thun/Desktop/cauliflower_training/cali/Healthy/healthy_2259.jpg,Healthy
/Users/thun/Desktop/cauliflower_training/cali/Healthy/healthy_2605.jpg,Healthy
/Users/thun/Desktop/cauliflower_training/cali/Alternaria Leaf Spot/alternaria_leaf_spot_0153.jpeg,Alternaria Leaf Spot
/Users/thun/Desktop/cauliflower_training/cali/Bacterial Soft Rot/bacterial_soft_rot_1383.jpg,Bacterial Soft Rot
/Users/thun/Desktop/cauliflower_training/cali/Healthy/healthy_3046.jpg,Healthy
/Users/thun/Desktop/cauliflower_training/cali/Alternaria Leaf Spot/alternaria_leaf_spot_0813.jpg,Alternaria Leaf Spot
/Users/thun/Desktop/cauliflower_training/cali/Alternaria Leaf Spot/alternaria_leaf_spot_1259.jpg,Alternaria Leaf Spot
/Users/thun/Desktop/cauliflower_training/cali/Healthy/healthy_1287.jpg,Healthy
/Users/thun/Desktop/cauliflower_training/cali/Alternaria Leaf Spot/alternaria_leaf_spot_0636.jpg,Alternaria Leaf Spot
/Users/thun/Desktop/cauliflower_training/cali/Healthy/healthy_1893.jpg,Healthy
/Users/thun/Desktop/cauliflower_training/cali/Bacterial Soft Rot/bacterial_soft_rot_0907.jpg,Bacterial Soft Rot
/Users/thun/Desktop/cauliflower_training/cali/Black Rot/black_rot_788.jpeg,Black Rot
/Users/thun/Desktop/cauliflower_training/cali/Bacterial Soft Rot/bacterial_soft_rot_1086.jpg,Bacterial Soft Rot
/Users/thun/Desktop/cauliflower_training/cali/Alternaria Leaf Spot/alternaria_leaf_spot_1100.jpg,Alternaria Leaf Spot
/Users/thun/Desktop/cauliflower_training/cali/Bacterial Soft Rot/bacterial_soft_rot_0427.jpg,Bacterial Soft Rot
/Users/thun/Desktop/cauliflower_training/cali/Healthy/healthy_1639.jpg,Healthy
/Users/thun/Desktop/cauliflower_training/cali/Black Rot/black_rot_506.png,Black Rot
/Users/thun/Desktop/cauliflower_training/cali/Healthy/healthy_2726.jpg,Healthy
/Users/thun/Desktop/cauliflower_training/cali/Healthy/healthy_1636.jpg,Healthy
/Users/thun/Desktop/cauliflower_training/cali/Healthy/healthy_2518.jpg,Healthy
/Users/thun/Desktop/cauliflower_training/cali/Black Rot/black_rot_716.jpg,Black Rot
/Users/thun/Desktop/cauliflower_training/cali/Healthy/healthy_2793.jpg,Healthy
/Users/thun/Desktop/cauliflower_training/cali/Healthy/healthy_0060.png,Healthy
/Users/thun/Desktop/cauliflower_training/cali/Healthy/healthy_1495.jpg,Healthy
/Users/thun/Desktop/cauliflower_training/cali/Alternaria Leaf Spot/alternaria_leaf_spot_0399.jpg,Alternaria Leaf Spot
/Users/thun/Desktop/cauliflower_training/cali/Healthy/healthy_2106.jpg,Healthy
/Users/thun/Desktop/cauliflower_training/cali/Alternaria Leaf Spot/alternaria_leaf_spot_0340.jpg,Alternaria Leaf Spot
/Users/thun/Desktop/cauliflower_training/cali/Downy Mildew/downy_mildew_0212.png,Downy Mildew
/Users/thun/Desktop/cauliflower_training/cali/Alternaria Leaf Spot/alternaria_leaf_spot_0079.jpeg,Alternaria Leaf Spot
/Users/thun/Desktop/cauliflower_training/cali/Black Rot/black_rot_360.png,Black Rot
/Users/thun/Desktop/cauliflower_training/cali/Downy Mildew/downy_mildew_0298.png,Downy Mildew
/Users/thun/Desktop/cauliflower_training/cali/Alternaria Leaf Spot/alternaria_leaf_spot_0875.jpg,Alternaria Leaf Spot
/Users/thun/Desktop/cauliflower_training/cali/Downy Mildew/downy_mildew_0616.png,Downy Mildew
/Users/thun/Desktop/cauliflower_training/cali/Healthy/healthy_0425.png,Healthy
/Users/thun/Desktop/cauliflower_training/cali/Healthy/healthy_2170.jpg,Healthy
/Users/thun/Desktop/cauliflower_training/cali/Alternaria Leaf Spot/alternaria_leaf_spot_0637.jpg,Alternaria Leaf Spot
/Users/thun/Desktop/cauliflower_training/cali/Bacterial Soft Rot/bacterial_soft_rot_1145.jpg,Bacterial Soft Rot
/Users/thun/Desktop/cauliflower_training/cali/Healthy/healthy_2018.jpg,Healthy
/Users/thun/Desktop/cauliflower_training/cali/Healthy/healthy_2879.jpg,Healthy
/Users/thun/Desktop/cauliflower_training/cali/Healthy/healthy_1343.jpeg,Healthy
/Users/thun/Desktop/cauliflower_training/cali/Healthy/healthy_0055.png,Healthy
/Users/thun/Desktop/cauliflower_training/cali/Alternaria Leaf Spot/alternaria_leaf_spot_0586.jpg,Alternaria Leaf Spot
/Users/thun/Desktop/cauliflower_training/cali/Bacterial Soft Rot/bacterial_soft_rot_0563.jpg,Bacterial Soft Rot
/Users/thun/Desktop/cauliflower_training/cali/Downy Mildew/downy_mildew_0775.jpg,Downy Mildew
/Users/thun/Desktop/cauliflower_training/cali/Black Rot/black_rot_766.jpg,Black Rot
/Users/thun/Desktop/cauliflower_training/cali/Bacterial Soft Rot/bacterial_soft_rot_0530.jpg,Bacterial Soft Rot
/Users/thun/Desktop/cauliflower_training/cali/Alternaria Leaf Spot/alternaria_leaf_spot_0929.jpg,Alternaria Leaf Spot
/Users/thun/Desktop/cauliflower_training/cali/Downy Mildew/downy_mildew_0960.jpeg,Downy Mildew
/Users/thun/Desktop/cauliflower_training/cali/Healthy/healthy_1499.png,Healthy
/Users/thun/Desktop/cauliflower_training/cali/Downy Mildew/downy_mildew_0776.jpeg,Downy Mildew
/Users/thun/Desktop/cauliflower_training/cali/Healthy/healthy_2576.jpg,Healthy
/Users/thun/Desktop/cauliflower_training/cali/Healthy/healthy_0588.png,Healthy
/Users/thun/Desktop/cauliflower_training/cali/Downy Mildew/downy_mildew_0289.png,Downy Mildew
/Users/thun/Desktop/cauliflower_training/cali/Bacterial Soft Rot/bacterial_soft_rot_0545.jpg,Bacterial Soft Rot
/Users/thun/Desktop/cauliflower_training/cali/Healthy/healthy_0877.jpeg,Healthy
/Users/thun/Desktop/cauliflower_training/cali/Healthy/healthy_0990.jpeg,Healthy
/Users/thun/Desktop/cauliflower_training/cali/Bacterial Soft Rot/bacterial_soft_rot_0228.jpg,Bacterial Soft Rot
/Users/thun/Desktop/cauliflower_training/cali/Downy Mildew/downy_mildew_0464.png,Downy Mildew
/Users/thun/Desktop/cauliflower_training/cali/Bacterial Soft Rot/bacterial_soft_rot_0426.jpg,Bacterial Soft Rot
/Users/thun/Desktop/cauliflower_training/cali/Healthy/healthy_2723.jpg,Healthy
/Users/thun/Desktop/cauliflower_training/cali/Alternaria Leaf Spot/alternaria_leaf_spot_0057.jpeg,Alternaria Leaf Spot
/Users/thun/Desktop/cauliflower_training/cali/Alternaria Leaf Spot/alternaria_leaf_spot_1198.jpg,Alternaria Leaf Spot
/Users/thun/Desktop/cauliflower_training/cali/Downy Mildew/downy_mildew_0792.jpeg,Downy Mildew
/Users/thun/Desktop/cauliflower_training/cali/Bacterial Soft Rot/bacterial_soft_rot_1350.jpg,Bacterial Soft Rot
/Users/thun/Desktop/cauliflower_training/cali/Downy Mildew/downy_mildew_0667.png,Downy Mildew
/Users/thun/Desktop/cauliflower_training/cali/Bacterial Soft Rot/bacterial_soft_rot_0909.jpg,Bacterial Soft Rot
/Users/thun/Desktop/cauliflower_training/cali/Healthy/healthy_1450.jpg,Healthy
/Users/thun/Desktop/cauliflower_training/cali/Healthy/healthy_1393.jpg,Healthy
/Users/thun/Desktop/cauliflower_training/cali/Downy Mildew/downy_mildew_0279.png,Downy Mildew
/Users/thun/Desktop/cauliflower_training/cali/Bacterial Soft Rot/bacterial_soft_rot_0254.jpg,Bacterial Soft Rot
/Users/thun/Desktop/cauliflower_training/cali/Alternaria Leaf Spot/alternaria_leaf_spot_1032.jpg,Alternaria Leaf Spot
/Users/thun/Desktop/cauliflower_training/cali/Downy Mildew/downy_mildew_1096.jpeg,Downy Mildew
/Users/thun/Desktop/cauliflower_training/cali/Healthy/healthy_2936.jpg,Healthy
/Users/thun/Desktop/cauliflower_training/cali/Alternaria Leaf Spot/alternaria_leaf_spot_1444.jpg,Alternaria Leaf Spot
/Users/thun/Desktop/cauliflower_training/cali/Healthy/healthy_0005.png,Healthy
/Users/thun/Desktop/cauliflower_training/cali/Alternaria Leaf Spot/alternaria_leaf_spot_0613.jpg,Alternaria Leaf Spot
/Users/thun/Desktop/cauliflower_training/cali/Healthy/healthy_1057.png,Healthy
/Users/thun/Desktop/cauliflower_training/cali/Black Rot/black_rot_325.png,Black Rot
/Users/thun/Desktop/cauliflower_training/cali/Bacterial Soft Rot/bacterial_soft_rot_0631.jpg,Bacterial Soft Rot
/Users/thun/Desktop/cauliflower_training/cali/Alternaria Leaf Spot/alternaria_leaf_spot_0208.jpeg,Alternaria Leaf Spot
/Users/thun/Desktop/cauliflower_training/cali/Black Rot/black_rot_698.png,Black Rot
/Users/thun/Desktop/cauliflower_training/cali/Alternaria Leaf Spot/alternaria_leaf_spot_0604.jpg,Alternaria Leaf Spot
/Users/thun/Desktop/cauliflower_training/cali/Downy Mildew/downy_mildew_0248.png,Downy Mildew
/Users/thun/Desktop/cauliflower_training/cali/Bacterial Soft Rot/bacterial_soft_rot_1315.jpg,Bacterial Soft Rot
/Users/thun/Desktop/cauliflower_training/cali/Healthy/healthy_0471.png,Healthy
/Users/thun/Desktop/cauliflower_training/cali/Healthy/healthy_1519.jpg,Healthy
/Users/thun/Desktop/cauliflower_training/cali/Downy Mildew/downy_mildew_1143.jpg,Downy Mildew
/Users/thun/Desktop/cauliflower_training/cali/Alternaria Leaf Spot/alternaria_leaf_spot_0149.jpeg,Alternaria Leaf Spot
/Users/thun/Desktop/cauliflower_training/cali/Alternaria Leaf Spot/alternaria_leaf_spot_1389.jpg,Alternaria Leaf Spot
/Users/thun/Desktop/cauliflower_training/cali/Healthy/healthy_2410.jpg,Healthy
/Users/thun/Desktop/cauliflower_training/cali/Alternaria Leaf Spot/alternaria_leaf_spot_1118.jpg,Alternaria Leaf Spot
/Users/thun/Desktop/cauliflower_training/cali/Healthy/healthy_0854.jpeg,Healthy
/Users/thun/Desktop/cauliflower_training/cali/Alternaria Leaf Spot/alternaria_leaf_spot_0804.jpg,Alternaria Leaf Spot
/Users/thun/Desktop/cauliflower_training/cali/Healthy/healthy_2164.jpg,Healthy
/Users/thun/Desktop/cauliflower_training/cali/Alternaria Leaf Spot/alternaria_leaf_spot_0908.jpg,Alternaria Leaf Spot
/Users/thun/Desktop/cauliflower_training/cali/Downy Mildew/downy_mildew_0650.png,Downy Mildew
/Users/thun/Desktop/cauliflower_training/cali/Alternaria Leaf Spot/alternaria_leaf_spot_0944.jpg,Alternaria Leaf Spot
/Users/thun/Desktop/cauliflower_training/cali/Downy Mildew/downy_mildew_1029.jpeg,Downy Mildew
/Users/thun/Desktop/cauliflower_training/cali/Downy Mildew/downy_mildew_1120.jpeg,Downy Mildew
/Users/thun/Desktop/cauliflower_training/cali/Healthy/healthy_0811.jpeg,Healthy
/Users/thun/Desktop/cauliflower_training/cali/Bacterial Soft Rot/bacterial_soft_rot_0433.jpg,Bacterial Soft Rot
/Users/thun/Desktop/cauliflower_training/cali/Black Rot/black_rot_332.png,Black Rot
/Users/thun/Desktop/cauliflower_training/cali/Bacterial Soft Rot/bacterial_soft_rot_0437.jpg,Bacterial Soft Rot
/Users/thun/Desktop/cauliflower_training/cali/Bacterial Soft Rot/bacterial_soft_rot_0825.jpg,Bacterial Soft Rot
/Users/thun/Desktop/cauliflower_training/cali/Healthy/healthy_1804.jpg,Healthy
/Users/thun/Desktop/cauliflower_training/cali/Black Rot/black_rot_475.png,Black Rot
/Users/thun/Desktop/cauliflower_training/cali/Healthy/healthy_1715.jpg,Healthy
/Users/thun/Desktop/cauliflower_training/cali/Alternaria Leaf Spot/alternaria_leaf_spot_0896.jpg,Alternaria Leaf Spot
/Users/thun/Desktop/cauliflower_training/cali/Downy Mildew/downy_mildew_0836.jpg,Downy Mildew
/Users/thun/Desktop/cauliflower_training/cali/Bacterial Soft Rot/bacterial_soft_rot_1319.jpg,Bacterial Soft Rot
/Users/thun/Desktop/cauliflower_training/cali/Downy Mildew/downy_mildew_0772.jpeg,Downy Mildew
/Users/thun/Desktop/cauliflower_training/cali/Downy Mildew/downy_mildew_1098.jpeg,Downy Mildew
/Users/thun/Desktop/cauliflower_training/cali/Bacterial Soft Rot/bacterial_soft_rot_1183.jpg,Bacterial Soft Rot
/Users/thun/Desktop/cauliflower_training/cali/Bacterial Soft Rot/bacterial_soft_rot_0838.jpg,Bacterial Soft Rot
/Users/thun/Desktop/cauliflower_training/cali/Healthy/healthy_1451.png,Healthy
/Users/thun/Desktop/cauliflower_training/cali/Healthy/healthy_2064.jpg,Healthy
/Users/thun/Desktop/cauliflower_training/cali/Healthy/healthy_2743.jpg,Healthy
/Users/thun/Desktop/cauliflower_training/cali/Healthy/healthy_0200.png,Healthy
/Users/thun/Desktop/cauliflower_training/cali/Bacterial Soft Rot/bacterial_soft_rot_0870.jpg,Bacterial Soft Rot
/Users/thun/Desktop/cauliflower_training/cali/Black Rot/black_rot_298.png,Black Rot
/Users/thun/Desktop/cauliflower_training/cali/Healthy/healthy_2190.jpg,Healthy
/Users/thun/Desktop/cauliflower_training/cali/Bacterial Soft Rot/bacterial_soft_rot_1001.jpg,Bacterial Soft Rot
/Users/thun/Desktop/cauliflower_training/cali/Black Rot/black_rot_283.png,Black Rot
/Users/thun/Desktop/cauliflower_training/cali/Black Rot/black_rot_569.png,Black Rot
/Users/thun/Desktop/cauliflower_training/cali/Bacterial Soft Rot/bacterial_soft_rot_1053.jpg,Bacterial Soft Rot
/Users/thun/Desktop/cauliflower_training/cali/Healthy/healthy_2912.jpg,Healthy
/Users/thun/Desktop/cauliflower_training/cali/Bacterial Soft Rot/bacterial_soft_rot_0692.jpg,Bacterial Soft Rot
/Users/thun/Desktop/cauliflower_training/cali/Bacterial Soft Rot/bacterial_soft_rot_0716.jpg,Bacterial Soft Rot
/Users/thun/Desktop/cauliflower_training/cali/Healthy/healthy_0513.png,Healthy
/Users/thun/Desktop/cauliflower_training/cali/Bacterial Soft Rot/bacterial_soft_rot_0416.jpg,Bacterial Soft Rot
/Users/thun/Desktop/cauliflower_training/cali/Bacterial Soft Rot/bacterial_soft_rot_0902.jpg,Bacterial Soft Rot
/Users/thun/Desktop/cauliflower_training/cali/Healthy/healthy_1875.jpg,Healthy
/Users/thun/Desktop/cauliflower_training/cali/Healthy/healthy_0928.jpg,Healthy
/Users/thun/Desktop/cauliflower_training/cali/Healthy/healthy_0646.png,Healthy
/Users/thun/Desktop/cauliflower_training/cali/Black Rot/black_rot_124.png,Black Rot
/Users/thun/Desktop/cauliflower_training/cali/Black Rot/black_rot_139.png,Black Rot
/Users/thun/Desktop/cauliflower_training/cali/Bacterial Soft Rot/bacterial_soft_rot_0728.jpg,Bacterial Soft Rot
/Users/thun/Desktop/cauliflower_training/cali/Alternaria Leaf Spot/alternaria_leaf_spot_0810.jpg,Alternaria Leaf Spot
/Users/thun/Desktop/cauliflower_training/cali/Healthy/healthy_0740.jpeg,Healthy
/Users/thun/Desktop/cauliflower_training/cali/Healthy/healthy_1004.jpeg,Healthy
/Users/thun/Desktop/cauliflower_training/cali/Healthy/healthy_0341.png,Healthy
/Users/thun/Desktop/cauliflower_training/cali/Healthy/healthy_2963.jpg,Healthy
/Users/thun/Desktop/cauliflower_training/cali/Downy Mildew/downy_mildew_0168.png,Downy Mildew
/Users/thun/Desktop/cauliflower_training/cali/Alternaria Leaf Spot/alternaria_leaf_spot_0881.jpg,Alternaria Leaf Spot
/Users/thun/Desktop/cauliflower_training/cali/Alternaria Leaf Spot/alternaria_leaf_spot_0044.jpeg,Alternaria Leaf Spot
/Users/thun/Desktop/cauliflower_training/cali/Healthy/healthy_2881.jpg,Healthy
/Users/thun/Desktop/cauliflower_training/cali/Downy Mildew/downy_mildew_0306.png,Downy Mildew
/Users/thun/Desktop/cauliflower_training/cali/Healthy/healthy_1795.jpg,Healthy
/Users/thun/Desktop/cauliflower_training/cali/Black Rot/black_rot_469.png,Black Rot
/Users/thun/Desktop/cauliflower_training/cali/Alternaria Leaf Spot/alternaria_leaf_spot_0187.jpeg,Alternaria Leaf Spot
/Users/thun/Desktop/cauliflower_training/cali/Downy Mildew/downy_mildew_0825.jpg,Downy Mildew
/Users/thun/Desktop/cauliflower_training/cali/Bacterial Soft Rot/bacterial_soft_rot_0848.jpg,Bacterial Soft Rot
/Users/thun/Desktop/cauliflower_training/cali/Black Rot/black_rot_723.jpeg,Black Rot
/Users/thun/Desktop/cauliflower_training/cali/Bacterial Soft Rot/bacterial_soft_rot_0093.jpeg,Bacterial Soft Rot
/Users/thun/Desktop/cauliflower_training/cali/Healthy/healthy_1158.jpg,Healthy
/Users/thun/Desktop/cauliflower_training/cali/Healthy/healthy_0791.jpeg,Healthy
/Users/thun/Desktop/cauliflower_training/cali/Black Rot/black_rot_048.png,Black Rot
/Users/thun/Desktop/cauliflower_training/cali/Healthy/healthy_1380.jpg,Healthy
/Users/thun/Desktop/cauliflower_training/cali/Alternaria Leaf Spot/alternaria_leaf_spot_1070.jpg,Alternaria Leaf Spot
/Users/thun/Desktop/cauliflower_training/cali/Alternaria Leaf Spot/alternaria_leaf_spot_1067.jpg,Alternaria Leaf Spot
/Users/thun/Desktop/cauliflower_training/cali/Downy Mildew/downy_mildew_1045.jpeg,Downy Mildew
/Users/thun/Desktop/cauliflower_training/cali/Alternaria Leaf Spot/alternaria_leaf_spot_1316.jpg,Alternaria Leaf Spot
/Users/thun/Desktop/cauliflower_training/cali/Downy Mildew/downy_mildew_0171.png,Downy Mildew
/Users/thun/Desktop/cauliflower_training/cali/Healthy/healthy_0833.jpeg,Healthy
/Users/thun/Desktop/cauliflower_training/cali/Black Rot/black_rot_702.jpg,Black Rot
/Users/thun/Desktop/cauliflower_training/cali/Healthy/healthy_2291.jpg,Healthy
/Users/thun/Desktop/cauliflower_training/cali/Downy Mildew/downy_mildew_0587.png,Downy Mildew
/Users/thun/Desktop/cauliflower_training/cali/Alternaria Leaf Spot/alternaria_leaf_spot_0609.jpg,Alternaria Leaf Spot
/Users/thun/Desktop/cauliflower_training/cali/Downy Mildew/downy_mildew_0231.png,Downy Mildew
/Users/thun/Desktop/cauliflower_training/cali/Downy Mildew/downy_mildew_0918.jpeg,Downy Mildew
/Users/thun/Desktop/cauliflower_training/cali/Alternaria Leaf Spot/alternaria_leaf_spot_0167.jpeg,Alternaria Leaf Spot
/Users/thun/Desktop/cauliflower_training/cali/Downy Mildew/downy_mildew_0423.png,Downy Mildew
/Users/thun/Desktop/cauliflower_training/cali/Healthy/healthy_2237.jpg,Healthy
/Users/thun/Desktop/cauliflower_training/cali/Healthy/healthy_1910.jpg,Healthy
/Users/thun/Desktop/cauliflower_training/cali/Black Rot/black_rot_623.png,Black Rot
/Users/thun/Desktop/cauliflower_training/cali/Healthy/healthy_1502.png,Healthy
/Users/thun/Desktop/cauliflower_training/cali/Healthy/healthy_0963.jpeg,Healthy
/Users/thun/Desktop/cauliflower_training/cali/Healthy/healthy_0132.png,Healthy
/Users/thun/Desktop/cauliflower_training/cali/Downy Mildew/downy_mildew_0354.png,Downy Mildew
/Users/thun/Desktop/cauliflower_training/cali/Healthy/healthy_0360.png,Healthy
/Users/thun/Desktop/cauliflower_training/cali/Alternaria Leaf Spot/alternaria_leaf_spot_0700.jpg,Alternaria Leaf Spot
/Users/thun/Desktop/cauliflower_training/cali/Downy Mildew/downy_mildew_0763.jpg,Downy Mildew
/Users/thun/Desktop/cauliflower_training/cali/Healthy/healthy_2020.jpg,Healthy
/Users/thun/Desktop/cauliflower_training/cali/Bacterial Soft Rot/bacterial_soft_rot_0926.jpg,Bacterial Soft Rot
/Users/thun/Desktop/cauliflower_training/cali/Healthy/healthy_2606.jpg,Healthy
/Users/thun/Desktop/cauliflower_training/cali/Alternaria Leaf Spot/alternaria_leaf_spot_1365.jpg,Alternaria Leaf Spot
/Users/thun/Desktop/cauliflower_training/cali/Healthy/healthy_2279.jpg,Healthy
/Users/thun/Desktop/cauliflower_training/cali/Healthy/healthy_1753.jpg,Healthy
/Users/thun/Desktop/cauliflower_training/cali/Alternaria Leaf Spot/alternaria_leaf_spot_0096.jpeg,Alternaria Leaf Spot
/Users/thun/Desktop/cauliflower_training/cali/Bacterial Soft Rot/bacterial_soft_rot_0682.jpg,Bacterial Soft Rot
/Users/thun/Desktop/cauliflower_training/cali/Alternaria Leaf Spot/alternaria_leaf_spot_1008.jpg,Alternaria Leaf Spot
/Users/thun/Desktop/cauliflower_training/cali/Healthy/healthy_0322.png,Healthy
/Users/thun/Desktop/cauliflower_training/cali/Downy Mildew/downy_mildew_0201.png,Downy Mildew
/Users/thun/Desktop/cauliflower_training/cali/Downy Mildew/downy_mildew_0534.png,Downy Mildew
/Users/thun/Desktop/cauliflower_training/cali/Downy Mildew/downy_mildew_0152.png,Downy Mildew
/Users/thun/Desktop/cauliflower_training/cali/Alternaria Leaf Spot/alternaria_leaf_spot_0552.jpg,Alternaria Leaf Spot
/Users/thun/Desktop/cauliflower_training/cali/Healthy/healthy_0642.png,Healthy
/Users/thun/Desktop/cauliflower_training/cali/Healthy/healthy_1328.jpg,Healthy
/Users/thun/Desktop/cauliflower_training/cali/Alternaria Leaf Spot/alternaria_leaf_spot_1310.jpg,Alternaria Leaf Spot
/Users/thun/Desktop/cauliflower_training/cali/Healthy/healthy_0025.png,Healthy
/Users/thun/Desktop/cauliflower_training/cali/Alternaria Leaf Spot/alternaria_leaf_spot_1269.jpg,Alternaria Leaf Spot
/Users/thun/Desktop/cauliflower_training/cali/Healthy/healthy_1679.jpg,Healthy
/Users/thun/Desktop/cauliflower_training/cali/Healthy/healthy_1403.png,Healthy
/Users/thun/Desktop/cauliflower_training/cali/Alternaria Leaf Spot/alternaria_leaf_spot_0401.jpg,Alternaria Leaf Spot
/Users/thun/Desktop/cauliflower_training/cali/Bacterial Soft Rot/bacterial_soft_rot_0080.jpeg,Bacterial Soft Rot
/Users/thun/Desktop/cauliflower_training/cali/Healthy/healthy_1129.jpeg,Healthy
/Users/thun/Desktop/cauliflower_training/cali/Black Rot/black_rot_328.png,Black Rot
/Users/thun/Desktop/cauliflower_training/cali/Bacterial Soft Rot/bacterial_soft_rot_0355.jpg,Bacterial Soft Rot
/Users/thun/Desktop/cauliflower_training/cali/Downy Mildew/downy_mildew_0244.png,Downy Mildew
/Users/thun/Desktop/cauliflower_training/cali/Bacterial Soft Rot/bacterial_soft_rot_1298.jpg,Bacterial Soft Rot
/Users/thun/Desktop/cauliflower_training/cali/Healthy/healthy_3080.jpg,Healthy
/Users/thun/Desktop/cauliflower_training/cali/Healthy/healthy_1688.jpg,Healthy
/Users/thun/Desktop/cauliflower_training/cali/Alternaria Leaf Spot/alternaria_leaf_spot_1375.jpg,Alternaria Leaf Spot
/Users/thun/Desktop/cauliflower_training/cali/Alternaria Leaf Spot/alternaria_leaf_spot_1114.jpg,Alternaria Leaf Spot
/Users/thun/Desktop/cauliflower_training/cali/Alternaria Leaf Spot/alternaria_leaf_spot_0250.jpg,Alternaria Leaf Spot
/Users/thun/Desktop/cauliflower_training/cali/Alternaria Leaf Spot/alternaria_leaf_spot_0614.jpg,Alternaria Leaf Spot
/Users/thun/Desktop/cauliflower_training/cali/Healthy/healthy_2394.jpg,Healthy
/Users/thun/Desktop/cauliflower_training/cali/Black Rot/black_rot_104.png,Black Rot
/Users/thun/Desktop/cauliflower_training/cali/Alternaria Leaf Spot/alternaria_leaf_spot_0842.jpg,Alternaria Leaf Spot
/Users/thun/Desktop/cauliflower_training/cali/Downy Mildew/downy_mildew_0995.jpg,Downy Mildew
/Users/thun/Desktop/cauliflower_training/cali/Downy Mildew/downy_mildew_0028.png,Downy Mildew
/Users/thun/Desktop/cauliflower_training/cali/Alternaria Leaf Spot/alternaria_leaf_spot_0362.jpg,Alternaria Leaf Spot
/Users/thun/Desktop/cauliflower_training/cali/Healthy/healthy_1999.jpg,Healthy
/Users/thun/Desktop/cauliflower_training/cali/Bacterial Soft Rot/bacterial_soft_rot_1376.jpg,Bacterial Soft Rot
/Users/thun/Desktop/cauliflower_training/cali/Healthy/healthy_1468.jpg,Healthy
/Users/thun/Desktop/cauliflower_training/cali/Healthy/healthy_0102.png,Healthy
/Users/thun/Desktop/cauliflower_training/cali/Downy Mildew/downy_mildew_0559.png,Downy Mildew
/Users/thun/Desktop/cauliflower_training/cali/Alternaria Leaf Spot/alternaria_leaf_spot_1288.jpg,Alternaria Leaf Spot
/Users/thun/Desktop/cauliflower_training/cali/Alternaria Leaf Spot/alternaria_leaf_spot_1074.jpg,Alternaria Leaf Spot
/Users/thun/Desktop/cauliflower_training/cali/Downy Mildew/downy_mildew_0702.jpg,Downy Mildew
/Users/thun/Desktop/cauliflower_training/cali/Alternaria Leaf Spot/alternaria_leaf_spot_0880.jpg,Alternaria Leaf Spot
/Users/thun/Desktop/cauliflower_training/cali/Healthy/healthy_2757.jpg,Healthy
/Users/thun/Desktop/cauliflower_training/cali/Healthy/healthy_1513.jpg,Healthy
/Users/thun/Desktop/cauliflower_training/cali/Black Rot/black_rot_378.png,Black Rot
/Users/thun/Desktop/cauliflower_training/cali/Alternaria Leaf Spot/alternaria_leaf_spot_0656.jpg,Alternaria Leaf Spot
/Users/thun/Desktop/cauliflower_training/cali/Downy Mildew/downy_mildew_0131.png,Downy Mildew
/Users/thun/Desktop/cauliflower_training/cali/Healthy/healthy_2016.jpg,Healthy
/Users/thun/Desktop/cauliflower_training/cali/Bacterial Soft Rot/bacterial_soft_rot_1272.jpg,Bacterial Soft Rot
/Users/thun/Desktop/cauliflower_training/cali/Downy Mildew/downy_mildew_1246.jpeg,Downy Mildew
/Users/thun/Desktop/cauliflower_training/cali/Alternaria Leaf Spot/alternaria_leaf_spot_0418.jpg,Alternaria Leaf Spot
/Users/thun/Desktop/cauliflower_training/cali/Bacterial Soft Rot/bacterial_soft_rot_0569.jpg,Bacterial Soft Rot
/Users/thun/Desktop/cauliflower_training/cali/Bacterial Soft Rot/bacterial_soft_rot_0591.jpg,Bacterial Soft Rot
/Users/thun/Desktop/cauliflower_training/cali/Healthy/healthy_2281.jpg,Healthy
/Users/thun/Desktop/cauliflower_training/cali/Downy Mildew/downy_mildew_0457.png,Downy Mildew
/Users/thun/Desktop/cauliflower_training/cali/Healthy/healthy_0958.jpeg,Healthy
/Users/thun/Desktop/cauliflower_training/cali/Healthy/healthy_1336.jpg,Healthy
/Users/thun/Desktop/cauliflower_training/cali/Healthy/healthy_1551.jpeg,Healthy
/Users/thun/Desktop/cauliflower_training/cali/Downy Mildew/downy_mildew_0610.png,Downy Mildew
/Users/thun/Desktop/cauliflower_training/cali/Alternaria Leaf Spot/alternaria_leaf_spot_1036.jpg,Alternaria Leaf Spot
/Users/thun/Desktop/cauliflower_training/cali/Alternaria Leaf Spot/alternaria_leaf_spot_0028.jpg,Alternaria Leaf Spot
/Users/thun/Desktop/cauliflower_training/cali/Alternaria Leaf Spot/alternaria_leaf_spot_0945.jpg,Alternaria Leaf Spot
/Users/thun/Desktop/cauliflower_training/cali/Black Rot/black_rot_219.png,Black Rot
/Users/thun/Desktop/cauliflower_training/cali/Black Rot/black_rot_445.png,Black Rot
/Users/thun/Desktop/cauliflower_training/cali/Healthy/healthy_0192.png,Healthy
/Users/thun/Desktop/cauliflower_training/cali/Bacterial Soft Rot/bacterial_soft_rot_1279.jpg,Bacterial Soft Rot
/Users/thun/Desktop/cauliflower_training/cali/Downy Mildew/downy_mildew_0440.png,Downy Mildew
/Users/thun/Desktop/cauliflower_training/cali/Healthy/healthy_0901.jpg,Healthy
/Users/thun/Desktop/cauliflower_training/cali/Bacterial Soft Rot/bacterial_soft_rot_0315.jpg,Bacterial Soft Rot
/Users/thun/Desktop/cauliflower_training/cali/Downy Mildew/downy_mildew_0508.png,Downy Mildew
/Users/thun/Desktop/cauliflower_training/cali/Alternaria Leaf Spot/alternaria_leaf_spot_0606.jpg,Alternaria Leaf Spot
/Users/thun/Desktop/cauliflower_training/cali/Alternaria Leaf Spot/alternaria_leaf_spot_0964.jpg,Alternaria Leaf Spot
/Users/thun/Desktop/cauliflower_training/cali/Black Rot/black_rot_121.png,Black Rot
/Users/thun/Desktop/cauliflower_training/cali/Healthy/healthy_2672.jpg,Healthy
/Users/thun/Desktop/cauliflower_training/cali/Downy Mildew/downy_mildew_0683.png,Downy Mildew
/Users/thun/Desktop/cauliflower_training/cali/Bacterial Soft Rot/bacterial_soft_rot_1100.jpg,Bacterial Soft Rot
/Users/thun/Desktop/cauliflower_training/cali/Bacterial Soft Rot/bacterial_soft_rot_0106.jpeg,Bacterial Soft Rot
/Users/thun/Desktop/cauliflower_training/cali/Downy Mildew/downy_mildew_0155.png,Downy Mildew
/Users/thun/Desktop/cauliflower_training/cali/Alternaria Leaf Spot/alternaria_leaf_spot_0372.jpg,Alternaria Leaf Spot
/Users/thun/Desktop/cauliflower_training/cali/Healthy/healthy_1183.png,Healthy
/Users/thun/Desktop/cauliflower_training/cali/Healthy/healthy_3138.jpg,Healthy
/Users/thun/Desktop/cauliflower_training/cali/Downy Mildew/downy_mildew_0377.png,Downy Mildew
/Users/thun/Desktop/cauliflower_training/cali/Healthy/healthy_1111.jpg,Healthy
/Users/thun/Desktop/cauliflower_training/cali/Black Rot/black_rot_091.png,Black Rot
/Users/thun/Desktop/cauliflower_training/cali/Healthy/healthy_1470.jpeg,Healthy
/Users/thun/Desktop/cauliflower_training/cali/Healthy/healthy_0362.png,Healthy
/Users/thun/Desktop/cauliflower_training/cali/Alternaria Leaf Spot/alternaria_leaf_spot_1397.jpg,Alternaria Leaf Spot
/Users/thun/Desktop/cauliflower_training/cali/Alternaria Leaf Spot/alternaria_leaf_spot_0492.jpg,Alternaria Leaf Spot
/Users/thun/Desktop/cauliflower_training/cali/Downy Mildew/downy_mildew_0282.png,Downy Mildew
/Users/thun/Desktop/cauliflower_training/cali/Alternaria Leaf Spot/alternaria_leaf_spot_1110.jpg,Alternaria Leaf Spot
/Users/thun/Desktop/cauliflower_training/cali/Black Rot/black_rot_521.png,Black Rot
/Users/thun/Desktop/cauliflower_training/cali/Alternaria Leaf Spot/alternaria_leaf_spot_0062.jpeg,Alternaria Leaf Spot
/Users/thun/Desktop/cauliflower_training/cali/Alternaria Leaf Spot/alternaria_leaf_spot_0331.jpg,Alternaria Leaf Spot
/Users/thun/Desktop/cauliflower_training/cali/Downy Mildew/downy_mildew_0932.jpeg,Downy Mildew
/Users/thun/Desktop/cauliflower_training/cali/Healthy/healthy_1387.jpg,Healthy
/Users/thun/Desktop/cauliflower_training/cali/Downy Mildew/downy_mildew_0071.png,Downy Mildew
/Users/thun/Desktop/cauliflower_training/cali/Healthy/healthy_2601.jpg,Healthy
/Users/thun/Desktop/cauliflower_training/cali/Black Rot/black_rot_578.png,Black Rot
/Users/thun/Desktop/cauliflower_training/cali/Alternaria Leaf Spot/alternaria_leaf_spot_0702.jpg,Alternaria Leaf Spot
/Users/thun/Desktop/cauliflower_training/cali/Healthy/healthy_2826.jpg,Healthy
/Users/thun/Desktop/cauliflower_training/cali/Alternaria Leaf Spot/alternaria_leaf_spot_0335.jpg,Alternaria Leaf Spot
/Users/thun/Desktop/cauliflower_training/cali/Healthy/healthy_0680.png,Healthy
/Users/thun/Desktop/cauliflower_training/cali/Alternaria Leaf Spot/alternaria_leaf_spot_0641.jpg,Alternaria Leaf Spot
/Users/thun/Desktop/cauliflower_training/cali/Alternaria Leaf Spot/alternaria_leaf_spot_1221.jpg,Alternaria Leaf Spot
/Users/thun/Desktop/cauliflower_training/cali/Healthy/healthy_1166.jpg,Healthy
/Users/thun/Desktop/cauliflower_training/cali/Black Rot/black_rot_677.png,Black Rot
/Users/thun/Desktop/cauliflower_training/cali/Bacterial Soft Rot/bacterial_soft_rot_1256.jpg,Bacterial Soft Rot
/Users/thun/Desktop/cauliflower_training/cali/Healthy/healthy_0404.png,Healthy
/Users/thun/Desktop/cauliflower_training/cali/Bacterial Soft Rot/bacterial_soft_rot_0854.jpg,Bacterial Soft Rot
/Users/thun/Desktop/cauliflower_training/cali/Alternaria Leaf Spot/alternaria_leaf_spot_0373.jpg,Alternaria Leaf Spot
/Users/thun/Desktop/cauliflower_training/cali/Downy Mildew/downy_mildew_0605.png,Downy Mildew
/Users/thun/Desktop/cauliflower_training/cali/Alternaria Leaf Spot/alternaria_leaf_spot_0611.jpg,Alternaria Leaf Spot
/Users/thun/Desktop/cauliflower_training/cali/Bacterial Soft Rot/bacterial_soft_rot_0539.jpg,Bacterial Soft Rot
/Users/thun/Desktop/cauliflower_training/cali/Downy Mildew/downy_mildew_0235.png,Downy Mildew
/Users/thun/Desktop/cauliflower_training/cali/Bacterial Soft Rot/bacterial_soft_rot_0806.jpg,Bacterial Soft Rot
/Users/thun/Desktop/cauliflower_training/cali/Healthy/healthy_2678.jpg,Healthy
/Users/thun/Desktop/cauliflower_training/cali/Healthy/healthy_0396.png,Healthy
/Users/thun/Desktop/cauliflower_training/cali/Healthy/healthy_0287.png,Healthy
/Users/thun/Desktop/cauliflower_training/cali/Bacterial Soft Rot/bacterial_soft_rot_0153.jpeg,Bacterial Soft Rot
/Users/thun/Desktop/cauliflower_training/cali/Alternaria Leaf Spot/alternaria_leaf_spot_1393.jpg,Alternaria Leaf Spot
/Users/thun/Desktop/cauliflower_training/cali/Bacterial Soft Rot/bacterial_soft_rot_0924.jpg,Bacterial Soft Rot
/Users/thun/Desktop/cauliflower_training/cali/Alternaria Leaf Spot/alternaria_leaf_spot_1170.jpg,Alternaria Leaf Spot
/Users/thun/Desktop/cauliflower_training/cali/Healthy/healthy_2050.jpg,Healthy
/Users/thun/Desktop/cauliflower_training/cali/Healthy/healthy_0638.png,Healthy
/Users/thun/Desktop/cauliflower_training/cali/Downy Mildew/downy_mildew_0867.jpg,Downy Mildew
/Users/thun/Desktop/cauliflower_training/cali/Downy Mildew/downy_mildew_0622.png,Downy Mildew
/Users/thun/Desktop/cauliflower_training/cali/Alternaria Leaf Spot/alternaria_leaf_spot_0489.jpg,Alternaria Leaf Spot
/Users/thun/Desktop/cauliflower_training/cali/Downy Mildew/downy_mildew_0364.png,Downy Mildew
/Users/thun/Desktop/cauliflower_training/cali/Bacterial Soft Rot/bacterial_soft_rot_0625.jpg,Bacterial Soft Rot
/Users/thun/Desktop/cauliflower_training/cali/Healthy/healthy_2465.jpg,Healthy
/Users/thun/Desktop/cauliflower_training/cali/Healthy/healthy_0669.png,Healthy
/Users/thun/Desktop/cauliflower_training/cali/Healthy/healthy_2474.jpg,Healthy
/Users/thun/Desktop/cauliflower_training/cali/Alternaria Leaf Spot/alternaria_leaf_spot_0515.jpg,Alternaria Leaf Spot
/Users/thun/Desktop/cauliflower_training/cali/Healthy/healthy_0691.png,Healthy
/Users/thun/Desktop/cauliflower_training/cali/Healthy/healthy_1112.jpg,Healthy
/Users/thun/Desktop/cauliflower_training/cali/Bacterial Soft Rot/bacterial_soft_rot_1219.jpg,Bacterial Soft Rot
/Users/thun/Desktop/cauliflower_training/cali/Healthy/healthy_3029.jpeg,Healthy
/Users/thun/Desktop/cauliflower_training/cali/Downy Mildew/downy_mildew_1118.jpg,Downy Mildew
/Users/thun/Desktop/cauliflower_training/cali/Healthy/healthy_2077.jpg,Healthy
/Users/thun/Desktop/cauliflower_training/cali/Alternaria Leaf Spot/alternaria_leaf_spot_0348.jpg,Alternaria Leaf Spot
/Users/thun/Desktop/cauliflower_training/cali/Downy Mildew/downy_mildew_0651.png,Downy Mildew
/Users/thun/Desktop/cauliflower_training/cali/Bacterial Soft Rot/bacterial_soft_rot_0528.jpg,Bacterial Soft Rot
/Users/thun/Desktop/cauliflower_training/cali/Bacterial Soft Rot/bacterial_soft_rot_0131.jpeg,Bacterial Soft Rot
/Users/thun/Desktop/cauliflower_training/cali/Healthy/healthy_2514.jpg,Healthy
/Users/thun/Desktop/cauliflower_training/cali/Black Rot/black_rot_035.png,Black Rot
/Users/thun/Desktop/cauliflower_training/cali/Bacterial Soft Rot/bacterial_soft_rot_0699.jpg,Bacterial Soft Rot
/Users/thun/Desktop/cauliflower_training/cali/Healthy/healthy_0169.png,Healthy
/Users/thun/Desktop/cauliflower_training/cali/Downy Mildew/downy_mildew_1274.jpeg,Downy Mildew
/Users/thun/Desktop/cauliflower_training/cali/Healthy/healthy_1079.png,Healthy
/Users/thun/Desktop/cauliflower_training/cali/Healthy/healthy_1560.jpeg,Healthy
/Users/thun/Desktop/cauliflower_training/cali/Black Rot/black_rot_394.png,Black Rot
/Users/thun/Desktop/cauliflower_training/cali/Black Rot/black_rot_077.png,Black Rot
/Users/thun/Desktop/cauliflower_training/cali/Healthy/healthy_0667.png,Healthy
/Users/thun/Desktop/cauliflower_training/cali/Black Rot/black_rot_636.png,Black Rot
/Users/thun/Desktop/cauliflower_training/cali/Alternaria Leaf Spot/alternaria_leaf_spot_0677.jpg,Alternaria Leaf Spot
/Users/thun/Desktop/cauliflower_training/cali/Downy Mildew/downy_mildew_0417.png,Downy Mildew
/Users/thun/Desktop/cauliflower_training/cali/Black Rot/black_rot_684.png,Black Rot
/Users/thun/Desktop/cauliflower_training/cali/Bacterial Soft Rot/bacterial_soft_rot_0008.jpg,Bacterial Soft Rot
/Users/thun/Desktop/cauliflower_training/cali/Bacterial Soft Rot/bacterial_soft_rot_0908.jpg,Bacterial Soft Rot
/Users/thun/Desktop/cauliflower_training/cali/Healthy/healthy_0976.jpeg,Healthy
/Users/thun/Desktop/cauliflower_training/cali/Healthy/healthy_2832.jpg,Healthy
/Users/thun/Desktop/cauliflower_training/cali/Healthy/healthy_2143.jpg,Healthy
/Users/thun/Desktop/cauliflower_training/cali/Healthy/healthy_0735.jpeg,Healthy
/Users/thun/Desktop/cauliflower_training/cali/Healthy/healthy_0352.png,Healthy
/Users/thun/Desktop/cauliflower_training/cali/Healthy/healthy_2451.jpg,Healthy
/Users/thun/Desktop/cauliflower_training/cali/Bacterial Soft Rot/bacterial_soft_rot_0282.jpg,Bacterial Soft Rot
/Users/thun/Desktop/cauliflower_training/cali/Healthy/healthy_2496.jpg,Healthy
/Users/thun/Desktop/cauliflower_training/cali/Healthy/healthy_0899.jpg,Healthy
/Users/thun/Desktop/cauliflower_training/cali/Healthy/healthy_0136.png,Healthy
/Users/thun/Desktop/cauliflower_training/cali/Bacterial Soft Rot/bacterial_soft_rot_0762.jpg,Bacterial Soft Rot
/Users/thun/Desktop/cauliflower_training/cali/Alternaria Leaf Spot/alternaria_leaf_spot_0594.jpg,Alternaria Leaf Spot
/Users/thun/Desktop/cauliflower_training/cali/Healthy/healthy_0634.png,Healthy
/Users/thun/Desktop/cauliflower_training/cali/Healthy/healthy_2347.jpg,Healthy
/Users/thun/Desktop/cauliflower_training/cali/Healthy/healthy_0503.png,Healthy
/Users/thun/Desktop/cauliflower_training/cali/Alternaria Leaf Spot/alternaria_leaf_spot_0683.jpg,Alternaria Leaf Spot
/Users/thun/Desktop/cauliflower_training/cali/Healthy/healthy_1197.jpeg,Healthy
/Users/thun/Desktop/cauliflower_training/cali/Bacterial Soft Rot/bacterial_soft_rot_0638.jpg,Bacterial Soft Rot
/Users/thun/Desktop/cauliflower_training/cali/Healthy/healthy_1834.jpg,Healthy
/Users/thun/Desktop/cauliflower_training/cali/Healthy/healthy_2124.jpg,Healthy
/Users/thun/Desktop/cauliflower_training/cali/Healthy/healthy_1374.jpg,Healthy
/Users/thun/Desktop/cauliflower_training/cali/Healthy/healthy_1659.jpg,Healthy
/Users/thun/Desktop/cauliflower_training/cali/Alternaria Leaf Spot/alternaria_leaf_spot_1305.jpg,Alternaria Leaf Spot
/Users/thun/Desktop/cauliflower_training/cali/Alternaria Leaf Spot/alternaria_leaf_spot_1175.jpg,Alternaria Leaf Spot
/Users/thun/Desktop/cauliflower_training/cali/Alternaria Leaf Spot/alternaria_leaf_spot_0607.jpg,Alternaria Leaf Spot
/Users/thun/Desktop/cauliflower_training/cali/Healthy/healthy_2829.jpg,Healthy
/Users/thun/Desktop/cauliflower_training/cali/Healthy/healthy_1366.jpg,Healthy
/Users/thun/Desktop/cauliflower_training/cali/Bacterial Soft Rot/bacterial_soft_rot_1169.jpg,Bacterial Soft Rot
/Users/thun/Desktop/cauliflower_training/cali/Healthy/healthy_0229.png,Healthy
/Users/thun/Desktop/cauliflower_training/cali/Bacterial Soft Rot/bacterial_soft_rot_0399.jpg,Bacterial Soft Rot
/Users/thun/Desktop/cauliflower_training/cali/Healthy/healthy_1067.png,Healthy
/Users/thun/Desktop/cauliflower_training/cali/Bacterial Soft Rot/bacterial_soft_rot_1155.jpg,Bacterial Soft Rot
/Users/thun/Desktop/cauliflower_training/cali/Bacterial Soft Rot/bacterial_soft_rot_1191.jpg,Bacterial Soft Rot
/Users/thun/Desktop/cauliflower_training/cali/Healthy/healthy_0265.png,Healthy
/Users/thun/Desktop/cauliflower_training/cali/Healthy/healthy_2769.jpg,Healthy
/Users/thun/Desktop/cauliflower_training/cali/Healthy/healthy_1599.jpeg,Healthy
/Users/thun/Desktop/cauliflower_training/cali/Black Rot/black_rot_480.png,Black Rot
/Users/thun/Desktop/cauliflower_training/cali/Downy Mildew/downy_mildew_0223.png,Downy Mildew
/Users/thun/Desktop/cauliflower_training/cali/Healthy/healthy_0223.png,Healthy
/Users/thun/Desktop/cauliflower_training/cali/Healthy/healthy_2610.jpg,Healthy
/Users/thun/Desktop/cauliflower_training/cali/Healthy/healthy_0670.png,Healthy
/Users/thun/Desktop/cauliflower_training/cali/Alternaria Leaf Spot/alternaria_leaf_spot_1252.jpg,Alternaria Leaf Spot
/Users/thun/Desktop/cauliflower_training/cali/Downy Mildew/downy_mildew_0318.png,Downy Mildew
/Users/thun/Desktop/cauliflower_training/cali/Bacterial Soft Rot/bacterial_soft_rot_1195.jpg,Bacterial Soft Rot
/Users/thun/Desktop/cauliflower_training/cali/Healthy/healthy_1021.jpeg,Healthy
/Users/thun/Desktop/cauliflower_training/cali/Healthy/healthy_2981.jpeg,Healthy
/Users/thun/Desktop/cauliflower_training/cali/Alternaria Leaf Spot/alternaria_leaf_spot_0615.jpg,Alternaria Leaf Spot
/Users/thun/Desktop/cauliflower_training/cali/Bacterial Soft Rot/bacterial_soft_rot_0466.jpg,Bacterial Soft Rot
/Users/thun/Desktop/cauliflower_training/cali/Alternaria Leaf Spot/alternaria_leaf_spot_1398.jpg,Alternaria Leaf Spot
/Users/thun/Desktop/cauliflower_training/cali/Healthy/healthy_1454.png,Healthy
/Users/thun/Desktop/cauliflower_training/cali/Healthy/healthy_0637.png,Healthy
/Users/thun/Desktop/cauliflower_training/cali/Black Rot/black_rot_699.png,Black Rot
/Users/thun/Desktop/cauliflower_training/cali/Bacterial Soft Rot/bacterial_soft_rot_0407.jpg,Bacterial Soft Rot
/Users/thun/Desktop/cauliflower_training/cali/Healthy/healthy_0911.jpg,Healthy
/Users/thun/Desktop/cauliflower_training/cali/Alternaria Leaf Spot/alternaria_leaf_spot_1404.jpg,Alternaria Leaf Spot
/Users/thun/Desktop/cauliflower_training/cali/Healthy/healthy_1060.png,Healthy
/Users/thun/Desktop/cauliflower_training/cali/Alternaria Leaf Spot/alternaria_leaf_spot_0439.jpg,Alternaria Leaf Spot
/Users/thun/Desktop/cauliflower_training/cali/Healthy/healthy_1167.jpg,Healthy
/Users/thun/Desktop/cauliflower_training/cali/Healthy/healthy_1730.jpg,Healthy
/Users/thun/Desktop/cauliflower_training/cali/Healthy/healthy_1182.jpg,Healthy
/Users/thun/Desktop/cauliflower_training/cali/Bacterial Soft Rot/bacterial_soft_rot_0933.jpg,Bacterial Soft Rot
/Users/thun/Desktop/cauliflower_training/cali/Black Rot/black_rot_551.png,Black Rot
/Users/thun/Desktop/cauliflower_training/cali/Black Rot/black_rot_437.png,Black Rot
/Users/thun/Desktop/cauliflower_training/cali/Healthy/healthy_0007.png,Healthy
/Users/thun/Desktop/cauliflower_training/cali/Downy Mildew/downy_mildew_0069.png,Downy Mildew
/Users/thun/Desktop/cauliflower_training/cali/Black Rot/black_rot_489.png,Black Rot
/Users/thun/Desktop/cauliflower_training/cali/Healthy/healthy_3063.jpg,Healthy
/Users/thun/Desktop/cauliflower_training/cali/Healthy/healthy_2602.jpg,Healthy
/Users/thun/Desktop/cauliflower_training/cali/Alternaria Leaf Spot/alternaria_leaf_spot_1432.jpg,Alternaria Leaf Spot
/Users/thun/Desktop/cauliflower_training/cali/Alternaria Leaf Spot/alternaria_leaf_spot_0807.jpg,Alternaria Leaf Spot
/Users/thun/Desktop/cauliflower_training/cali/Alternaria Leaf Spot/alternaria_leaf_spot_0483.jpg,Alternaria Leaf Spot
/Users/thun/Desktop/cauliflower_training/cali/Healthy/healthy_1951.jpg,Healthy
/Users/thun/Desktop/cauliflower_training/cali/Downy Mildew/downy_mildew_1264.jpeg,Downy Mildew
/Users/thun/Desktop/cauliflower_training/cali/Healthy/healthy_2794.jpg,Healthy
/Users/thun/Desktop/cauliflower_training/cali/Healthy/healthy_2614.jpg,Healthy
/Users/thun/Desktop/cauliflower_training/cali/Alternaria Leaf Spot/alternaria_leaf_spot_0574.jpg,Alternaria Leaf Spot
/Users/thun/Desktop/cauliflower_training/cali/Bacterial Soft Rot/bacterial_soft_rot_0920.jpg,Bacterial Soft Rot
/Users/thun/Desktop/cauliflower_training/cali/Alternaria Leaf Spot/alternaria_leaf_spot_1368.jpg,Alternaria Leaf Spot
/Users/thun/Desktop/cauliflower_training/cali/Downy Mildew/downy_mildew_0809.jpg,Downy Mildew
/Users/thun/Desktop/cauliflower_training/cali/Downy Mildew/downy_mildew_0079.png,Downy Mildew
/Users/thun/Desktop/cauliflower_training/cali/Alternaria Leaf Spot/alternaria_leaf_spot_1277.jpg,Alternaria Leaf Spot
/Users/thun/Desktop/cauliflower_training/cali/Black Rot/black_rot_041.png,Black Rot
/Users/thun/Desktop/cauliflower_training/cali/Alternaria Leaf Spot/alternaria_leaf_spot_0886.jpg,Alternaria Leaf Spot
/Users/thun/Desktop/cauliflower_training/cali/Healthy/healthy_1754.jpg,Healthy
/Users/thun/Desktop/cauliflower_training/cali/Downy Mildew/downy_mildew_0263.png,Downy Mildew
/Users/thun/Desktop/cauliflower_training/cali/Alternaria Leaf Spot/alternaria_leaf_spot_0548.jpg,Alternaria Leaf Spot
/Users/thun/Desktop/cauliflower_training/cali/Alternaria Leaf Spot/alternaria_leaf_spot_0612.jpg,Alternaria Leaf Spot
/Users/thun/Desktop/cauliflower_training/cali/Healthy/healthy_0927.jpeg,Healthy
/Users/thun/Desktop/cauliflower_training/cali/Healthy/healthy_0064.png,Healthy
/Users/thun/Desktop/cauliflower_training/cali/Black Rot/black_rot_575.png,Black Rot
/Users/thun/Desktop/cauliflower_training/cali/Healthy/healthy_0044.png,Healthy
/Users/thun/Desktop/cauliflower_training/cali/Healthy/healthy_1558.jpg,Healthy
/Users/thun/Desktop/cauliflower_training/cali/Healthy/healthy_2596.jpg,Healthy
/Users/thun/Desktop/cauliflower_training/cali/Bacterial Soft Rot/bacterial_soft_rot_0108.jpeg,Bacterial Soft Rot
/Users/thun/Desktop/cauliflower_training/cali/Healthy/healthy_2019.jpg,Healthy
/Users/thun/Desktop/cauliflower_training/cali/Alternaria Leaf Spot/alternaria_leaf_spot_1338.jpg,Alternaria Leaf Spot
/Users/thun/Desktop/cauliflower_training/cali/Downy Mildew/downy_mildew_0896.jpeg,Downy Mildew
/Users/thun/Desktop/cauliflower_training/cali/Bacterial Soft Rot/bacterial_soft_rot_1340.jpg,Bacterial Soft Rot
/Users/thun/Desktop/cauliflower_training/cali/Bacterial Soft Rot/bacterial_soft_rot_0608.jpg,Bacterial Soft Rot
/Users/thun/Desktop/cauliflower_training/cali/Healthy/healthy_1005.jpeg,Healthy
/Users/thun/Desktop/cauliflower_training/cali/Alternaria Leaf Spot/alternaria_leaf_spot_0100.jpg,Alternaria Leaf Spot
/Users/thun/Desktop/cauliflower_training/cali/Healthy/healthy_2308.jpg,Healthy
/Users/thun/Desktop/cauliflower_training/cali/Bacterial Soft Rot/bacterial_soft_rot_1042.jpg,Bacterial Soft Rot
/Users/thun/Desktop/cauliflower_training/cali/Black Rot/black_rot_509.png,Black Rot
/Users/thun/Desktop/cauliflower_training/cali/Downy Mildew/downy_mildew_0150.png,Downy Mildew
/Users/thun/Desktop/cauliflower_training/cali/Downy Mildew/downy_mildew_1229.jpg,Downy Mildew
/Users/thun/Desktop/cauliflower_training/cali/Healthy/healthy_0142.png,Healthy
/Users/thun/Desktop/cauliflower_training/cali/Healthy/healthy_1400.png,Healthy
/Users/thun/Desktop/cauliflower_training/cali/Downy Mildew/downy_mildew_0194.png,Downy Mildew
/Users/thun/Desktop/cauliflower_training/cali/Bacterial Soft Rot/bacterial_soft_rot_1163.jpg,Bacterial Soft Rot
/Users/thun/Desktop/cauliflower_training/cali/Healthy/healthy_0266.png,Healthy
/Users/thun/Desktop/cauliflower_training/cali/Black Rot/black_rot_212.png,Black Rot
/Users/thun/Desktop/cauliflower_training/cali/Healthy/healthy_1503.jpeg,Healthy
/Users/thun/Desktop/cauliflower_training/cali/Healthy/healthy_2334.jpg,Healthy
/Users/thun/Desktop/cauliflower_training/cali/Alternaria Leaf Spot/alternaria_leaf_spot_1437.jpg,Alternaria Leaf Spot
/Users/thun/Desktop/cauliflower_training/cali/Bacterial Soft Rot/bacterial_soft_rot_0295.jpg,Bacterial Soft Rot
/Users/thun/Desktop/cauliflower_training/cali/Downy Mildew/downy_mildew_1074.jpeg,Downy Mildew
/Users/thun/Desktop/cauliflower_training/cali/Alternaria Leaf Spot/alternaria_leaf_spot_0820.jpg,Alternaria Leaf Spot
/Users/thun/Desktop/cauliflower_training/cali/Bacterial Soft Rot/bacterial_soft_rot_0919.jpg,Bacterial Soft Rot
/Users/thun/Desktop/cauliflower_training/cali/Black Rot/black_rot_024.png,Black Rot
/Users/thun/Desktop/cauliflower_training/cali/Downy Mildew/downy_mildew_0228.png,Downy Mildew
/Users/thun/Desktop/cauliflower_training/cali/Black Rot/black_rot_439.png,Black Rot
/Users/thun/Desktop/cauliflower_training/cali/Healthy/healthy_1969.jpg,Healthy
/Users/thun/Desktop/cauliflower_training/cali/Healthy/healthy_1100.jpg,Healthy
/Users/thun/Desktop/cauliflower_training/cali/Healthy/healthy_1697.jpg,Healthy
/Users/thun/Desktop/cauliflower_training/cali/Healthy/healthy_1407.jpeg,Healthy
/Users/thun/Desktop/cauliflower_training/cali/Downy Mildew/downy_mildew_0987.jpg,Downy Mildew
/Users/thun/Desktop/cauliflower_training/cali/Downy Mildew/downy_mildew_0199.png,Downy Mildew
/Users/thun/Desktop/cauliflower_training/cali/Bacterial Soft Rot/bacterial_soft_rot_0555.jpg,Bacterial Soft Rot
/Users/thun/Desktop/cauliflower_training/cali/Healthy/healthy_1001.jpeg,Healthy
/Users/thun/Desktop/cauliflower_training/cali/Healthy/healthy_1268.jpg,Healthy
/Users/thun/Desktop/cauliflower_training/cali/Healthy/healthy_0167.png,Healthy
/Users/thun/Desktop/cauliflower_training/cali/Downy Mildew/downy_mildew_0755.jpg,Downy Mildew
/Users/thun/Desktop/cauliflower_training/cali/Healthy/healthy_2992.jpg,Healthy
/Users/thun/Desktop/cauliflower_training/cali/Alternaria Leaf Spot/alternaria_leaf_spot_0719.jpg,Alternaria Leaf Spot
/Users/thun/Desktop/cauliflower_training/cali/Downy Mildew/downy_mildew_0394.png,Downy Mildew
/Users/thun/Desktop/cauliflower_training/cali/Bacterial Soft Rot/bacterial_soft_rot_0876.jpg,Bacterial Soft Rot
/Users/thun/Desktop/cauliflower_training/cali/Healthy/healthy_1033.png,Healthy
/Users/thun/Desktop/cauliflower_training/cali/Downy Mildew/downy_mildew_0430.png,Downy Mildew
/Users/thun/Desktop/cauliflower_training/cali/Bacterial Soft Rot/bacterial_soft_rot_1212.jpg,Bacterial Soft Rot
/Users/thun/Desktop/cauliflower_training/cali/Downy Mildew/downy_mildew_0685.png,Downy Mildew
/Users/thun/Desktop/cauliflower_training/cali/Bacterial Soft Rot/bacterial_soft_rot_0079.jpeg,Bacterial Soft Rot
/Users/thun/Desktop/cauliflower_training/cali/Healthy/healthy_1449.jpeg,Healthy
/Users/thun/Desktop/cauliflower_training/cali/Downy Mildew/downy_mildew_0045.png,Downy Mildew
/Users/thun/Desktop/cauliflower_training/cali/Healthy/healthy_2930.jpg,Healthy
/Users/thun/Desktop/cauliflower_training/cali/Alternaria Leaf Spot/alternaria_leaf_spot_0672.jpg,Alternaria Leaf Spot
/Users/thun/Desktop/cauliflower_training/cali/Healthy/healthy_0957.jpeg,Healthy
/Users/thun/Desktop/cauliflower_training/cali/Bacterial Soft Rot/bacterial_soft_rot_0843.jpg,Bacterial Soft Rot
/Users/thun/Desktop/cauliflower_training/cali/Alternaria Leaf Spot/alternaria_leaf_spot_1411.jpg,Alternaria Leaf Spot
/Users/thun/Desktop/cauliflower_training/cali/Alternaria Leaf Spot/alternaria_leaf_spot_1413.jpg,Alternaria Leaf Spot
/Users/thun/Desktop/cauliflower_training/cali/Bacterial Soft Rot/bacterial_soft_rot_1201.jpg,Bacterial Soft Rot
/Users/thun/Desktop/cauliflower_training/cali/Bacterial Soft Rot/bacterial_soft_rot_0021.jpg,Bacterial Soft Rot
/Users/thun/Desktop/cauliflower_training/cali/Black Rot/black_rot_347.png,Black Rot
/Users/thun/Desktop/cauliflower_training/cali/Alternaria Leaf Spot/alternaria_leaf_spot_1286.jpg,Alternaria Leaf Spot
/Users/thun/Desktop/cauliflower_training/cali/Black Rot/black_rot_122.png,Black Rot
/Users/thun/Desktop/cauliflower_training/cali/Alternaria Leaf Spot/alternaria_leaf_spot_1369.jpg,Alternaria Leaf Spot
/Users/thun/Desktop/cauliflower_training/cali/Healthy/healthy_1361.jpg,Healthy
/Users/thun/Desktop/cauliflower_training/cali/Black Rot/black_rot_419.png,Black Rot
/Users/thun/Desktop/cauliflower_training/cali/Healthy/healthy_2495.jpg,Healthy
/Users/thun/Desktop/cauliflower_training/cali/Healthy/healthy_1220.jpg,Healthy
/Users/thun/Desktop/cauliflower_training/cali/Downy Mildew/downy_mildew_1201.jpg,Downy Mildew
/Users/thun/Desktop/cauliflower_training/cali/Healthy/healthy_2302.jpg,Healthy
/Users/thun/Desktop/cauliflower_training/cali/Bacterial Soft Rot/bacterial_soft_rot_0231.jpg,Bacterial Soft Rot
/Users/thun/Desktop/cauliflower_training/cali/Healthy/healthy_0065.png,Healthy
/Users/thun/Desktop/cauliflower_training/cali/Downy Mildew/downy_mildew_0986.jpeg,Downy Mildew
/Users/thun/Desktop/cauliflower_training/cali/Alternaria Leaf Spot/alternaria_leaf_spot_0629.jpg,Alternaria Leaf Spot
/Users/thun/Desktop/cauliflower_training/cali/Black Rot/black_rot_499.png,Black Rot
/Users/thun/Desktop/cauliflower_training/cali/Healthy/healthy_1218.jpg,Healthy
/Users/thun/Desktop/cauliflower_training/cali/Healthy/healthy_1851.jpg,Healthy
/Users/thun/Desktop/cauliflower_training/cali/Downy Mildew/downy_mildew_1235.jpg,Downy Mildew
/Users/thun/Desktop/cauliflower_training/cali/Healthy/healthy_1223.jpeg,Healthy
/Users/thun/Desktop/cauliflower_training/cali/Downy Mildew/downy_mildew_1187.jpg,Downy Mildew
/Users/thun/Desktop/cauliflower_training/cali/Alternaria Leaf Spot/alternaria_leaf_spot_0984.jpg,Alternaria Leaf Spot
/Users/thun/Desktop/cauliflower_training/cali/Downy Mildew/downy_mildew_0198.png,Downy Mildew
/Users/thun/Desktop/cauliflower_training/cali/Healthy/healthy_2673.jpg,Healthy
/Users/thun/Desktop/cauliflower_training/cali/Bacterial Soft Rot/bacterial_soft_rot_0327.jpg,Bacterial Soft Rot
/Users/thun/Desktop/cauliflower_training/cali/Healthy/healthy_0782.jpeg,Healthy
/Users/thun/Desktop/cauliflower_training/cali/Downy Mildew/downy_mildew_1002.jpeg,Downy Mildew
/Users/thun/Desktop/cauliflower_training/cali/Alternaria Leaf Spot/alternaria_leaf_spot_0989.jpg,Alternaria Leaf Spot
/Users/thun/Desktop/cauliflower_training/cali/Healthy/healthy_0857.jpeg,Healthy
/Users/thun/Desktop/cauliflower_training/cali/Alternaria Leaf Spot/alternaria_leaf_spot_1330.jpg,Alternaria Leaf Spot
/Users/thun/Desktop/cauliflower_training/cali/Black Rot/black_rot_324.png,Black Rot
/Users/thun/Desktop/cauliflower_training/cali/Downy Mildew/downy_mildew_0216.png,Downy Mildew
/Users/thun/Desktop/cauliflower_training/cali/Downy Mildew/downy_mildew_0062.png,Downy Mildew
/Users/thun/Desktop/cauliflower_training/cali/Healthy/healthy_2711.jpg,Healthy
/Users/thun/Desktop/cauliflower_training/cali/Alternaria Leaf Spot/alternaria_leaf_spot_0135.jpeg,Alternaria Leaf Spot
/Users/thun/Desktop/cauliflower_training/cali/Healthy/healthy_1153.jpg,Healthy
/Users/thun/Desktop/cauliflower_training/cali/Healthy/healthy_2946.jpg,Healthy
/Users/thun/Desktop/cauliflower_training/cali/Downy Mildew/downy_mildew_0562.png,Downy Mildew
/Users/thun/Desktop/cauliflower_training/cali/Alternaria Leaf Spot/alternaria_leaf_spot_1051.jpg,Alternaria Leaf Spot
/Users/thun/Desktop/cauliflower_training/cali/Downy Mildew/downy_mildew_0629.png,Downy Mildew
/Users/thun/Desktop/cauliflower_training/cali/Downy Mildew/downy_mildew_1008.jpg,Downy Mildew
/Users/thun/Desktop/cauliflower_training/cali/Healthy/healthy_2947.jpg,Healthy
/Users/thun/Desktop/cauliflower_training/cali/Alternaria Leaf Spot/alternaria_leaf_spot_0333.jpg,Alternaria Leaf Spot
/Users/thun/Desktop/cauliflower_training/cali/Downy Mildew/downy_mildew_1199.jpg,Downy Mildew
/Users/thun/Desktop/cauliflower_training/cali/Downy Mildew/downy_mildew_0114.png,Downy Mildew
/Users/thun/Desktop/cauliflower_training/cali/Bacterial Soft Rot/bacterial_soft_rot_0828.jpg,Bacterial Soft Rot
/Users/thun/Desktop/cauliflower_training/cali/Alternaria Leaf Spot/alternaria_leaf_spot_0725.jpg,Alternaria Leaf Spot
/Users/thun/Desktop/cauliflower_training/cali/Healthy/healthy_2892.jpg,Healthy
/Users/thun/Desktop/cauliflower_training/cali/Downy Mildew/downy_mildew_0038.png,Downy Mildew
/Users/thun/Desktop/cauliflower_training/cali/Healthy/healthy_0961.jpeg,Healthy
/Users/thun/Desktop/cauliflower_training/cali/Healthy/healthy_2971.jpg,Healthy
/Users/thun/Desktop/cauliflower_training/cali/Downy Mildew/downy_mildew_0118.png,Downy Mildew
/Users/thun/Desktop/cauliflower_training/cali/Downy Mildew/downy_mildew_0270.png,Downy Mildew
/Users/thun/Desktop/cauliflower_training/cali/Downy Mildew/downy_mildew_1124.jpeg,Downy Mildew
/Users/thun/Desktop/cauliflower_training/cali/Bacterial Soft Rot/bacterial_soft_rot_1278.jpg,Bacterial Soft Rot
/Users/thun/Desktop/cauliflower_training/cali/Bacterial Soft Rot/bacterial_soft_rot_0422.jpg,Bacterial Soft Rot
/Users/thun/Desktop/cauliflower_training/cali/Healthy/healthy_1567.jpg,Healthy
/Users/thun/Desktop/cauliflower_training/cali/Black Rot/black_rot_581.png,Black Rot
/Users/thun/Desktop/cauliflower_training/cali/Healthy/healthy_1088.png,Healthy
/Users/thun/Desktop/cauliflower_training/cali/Bacterial Soft Rot/bacterial_soft_rot_1071.jpg,Bacterial Soft Rot
/Users/thun/Desktop/cauliflower_training/cali/Healthy/healthy_0842.jpeg,Healthy
/Users/thun/Desktop/cauliflower_training/cali/Healthy/healthy_2574.jpg,Healthy
/Users/thun/Desktop/cauliflower_training/cali/Downy Mildew/downy_mildew_1058.jpg,Downy Mildew
/Users/thun/Desktop/cauliflower_training/cali/Alternaria Leaf Spot/alternaria_leaf_spot_0341.jpg,Alternaria Leaf Spot
/Users/thun/Desktop/cauliflower_training/cali/Alternaria Leaf Spot/alternaria_leaf_spot_0626.jpg,Alternaria Leaf Spot
/Users/thun/Desktop/cauliflower_training/cali/Downy Mildew/downy_mildew_0395.png,Downy Mildew
/Users/thun/Desktop/cauliflower_training/cali/Downy Mildew/downy_mildew_0674.png,Downy Mildew
/Users/thun/Desktop/cauliflower_training/cali/Healthy/healthy_2007.jpg,Healthy
/Users/thun/Desktop/cauliflower_training/cali/Healthy/healthy_0584.png,Healthy
/Users/thun/Desktop/cauliflower_training/cali/Downy Mildew/downy_mildew_0549.png,Downy Mildew
/Users/thun/Desktop/cauliflower_training/cali/Downy Mildew/downy_mildew_0527.png,Downy Mildew
/Users/thun/Desktop/cauliflower_training/cali/Downy Mildew/downy_mildew_1051.jpeg,Downy Mildew
/Users/thun/Desktop/cauliflower_training/cali/Healthy/healthy_0252.png,Healthy
/Users/thun/Desktop/cauliflower_training/cali/Downy Mildew/downy_mildew_0139.png,Downy Mildew
/Users/thun/Desktop/cauliflower_training/cali/Downy Mildew/downy_mildew_0998.jpeg,Downy Mildew
/Users/thun/Desktop/cauliflower_training/cali/Bacterial Soft Rot/bacterial_soft_rot_0287.jpg,Bacterial Soft Rot
/Users/thun/Desktop/cauliflower_training/cali/Downy Mildew/downy_mildew_0385.png,Downy Mildew
/Users/thun/Desktop/cauliflower_training/cali/Bacterial Soft Rot/bacterial_soft_rot_1095.jpg,Bacterial Soft Rot
/Users/thun/Desktop/cauliflower_training/cali/Black Rot/black_rot_713.jpeg,Black Rot
/Users/thun/Desktop/cauliflower_training/cali/Alternaria Leaf Spot/alternaria_leaf_spot_0081.jpeg,Alternaria Leaf Spot
/Users/thun/Desktop/cauliflower_training/cali/Bacterial Soft Rot/bacterial_soft_rot_0574.jpg,Bacterial Soft Rot
/Users/thun/Desktop/cauliflower_training/cali/Downy Mildew/downy_mildew_0043.png,Downy Mildew
/Users/thun/Desktop/cauliflower_training/cali/Alternaria Leaf Spot/alternaria_leaf_spot_0384.jpg,Alternaria Leaf Spot
/Users/thun/Desktop/cauliflower_training/cali/Bacterial Soft Rot/bacterial_soft_rot_0110.jpeg,Bacterial Soft Rot
/Users/thun/Desktop/cauliflower_training/cali/Healthy/healthy_2666.jpg,Healthy
/Users/thun/Desktop/cauliflower_training/cali/Healthy/healthy_2457.jpg,Healthy
/Users/thun/Desktop/cauliflower_training/cali/Bacterial Soft Rot/bacterial_soft_rot_0414.jpg,Bacterial Soft Rot
/Users/thun/Desktop/cauliflower_training/cali/Alternaria Leaf Spot/alternaria_leaf_spot_1373.jpg,Alternaria Leaf Spot
/Users/thun/Desktop/cauliflower_training/cali/Alternaria Leaf Spot/alternaria_leaf_spot_0265.jpeg,Alternaria Leaf Spot
/Users/thun/Desktop/cauliflower_training/cali/Bacterial Soft Rot/bacterial_soft_rot_1045.jpg,Bacterial Soft Rot
/Users/thun/Desktop/cauliflower_training/cali/Downy Mildew/downy_mildew_0054.png,Downy Mildew
/Users/thun/Desktop/cauliflower_training/cali/Downy Mildew/downy_mildew_0992.jpeg,Downy Mildew
/Users/thun/Desktop/cauliflower_training/cali/Bacterial Soft Rot/bacterial_soft_rot_1168.jpg,Bacterial Soft Rot
/Users/thun/Desktop/cauliflower_training/cali/Bacterial Soft Rot/bacterial_soft_rot_1211.jpg,Bacterial Soft Rot
/Users/thun/Desktop/cauliflower_training/cali/Bacterial Soft Rot/bacterial_soft_rot_0223.jpg,Bacterial Soft Rot
/Users/thun/Desktop/cauliflower_training/cali/Downy Mildew/downy_mildew_0823.jpg,Downy Mildew
/Users/thun/Desktop/cauliflower_training/cali/Alternaria Leaf Spot/alternaria_leaf_spot_0066.jpeg,Alternaria Leaf Spot
/Users/thun/Desktop/cauliflower_training/cali/Bacterial Soft Rot/bacterial_soft_rot_0770.jpg,Bacterial Soft Rot
/Users/thun/Desktop/cauliflower_training/cali/Healthy/healthy_2297.jpg,Healthy
/Users/thun/Desktop/cauliflower_training/cali/Healthy/healthy_1997.jpg,Healthy
/Users/thun/Desktop/cauliflower_training/cali/Alternaria Leaf Spot/alternaria_leaf_spot_0254.jpeg,Alternaria Leaf Spot
/Users/thun/Desktop/cauliflower_training/cali/Healthy/healthy_0505.png,Healthy
/Users/thun/Desktop/cauliflower_training/cali/Healthy/healthy_2494.jpg,Healthy
/Users/thun/Desktop/cauliflower_training/cali/Bacterial Soft Rot/bacterial_soft_rot_0993.jpg,Bacterial Soft Rot
/Users/thun/Desktop/cauliflower_training/cali/Downy Mildew/downy_mildew_1052.jpeg,Downy Mildew
/Users/thun/Desktop/cauliflower_training/cali/Bacterial Soft Rot/bacterial_soft_rot_0118.jpeg,Bacterial Soft Rot
/Users/thun/Desktop/cauliflower_training/cali/Healthy/healthy_0512.png,Healthy
/Users/thun/Desktop/cauliflower_training/cali/Bacterial Soft Rot/bacterial_soft_rot_0939.jpg,Bacterial Soft Rot
/Users/thun/Desktop/cauliflower_training/cali/Alternaria Leaf Spot/alternaria_leaf_spot_0195.jpeg,Alternaria Leaf Spot
/Users/thun/Desktop/cauliflower_training/cali/Healthy/healthy_0418.png,Healthy
/Users/thun/Desktop/cauliflower_training/cali/Black Rot/black_rot_427.png,Black Rot
/Users/thun/Desktop/cauliflower_training/cali/Healthy/healthy_0001.png,Healthy
/Users/thun/Desktop/cauliflower_training/cali/Healthy/healthy_3119.jpg,Healthy
/Users/thun/Desktop/cauliflower_training/cali/Downy Mildew/downy_mildew_0475.png,Downy Mildew
/Users/thun/Desktop/cauliflower_training/cali/Healthy/healthy_1194.jpeg,Healthy
/Users/thun/Desktop/cauliflower_training/cali/Healthy/healthy_1780.jpg,Healthy
/Users/thun/Desktop/cauliflower_training/cali/Healthy/healthy_1174.jpg,Healthy
/Users/thun/Desktop/cauliflower_training/cali/Black Rot/black_rot_585.png,Black Rot
/Users/thun/Desktop/cauliflower_training/cali/Bacterial Soft Rot/bacterial_soft_rot_0683.jpg,Bacterial Soft Rot
/Users/thun/Desktop/cauliflower_training/cali/Alternaria Leaf Spot/alternaria_leaf_spot_1159.jpg,Alternaria Leaf Spot
/Users/thun/Desktop/cauliflower_training/cali/Healthy/healthy_1230.jpg,Healthy
/Users/thun/Desktop/cauliflower_training/cali/Alternaria Leaf Spot/alternaria_leaf_spot_0094.jpeg,Alternaria Leaf Spot
/Users/thun/Desktop/cauliflower_training/cali/Bacterial Soft Rot/bacterial_soft_rot_0111.jpeg,Bacterial Soft Rot
/Users/thun/Desktop/cauliflower_training/cali/Bacterial Soft Rot/bacterial_soft_rot_1013.jpg,Bacterial Soft Rot
/Users/thun/Desktop/cauliflower_training/cali/Bacterial Soft Rot/bacterial_soft_rot_0337.jpg,Bacterial Soft Rot
/Users/thun/Desktop/cauliflower_training/cali/Healthy/healthy_0174.png,Healthy
/Users/thun/Desktop/cauliflower_training/cali/Black Rot/black_rot_144.png,Black Rot
/Users/thun/Desktop/cauliflower_training/cali/Downy Mildew/downy_mildew_0268.png,Downy Mildew
/Users/thun/Desktop/cauliflower_training/cali/Healthy/healthy_0226.png,Healthy
/Users/thun/Desktop/cauliflower_training/cali/Downy Mildew/downy_mildew_0179.png,Downy Mildew
/Users/thun/Desktop/cauliflower_training/cali/Alternaria Leaf Spot/alternaria_leaf_spot_0156.jpeg,Alternaria Leaf Spot
/Users/thun/Desktop/cauliflower_training/cali/Alternaria Leaf Spot/alternaria_leaf_spot_0497.jpg,Alternaria Leaf Spot
/Users/thun/Desktop/cauliflower_training/cali/Bacterial Soft Rot/bacterial_soft_rot_1138.jpg,Bacterial Soft Rot
/Users/thun/Desktop/cauliflower_training/cali/Downy Mildew/downy_mildew_0332.png,Downy Mildew
/Users/thun/Desktop/cauliflower_training/cali/Healthy/healthy_0443.png,Healthy
/Users/thun/Desktop/cauliflower_training/cali/Healthy/healthy_2030.jpg,Healthy
/Users/thun/Desktop/cauliflower_training/cali/Black Rot/black_rot_148.png,Black Rot
/Users/thun/Desktop/cauliflower_training/cali/Bacterial Soft Rot/bacterial_soft_rot_0099.jpeg,Bacterial Soft Rot
/Users/thun/Desktop/cauliflower_training/cali/Healthy/healthy_2660.jpg,Healthy
/Users/thun/Desktop/cauliflower_training/cali/Healthy/healthy_2858.jpg,Healthy
/Users/thun/Desktop/cauliflower_training/cali/Bacterial Soft Rot/bacterial_soft_rot_0657.jpg,Bacterial Soft Rot
/Users/thun/Desktop/cauliflower_training/cali/Alternaria Leaf Spot/alternaria_leaf_spot_0481.jpg,Alternaria Leaf Spot
/Users/thun/Desktop/cauliflower_training/cali/Bacterial Soft Rot/bacterial_soft_rot_1154.jpg,Bacterial Soft Rot
/Users/thun/Desktop/cauliflower_training/cali/Bacterial Soft Rot/bacterial_soft_rot_0769.jpg,Bacterial Soft Rot
/Users/thun/Desktop/cauliflower_training/cali/Bacterial Soft Rot/bacterial_soft_rot_0911.jpg,Bacterial Soft Rot
/Users/thun/Desktop/cauliflower_training/cali/Black Rot/black_rot_690.png,Black Rot
/Users/thun/Desktop/cauliflower_training/cali/Black Rot/black_rot_572.png,Black Rot
/Users/thun/Desktop/cauliflower_training/cali/Downy Mildew/downy_mildew_0246.png,Downy Mildew
/Users/thun/Desktop/cauliflower_training/cali/Healthy/healthy_2848.jpg,Healthy
/Users/thun/Desktop/cauliflower_training/cali/Alternaria Leaf Spot/alternaria_leaf_spot_1434.jpg,Alternaria Leaf Spot
/Users/thun/Desktop/cauliflower_training/cali/Alternaria Leaf Spot/alternaria_leaf_spot_1084.jpg,Alternaria Leaf Spot
/Users/thun/Desktop/cauliflower_training/cali/Healthy/healthy_2599.jpg,Healthy
/Users/thun/Desktop/cauliflower_training/cali/Healthy/healthy_0374.png,Healthy
/Users/thun/Desktop/cauliflower_training/cali/Alternaria Leaf Spot/alternaria_leaf_spot_0486.jpg,Alternaria Leaf Spot
/Users/thun/Desktop/cauliflower_training/cali/Bacterial Soft Rot/bacterial_soft_rot_0695.jpg,Bacterial Soft Rot
/Users/thun/Desktop/cauliflower_training/cali/Bacterial Soft Rot/bacterial_soft_rot_0733.jpg,Bacterial Soft Rot
/Users/thun/Desktop/cauliflower_training/cali/Bacterial Soft Rot/bacterial_soft_rot_0094.jpeg,Bacterial Soft Rot
/Users/thun/Desktop/cauliflower_training/cali/Downy Mildew/downy_mildew_0957.jpg,Downy Mildew
/Users/thun/Desktop/cauliflower_training/cali/Healthy/healthy_1593.jpeg,Healthy
/Users/thun/Desktop/cauliflower_training/cali/Healthy/healthy_0688.png,Healthy
/Users/thun/Desktop/cauliflower_training/cali/Healthy/healthy_0373.png,Healthy
/Users/thun/Desktop/cauliflower_training/cali/Downy Mildew/downy_mildew_0585.png,Downy Mildew
/Users/thun/Desktop/cauliflower_training/cali/Bacterial Soft Rot/bacterial_soft_rot_0776.jpg,Bacterial Soft Rot
/Users/thun/Desktop/cauliflower_training/cali/Healthy/healthy_3062.jpg,Healthy
/Users/thun/Desktop/cauliflower_training/cali/Healthy/healthy_2175.jpg,Healthy
/Users/thun/Desktop/cauliflower_training/cali/Black Rot/black_rot_127.png,Black Rot
/Users/thun/Desktop/cauliflower_training/cali/Alternaria Leaf Spot/alternaria_leaf_spot_1054.jpg,Alternaria Leaf Spot
/Users/thun/Desktop/cauliflower_training/cali/Downy Mildew/downy_mildew_1218.jpeg,Downy Mildew
/Users/thun/Desktop/cauliflower_training/cali/Downy Mildew/downy_mildew_0243.png,Downy Mildew
/Users/thun/Desktop/cauliflower_training/cali/Healthy/healthy_2967.jpg,Healthy
/Users/thun/Desktop/cauliflower_training/cali/Black Rot/black_rot_629.png,Black Rot
/Users/thun/Desktop/cauliflower_training/cali/Healthy/healthy_0081.png,Healthy
/Users/thun/Desktop/cauliflower_training/cali/Healthy/healthy_1246.jpg,Healthy
/Users/thun/Desktop/cauliflower_training/cali/Bacterial Soft Rot/bacterial_soft_rot_0318.jpg,Bacterial Soft Rot
/Users/thun/Desktop/cauliflower_training/cali/Alternaria Leaf Spot/alternaria_leaf_spot_0685.jpg,Alternaria Leaf Spot
/Users/thun/Desktop/cauliflower_training/cali/Healthy/healthy_0801.jpg,Healthy
/Users/thun/Desktop/cauliflower_training/cali/Healthy/healthy_1778.jpg,Healthy
/Users/thun/Desktop/cauliflower_training/cali/Black Rot/black_rot_625.png,Black Rot
/Users/thun/Desktop/cauliflower_training/cali/Black Rot/black_rot_037.png,Black Rot
/Users/thun/Desktop/cauliflower_training/cali/Healthy/healthy_1911.jpg,Healthy
/Users/thun/Desktop/cauliflower_training/cali/Healthy/healthy_3110.jpg,Healthy
/Users/thun/Desktop/cauliflower_training/cali/Downy Mildew/downy_mildew_1015.jpeg,Downy Mildew
/Users/thun/Desktop/cauliflower_training/cali/Bacterial Soft Rot/bacterial_soft_rot_0564.jpg,Bacterial Soft Rot
/Users/thun/Desktop/cauliflower_training/cali/Alternaria Leaf Spot/alternaria_leaf_spot_0986.jpg,Alternaria Leaf Spot
/Users/thun/Desktop/cauliflower_training/cali/Healthy/healthy_1415.png,Healthy
/Users/thun/Desktop/cauliflower_training/cali/Bacterial Soft Rot/bacterial_soft_rot_1280.jpg,Bacterial Soft Rot
/Users/thun/Desktop/cauliflower_training/cali/Healthy/healthy_0861.jpeg,Healthy
/Users/thun/Desktop/cauliflower_training/cali/Healthy/healthy_2748.jpg,Healthy
/Users/thun/Desktop/cauliflower_training/cali/Black Rot/black_rot_123.png,Black Rot
/Users/thun/Desktop/cauliflower_training/cali/Healthy/healthy_1037.jpeg,Healthy
/Users/thun/Desktop/cauliflower_training/cali/Healthy/healthy_1763.jpg,Healthy
/Users/thun/Desktop/cauliflower_training/cali/Bacterial Soft Rot/bacterial_soft_rot_1366.jpg,Bacterial Soft Rot
/Users/thun/Desktop/cauliflower_training/cali/Downy Mildew/downy_mildew_0850.jpg,Downy Mildew
/Users/thun/Desktop/cauliflower_training/cali/Alternaria Leaf Spot/alternaria_leaf_spot_0161.jpeg,Alternaria Leaf Spot
/Users/thun/Desktop/cauliflower_training/cali/Bacterial Soft Rot/bacterial_soft_rot_0305.jpg,Bacterial Soft Rot
/Users/thun/Desktop/cauliflower_training/cali/Healthy/healthy_2961.jpg,Healthy
/Users/thun/Desktop/cauliflower_training/cali/Healthy/healthy_1661.jpg,Healthy
/Users/thun/Desktop/cauliflower_training/cali/Healthy/healthy_0203.png,Healthy
/Users/thun/Desktop/cauliflower_training/cali/Healthy/healthy_0567.png,Healthy
/Users/thun/Desktop/cauliflower_training/cali/Healthy/healthy_0518.png,Healthy
/Users/thun/Desktop/cauliflower_training/cali/Bacterial Soft Rot/bacterial_soft_rot_0152.jpeg,Bacterial Soft Rot
/Users/thun/Desktop/cauliflower_training/cali/Healthy/healthy_2620.jpg,Healthy
/Users/thun/Desktop/cauliflower_training/cali/Healthy/healthy_2941.jpg,Healthy
/Users/thun/Desktop/cauliflower_training/cali/Alternaria Leaf Spot/alternaria_leaf_spot_1418.jpg,Alternaria Leaf Spot
/Users/thun/Desktop/cauliflower_training/cali/Healthy/healthy_0202.png,Healthy
/Users/thun/Desktop/cauliflower_training/cali/Healthy/healthy_0921.jpeg,Healthy
/Users/thun/Desktop/cauliflower_training/cali/Bacterial Soft Rot/bacterial_soft_rot_0493.jpg,Bacterial Soft Rot
/Users/thun/Desktop/cauliflower_training/cali/Healthy/healthy_0416.png,Healthy
/Users/thun/Desktop/cauliflower_training/cali/Alternaria Leaf Spot/alternaria_leaf_spot_0276.jpeg,Alternaria Leaf Spot
/Users/thun/Desktop/cauliflower_training/cali/Healthy/healthy_1409.png,Healthy
/Users/thun/Desktop/cauliflower_training/cali/Healthy/healthy_1190.jpg,Healthy
/Users/thun/Desktop/cauliflower_training/cali/Healthy/healthy_1566.jpeg,Healthy
/Users/thun/Desktop/cauliflower_training/cali/Healthy/healthy_2887.jpg,Healthy
/Users/thun/Desktop/cauliflower_training/cali/Alternaria Leaf Spot/alternaria_leaf_spot_0581.jpg,Alternaria Leaf Spot
/Users/thun/Desktop/cauliflower_training/cali/Black Rot/black_rot_160.png,Black Rot
/Users/thun/Desktop/cauliflower_training/cali/Bacterial Soft Rot/bacterial_soft_rot_0217.jpg,Bacterial Soft Rot
/Users/thun/Desktop/cauliflower_training/cali/Healthy/healthy_0787.jpeg,Healthy
/Users/thun/Desktop/cauliflower_training/cali/Healthy/healthy_2641.jpg,Healthy
/Users/thun/Desktop/cauliflower_training/cali/Alternaria Leaf Spot/alternaria_leaf_spot_1490.jpg,Alternaria Leaf Spot
/Users/thun/Desktop/cauliflower_training/cali/Bacterial Soft Rot/bacterial_soft_rot_0865.jpg,Bacterial Soft Rot
/Users/thun/Desktop/cauliflower_training/cali/Alternaria Leaf Spot/alternaria_leaf_spot_0184.jpeg,Alternaria Leaf Spot
/Users/thun/Desktop/cauliflower_training/cali/Bacterial Soft Rot/bacterial_soft_rot_0899.jpg,Bacterial Soft Rot
/Users/thun/Desktop/cauliflower_training/cali/Healthy/healthy_1812.jpg,Healthy
/Users/thun/Desktop/cauliflower_training/cali/Downy Mildew/downy_mildew_0903.jpg,Downy Mildew
/Users/thun/Desktop/cauliflower_training/cali/Alternaria Leaf Spot/alternaria_leaf_spot_0563.jpg,Alternaria Leaf Spot
/Users/thun/Desktop/cauliflower_training/cali/Black Rot/black_rot_674.png,Black Rot
/Users/thun/Desktop/cauliflower_training/cali/Healthy/healthy_0228.png,Healthy
/Users/thun/Desktop/cauliflower_training/cali/Healthy/healthy_1102.jpg,Healthy
/Users/thun/Desktop/cauliflower_training/cali/Alternaria Leaf Spot/alternaria_leaf_spot_0861.jpg,Alternaria Leaf Spot
/Users/thun/Desktop/cauliflower_training/cali/Healthy/healthy_2974.jpg,Healthy
/Users/thun/Desktop/cauliflower_training/cali/Healthy/healthy_0220.png,Healthy
/Users/thun/Desktop/cauliflower_training/cali/Bacterial Soft Rot/bacterial_soft_rot_0749.jpg,Bacterial Soft Rot
/Users/thun/Desktop/cauliflower_training/cali/Alternaria Leaf Spot/alternaria_leaf_spot_1016.jpg,Alternaria Leaf Spot
/Users/thun/Desktop/cauliflower_training/cali/Healthy/healthy_1919.jpg,Healthy
/Users/thun/Desktop/cauliflower_training/cali/Black Rot/black_rot_363.png,Black Rot
/Users/thun/Desktop/cauliflower_training/cali/Healthy/healthy_1538.png,Healthy
/Users/thun/Desktop/cauliflower_training/cali/Healthy/healthy_1252.jpg,Healthy
/Users/thun/Desktop/cauliflower_training/cali/Downy Mildew/downy_mildew_0351.png,Downy Mildew
/Users/thun/Desktop/cauliflower_training/cali/Healthy/healthy_0428.png,Healthy
/Users/thun/Desktop/cauliflower_training/cali/Alternaria Leaf Spot/alternaria_leaf_spot_0211.jpeg,Alternaria Leaf Spot
/Users/thun/Desktop/cauliflower_training/cali/Bacterial Soft Rot/bacterial_soft_rot_0379.jpg,Bacterial Soft Rot
/Users/thun/Desktop/cauliflower_training/cali/Healthy/healthy_2088.jpg,Healthy
/Users/thun/Desktop/cauliflower_training/cali/Alternaria Leaf Spot/alternaria_leaf_spot_0710.jpg,Alternaria Leaf Spot
/Users/thun/Desktop/cauliflower_training/cali/Healthy/healthy_0179.png,Healthy
/Users/thun/Desktop/cauliflower_training/cali/Bacterial Soft Rot/bacterial_soft_rot_0105.jpeg,Bacterial Soft Rot
/Users/thun/Desktop/cauliflower_training/cali/Healthy/healthy_3139.jpg,Healthy
/Users/thun/Desktop/cauliflower_training/cali/Downy Mildew/downy_mildew_0964.jpeg,Downy Mildew
/Users/thun/Desktop/cauliflower_training/cali/Healthy/healthy_0571.png,Healthy
/Users/thun/Desktop/cauliflower_training/cali/Alternaria Leaf Spot/alternaria_leaf_spot_0204.jpeg,Alternaria Leaf Spot
/Users/thun/Desktop/cauliflower_training/cali/Healthy/healthy_2993.jpeg,Healthy
/Users/thun/Desktop/cauliflower_training/cali/Healthy/healthy_0545.png,Healthy
/Users/thun/Desktop/cauliflower_training/cali/Black Rot/black_rot_447.png,Black Rot
/Users/thun/Desktop/cauliflower_training/cali/Healthy/healthy_2346.jpg,Healthy
/Users/thun/Desktop/cauliflower_training/cali/Black Rot/black_rot_765.jpeg,Black Rot
/Users/thun/Desktop/cauliflower_training/cali/Healthy/healthy_2280.jpg,Healthy
/Users/thun/Desktop/cauliflower_training/cali/Bacterial Soft Rot/bacterial_soft_rot_1059.jpg,Bacterial Soft Rot
/Users/thun/Desktop/cauliflower_training/cali/Bacterial Soft Rot/bacterial_soft_rot_0199.jpeg,Bacterial Soft Rot
/Users/thun/Desktop/cauliflower_training/cali/Healthy/healthy_0565.png,Healthy
/Users/thun/Desktop/cauliflower_training/cali/Bacterial Soft Rot/bacterial_soft_rot_0556.jpg,Bacterial Soft Rot
/Users/thun/Desktop/cauliflower_training/cali/Healthy/healthy_1014.jpeg,Healthy
/Users/thun/Desktop/cauliflower_training/cali/Bacterial Soft Rot/bacterial_soft_rot_0204.jpg,Bacterial Soft Rot
/Users/thun/Desktop/cauliflower_training/cali/Healthy/healthy_0227.png,Healthy
/Users/thun/Desktop/cauliflower_training/cali/Healthy/healthy_2582.jpg,Healthy
/Users/thun/Desktop/cauliflower_training/cali/Alternaria Leaf Spot/alternaria_leaf_spot_0171.jpeg,Alternaria Leaf Spot
/Users/thun/Desktop/cauliflower_training/cali/Healthy/healthy_0962.jpeg,Healthy
/Users/thun/Desktop/cauliflower_training/cali/Healthy/healthy_2339.jpg,Healthy
/Users/thun/Desktop/cauliflower_training/cali/Healthy/healthy_0059.png,Healthy
/Users/thun/Desktop/cauliflower_training/cali/Healthy/healthy_0415.png,Healthy
/Users/thun/Desktop/cauliflower_training/cali/Bacterial Soft Rot/bacterial_soft_rot_0034.jpeg,Bacterial Soft Rot
/Users/thun/Desktop/cauliflower_training/cali/Healthy/healthy_1012.jpeg,Healthy
/Users/thun/Desktop/cauliflower_training/cali/Alternaria Leaf Spot/alternaria_leaf_spot_1171.jpg,Alternaria Leaf Spot
/Users/thun/Desktop/cauliflower_training/cali/Healthy/healthy_2203.jpg,Healthy
/Users/thun/Desktop/cauliflower_training/cali/Downy Mildew/downy_mildew_0294.png,Downy Mildew
/Users/thun/Desktop/cauliflower_training/cali/Downy Mildew/downy_mildew_0320.png,Downy Mildew
/Users/thun/Desktop/cauliflower_training/cali/Healthy/healthy_2779.jpg,Healthy
/Users/thun/Desktop/cauliflower_training/cali/Downy Mildew/downy_mildew_0568.png,Downy Mildew
/Users/thun/Desktop/cauliflower_training/cali/Bacterial Soft Rot/bacterial_soft_rot_0853.jpg,Bacterial Soft Rot
/Users/thun/Desktop/cauliflower_training/cali/Black Rot/black_rot_242.png,Black Rot
/Users/thun/Desktop/cauliflower_training/cali/Alternaria Leaf Spot/alternaria_leaf_spot_1294.jpg,Alternaria Leaf Spot
/Users/thun/Desktop/cauliflower_training/cali/Downy Mildew/downy_mildew_0663.png,Downy Mildew
/Users/thun/Desktop/cauliflower_training/cali/Healthy/healthy_2095.jpg,Healthy
/Users/thun/Desktop/cauliflower_training/cali/Alternaria Leaf Spot/alternaria_leaf_spot_0750.jpg,Alternaria Leaf Spot
/Users/thun/Desktop/cauliflower_training/cali/Healthy/healthy_0114.png,Healthy
/Users/thun/Desktop/cauliflower_training/cali/Healthy/healthy_0106.png,Healthy
/Users/thun/Desktop/cauliflower_training/cali/Alternaria Leaf Spot/alternaria_leaf_spot_0188.jpeg,Alternaria Leaf Spot
/Users/thun/Desktop/cauliflower_training/cali/Healthy/healthy_2040.jpg,Healthy
/Users/thun/Desktop/cauliflower_training/cali/Downy Mildew/downy_mildew_0512.png,Downy Mildew
/Users/thun/Desktop/cauliflower_training/cali/Downy Mildew/downy_mildew_0232.png,Downy Mildew
/Users/thun/Desktop/cauliflower_training/cali/Healthy/healthy_2664.jpg,Healthy
/Users/thun/Desktop/cauliflower_training/cali/Bacterial Soft Rot/bacterial_soft_rot_0816.jpg,Bacterial Soft Rot
/Users/thun/Desktop/cauliflower_training/cali/Alternaria Leaf Spot/alternaria_leaf_spot_0554.jpg,Alternaria Leaf Spot
/Users/thun/Desktop/cauliflower_training/cali/Bacterial Soft Rot/bacterial_soft_rot_0436.jpg,Bacterial Soft Rot
/Users/thun/Desktop/cauliflower_training/cali/Bacterial Soft Rot/bacterial_soft_rot_1379.jpg,Bacterial Soft Rot
/Users/thun/Desktop/cauliflower_training/cali/Healthy/healthy_1501.jpg,Healthy
/Users/thun/Desktop/cauliflower_training/cali/Healthy/healthy_1416.jpeg,Healthy
/Users/thun/Desktop/cauliflower_training/cali/Healthy/healthy_2721.jpg,Healthy
/Users/thun/Desktop/cauliflower_training/cali/Healthy/healthy_1310.jpg,Healthy
/Users/thun/Desktop/cauliflower_training/cali/Alternaria Leaf Spot/alternaria_leaf_spot_0691.jpg,Alternaria Leaf Spot
/Users/thun/Desktop/cauliflower_training/cali/Downy Mildew/downy_mildew_0472.png,Downy Mildew
/Users/thun/Desktop/cauliflower_training/cali/Downy Mildew/downy_mildew_0922.jpeg,Downy Mildew
/Users/thun/Desktop/cauliflower_training/cali/Bacterial Soft Rot/bacterial_soft_rot_0434.jpg,Bacterial Soft Rot
/Users/thun/Desktop/cauliflower_training/cali/Alternaria Leaf Spot/alternaria_leaf_spot_0443.jpg,Alternaria Leaf Spot
/Users/thun/Desktop/cauliflower_training/cali/Alternaria Leaf Spot/alternaria_leaf_spot_0395.jpg,Alternaria Leaf Spot
/Users/thun/Desktop/cauliflower_training/cali/Healthy/healthy_0368.png,Healthy
/Users/thun/Desktop/cauliflower_training/cali/Healthy/healthy_2412.jpg,Healthy
/Users/thun/Desktop/cauliflower_training/cali/Alternaria Leaf Spot/alternaria_leaf_spot_0376.jpg,Alternaria Leaf Spot
/Users/thun/Desktop/cauliflower_training/cali/Healthy/healthy_0157.png,Healthy
/Users/thun/Desktop/cauliflower_training/cali/Healthy/healthy_2208.jpg,Healthy
/Users/thun/Desktop/cauliflower_training/cali/Healthy/healthy_1760.jpg,Healthy
/Users/thun/Desktop/cauliflower_training/cali/Alternaria Leaf Spot/alternaria_leaf_spot_0375.jpg,Alternaria Leaf Spot
/Users/thun/Desktop/cauliflower_training/cali/Black Rot/black_rot_449.png,Black Rot
/Users/thun/Desktop/cauliflower_training/cali/Healthy/healthy_2206.jpg,Healthy
/Users/thun/Desktop/cauliflower_training/cali/Bacterial Soft Rot/bacterial_soft_rot_1140.jpg,Bacterial Soft Rot
/Users/thun/Desktop/cauliflower_training/cali/Healthy/healthy_2803.jpg,Healthy
/Users/thun/Desktop/cauliflower_training/cali/Alternaria Leaf Spot/alternaria_leaf_spot_0309.jpg,Alternaria Leaf Spot
/Users/thun/Desktop/cauliflower_training/cali/Downy Mildew/downy_mildew_0177.png,Downy Mildew
/Users/thun/Desktop/cauliflower_training/cali/Alternaria Leaf Spot/alternaria_leaf_spot_0545.jpg,Alternaria Leaf Spot
/Users/thun/Desktop/cauliflower_training/cali/Downy Mildew/downy_mildew_0558.png,Downy Mildew
/Users/thun/Desktop/cauliflower_training/cali/Alternaria Leaf Spot/alternaria_leaf_spot_0506.jpg,Alternaria Leaf Spot
/Users/thun/Desktop/cauliflower_training/cali/Healthy/healthy_3148.jpg,Healthy
/Users/thun/Desktop/cauliflower_training/cali/Downy Mildew/downy_mildew_0042.png,Downy Mildew
/Users/thun/Desktop/cauliflower_training/cali/Black Rot/black_rot_067.png,Black Rot
/Users/thun/Desktop/cauliflower_training/cali/Alternaria Leaf Spot/alternaria_leaf_spot_0717.jpg,Alternaria Leaf Spot
/Users/thun/Desktop/cauliflower_training/cali/Alternaria Leaf Spot/alternaria_leaf_spot_0499.jpg,Alternaria Leaf Spot
/Users/thun/Desktop/cauliflower_training/cali/Black Rot/black_rot_754.jpg,Black Rot
/Users/thun/Desktop/cauliflower_training/cali/Alternaria Leaf Spot/alternaria_leaf_spot_1250.jpg,Alternaria Leaf Spot
/Users/thun/Desktop/cauliflower_training/cali/Healthy/healthy_0375.png,Healthy
/Users/thun/Desktop/cauliflower_training/cali/Downy Mildew/downy_mildew_0107.png,Downy Mildew
/Users/thun/Desktop/cauliflower_training/cali/Black Rot/black_rot_173.png,Black Rot
/Users/thun/Desktop/cauliflower_training/cali/Healthy/healthy_0816.jpeg,Healthy
/Users/thun/Desktop/cauliflower_training/cali/Healthy/healthy_3108.jpg,Healthy
/Users/thun/Desktop/cauliflower_training/cali/Bacterial Soft Rot/bacterial_soft_rot_1259.jpg,Bacterial Soft Rot
/Users/thun/Desktop/cauliflower_training/cali/Healthy/healthy_0308.png,Healthy
/Users/thun/Desktop/cauliflower_training/cali/Healthy/healthy_0156.png,Healthy
/Users/thun/Desktop/cauliflower_training/cali/Alternaria Leaf Spot/alternaria_leaf_spot_0009.jpeg,Alternaria Leaf Spot
/Users/thun/Desktop/cauliflower_training/cali/Healthy/healthy_2015.jpg,Healthy
/Users/thun/Desktop/cauliflower_training/cali/Black Rot/black_rot_567.png,Black Rot
/Users/thun/Desktop/cauliflower_training/cali/Bacterial Soft Rot/bacterial_soft_rot_1087.jpg,Bacterial Soft Rot
/Users/thun/Desktop/cauliflower_training/cali/Black Rot/black_rot_070.png,Black Rot
/Users/thun/Desktop/cauliflower_training/cali/Downy Mildew/downy_mildew_0983.jpg,Downy Mildew
/Users/thun/Desktop/cauliflower_training/cali/Black Rot/black_rot_476.png,Black Rot
/Users/thun/Desktop/cauliflower_training/cali/Healthy/healthy_2379.jpg,Healthy
/Users/thun/Desktop/cauliflower_training/cali/Downy Mildew/downy_mildew_0003.png,Downy Mildew
/Users/thun/Desktop/cauliflower_training/cali/Black Rot/black_rot_087.png,Black Rot
/Users/thun/Desktop/cauliflower_training/cali/Healthy/healthy_3113.jpeg,Healthy
/Users/thun/Desktop/cauliflower_training/cali/Alternaria Leaf Spot/alternaria_leaf_spot_0514.jpg,Alternaria Leaf Spot
/Users/thun/Desktop/cauliflower_training/cali/Alternaria Leaf Spot/alternaria_leaf_spot_1122.jpg,Alternaria Leaf Spot
/Users/thun/Desktop/cauliflower_training/cali/Healthy/healthy_1678.jpg,Healthy
/Users/thun/Desktop/cauliflower_training/cali/Downy Mildew/downy_mildew_0597.png,Downy Mildew
/Users/thun/Desktop/cauliflower_training/cali/Healthy/healthy_2144.jpg,Healthy
/Users/thun/Desktop/cauliflower_training/cali/Downy Mildew/downy_mildew_0794.jpeg,Downy Mildew
/Users/thun/Desktop/cauliflower_training/cali/Bacterial Soft Rot/bacterial_soft_rot_0788.jpg,Bacterial Soft Rot
/Users/thun/Desktop/cauliflower_training/cali/Black Rot/black_rot_539.png,Black Rot
/Users/thun/Desktop/cauliflower_training/cali/Bacterial Soft Rot/bacterial_soft_rot_1337.jpg,Bacterial Soft Rot
/Users/thun/Desktop/cauliflower_training/cali/Bacterial Soft Rot/bacterial_soft_rot_1147.jpg,Bacterial Soft Rot
/Users/thun/Desktop/cauliflower_training/cali/Alternaria Leaf Spot/alternaria_leaf_spot_0180.jpeg,Alternaria Leaf Spot
/Users/thun/Desktop/cauliflower_training/cali/Bacterial Soft Rot/bacterial_soft_rot_0252.jpg,Bacterial Soft Rot
/Users/thun/Desktop/cauliflower_training/cali/Healthy/healthy_0467.png,Healthy
/Users/thun/Desktop/cauliflower_training/cali/Bacterial Soft Rot/bacterial_soft_rot_0505.jpg,Bacterial Soft Rot
/Users/thun/Desktop/cauliflower_training/cali/Downy Mildew/downy_mildew_1176.jpeg,Downy Mildew
/Users/thun/Desktop/cauliflower_training/cali/Bacterial Soft Rot/bacterial_soft_rot_0918.jpg,Bacterial Soft Rot
/Users/thun/Desktop/cauliflower_training/cali/Healthy/healthy_0940.jpg,Healthy
/Users/thun/Desktop/cauliflower_training/cali/Bacterial Soft Rot/bacterial_soft_rot_1316.jpg,Bacterial Soft Rot
/Users/thun/Desktop/cauliflower_training/cali/Black Rot/black_rot_531.png,Black Rot
/Users/thun/Desktop/cauliflower_training/cali/Downy Mildew/downy_mildew_1073.jpeg,Downy Mildew
/Users/thun/Desktop/cauliflower_training/cali/Downy Mildew/downy_mildew_0751.jpeg,Downy Mildew
/Users/thun/Desktop/cauliflower_training/cali/Alternaria Leaf Spot/alternaria_leaf_spot_0367.jpg,Alternaria Leaf Spot
/Users/thun/Desktop/cauliflower_training/cali/Bacterial Soft Rot/bacterial_soft_rot_1040.jpg,Bacterial Soft Rot
/Users/thun/Desktop/cauliflower_training/cali/Alternaria Leaf Spot/alternaria_leaf_spot_1034.jpg,Alternaria Leaf Spot
/Users/thun/Desktop/cauliflower_training/cali/Downy Mildew/downy_mildew_0644.png,Downy Mildew
/Users/thun/Desktop/cauliflower_training/cali/Bacterial Soft Rot/bacterial_soft_rot_0893.jpg,Bacterial Soft Rot
/Users/thun/Desktop/cauliflower_training/cali/Healthy/healthy_0043.png,Healthy
/Users/thun/Desktop/cauliflower_training/cali/Healthy/healthy_0526.png,Healthy
/Users/thun/Desktop/cauliflower_training/cali/Alternaria Leaf Spot/alternaria_leaf_spot_1105.jpg,Alternaria Leaf Spot
/Users/thun/Desktop/cauliflower_training/cali/Downy Mildew/downy_mildew_0307.png,Downy Mildew
/Users/thun/Desktop/cauliflower_training/cali/Healthy/healthy_2686.jpg,Healthy
/Users/thun/Desktop/cauliflower_training/cali/Downy Mildew/downy_mildew_0899.jpg,Downy Mildew
/Users/thun/Desktop/cauliflower_training/cali/Bacterial Soft Rot/bacterial_soft_rot_0501.jpg,Bacterial Soft Rot
/Users/thun/Desktop/cauliflower_training/cali/Downy Mildew/downy_mildew_0523.png,Downy Mildew
/Users/thun/Desktop/cauliflower_training/cali/Healthy/healthy_2708.jpg,Healthy
/Users/thun/Desktop/cauliflower_training/cali/Healthy/healthy_2773.jpg,Healthy
/Users/thun/Desktop/cauliflower_training/cali/Healthy/healthy_1289.jpg,Healthy
/Users/thun/Desktop/cauliflower_training/cali/Healthy/healthy_0496.png,Healthy
/Users/thun/Desktop/cauliflower_training/cali/Healthy/healthy_2578.jpg,Healthy
/Users/thun/Desktop/cauliflower_training/cali/Alternaria Leaf Spot/alternaria_leaf_spot_1321.jpg,Alternaria Leaf Spot
/Users/thun/Desktop/cauliflower_training/cali/Healthy/healthy_1617.jpg,Healthy
/Users/thun/Desktop/cauliflower_training/cali/Bacterial Soft Rot/bacterial_soft_rot_1161.jpg,Bacterial Soft Rot
/Users/thun/Desktop/cauliflower_training/cali/Healthy/healthy_2274.jpg,Healthy
/Users/thun/Desktop/cauliflower_training/cali/Black Rot/black_rot_777.jpeg,Black Rot
/Users/thun/Desktop/cauliflower_training/cali/Bacterial Soft Rot/bacterial_soft_rot_0688.jpg,Bacterial Soft Rot
/Users/thun/Desktop/cauliflower_training/cali/Healthy/healthy_2369.jpg,Healthy
/Users/thun/Desktop/cauliflower_training/cali/Healthy/healthy_3040.jpg,Healthy
/Users/thun/Desktop/cauliflower_training/cali/Downy Mildew/downy_mildew_1194.jpeg,Downy Mildew
/Users/thun/Desktop/cauliflower_training/cali/Alternaria Leaf Spot/alternaria_leaf_spot_1119.jpg,Alternaria Leaf Spot
/Users/thun/Desktop/cauliflower_training/cali/Black Rot/black_rot_129.png,Black Rot
/Users/thun/Desktop/cauliflower_training/cali/Alternaria Leaf Spot/alternaria_leaf_spot_0068.jpeg,Alternaria Leaf Spot
/Users/thun/Desktop/cauliflower_training/cali/Healthy/healthy_1260.jpg,Healthy
/Users/thun/Desktop/cauliflower_training/cali/Healthy/healthy_1914.jpg,Healthy
/Users/thun/Desktop/cauliflower_training/cali/Bacterial Soft Rot/bacterial_soft_rot_0629.jpg,Bacterial Soft Rot
/Users/thun/Desktop/cauliflower_training/cali/Healthy/healthy_1632.jpg,Healthy
/Users/thun/Desktop/cauliflower_training/cali/Bacterial Soft Rot/bacterial_soft_rot_1271.jpg,Bacterial Soft Rot
/Users/thun/Desktop/cauliflower_training/cali/Healthy/healthy_2593.jpg,Healthy
/Users/thun/Desktop/cauliflower_training/cali/Healthy/healthy_0213.png,Healthy
/Users/thun/Desktop/cauliflower_training/cali/Alternaria Leaf Spot/alternaria_leaf_spot_1261.jpg,Alternaria Leaf Spot
/Users/thun/Desktop/cauliflower_training/cali/Bacterial Soft Rot/bacterial_soft_rot_1043.jpg,Bacterial Soft Rot
/Users/thun/Desktop/cauliflower_training/cali/Healthy/healthy_1178.jpg,Healthy
/Users/thun/Desktop/cauliflower_training/cali/Downy Mildew/downy_mildew_0697.png,Downy Mildew
/Users/thun/Desktop/cauliflower_training/cali/Healthy/healthy_3013.jpg,Healthy
/Users/thun/Desktop/cauliflower_training/cali/Alternaria Leaf Spot/alternaria_leaf_spot_0212.jpeg,Alternaria Leaf Spot
/Users/thun/Desktop/cauliflower_training/cali/Healthy/healthy_2774.jpg,Healthy
/Users/thun/Desktop/cauliflower_training/cali/Bacterial Soft Rot/bacterial_soft_rot_0062.jpeg,Bacterial Soft Rot
/Users/thun/Desktop/cauliflower_training/cali/Healthy/healthy_3076.jpg,Healthy
/Users/thun/Desktop/cauliflower_training/cali/Alternaria Leaf Spot/alternaria_leaf_spot_0619.jpg,Alternaria Leaf Spot
/Users/thun/Desktop/cauliflower_training/cali/Healthy/healthy_0380.png,Healthy
/Users/thun/Desktop/cauliflower_training/cali/Downy Mildew/downy_mildew_0891.jpg,Downy Mildew
/Users/thun/Desktop/cauliflower_training/cali/Alternaria Leaf Spot/alternaria_leaf_spot_0918.jpg,Alternaria Leaf Spot
/Users/thun/Desktop/cauliflower_training/cali/Healthy/healthy_2269.jpg,Healthy
/Users/thun/Desktop/cauliflower_training/cali/Black Rot/black_rot_734.jpg,Black Rot
/Users/thun/Desktop/cauliflower_training/cali/Healthy/healthy_0442.png,Healthy
/Users/thun/Desktop/cauliflower_training/cali/Downy Mildew/downy_mildew_1170.jpeg,Downy Mildew
/Users/thun/Desktop/cauliflower_training/cali/Healthy/healthy_1838.jpg,Healthy
/Users/thun/Desktop/cauliflower_training/cali/Healthy/healthy_1022.jpeg,Healthy
/Users/thun/Desktop/cauliflower_training/cali/Healthy/healthy_2479.jpg,Healthy
/Users/thun/Desktop/cauliflower_training/cali/Bacterial Soft Rot/bacterial_soft_rot_0971.jpg,Bacterial Soft Rot
/Users/thun/Desktop/cauliflower_training/cali/Bacterial Soft Rot/bacterial_soft_rot_1352.jpg,Bacterial Soft Rot
/Users/thun/Desktop/cauliflower_training/cali/Healthy/healthy_2221.jpg,Healthy
/Users/thun/Desktop/cauliflower_training/cali/Alternaria Leaf Spot/alternaria_leaf_spot_0762.jpg,Alternaria Leaf Spot
/Users/thun/Desktop/cauliflower_training/cali/Healthy/healthy_2098.jpg,Healthy
/Users/thun/Desktop/cauliflower_training/cali/Healthy/healthy_0549.png,Healthy
/Users/thun/Desktop/cauliflower_training/cali/Downy Mildew/downy_mildew_0309.png,Downy Mildew
/Users/thun/Desktop/cauliflower_training/cali/Downy Mildew/downy_mildew_0743.jpg,Downy Mildew
/Users/thun/Desktop/cauliflower_training/cali/Downy Mildew/downy_mildew_0810.jpg,Downy Mildew
/Users/thun/Desktop/cauliflower_training/cali/Bacterial Soft Rot/bacterial_soft_rot_0091.jpeg,Bacterial Soft Rot
/Users/thun/Desktop/cauliflower_training/cali/Bacterial Soft Rot/bacterial_soft_rot_0619.jpg,Bacterial Soft Rot
/Users/thun/Desktop/cauliflower_training/cali/Downy Mildew/downy_mildew_0020.png,Downy Mildew
/Users/thun/Desktop/cauliflower_training/cali/Healthy/healthy_2149.jpg,Healthy
/Users/thun/Desktop/cauliflower_training/cali/Downy Mildew/downy_mildew_0614.png,Downy Mildew
/Users/thun/Desktop/cauliflower_training/cali/Healthy/healthy_3068.jpg,Healthy
/Users/thun/Desktop/cauliflower_training/cali/Bacterial Soft Rot/bacterial_soft_rot_0061.jpeg,Bacterial Soft Rot
/Users/thun/Desktop/cauliflower_training/cali/Alternaria Leaf Spot/alternaria_leaf_spot_0735.jpg,Alternaria Leaf Spot
/Users/thun/Desktop/cauliflower_training/cali/Healthy/healthy_0946.jpeg,Healthy
/Users/thun/Desktop/cauliflower_training/cali/Healthy/healthy_0361.png,Healthy
/Users/thun/Desktop/cauliflower_training/cali/Bacterial Soft Rot/bacterial_soft_rot_0449.jpg,Bacterial Soft Rot
/Users/thun/Desktop/cauliflower_training/cali/Bacterial Soft Rot/bacterial_soft_rot_0998.jpg,Bacterial Soft Rot
/Users/thun/Desktop/cauliflower_training/cali/Healthy/healthy_1625.jpg,Healthy
/Users/thun/Desktop/cauliflower_training/cali/Bacterial Soft Rot/bacterial_soft_rot_0742.jpg,Bacterial Soft Rot
/Users/thun/Desktop/cauliflower_training/cali/Bacterial Soft Rot/bacterial_soft_rot_0373.jpg,Bacterial Soft Rot
/Users/thun/Desktop/cauliflower_training/cali/Downy Mildew/downy_mildew_0014.png,Downy Mildew
/Users/thun/Desktop/cauliflower_training/cali/Healthy/healthy_0713.jpeg,Healthy
/Users/thun/Desktop/cauliflower_training/cali/Bacterial Soft Rot/bacterial_soft_rot_0651.jpg,Bacterial Soft Rot
/Users/thun/Desktop/cauliflower_training/cali/Downy Mildew/downy_mildew_0186.png,Downy Mildew
/Users/thun/Desktop/cauliflower_training/cali/Downy Mildew/downy_mildew_0254.png,Downy Mildew
/Users/thun/Desktop/cauliflower_training/cali/Bacterial Soft Rot/bacterial_soft_rot_1372.jpg,Bacterial Soft Rot
/Users/thun/Desktop/cauliflower_training/cali/Downy Mildew/downy_mildew_0455.png,Downy Mildew
/Users/thun/Desktop/cauliflower_training/cali/Healthy/healthy_1123.jpg,Healthy
/Users/thun/Desktop/cauliflower_training/cali/Healthy/healthy_2917.jpg,Healthy
/Users/thun/Desktop/cauliflower_training/cali/Healthy/healthy_1711.jpg,Healthy
/Users/thun/Desktop/cauliflower_training/cali/Healthy/healthy_1785.jpg,Healthy
/Users/thun/Desktop/cauliflower_training/cali/Healthy/healthy_1932.jpg,Healthy
/Users/thun/Desktop/cauliflower_training/cali/Healthy/healthy_1881.jpg,Healthy
/Users/thun/Desktop/cauliflower_training/cali/Alternaria Leaf Spot/alternaria_leaf_spot_0736.jpg,Alternaria Leaf Spot
/Users/thun/Desktop/cauliflower_training/cali/Bacterial Soft Rot/bacterial_soft_rot_1378.jpg,Bacterial Soft Rot
/Users/thun/Desktop/cauliflower_training/cali/Bacterial Soft Rot/bacterial_soft_rot_0554.jpg,Bacterial Soft Rot
/Users/thun/Desktop/cauliflower_training/cali/Healthy/healthy_0281.png,Healthy
/Users/thun/Desktop/cauliflower_training/cali/Healthy/healthy_3107.jpg,Healthy
/Users/thun/Desktop/cauliflower_training/cali/Black Rot/black_rot_249.png,Black Rot
/Users/thun/Desktop/cauliflower_training/cali/Healthy/healthy_0269.png,Healthy
/Users/thun/Desktop/cauliflower_training/cali/Bacterial Soft Rot/bacterial_soft_rot_0880.jpg,Bacterial Soft Rot
/Users/thun/Desktop/cauliflower_training/cali/Healthy/healthy_2114.jpg,Healthy
/Users/thun/Desktop/cauliflower_training/cali/Bacterial Soft Rot/bacterial_soft_rot_1305.jpg,Bacterial Soft Rot
/Users/thun/Desktop/cauliflower_training/cali/Healthy/healthy_2108.jpg,Healthy
/Users/thun/Desktop/cauliflower_training/cali/Alternaria Leaf Spot/alternaria_leaf_spot_0368.jpg,Alternaria Leaf Spot
/Users/thun/Desktop/cauliflower_training/cali/Downy Mildew/downy_mildew_0052.png,Downy Mildew
/Users/thun/Desktop/cauliflower_training/cali/Downy Mildew/downy_mildew_0436.png,Downy Mildew
/Users/thun/Desktop/cauliflower_training/cali/Black Rot/black_rot_334.png,Black Rot
/Users/thun/Desktop/cauliflower_training/cali/Bacterial Soft Rot/bacterial_soft_rot_0208.jpg,Bacterial Soft Rot
/Users/thun/Desktop/cauliflower_training/cali/Healthy/healthy_3067.jpg,Healthy
/Users/thun/Desktop/cauliflower_training/cali/Bacterial Soft Rot/bacterial_soft_rot_1313.jpg,Bacterial Soft Rot
/Users/thun/Desktop/cauliflower_training/cali/Alternaria Leaf Spot/alternaria_leaf_spot_0120.jpeg,Alternaria Leaf Spot
/Users/thun/Desktop/cauliflower_training/cali/Black Rot/black_rot_422.png,Black Rot
/Users/thun/Desktop/cauliflower_training/cali/Alternaria Leaf Spot/alternaria_leaf_spot_0129.jpeg,Alternaria Leaf Spot
/Users/thun/Desktop/cauliflower_training/cali/Downy Mildew/downy_mildew_1181.jpg,Downy Mildew
/Users/thun/Desktop/cauliflower_training/cali/Downy Mildew/downy_mildew_0917.jpg,Downy Mildew
/Users/thun/Desktop/cauliflower_training/cali/Healthy/healthy_2697.jpg,Healthy
/Users/thun/Desktop/cauliflower_training/cali/Bacterial Soft Rot/bacterial_soft_rot_0887.jpg,Bacterial Soft Rot
/Users/thun/Desktop/cauliflower_training/cali/Bacterial Soft Rot/bacterial_soft_rot_0317.jpg,Bacterial Soft Rot
/Users/thun/Desktop/cauliflower_training/cali/Healthy/healthy_2035.jpg,Healthy
/Users/thun/Desktop/cauliflower_training/cali/Black Rot/black_rot_080.png,Black Rot
/Users/thun/Desktop/cauliflower_training/cali/Healthy/healthy_0251.png,Healthy
/Users/thun/Desktop/cauliflower_training/cali/Healthy/healthy_1264.png,Healthy
/Users/thun/Desktop/cauliflower_training/cali/Downy Mildew/downy_mildew_1004.jpeg,Downy Mildew
/Users/thun/Desktop/cauliflower_training/cali/Healthy/healthy_1085.png,Healthy
/Users/thun/Desktop/cauliflower_training/cali/Healthy/healthy_2590.jpg,Healthy
/Users/thun/Desktop/cauliflower_training/cali/Downy Mildew/downy_mildew_0348.png,Downy Mildew
/Users/thun/Desktop/cauliflower_training/cali/Healthy/healthy_2238.jpg,Healthy
/Users/thun/Desktop/cauliflower_training/cali/Healthy/healthy_1777.jpg,Healthy
/Users/thun/Desktop/cauliflower_training/cali/Healthy/healthy_2307.jpg,Healthy
/Users/thun/Desktop/cauliflower_training/cali/Bacterial Soft Rot/bacterial_soft_rot_0263.jpg,Bacterial Soft Rot
/Users/thun/Desktop/cauliflower_training/cali/Healthy/healthy_1576.jpg,Healthy
/Users/thun/Desktop/cauliflower_training/cali/Healthy/healthy_1790.jpg,Healthy
/Users/thun/Desktop/cauliflower_training/cali/Healthy/healthy_2367.jpg,Healthy
/Users/thun/Desktop/cauliflower_training/cali/Black Rot/black_rot_483.png,Black Rot
/Users/thun/Desktop/cauliflower_training/cali/Healthy/healthy_0881.jpeg,Healthy
/Users/thun/Desktop/cauliflower_training/cali/Bacterial Soft Rot/bacterial_soft_rot_0366.jpg,Bacterial Soft Rot
/Users/thun/Desktop/cauliflower_training/cali/Alternaria Leaf Spot/alternaria_leaf_spot_0037.jpeg,Alternaria Leaf Spot
/Users/thun/Desktop/cauliflower_training/cali/Downy Mildew/downy_mildew_1065.jpeg,Downy Mildew
/Users/thun/Desktop/cauliflower_training/cali/Healthy/healthy_0493.png,Healthy
/Users/thun/Desktop/cauliflower_training/cali/Healthy/healthy_0550.png,Healthy
/Users/thun/Desktop/cauliflower_training/cali/Healthy/healthy_1096.png,Healthy
/Users/thun/Desktop/cauliflower_training/cali/Healthy/healthy_1864.jpg,Healthy
/Users/thun/Desktop/cauliflower_training/cali/Healthy/healthy_0148.png,Healthy
/Users/thun/Desktop/cauliflower_training/cali/Bacterial Soft Rot/bacterial_soft_rot_0055.jpeg,Bacterial Soft Rot
/Users/thun/Desktop/cauliflower_training/cali/Bacterial Soft Rot/bacterial_soft_rot_0904.jpg,Bacterial Soft Rot
/Users/thun/Desktop/cauliflower_training/cali/Black Rot/black_rot_498.png,Black Rot
/Users/thun/Desktop/cauliflower_training/cali/Alternaria Leaf Spot/alternaria_leaf_spot_1355.jpg,Alternaria Leaf Spot
/Users/thun/Desktop/cauliflower_training/cali/Healthy/healthy_0466.png,Healthy
/Users/thun/Desktop/cauliflower_training/cali/Black Rot/black_rot_785.jpeg,Black Rot
/Users/thun/Desktop/cauliflower_training/cali/Bacterial Soft Rot/bacterial_soft_rot_0879.jpg,Bacterial Soft Rot
/Users/thun/Desktop/cauliflower_training/cali/Bacterial Soft Rot/bacterial_soft_rot_0969.jpg,Bacterial Soft Rot
/Users/thun/Desktop/cauliflower_training/cali/Downy Mildew/downy_mildew_0989.jpg,Downy Mildew
/Users/thun/Desktop/cauliflower_training/cali/Healthy/healthy_2853.jpg,Healthy
/Users/thun/Desktop/cauliflower_training/cali/Healthy/healthy_2430.jpg,Healthy
/Users/thun/Desktop/cauliflower_training/cali/Bacterial Soft Rot/bacterial_soft_rot_0142.jpeg,Bacterial Soft Rot
/Users/thun/Desktop/cauliflower_training/cali/Alternaria Leaf Spot/alternaria_leaf_spot_0014.jpeg,Alternaria Leaf Spot
/Users/thun/Desktop/cauliflower_training/cali/Healthy/healthy_1608.jpg,Healthy
/Users/thun/Desktop/cauliflower_training/cali/Alternaria Leaf Spot/alternaria_leaf_spot_0639.jpg,Alternaria Leaf Spot
/Users/thun/Desktop/cauliflower_training/cali/Alternaria Leaf Spot/alternaria_leaf_spot_1103.jpg,Alternaria Leaf Spot
/Users/thun/Desktop/cauliflower_training/cali/Healthy/healthy_2739.jpg,Healthy
/Users/thun/Desktop/cauliflower_training/cali/Healthy/healthy_0384.png,Healthy
/Users/thun/Desktop/cauliflower_training/cali/Downy Mildew/downy_mildew_0207.png,Downy Mildew
/Users/thun/Desktop/cauliflower_training/cali/Healthy/healthy_2418.jpg,Healthy
/Users/thun/Desktop/cauliflower_training/cali/Alternaria Leaf Spot/alternaria_leaf_spot_1192.jpg,Alternaria Leaf Spot
/Users/thun/Desktop/cauliflower_training/cali/Bacterial Soft Rot/bacterial_soft_rot_0023.jpg,Bacterial Soft Rot
/Users/thun/Desktop/cauliflower_training/cali/Alternaria Leaf Spot/alternaria_leaf_spot_0699.jpg,Alternaria Leaf Spot
/Users/thun/Desktop/cauliflower_training/cali/Healthy/healthy_2522.jpg,Healthy
/Users/thun/Desktop/cauliflower_training/cali/Healthy/healthy_0448.png,Healthy
/Users/thun/Desktop/cauliflower_training/cali/Alternaria Leaf Spot/alternaria_leaf_spot_0765.jpg,Alternaria Leaf Spot
/Users/thun/Desktop/cauliflower_training/cali/Alternaria Leaf Spot/alternaria_leaf_spot_1241.jpg,Alternaria Leaf Spot
/Users/thun/Desktop/cauliflower_training/cali/Black Rot/black_rot_798.jpg,Black Rot
/Users/thun/Desktop/cauliflower_training/cali/Bacterial Soft Rot/bacterial_soft_rot_0613.jpg,Bacterial Soft Rot
/Users/thun/Desktop/cauliflower_training/cali/Downy Mildew/downy_mildew_0902.jpeg,Downy Mildew
/Users/thun/Desktop/cauliflower_training/cali/Black Rot/black_rot_245.png,Black Rot
/Users/thun/Desktop/cauliflower_training/cali/Healthy/healthy_2671.jpg,Healthy
/Users/thun/Desktop/cauliflower_training/cali/Alternaria Leaf Spot/alternaria_leaf_spot_0209.jpeg,Alternaria Leaf Spot
/Users/thun/Desktop/cauliflower_training/cali/Downy Mildew/downy_mildew_0204.png,Downy Mildew
/Users/thun/Desktop/cauliflower_training/cali/Black Rot/black_rot_709.jpeg,Black Rot
/Users/thun/Desktop/cauliflower_training/cali/Healthy/healthy_1909.jpg,Healthy
/Users/thun/Desktop/cauliflower_training/cali/Alternaria Leaf Spot/alternaria_leaf_spot_1326.jpg,Alternaria Leaf Spot
/Users/thun/Desktop/cauliflower_training/cali/Healthy/healthy_1483.jpg,Healthy
/Users/thun/Desktop/cauliflower_training/cali/Healthy/healthy_2202.jpg,Healthy
/Users/thun/Desktop/cauliflower_training/cali/Alternaria Leaf Spot/alternaria_leaf_spot_1478.jpg,Alternaria Leaf Spot
/Users/thun/Desktop/cauliflower_training/cali/Downy Mildew/downy_mildew_0795.jpg,Downy Mildew
/Users/thun/Desktop/cauliflower_training/cali/Healthy/healthy_1124.jpg,Healthy
/Users/thun/Desktop/cauliflower_training/cali/Healthy/healthy_0835.jpeg,Healthy
/Users/thun/Desktop/cauliflower_training/cali/Healthy/healthy_1631.jpg,Healthy
/Users/thun/Desktop/cauliflower_training/cali/Healthy/healthy_2758.jpg,Healthy
/Users/thun/Desktop/cauliflower_training/cali/Healthy/healthy_1476.jpeg,Healthy
/Users/thun/Desktop/cauliflower_training/cali/Alternaria Leaf Spot/alternaria_leaf_spot_0845.jpg,Alternaria Leaf Spot
/Users/thun/Desktop/cauliflower_training/cali/Healthy/healthy_2484.jpg,Healthy
/Users/thun/Desktop/cauliflower_training/cali/Healthy/healthy_1988.jpg,Healthy
/Users/thun/Desktop/cauliflower_training/cali/Healthy/healthy_2415.jpg,Healthy
/Users/thun/Desktop/cauliflower_training/cali/Downy Mildew/downy_mildew_1081.jpeg,Downy Mildew
/Users/thun/Desktop/cauliflower_training/cali/Black Rot/black_rot_433.png,Black Rot
/Users/thun/Desktop/cauliflower_training/cali/Healthy/healthy_1652.jpg,Healthy
/Users/thun/Desktop/cauliflower_training/cali/Bacterial Soft Rot/bacterial_soft_rot_1342.jpg,Bacterial Soft Rot
/Users/thun/Desktop/cauliflower_training/cali/Healthy/healthy_0780.jpeg,Healthy
/Users/thun/Desktop/cauliflower_training/cali/Bacterial Soft Rot/bacterial_soft_rot_0862.jpg,Bacterial Soft Rot
/Users/thun/Desktop/cauliflower_training/cali/Healthy/healthy_0595.png,Healthy
/Users/thun/Desktop/cauliflower_training/cali/Alternaria Leaf Spot/alternaria_leaf_spot_0210.jpeg,Alternaria Leaf Spot
/Users/thun/Desktop/cauliflower_training/cali/Healthy/healthy_0259.png,Healthy
/Users/thun/Desktop/cauliflower_training/cali/Bacterial Soft Rot/bacterial_soft_rot_1381.jpg,Bacterial Soft Rot
/Users/thun/Desktop/cauliflower_training/cali/Bacterial Soft Rot/bacterial_soft_rot_0884.jpg,Bacterial Soft Rot
/Users/thun/Desktop/cauliflower_training/cali/Healthy/healthy_0112.png,Healthy
/Users/thun/Desktop/cauliflower_training/cali/Black Rot/black_rot_536.png,Black Rot
/Users/thun/Desktop/cauliflower_training/cali/Downy Mildew/downy_mildew_0086.png,Downy Mildew
/Users/thun/Desktop/cauliflower_training/cali/Downy Mildew/downy_mildew_1190.jpeg,Downy Mildew
/Users/thun/Desktop/cauliflower_training/cali/Healthy/healthy_2377.jpg,Healthy
/Users/thun/Desktop/cauliflower_training/cali/Downy Mildew/downy_mildew_0633.png,Downy Mildew
/Users/thun/Desktop/cauliflower_training/cali/Alternaria Leaf Spot/alternaria_leaf_spot_1351.jpg,Alternaria Leaf Spot
/Users/thun/Desktop/cauliflower_training/cali/Downy Mildew/downy_mildew_0744.jpg,Downy Mildew
/Users/thun/Desktop/cauliflower_training/cali/Alternaria Leaf Spot/alternaria_leaf_spot_0406.jpg,Alternaria Leaf Spot
/Users/thun/Desktop/cauliflower_training/cali/Alternaria Leaf Spot/alternaria_leaf_spot_0444.jpg,Alternaria Leaf Spot
/Users/thun/Desktop/cauliflower_training/cali/Healthy/healthy_2227.jpg,Healthy
/Users/thun/Desktop/cauliflower_training/cali/Downy Mildew/downy_mildew_0698.png,Downy Mildew
/Users/thun/Desktop/cauliflower_training/cali/Healthy/healthy_1097.jpg,Healthy
/Users/thun/Desktop/cauliflower_training/cali/Healthy/healthy_1290.png,Healthy
/Users/thun/Desktop/cauliflower_training/cali/Bacterial Soft Rot/bacterial_soft_rot_0671.jpg,Bacterial Soft Rot
/Users/thun/Desktop/cauliflower_training/cali/Bacterial Soft Rot/bacterial_soft_rot_1175.jpg,Bacterial Soft Rot
/Users/thun/Desktop/cauliflower_training/cali/Healthy/healthy_2880.jpg,Healthy
/Users/thun/Desktop/cauliflower_training/cali/Healthy/healthy_1198.jpg,Healthy
/Users/thun/Desktop/cauliflower_training/cali/Black Rot/black_rot_784.jpeg,Black Rot
/Users/thun/Desktop/cauliflower_training/cali/Downy Mildew/downy_mildew_0221.png,Downy Mildew
/Users/thun/Desktop/cauliflower_training/cali/Black Rot/black_rot_662.png,Black Rot
/Users/thun/Desktop/cauliflower_training/cali/Healthy/healthy_2119.jpg,Healthy
/Users/thun/Desktop/cauliflower_training/cali/Bacterial Soft Rot/bacterial_soft_rot_0057.jpeg,Bacterial Soft Rot
/Users/thun/Desktop/cauliflower_training/cali/Healthy/healthy_2126.jpg,Healthy
/Users/thun/Desktop/cauliflower_training/cali/Alternaria Leaf Spot/alternaria_leaf_spot_0363.jpg,Alternaria Leaf Spot
/Users/thun/Desktop/cauliflower_training/cali/Healthy/healthy_1024.jpeg,Healthy
/Users/thun/Desktop/cauliflower_training/cali/Downy Mildew/downy_mildew_0543.png,Downy Mildew
/Users/thun/Desktop/cauliflower_training/cali/Healthy/healthy_1781.jpg,Healthy
/Users/thun/Desktop/cauliflower_training/cali/Bacterial Soft Rot/bacterial_soft_rot_0329.jpg,Bacterial Soft Rot
/Users/thun/Desktop/cauliflower_training/cali/Alternaria Leaf Spot/alternaria_leaf_spot_1069.jpg,Alternaria Leaf Spot
/Users/thun/Desktop/cauliflower_training/cali/Healthy/healthy_1475.png,Healthy
/Users/thun/Desktop/cauliflower_training/cali/Bacterial Soft Rot/bacterial_soft_rot_1028.jpg,Bacterial Soft Rot
/Users/thun/Desktop/cauliflower_training/cali/Alternaria Leaf Spot/alternaria_leaf_spot_1449.jpg,Alternaria Leaf Spot
/Users/thun/Desktop/cauliflower_training/cali/Downy Mildew/downy_mildew_0137.png,Downy Mildew
/Users/thun/Desktop/cauliflower_training/cali/Downy Mildew/downy_mildew_1182.jpeg,Downy Mildew
/Users/thun/Desktop/cauliflower_training/cali/Healthy/healthy_2096.jpg,Healthy
/Users/thun/Desktop/cauliflower_training/cali/Alternaria Leaf Spot/alternaria_leaf_spot_0215.jpeg,Alternaria Leaf Spot
/Users/thun/Desktop/cauliflower_training/cali/Alternaria Leaf Spot/alternaria_leaf_spot_0366.jpg,Alternaria Leaf Spot
/Users/thun/Desktop/cauliflower_training/cali/Alternaria Leaf Spot/alternaria_leaf_spot_0971.jpg,Alternaria Leaf Spot
/Users/thun/Desktop/cauliflower_training/cali/Healthy/healthy_1249.jpeg,Healthy
/Users/thun/Desktop/cauliflower_training/cali/Black Rot/black_rot_174.png,Black Rot
/Users/thun/Desktop/cauliflower_training/cali/Healthy/healthy_1303.png,Healthy
/Users/thun/Desktop/cauliflower_training/cali/Alternaria Leaf Spot/alternaria_leaf_spot_0504.jpg,Alternaria Leaf Spot
/Users/thun/Desktop/cauliflower_training/cali/Downy Mildew/downy_mildew_1269.jpg,Downy Mildew
/Users/thun/Desktop/cauliflower_training/cali/Downy Mildew/downy_mildew_0740.jpg,Downy Mildew
/Users/thun/Desktop/cauliflower_training/cali/Bacterial Soft Rot/bacterial_soft_rot_1098.jpg,Bacterial Soft Rot
/Users/thun/Desktop/cauliflower_training/cali/Healthy/healthy_2083.jpg,Healthy
/Users/thun/Desktop/cauliflower_training/cali/Black Rot/black_rot_230.png,Black Rot
/Users/thun/Desktop/cauliflower_training/cali/Healthy/healthy_1279.jpg,Healthy
/Users/thun/Desktop/cauliflower_training/cali/Downy Mildew/downy_mildew_0365.png,Downy Mildew
/Users/thun/Desktop/cauliflower_training/cali/Bacterial Soft Rot/bacterial_soft_rot_1330.jpg,Bacterial Soft Rot
/Users/thun/Desktop/cauliflower_training/cali/Healthy/healthy_0477.png,Healthy
/Users/thun/Desktop/cauliflower_training/cali/Downy Mildew/downy_mildew_0979.jpg,Downy Mildew
/Users/thun/Desktop/cauliflower_training/cali/Healthy/healthy_1996.jpg,Healthy
/Users/thun/Desktop/cauliflower_training/cali/Alternaria Leaf Spot/alternaria_leaf_spot_0242.jpeg,Alternaria Leaf Spot
/Users/thun/Desktop/cauliflower_training/cali/Healthy/healthy_2084.jpg,Healthy
/Users/thun/Desktop/cauliflower_training/cali/Downy Mildew/downy_mildew_0145.png,Downy Mildew
/Users/thun/Desktop/cauliflower_training/cali/Healthy/healthy_1956.jpg,Healthy
/Users/thun/Desktop/cauliflower_training/cali/Alternaria Leaf Spot/alternaria_leaf_spot_1448.jpg,Alternaria Leaf Spot
/Users/thun/Desktop/cauliflower_training/cali/Healthy/healthy_2806.jpg,Healthy
/Users/thun/Desktop/cauliflower_training/cali/Alternaria Leaf Spot/alternaria_leaf_spot_1024.jpg,Alternaria Leaf Spot
/Users/thun/Desktop/cauliflower_training/cali/Healthy/healthy_2648.jpg,Healthy
/Users/thun/Desktop/cauliflower_training/cali/Healthy/healthy_3131.jpg,Healthy
/Users/thun/Desktop/cauliflower_training/cali/Alternaria Leaf Spot/alternaria_leaf_spot_0220.jpeg,Alternaria Leaf Spot
/Users/thun/Desktop/cauliflower_training/cali/Downy Mildew/downy_mildew_0773.jpg,Downy Mildew
/Users/thun/Desktop/cauliflower_training/cali/Bacterial Soft Rot/bacterial_soft_rot_0378.jpg,Bacterial Soft Rot
/Users/thun/Desktop/cauliflower_training/cali/Healthy/healthy_1865.jpg,Healthy
/Users/thun/Desktop/cauliflower_training/cali/Alternaria Leaf Spot/alternaria_leaf_spot_0557.jpg,Alternaria Leaf Spot
/Users/thun/Desktop/cauliflower_training/cali/Alternaria Leaf Spot/alternaria_leaf_spot_0286.jpg,Alternaria Leaf Spot
/Users/thun/Desktop/cauliflower_training/cali/Alternaria Leaf Spot/alternaria_leaf_spot_0525.jpg,Alternaria Leaf Spot
/Users/thun/Desktop/cauliflower_training/cali/Alternaria Leaf Spot/alternaria_leaf_spot_0931.jpg,Alternaria Leaf Spot
/Users/thun/Desktop/cauliflower_training/cali/Bacterial Soft Rot/bacterial_soft_rot_0352.jpg,Bacterial Soft Rot
/Users/thun/Desktop/cauliflower_training/cali/Bacterial Soft Rot/bacterial_soft_rot_0443.jpg,Bacterial Soft Rot
/Users/thun/Desktop/cauliflower_training/cali/Healthy/healthy_0053.png,Healthy
/Users/thun/Desktop/cauliflower_training/cali/Downy Mildew/downy_mildew_0536.png,Downy Mildew
/Users/thun/Desktop/cauliflower_training/cali/Black Rot/black_rot_031.png,Black Rot
/Users/thun/Desktop/cauliflower_training/cali/Healthy/healthy_1437.jpeg,Healthy
/Users/thun/Desktop/cauliflower_training/cali/Alternaria Leaf Spot/alternaria_leaf_spot_1257.jpg,Alternaria Leaf Spot
/Users/thun/Desktop/cauliflower_training/cali/Healthy/healthy_2537.jpg,Healthy
/Users/thun/Desktop/cauliflower_training/cali/Healthy/healthy_1776.jpg,Healthy
/Users/thun/Desktop/cauliflower_training/cali/Healthy/healthy_1373.jpg,Healthy
/Users/thun/Desktop/cauliflower_training/cali/Alternaria Leaf Spot/alternaria_leaf_spot_0526.jpg,Alternaria Leaf Spot
/Users/thun/Desktop/cauliflower_training/cali/Downy Mildew/downy_mildew_1116.jpeg,Downy Mildew
/Users/thun/Desktop/cauliflower_training/cali/Alternaria Leaf Spot/alternaria_leaf_spot_0352.jpg,Alternaria Leaf Spot
/Users/thun/Desktop/cauliflower_training/cali/Black Rot/black_rot_323.png,Black Rot
/Users/thun/Desktop/cauliflower_training/cali/Black Rot/black_rot_313.png,Black Rot
/Users/thun/Desktop/cauliflower_training/cali/Downy Mildew/downy_mildew_0570.png,Downy Mildew
/Users/thun/Desktop/cauliflower_training/cali/Alternaria Leaf Spot/alternaria_leaf_spot_0477.jpg,Alternaria Leaf Spot
/Users/thun/Desktop/cauliflower_training/cali/Alternaria Leaf Spot/alternaria_leaf_spot_1015.jpg,Alternaria Leaf Spot
/Users/thun/Desktop/cauliflower_training/cali/Healthy/healthy_2123.jpg,Healthy
/Users/thun/Desktop/cauliflower_training/cali/Healthy/healthy_0675.png,Healthy
/Users/thun/Desktop/cauliflower_training/cali/Bacterial Soft Rot/bacterial_soft_rot_0389.jpg,Bacterial Soft Rot
/Users/thun/Desktop/cauliflower_training/cali/Healthy/healthy_2591.jpg,Healthy
/Users/thun/Desktop/cauliflower_training/cali/Healthy/healthy_2950.jpg,Healthy
/Users/thun/Desktop/cauliflower_training/cali/Healthy/healthy_0553.png,Healthy
/Users/thun/Desktop/cauliflower_training/cali/Downy Mildew/downy_mildew_0695.png,Downy Mildew
/Users/thun/Desktop/cauliflower_training/cali/Black Rot/black_rot_780.jpeg,Black Rot
/Users/thun/Desktop/cauliflower_training/cali/Bacterial Soft Rot/bacterial_soft_rot_1158.jpg,Bacterial Soft Rot
/Users/thun/Desktop/cauliflower_training/cali/Healthy/healthy_1512.jpeg,Healthy
/Users/thun/Desktop/cauliflower_training/cali/Healthy/healthy_1348.jpg,Healthy
/Users/thun/Desktop/cauliflower_training/cali/Downy Mildew/downy_mildew_1158.jpeg,Downy Mildew
/Users/thun/Desktop/cauliflower_training/cali/Bacterial Soft Rot/bacterial_soft_rot_0237.jpg,Bacterial Soft Rot
/Users/thun/Desktop/cauliflower_training/cali/Alternaria Leaf Spot/alternaria_leaf_spot_1011.jpg,Alternaria Leaf Spot
/Users/thun/Desktop/cauliflower_training/cali/Alternaria Leaf Spot/alternaria_leaf_spot_1426.jpg,Alternaria Leaf Spot
/Users/thun/Desktop/cauliflower_training/cali/Downy Mildew/downy_mildew_0033.png,Downy Mildew
/Users/thun/Desktop/cauliflower_training/cali/Healthy/healthy_2744.jpg,Healthy
/Users/thun/Desktop/cauliflower_training/cali/Bacterial Soft Rot/bacterial_soft_rot_0797.jpg,Bacterial Soft Rot
/Users/thun/Desktop/cauliflower_training/cali/Alternaria Leaf Spot/alternaria_leaf_spot_0530.jpg,Alternaria Leaf Spot
/Users/thun/Desktop/cauliflower_training/cali/Alternaria Leaf Spot/alternaria_leaf_spot_1283.jpg,Alternaria Leaf Spot
/Users/thun/Desktop/cauliflower_training/cali/Bacterial Soft Rot/bacterial_soft_rot_0792.jpg,Bacterial Soft Rot
/Users/thun/Desktop/cauliflower_training/cali/Healthy/healthy_2158.jpg,Healthy
/Users/thun/Desktop/cauliflower_training/cali/Alternaria Leaf Spot/alternaria_leaf_spot_1352.jpg,Alternaria Leaf Spot
/Users/thun/Desktop/cauliflower_training/cali/Bacterial Soft Rot/bacterial_soft_rot_0465.jpg,Bacterial Soft Rot
/Users/thun/Desktop/cauliflower_training/cali/Healthy/healthy_2153.jpg,Healthy
/Users/thun/Desktop/cauliflower_training/cali/Healthy/healthy_0709.jpeg,Healthy
/Users/thun/Desktop/cauliflower_training/cali/Alternaria Leaf Spot/alternaria_leaf_spot_0434.jpg,Alternaria Leaf Spot
/Users/thun/Desktop/cauliflower_training/cali/Bacterial Soft Rot/bacterial_soft_rot_0967.jpg,Bacterial Soft Rot
/Users/thun/Desktop/cauliflower_training/cali/Downy Mildew/downy_mildew_0648.png,Downy Mildew
/Users/thun/Desktop/cauliflower_training/cali/Healthy/healthy_2751.jpg,Healthy
/Users/thun/Desktop/cauliflower_training/cali/Healthy/healthy_1355.jpg,Healthy
/Users/thun/Desktop/cauliflower_training/cali/Bacterial Soft Rot/bacterial_soft_rot_0385.jpg,Bacterial Soft Rot
/Users/thun/Desktop/cauliflower_training/cali/Alternaria Leaf Spot/alternaria_leaf_spot_0024.jpeg,Alternaria Leaf Spot
/Users/thun/Desktop/cauliflower_training/cali/Healthy/healthy_2240.jpg,Healthy
/Users/thun/Desktop/cauliflower_training/cali/Downy Mildew/downy_mildew_0149.png,Downy Mildew
/Users/thun/Desktop/cauliflower_training/cali/Downy Mildew/downy_mildew_1050.jpeg,Downy Mildew
/Users/thun/Desktop/cauliflower_training/cali/Healthy/healthy_2699.jpg,Healthy
/Users/thun/Desktop/cauliflower_training/cali/Healthy/healthy_1507.jpg,Healthy
/Users/thun/Desktop/cauliflower_training/cali/Healthy/healthy_2651.jpg,Healthy
/Users/thun/Desktop/cauliflower_training/cali/Alternaria Leaf Spot/alternaria_leaf_spot_0928.jpg,Alternaria Leaf Spot
/Users/thun/Desktop/cauliflower_training/cali/Healthy/healthy_2670.jpg,Healthy
/Users/thun/Desktop/cauliflower_training/cali/Black Rot/black_rot_069.png,Black Rot
/Users/thun/Desktop/cauliflower_training/cali/Alternaria Leaf Spot/alternaria_leaf_spot_0682.jpg,Alternaria Leaf Spot
/Users/thun/Desktop/cauliflower_training/cali/Healthy/healthy_3114.jpg,Healthy
/Users/thun/Desktop/cauliflower_training/cali/Bacterial Soft Rot/bacterial_soft_rot_1160.jpg,Bacterial Soft Rot
/Users/thun/Desktop/cauliflower_training/cali/Alternaria Leaf Spot/alternaria_leaf_spot_1075.jpg,Alternaria Leaf Spot
/Users/thun/Desktop/cauliflower_training/cali/Black Rot/black_rot_597.png,Black Rot
/Users/thun/Desktop/cauliflower_training/cali/Bacterial Soft Rot/bacterial_soft_rot_0713.jpg,Bacterial Soft Rot
/Users/thun/Desktop/cauliflower_training/cali/Healthy/healthy_1466.png,Healthy
/Users/thun/Desktop/cauliflower_training/cali/Bacterial Soft Rot/bacterial_soft_rot_1006.jpg,Bacterial Soft Rot
/Users/thun/Desktop/cauliflower_training/cali/Downy Mildew/downy_mildew_1063.jpeg,Downy Mildew
/Users/thun/Desktop/cauliflower_training/cali/Healthy/healthy_2491.jpg,Healthy
/Users/thun/Desktop/cauliflower_training/cali/Healthy/healthy_0371.png,Healthy
/Users/thun/Desktop/cauliflower_training/cali/Bacterial Soft Rot/bacterial_soft_rot_1107.jpg,Bacterial Soft Rot
/Users/thun/Desktop/cauliflower_training/cali/Healthy/healthy_0614.png,Healthy
/Users/thun/Desktop/cauliflower_training/cali/Healthy/healthy_1049.jpeg,Healthy
/Users/thun/Desktop/cauliflower_training/cali/Downy Mildew/downy_mildew_0251.png,Downy Mildew
/Users/thun/Desktop/cauliflower_training/cali/Healthy/healthy_0180.png,Healthy
/Users/thun/Desktop/cauliflower_training/cali/Alternaria Leaf Spot/alternaria_leaf_spot_0862.jpg,Alternaria Leaf Spot
/Users/thun/Desktop/cauliflower_training/cali/Healthy/healthy_2287.jpg,Healthy
/Users/thun/Desktop/cauliflower_training/cali/Bacterial Soft Rot/bacterial_soft_rot_0721.jpg,Bacterial Soft Rot
/Users/thun/Desktop/cauliflower_training/cali/Healthy/healthy_2982.jpg,Healthy
/Users/thun/Desktop/cauliflower_training/cali/Healthy/healthy_0045.png,Healthy
/Users/thun/Desktop/cauliflower_training/cali/Downy Mildew/downy_mildew_1162.jpeg,Downy Mildew
/Users/thun/Desktop/cauliflower_training/cali/Bacterial Soft Rot/bacterial_soft_rot_1044.jpg,Bacterial Soft Rot
/Users/thun/Desktop/cauliflower_training/cali/Alternaria Leaf Spot/alternaria_leaf_spot_0491.jpg,Alternaria Leaf Spot
/Users/thun/Desktop/cauliflower_training/cali/Healthy/healthy_0027.png,Healthy
/Users/thun/Desktop/cauliflower_training/cali/Downy Mildew/downy_mildew_0708.jpg,Downy Mildew
/Users/thun/Desktop/cauliflower_training/cali/Downy Mildew/downy_mildew_0832.jpg,Downy Mildew
/Users/thun/Desktop/cauliflower_training/cali/Healthy/healthy_0915.jpg,Healthy
/Users/thun/Desktop/cauliflower_training/cali/Healthy/healthy_2563.jpg,Healthy
/Users/thun/Desktop/cauliflower_training/cali/Healthy/healthy_2570.jpg,Healthy
/Users/thun/Desktop/cauliflower_training/cali/Bacterial Soft Rot/bacterial_soft_rot_0781.jpg,Bacterial Soft Rot
/Users/thun/Desktop/cauliflower_training/cali/Bacterial Soft Rot/bacterial_soft_rot_0885.jpg,Bacterial Soft Rot
/Users/thun/Desktop/cauliflower_training/cali/Healthy/healthy_0216.png,Healthy
/Users/thun/Desktop/cauliflower_training/cali/Healthy/healthy_2942.jpg,Healthy
/Users/thun/Desktop/cauliflower_training/cali/Downy Mildew/downy_mildew_1020.jpg,Downy Mildew
/Users/thun/Desktop/cauliflower_training/cali/Bacterial Soft Rot/bacterial_soft_rot_0957.jpg,Bacterial Soft Rot
/Users/thun/Desktop/cauliflower_training/cali/Alternaria Leaf Spot/alternaria_leaf_spot_0269.jpeg,Alternaria Leaf Spot
/Users/thun/Desktop/cauliflower_training/cali/Healthy/healthy_3077.jpeg,Healthy
/Users/thun/Desktop/cauliflower_training/cali/Healthy/healthy_0094.png,Healthy
/Users/thun/Desktop/cauliflower_training/cali/Bacterial Soft Rot/bacterial_soft_rot_0507.jpg,Bacterial Soft Rot
/Users/thun/Desktop/cauliflower_training/cali/Healthy/healthy_0617.png,Healthy
/Users/thun/Desktop/cauliflower_training/cali/Black Rot/black_rot_092.png,Black Rot
/Users/thun/Desktop/cauliflower_training/cali/Black Rot/black_rot_515.png,Black Rot
/Users/thun/Desktop/cauliflower_training/cali/Healthy/healthy_0995.jpeg,Healthy
/Users/thun/Desktop/cauliflower_training/cali/Black Rot/black_rot_568.png,Black Rot
/Users/thun/Desktop/cauliflower_training/cali/Healthy/healthy_2866.jpg,Healthy
/Users/thun/Desktop/cauliflower_training/cali/Healthy/healthy_0589.png,Healthy
/Users/thun/Desktop/cauliflower_training/cali/Healthy/healthy_2523.jpg,Healthy
/Users/thun/Desktop/cauliflower_training/cali/Healthy/healthy_2653.jpg,Healthy
/Users/thun/Desktop/cauliflower_training/cali/Healthy/healthy_0057.png,Healthy
/Users/thun/Desktop/cauliflower_training/cali/Bacterial Soft Rot/bacterial_soft_rot_1328.jpg,Bacterial Soft Rot
/Users/thun/Desktop/cauliflower_training/cali/Bacterial Soft Rot/bacterial_soft_rot_0351.jpg,Bacterial Soft Rot
/Users/thun/Desktop/cauliflower_training/cali/Bacterial Soft Rot/bacterial_soft_rot_0803.jpg,Bacterial Soft Rot
/Users/thun/Desktop/cauliflower_training/cali/Healthy/healthy_0786.jpeg,Healthy
/Users/thun/Desktop/cauliflower_training/cali/Healthy/healthy_0187.png,Healthy
/Users/thun/Desktop/cauliflower_training/cali/Healthy/healthy_2688.jpg,Healthy
/Users/thun/Desktop/cauliflower_training/cali/Downy Mildew/downy_mildew_0156.png,Downy Mildew
/Users/thun/Desktop/cauliflower_training/cali/Healthy/healthy_2760.jpg,Healthy
/Users/thun/Desktop/cauliflower_training/cali/Bacterial Soft Rot/bacterial_soft_rot_1395.jpg,Bacterial Soft Rot
/Users/thun/Desktop/cauliflower_training/cali/Healthy/healthy_1338.jpg,Healthy
/Users/thun/Desktop/cauliflower_training/cali/Black Rot/black_rot_532.png,Black Rot
/Users/thun/Desktop/cauliflower_training/cali/Healthy/healthy_2366.jpg,Healthy
/Users/thun/Desktop/cauliflower_training/cali/Black Rot/black_rot_641.png,Black Rot
/Users/thun/Desktop/cauliflower_training/cali/Downy Mildew/downy_mildew_0948.jpeg,Downy Mildew
/Users/thun/Desktop/cauliflower_training/cali/Bacterial Soft Rot/bacterial_soft_rot_1003.jpg,Bacterial Soft Rot
/Users/thun/Desktop/cauliflower_training/cali/Bacterial Soft Rot/bacterial_soft_rot_0235.jpg,Bacterial Soft Rot
/Users/thun/Desktop/cauliflower_training/cali/Black Rot/black_rot_238.png,Black Rot
/Users/thun/Desktop/cauliflower_training/cali/Healthy/healthy_1684.jpg,Healthy
/Users/thun/Desktop/cauliflower_training/cali/Downy Mildew/downy_mildew_0336.png,Downy Mildew
/Users/thun/Desktop/cauliflower_training/cali/Bacterial Soft Rot/bacterial_soft_rot_0176.jpeg,Bacterial Soft Rot
/Users/thun/Desktop/cauliflower_training/cali/Black Rot/black_rot_503.png,Black Rot
/Users/thun/Desktop/cauliflower_training/cali/Bacterial Soft Rot/bacterial_soft_rot_0171.jpeg,Bacterial Soft Rot
/Users/thun/Desktop/cauliflower_training/cali/Black Rot/black_rot_118.png,Black Rot
/Users/thun/Desktop/cauliflower_training/cali/Healthy/healthy_0820.jpeg,Healthy
/Users/thun/Desktop/cauliflower_training/cali/Healthy/healthy_1516.jpg,Healthy
/Users/thun/Desktop/cauliflower_training/cali/Downy Mildew/downy_mildew_0443.png,Downy Mildew
/Users/thun/Desktop/cauliflower_training/cali/Downy Mildew/downy_mildew_0097.png,Downy Mildew
/Users/thun/Desktop/cauliflower_training/cali/Bacterial Soft Rot/bacterial_soft_rot_0077.jpeg,Bacterial Soft Rot
/Users/thun/Desktop/cauliflower_training/cali/Downy Mildew/downy_mildew_0929.jpg,Downy Mildew
/Users/thun/Desktop/cauliflower_training/cali/Downy Mildew/downy_mildew_0579.png,Downy Mildew
/Users/thun/Desktop/cauliflower_training/cali/Healthy/healthy_0651.png,Healthy
/Users/thun/Desktop/cauliflower_training/cali/Bacterial Soft Rot/bacterial_soft_rot_1240.jpg,Bacterial Soft Rot
/Users/thun/Desktop/cauliflower_training/cali/Black Rot/black_rot_605.png,Black Rot
/Users/thun/Desktop/cauliflower_training/cali/Alternaria Leaf Spot/alternaria_leaf_spot_0248.jpeg,Alternaria Leaf Spot
/Users/thun/Desktop/cauliflower_training/cali/Alternaria Leaf Spot/alternaria_leaf_spot_0086.jpeg,Alternaria Leaf Spot
/Users/thun/Desktop/cauliflower_training/cali/Bacterial Soft Rot/bacterial_soft_rot_0524.jpg,Bacterial Soft Rot
/Users/thun/Desktop/cauliflower_training/cali/Black Rot/black_rot_537.png,Black Rot
/Users/thun/Desktop/cauliflower_training/cali/Black Rot/black_rot_413.png,Black Rot
/Users/thun/Desktop/cauliflower_training/cali/Alternaria Leaf Spot/alternaria_leaf_spot_0938.jpg,Alternaria Leaf Spot
/Users/thun/Desktop/cauliflower_training/cali/Bacterial Soft Rot/bacterial_soft_rot_1254.jpg,Bacterial Soft Rot
/Users/thun/Desktop/cauliflower_training/cali/Alternaria Leaf Spot/alternaria_leaf_spot_1090.jpg,Alternaria Leaf Spot
/Users/thun/Desktop/cauliflower_training/cali/Healthy/healthy_2245.jpg,Healthy
/Users/thun/Desktop/cauliflower_training/cali/Healthy/healthy_1098.jpg,Healthy
/Users/thun/Desktop/cauliflower_training/cali/Healthy/healthy_0701.jpeg,Healthy
/Users/thun/Desktop/cauliflower_training/cali/Healthy/healthy_2222.jpg,Healthy
/Users/thun/Desktop/cauliflower_training/cali/Alternaria Leaf Spot/alternaria_leaf_spot_0432.jpg,Alternaria Leaf Spot
/Users/thun/Desktop/cauliflower_training/cali/Healthy/healthy_1682.jpg,Healthy
/Users/thun/Desktop/cauliflower_training/cali/Healthy/healthy_2973.jpg,Healthy
/Users/thun/Desktop/cauliflower_training/cali/Alternaria Leaf Spot/alternaria_leaf_spot_1253.jpg,Alternaria Leaf Spot
/Users/thun/Desktop/cauliflower_training/cali/Downy Mildew/downy_mildew_0178.png,Downy Mildew
/Users/thun/Desktop/cauliflower_training/cali/Healthy/healthy_1983.jpg,Healthy
/Users/thun/Desktop/cauliflower_training/cali/Healthy/healthy_1976.jpg,Healthy
/Users/thun/Desktop/cauliflower_training/cali/Downy Mildew/downy_mildew_0718.jpg,Downy Mildew
/Users/thun/Desktop/cauliflower_training/cali/Alternaria Leaf Spot/alternaria_leaf_spot_0646.jpg,Alternaria Leaf Spot
/Users/thun/Desktop/cauliflower_training/cali/Alternaria Leaf Spot/alternaria_leaf_spot_0816.jpg,Alternaria Leaf Spot
/Users/thun/Desktop/cauliflower_training/cali/Alternaria Leaf Spot/alternaria_leaf_spot_1086.jpg,Alternaria Leaf Spot
/Users/thun/Desktop/cauliflower_training/cali/Downy Mildew/downy_mildew_1272.jpeg,Downy Mildew
/Users/thun/Desktop/cauliflower_training/cali/Downy Mildew/downy_mildew_0679.png,Downy Mildew
/Users/thun/Desktop/cauliflower_training/cali/Downy Mildew/downy_mildew_0384.png,Downy Mildew
/Users/thun/Desktop/cauliflower_training/cali/Alternaria Leaf Spot/alternaria_leaf_spot_0860.jpg,Alternaria Leaf Spot
/Users/thun/Desktop/cauliflower_training/cali/Alternaria Leaf Spot/alternaria_leaf_spot_0442.jpg,Alternaria Leaf Spot
/Users/thun/Desktop/cauliflower_training/cali/Bacterial Soft Rot/bacterial_soft_rot_0620.jpg,Bacterial Soft Rot
/Users/thun/Desktop/cauliflower_training/cali/Healthy/healthy_3106.jpg,Healthy
/Users/thun/Desktop/cauliflower_training/cali/Alternaria Leaf Spot/alternaria_leaf_spot_0495.jpg,Alternaria Leaf Spot
/Users/thun/Desktop/cauliflower_training/cali/Downy Mildew/downy_mildew_1080.jpeg,Downy Mildew
/Users/thun/Desktop/cauliflower_training/cali/Healthy/healthy_2432.jpg,Healthy
/Users/thun/Desktop/cauliflower_training/cali/Alternaria Leaf Spot/alternaria_leaf_spot_1068.jpg,Alternaria Leaf Spot
/Users/thun/Desktop/cauliflower_training/cali/Bacterial Soft Rot/bacterial_soft_rot_0932.jpg,Bacterial Soft Rot
/Users/thun/Desktop/cauliflower_training/cali/Black Rot/black_rot_668.png,Black Rot
/Users/thun/Desktop/cauliflower_training/cali/Black Rot/black_rot_190.png,Black Rot
/Users/thun/Desktop/cauliflower_training/cali/Alternaria Leaf Spot/alternaria_leaf_spot_1117.jpg,Alternaria Leaf Spot
/Users/thun/Desktop/cauliflower_training/cali/Bacterial Soft Rot/bacterial_soft_rot_0308.jpg,Bacterial Soft Rot
/Users/thun/Desktop/cauliflower_training/cali/Downy Mildew/downy_mildew_0036.png,Downy Mildew
/Users/thun/Desktop/cauliflower_training/cali/Black Rot/black_rot_192.png,Black Rot
/Users/thun/Desktop/cauliflower_training/cali/Bacterial Soft Rot/bacterial_soft_rot_0290.jpg,Bacterial Soft Rot
/Users/thun/Desktop/cauliflower_training/cali/Downy Mildew/downy_mildew_0205.png,Downy Mildew
/Users/thun/Desktop/cauliflower_training/cali/Downy Mildew/downy_mildew_1110.jpeg,Downy Mildew
/Users/thun/Desktop/cauliflower_training/cali/Healthy/healthy_2263.jpg,Healthy
/Users/thun/Desktop/cauliflower_training/cali/Black Rot/black_rot_682.png,Black Rot
/Users/thun/Desktop/cauliflower_training/cali/Healthy/healthy_1168.jpeg,Healthy
/Users/thun/Desktop/cauliflower_training/cali/Healthy/healthy_0793.jpeg,Healthy
/Users/thun/Desktop/cauliflower_training/cali/Healthy/healthy_2099.jpg,Healthy
/Users/thun/Desktop/cauliflower_training/cali/Healthy/healthy_1768.jpg,Healthy
/Users/thun/Desktop/cauliflower_training/cali/Healthy/healthy_0843.jpeg,Healthy
/Users/thun/Desktop/cauliflower_training/cali/Black Rot/black_rot_600.png,Black Rot
/Users/thun/Desktop/cauliflower_training/cali/Healthy/healthy_1720.jpg,Healthy
/Users/thun/Desktop/cauliflower_training/cali/Downy Mildew/downy_mildew_0988.jpeg,Downy Mildew
/Users/thun/Desktop/cauliflower_training/cali/Healthy/healthy_2901.jpg,Healthy
/Users/thun/Desktop/cauliflower_training/cali/Bacterial Soft Rot/bacterial_soft_rot_0639.jpg,Bacterial Soft Rot
/Users/thun/Desktop/cauliflower_training/cali/Black Rot/black_rot_142.png,Black Rot
/Users/thun/Desktop/cauliflower_training/cali/Healthy/healthy_0031.png,Healthy
/Users/thun/Desktop/cauliflower_training/cali/Downy Mildew/downy_mildew_0640.png,Downy Mildew
/Users/thun/Desktop/cauliflower_training/cali/Healthy/healthy_1429.jpg,Healthy
/Users/thun/Desktop/cauliflower_training/cali/Downy Mildew/downy_mildew_0827.jpg,Downy Mildew
/Users/thun/Desktop/cauliflower_training/cali/Bacterial Soft Rot/bacterial_soft_rot_0339.jpg,Bacterial Soft Rot
/Users/thun/Desktop/cauliflower_training/cali/Bacterial Soft Rot/bacterial_soft_rot_1061.jpg,Bacterial Soft Rot
/Users/thun/Desktop/cauliflower_training/cali/Healthy/healthy_1083.png,Healthy
/Users/thun/Desktop/cauliflower_training/cali/Alternaria Leaf Spot/alternaria_leaf_spot_0054.jpeg,Alternaria Leaf Spot
/Users/thun/Desktop/cauliflower_training/cali/Healthy/healthy_1408.jpg,Healthy
/Users/thun/Desktop/cauliflower_training/cali/Alternaria Leaf Spot/alternaria_leaf_spot_0035.jpeg,Alternaria Leaf Spot
/Users/thun/Desktop/cauliflower_training/cali/Healthy/healthy_1658.jpg,Healthy
/Users/thun/Desktop/cauliflower_training/cali/Downy Mildew/downy_mildew_1064.jpeg,Downy Mildew
/Users/thun/Desktop/cauliflower_training/cali/Healthy/healthy_2027.jpg,Healthy
/Users/thun/Desktop/cauliflower_training/cali/Healthy/healthy_2622.jpg,Healthy
/Users/thun/Desktop/cauliflower_training/cali/Downy Mildew/downy_mildew_0820.jpg,Downy Mildew
/Users/thun/Desktop/cauliflower_training/cali/Healthy/healthy_0729.jpg,Healthy
/Users/thun/Desktop/cauliflower_training/cali/Alternaria Leaf Spot/alternaria_leaf_spot_0282.jpeg,Alternaria Leaf Spot
/Users/thun/Desktop/cauliflower_training/cali/Bacterial Soft Rot/bacterial_soft_rot_1232.jpg,Bacterial Soft Rot
/Users/thun/Desktop/cauliflower_training/cali/Healthy/healthy_2934.jpg,Healthy
/Users/thun/Desktop/cauliflower_training/cali/Healthy/healthy_0049.png,Healthy
/Users/thun/Desktop/cauliflower_training/cali/Alternaria Leaf Spot/alternaria_leaf_spot_0772.jpg,Alternaria Leaf Spot
/Users/thun/Desktop/cauliflower_training/cali/Downy Mildew/downy_mildew_0514.png,Downy Mildew
/Users/thun/Desktop/cauliflower_training/cali/Bacterial Soft Rot/bacterial_soft_rot_1230.jpg,Bacterial Soft Rot
/Users/thun/Desktop/cauliflower_training/cali/Healthy/healthy_0110.png,Healthy
/Users/thun/Desktop/cauliflower_training/cali/Alternaria Leaf Spot/alternaria_leaf_spot_0402.jpg,Alternaria Leaf Spot
/Users/thun/Desktop/cauliflower_training/cali/Healthy/healthy_1282.jpg,Healthy
/Users/thun/Desktop/cauliflower_training/cali/Downy Mildew/downy_mildew_1121.jpeg,Downy Mildew
/Users/thun/Desktop/cauliflower_training/cali/Healthy/healthy_2162.jpg,Healthy
/Users/thun/Desktop/cauliflower_training/cali/Healthy/healthy_2603.jpg,Healthy
/Users/thun/Desktop/cauliflower_training/cali/Downy Mildew/downy_mildew_0968.jpeg,Downy Mildew
/Users/thun/Desktop/cauliflower_training/cali/Healthy/healthy_0869.jpeg,Healthy
/Users/thun/Desktop/cauliflower_training/cali/Healthy/healthy_2010.jpg,Healthy
/Users/thun/Desktop/cauliflower_training/cali/Bacterial Soft Rot/bacterial_soft_rot_0027.jpg,Bacterial Soft Rot
/Users/thun/Desktop/cauliflower_training/cali/Healthy/healthy_0329.png,Healthy
/Users/thun/Desktop/cauliflower_training/cali/Healthy/healthy_0039.png,Healthy
/Users/thun/Desktop/cauliflower_training/cali/Alternaria Leaf Spot/alternaria_leaf_spot_0001.jpeg,Alternaria Leaf Spot
/Users/thun/Desktop/cauliflower_training/cali/Alternaria Leaf Spot/alternaria_leaf_spot_0640.jpg,Alternaria Leaf Spot
/Users/thun/Desktop/cauliflower_training/cali/Healthy/healthy_2041.jpg,Healthy
/Users/thun/Desktop/cauliflower_training/cali/Downy Mildew/downy_mildew_0466.png,Downy Mildew
/Users/thun/Desktop/cauliflower_training/cali/Alternaria Leaf Spot/alternaria_leaf_spot_0320.jpg,Alternaria Leaf Spot
/Users/thun/Desktop/cauliflower_training/cali/Healthy/healthy_0478.png,Healthy
/Users/thun/Desktop/cauliflower_training/cali/Downy Mildew/downy_mildew_0240.png,Downy Mildew
/Users/thun/Desktop/cauliflower_training/cali/Healthy/healthy_2434.jpg,Healthy
/Users/thun/Desktop/cauliflower_training/cali/Healthy/healthy_2159.jpg,Healthy
/Users/thun/Desktop/cauliflower_training/cali/Alternaria Leaf Spot/alternaria_leaf_spot_0755.jpg,Alternaria Leaf Spot
/Users/thun/Desktop/cauliflower_training/cali/Alternaria Leaf Spot/alternaria_leaf_spot_1022.jpg,Alternaria Leaf Spot
/Users/thun/Desktop/cauliflower_training/cali/Black Rot/black_rot_440.png,Black Rot
/Users/thun/Desktop/cauliflower_training/cali/Bacterial Soft Rot/bacterial_soft_rot_1306.jpg,Bacterial Soft Rot
/Users/thun/Desktop/cauliflower_training/cali/Downy Mildew/downy_mildew_1010.jpeg,Downy Mildew
/Users/thun/Desktop/cauliflower_training/cali/Alternaria Leaf Spot/alternaria_leaf_spot_0936.jpg,Alternaria Leaf Spot
/Users/thun/Desktop/cauliflower_training/cali/Healthy/healthy_0474.png,Healthy
/Users/thun/Desktop/cauliflower_training/cali/Healthy/healthy_0409.png,Healthy
/Users/thun/Desktop/cauliflower_training/cali/Healthy/healthy_1644.jpg,Healthy
/Users/thun/Desktop/cauliflower_training/cali/Bacterial Soft Rot/bacterial_soft_rot_0703.jpg,Bacterial Soft Rot
/Users/thun/Desktop/cauliflower_training/cali/Alternaria Leaf Spot/alternaria_leaf_spot_0247.jpeg,Alternaria Leaf Spot
/Users/thun/Desktop/cauliflower_training/cali/Healthy/healthy_0022.png,Healthy
/Users/thun/Desktop/cauliflower_training/cali/Healthy/healthy_1766.jpg,Healthy
/Users/thun/Desktop/cauliflower_training/cali/Healthy/healthy_1406.png,Healthy
/Users/thun/Desktop/cauliflower_training/cali/Downy Mildew/downy_mildew_1223.jpg,Downy Mildew
/Users/thun/Desktop/cauliflower_training/cali/Black Rot/black_rot_383.png,Black Rot
/Users/thun/Desktop/cauliflower_training/cali/Alternaria Leaf Spot/alternaria_leaf_spot_0425.jpg,Alternaria Leaf Spot
/Users/thun/Desktop/cauliflower_training/cali/Healthy/healthy_1515.jpeg,Healthy
/Users/thun/Desktop/cauliflower_training/cali/Alternaria Leaf Spot/alternaria_leaf_spot_1476.jpg,Alternaria Leaf Spot
/Users/thun/Desktop/cauliflower_training/cali/Healthy/healthy_0897.jpg,Healthy
/Users/thun/Desktop/cauliflower_training/cali/Black Rot/black_rot_025.png,Black Rot
/Users/thun/Desktop/cauliflower_training/cali/Alternaria Leaf Spot/alternaria_leaf_spot_1412.jpg,Alternaria Leaf Spot
/Users/thun/Desktop/cauliflower_training/cali/Healthy/healthy_3008.jpg,Healthy
/Users/thun/Desktop/cauliflower_training/cali/Healthy/healthy_0436.png,Healthy
/Users/thun/Desktop/cauliflower_training/cali/Healthy/healthy_0647.png,Healthy
/Users/thun/Desktop/cauliflower_training/cali/Black Rot/black_rot_722.jpg,Black Rot
/Users/thun/Desktop/cauliflower_training/cali/Bacterial Soft Rot/bacterial_soft_rot_1150.jpg,Bacterial Soft Rot
/Users/thun/Desktop/cauliflower_training/cali/Alternaria Leaf Spot/alternaria_leaf_spot_0159.jpeg,Alternaria Leaf Spot
/Users/thun/Desktop/cauliflower_training/cali/Bacterial Soft Rot/bacterial_soft_rot_0523.jpg,Bacterial Soft Rot
/Users/thun/Desktop/cauliflower_training/cali/Healthy/healthy_0296.png,Healthy
/Users/thun/Desktop/cauliflower_training/cali/Bacterial Soft Rot/bacterial_soft_rot_0144.jpeg,Bacterial Soft Rot
/Users/thun/Desktop/cauliflower_training/cali/Downy Mildew/downy_mildew_0486.png,Downy Mildew
/Users/thun/Desktop/cauliflower_training/cali/Downy Mildew/downy_mildew_0388.png,Downy Mildew
/Users/thun/Desktop/cauliflower_training/cali/Healthy/healthy_1986.jpg,Healthy
/Users/thun/Desktop/cauliflower_training/cali/Downy Mildew/downy_mildew_0977.jpg,Downy Mildew
/Users/thun/Desktop/cauliflower_training/cali/Healthy/healthy_0431.png,Healthy
/Users/thun/Desktop/cauliflower_training/cali/Black Rot/black_rot_520.png,Black Rot
/Users/thun/Desktop/cauliflower_training/cali/Healthy/healthy_0855.jpeg,Healthy
/Users/thun/Desktop/cauliflower_training/cali/Healthy/healthy_1726.jpg,Healthy
/Users/thun/Desktop/cauliflower_training/cali/Black Rot/black_rot_678.png,Black Rot
/Users/thun/Desktop/cauliflower_training/cali/Alternaria Leaf Spot/alternaria_leaf_spot_0080.jpeg,Alternaria Leaf Spot
/Users/thun/Desktop/cauliflower_training/cali/Alternaria Leaf Spot/alternaria_leaf_spot_0720.jpg,Alternaria Leaf Spot
/Users/thun/Desktop/cauliflower_training/cali/Bacterial Soft Rot/bacterial_soft_rot_1368.jpg,Bacterial Soft Rot
/Users/thun/Desktop/cauliflower_training/cali/Downy Mildew/downy_mildew_0073.png,Downy Mildew
/Users/thun/Desktop/cauliflower_training/cali/Healthy/healthy_1556.png,Healthy
/Users/thun/Desktop/cauliflower_training/cali/Healthy/healthy_1375.jpg,Healthy
/Users/thun/Desktop/cauliflower_training/cali/Healthy/healthy_0408.png,Healthy
/Users/thun/Desktop/cauliflower_training/cali/Healthy/healthy_2654.jpg,Healthy
/Users/thun/Desktop/cauliflower_training/cali/Alternaria Leaf Spot/alternaria_leaf_spot_0997.jpg,Alternaria Leaf Spot
/Users/thun/Desktop/cauliflower_training/cali/Alternaria Leaf Spot/alternaria_leaf_spot_0732.jpg,Alternaria Leaf Spot
/Users/thun/Desktop/cauliflower_training/cali/Alternaria Leaf Spot/alternaria_leaf_spot_0771.jpg,Alternaria Leaf Spot
/Users/thun/Desktop/cauliflower_training/cali/Alternaria Leaf Spot/alternaria_leaf_spot_0123.jpeg,Alternaria Leaf Spot
/Users/thun/Desktop/cauliflower_training/cali/Healthy/healthy_1224.jpg,Healthy
/Users/thun/Desktop/cauliflower_training/cali/Healthy/healthy_0727.jpeg,Healthy
/Users/thun/Desktop/cauliflower_training/cali/Alternaria Leaf Spot/alternaria_leaf_spot_0412.jpg,Alternaria Leaf Spot
/Users/thun/Desktop/cauliflower_training/cali/Healthy/healthy_0623.png,Healthy
/Users/thun/Desktop/cauliflower_training/cali/Downy Mildew/downy_mildew_0018.png,Downy Mildew
/Users/thun/Desktop/cauliflower_training/cali/Bacterial Soft Rot/bacterial_soft_rot_0016.jpg,Bacterial Soft Rot
/Users/thun/Desktop/cauliflower_training/cali/Downy Mildew/downy_mildew_0433.png,Downy Mildew
/Users/thun/Desktop/cauliflower_training/cali/Black Rot/black_rot_514.png,Black Rot
/Users/thun/Desktop/cauliflower_training/cali/Bacterial Soft Rot/bacterial_soft_rot_0811.jpg,Bacterial Soft Rot
/Users/thun/Desktop/cauliflower_training/cali/Alternaria Leaf Spot/alternaria_leaf_spot_0644.jpg,Alternaria Leaf Spot
/Users/thun/Desktop/cauliflower_training/cali/Bacterial Soft Rot/bacterial_soft_rot_1036.jpg,Bacterial Soft Rot
/Users/thun/Desktop/cauliflower_training/cali/Alternaria Leaf Spot/alternaria_leaf_spot_0441.jpg,Alternaria Leaf Spot
/Users/thun/Desktop/cauliflower_training/cali/Bacterial Soft Rot/bacterial_soft_rot_0541.jpg,Bacterial Soft Rot
/Users/thun/Desktop/cauliflower_training/cali/Bacterial Soft Rot/bacterial_soft_rot_0632.jpg,Bacterial Soft Rot
/Users/thun/Desktop/cauliflower_training/cali/Downy Mildew/downy_mildew_0945.jpg,Downy Mildew
/Users/thun/Desktop/cauliflower_training/cali/Downy Mildew/downy_mildew_0840.jpg,Downy Mildew
/Users/thun/Desktop/cauliflower_training/cali/Alternaria Leaf Spot/alternaria_leaf_spot_0785.jpg,Alternaria Leaf Spot
/Users/thun/Desktop/cauliflower_training/cali/Black Rot/black_rot_490.png,Black Rot
/Users/thun/Desktop/cauliflower_training/cali/Healthy/healthy_1125.jpg,Healthy
/Users/thun/Desktop/cauliflower_training/cali/Healthy/healthy_2515.jpg,Healthy
/Users/thun/Desktop/cauliflower_training/cali/Bacterial Soft Rot/bacterial_soft_rot_0064.jpeg,Bacterial Soft Rot
/Users/thun/Desktop/cauliflower_training/cali/Healthy/healthy_2933.jpg,Healthy
/Users/thun/Desktop/cauliflower_training/cali/Healthy/healthy_0422.png,Healthy
/Users/thun/Desktop/cauliflower_training/cali/Healthy/healthy_1051.png,Healthy
/Users/thun/Desktop/cauliflower_training/cali/Alternaria Leaf Spot/alternaria_leaf_spot_0651.jpg,Alternaria Leaf Spot
/Users/thun/Desktop/cauliflower_training/cali/Alternaria Leaf Spot/alternaria_leaf_spot_0698.jpg,Alternaria Leaf Spot
/Users/thun/Desktop/cauliflower_training/cali/Healthy/healthy_2542.jpg,Healthy
/Users/thun/Desktop/cauliflower_training/cali/Healthy/healthy_0021.png,Healthy
/Users/thun/Desktop/cauliflower_training/cali/Alternaria Leaf Spot/alternaria_leaf_spot_1064.jpg,Alternaria Leaf Spot
/Users/thun/Desktop/cauliflower_training/cali/Healthy/healthy_2937.jpg,Healthy
/Users/thun/Desktop/cauliflower_training/cali/Bacterial Soft Rot/bacterial_soft_rot_0567.jpg,Bacterial Soft Rot
/Users/thun/Desktop/cauliflower_training/cali/Downy Mildew/downy_mildew_1138.jpeg,Downy Mildew
/Users/thun/Desktop/cauliflower_training/cali/Healthy/healthy_1248.jpg,Healthy
/Users/thun/Desktop/cauliflower_training/cali/Healthy/healthy_0297.png,Healthy
/Users/thun/Desktop/cauliflower_training/cali/Black Rot/black_rot_726.jpg,Black Rot
/Users/thun/Desktop/cauliflower_training/cali/Healthy/healthy_3030.jpg,Healthy
/Users/thun/Desktop/cauliflower_training/cali/Alternaria Leaf Spot/alternaria_leaf_spot_1301.jpg,Alternaria Leaf Spot
/Users/thun/Desktop/cauliflower_training/cali/Alternaria Leaf Spot/alternaria_leaf_spot_1242.jpg,Alternaria Leaf Spot
/Users/thun/Desktop/cauliflower_training/cali/Alternaria Leaf Spot/alternaria_leaf_spot_1367.jpg,Alternaria Leaf Spot
/Users/thun/Desktop/cauliflower_training/cali/Black Rot/black_rot_455.png,Black Rot
/Users/thun/Desktop/cauliflower_training/cali/Healthy/healthy_1330.jpeg,Healthy
/Users/thun/Desktop/cauliflower_training/cali/Bacterial Soft Rot/bacterial_soft_rot_0606.jpg,Bacterial Soft Rot
/Users/thun/Desktop/cauliflower_training/cali/Healthy/healthy_2565.jpg,Healthy
/Users/thun/Desktop/cauliflower_training/cali/Black Rot/black_rot_642.png,Black Rot
/Users/thun/Desktop/cauliflower_training/cali/Healthy/healthy_1886.jpg,Healthy
/Users/thun/Desktop/cauliflower_training/cali/Bacterial Soft Rot/bacterial_soft_rot_1206.jpg,Bacterial Soft Rot
/Users/thun/Desktop/cauliflower_training/cali/Alternaria Leaf Spot/alternaria_leaf_spot_1025.jpg,Alternaria Leaf Spot
/Users/thun/Desktop/cauliflower_training/cali/Downy Mildew/downy_mildew_1153.jpg,Downy Mildew
/Users/thun/Desktop/cauliflower_training/cali/Healthy/healthy_0270.png,Healthy
/Users/thun/Desktop/cauliflower_training/cali/Bacterial Soft Rot/bacterial_soft_rot_0754.jpg,Bacterial Soft Rot
/Users/thun/Desktop/cauliflower_training/cali/Healthy/healthy_1676.jpg,Healthy
/Users/thun/Desktop/cauliflower_training/cali/Alternaria Leaf Spot/alternaria_leaf_spot_1128.jpg,Alternaria Leaf Spot
/Users/thun/Desktop/cauliflower_training/cali/Healthy/healthy_0336.png,Healthy
/Users/thun/Desktop/cauliflower_training/cali/Alternaria Leaf Spot/alternaria_leaf_spot_1169.jpg,Alternaria Leaf Spot
/Users/thun/Desktop/cauliflower_training/cali/Bacterial Soft Rot/bacterial_soft_rot_1215.jpg,Bacterial Soft Rot
/Users/thun/Desktop/cauliflower_training/cali/Healthy/healthy_0116.png,Healthy
/Users/thun/Desktop/cauliflower_training/cali/Downy Mildew/downy_mildew_0089.png,Downy Mildew
/Users/thun/Desktop/cauliflower_training/cali/Bacterial Soft Rot/bacterial_soft_rot_1105.jpg,Bacterial Soft Rot
/Users/thun/Desktop/cauliflower_training/cali/Healthy/healthy_2386.jpg,Healthy
/Users/thun/Desktop/cauliflower_training/cali/Downy Mildew/downy_mildew_0333.png,Downy Mildew
/Users/thun/Desktop/cauliflower_training/cali/Alternaria Leaf Spot/alternaria_leaf_spot_1271.jpg,Alternaria Leaf Spot
/Users/thun/Desktop/cauliflower_training/cali/Alternaria Leaf Spot/alternaria_leaf_spot_1260.jpg,Alternaria Leaf Spot
/Users/thun/Desktop/cauliflower_training/cali/Healthy/healthy_1987.jpg,Healthy
/Users/thun/Desktop/cauliflower_training/cali/Alternaria Leaf Spot/alternaria_leaf_spot_1093.jpg,Alternaria Leaf Spot
/Users/thun/Desktop/cauliflower_training/cali/Downy Mildew/downy_mildew_0761.jpg,Downy Mildew
/Users/thun/Desktop/cauliflower_training/cali/Healthy/healthy_1511.png,Healthy
/Users/thun/Desktop/cauliflower_training/cali/Healthy/healthy_1759.jpg,Healthy
/Users/thun/Desktop/cauliflower_training/cali/Black Rot/black_rot_327.png,Black Rot
/Users/thun/Desktop/cauliflower_training/cali/Downy Mildew/downy_mildew_0358.png,Downy Mildew
/Users/thun/Desktop/cauliflower_training/cali/Healthy/healthy_1618.jpg,Healthy
/Users/thun/Desktop/cauliflower_training/cali/Bacterial Soft Rot/bacterial_soft_rot_0448.jpg,Bacterial Soft Rot
/Users/thun/Desktop/cauliflower_training/cali/Healthy/healthy_2076.jpg,Healthy
/Users/thun/Desktop/cauliflower_training/cali/Black Rot/black_rot_737.jpeg,Black Rot
/Users/thun/Desktop/cauliflower_training/cali/Healthy/healthy_3018.jpg,Healthy
/Users/thun/Desktop/cauliflower_training/cali/Alternaria Leaf Spot/alternaria_leaf_spot_1349.jpg,Alternaria Leaf Spot
/Users/thun/Desktop/cauliflower_training/cali/Healthy/healthy_0949.jpeg,Healthy
/Users/thun/Desktop/cauliflower_training/cali/Black Rot/black_rot_606.png,Black Rot
/Users/thun/Desktop/cauliflower_training/cali/Bacterial Soft Rot/bacterial_soft_rot_0549.jpg,Bacterial Soft Rot
/Users/thun/Desktop/cauliflower_training/cali/Bacterial Soft Rot/bacterial_soft_rot_0480.jpg,Bacterial Soft Rot
/Users/thun/Desktop/cauliflower_training/cali/Healthy/healthy_1928.jpg,Healthy
/Users/thun/Desktop/cauliflower_training/cali/Healthy/healthy_0845.jpeg,Healthy
/Users/thun/Desktop/cauliflower_training/cali/Healthy/healthy_2440.jpg,Healthy
/Users/thun/Desktop/cauliflower_training/cali/Healthy/healthy_1175.jpg,Healthy
/Users/thun/Desktop/cauliflower_training/cali/Healthy/healthy_0440.png,Healthy
/Users/thun/Desktop/cauliflower_training/cali/Healthy/healthy_2255.jpg,Healthy
/Users/thun/Desktop/cauliflower_training/cali/Downy Mildew/downy_mildew_0693.png,Downy Mildew
/Users/thun/Desktop/cauliflower_training/cali/Healthy/healthy_0507.png,Healthy
/Users/thun/Desktop/cauliflower_training/cali/Black Rot/black_rot_265.png,Black Rot
/Users/thun/Desktop/cauliflower_training/cali/Bacterial Soft Rot/bacterial_soft_rot_1283.jpg,Bacterial Soft Rot
/Users/thun/Desktop/cauliflower_training/cali/Alternaria Leaf Spot/alternaria_leaf_spot_1382.jpg,Alternaria Leaf Spot
/Users/thun/Desktop/cauliflower_training/cali/Healthy/healthy_1871.jpg,Healthy
/Users/thun/Desktop/cauliflower_training/cali/Alternaria Leaf Spot/alternaria_leaf_spot_0923.jpg,Alternaria Leaf Spot
/Users/thun/Desktop/cauliflower_training/cali/Alternaria Leaf Spot/alternaria_leaf_spot_0234.jpeg,Alternaria Leaf Spot
/Users/thun/Desktop/cauliflower_training/cali/Downy Mildew/downy_mildew_0278.png,Downy Mildew
/Users/thun/Desktop/cauliflower_training/cali/Alternaria Leaf Spot/alternaria_leaf_spot_0582.jpg,Alternaria Leaf Spot
/Users/thun/Desktop/cauliflower_training/cali/Healthy/healthy_0705.jpg,Healthy
/Users/thun/Desktop/cauliflower_training/cali/Alternaria Leaf Spot/alternaria_leaf_spot_1158.jpg,Alternaria Leaf Spot
/Users/thun/Desktop/cauliflower_training/cali/Alternaria Leaf Spot/alternaria_leaf_spot_0764.jpg,Alternaria Leaf Spot
/Users/thun/Desktop/cauliflower_training/cali/Healthy/healthy_0999.jpeg,Healthy
/Users/thun/Desktop/cauliflower_training/cali/Alternaria Leaf Spot/alternaria_leaf_spot_1061.jpg,Alternaria Leaf Spot
/Users/thun/Desktop/cauliflower_training/cali/Black Rot/black_rot_423.png,Black Rot
/Users/thun/Desktop/cauliflower_training/cali/Bacterial Soft Rot/bacterial_soft_rot_1244.jpg,Bacterial Soft Rot
/Users/thun/Desktop/cauliflower_training/cali/Healthy/healthy_0427.png,Healthy
/Users/thun/Desktop/cauliflower_training/cali/Alternaria Leaf Spot/alternaria_leaf_spot_1055.jpg,Alternaria Leaf Spot
/Users/thun/Desktop/cauliflower_training/cali/Alternaria Leaf Spot/alternaria_leaf_spot_0177.jpeg,Alternaria Leaf Spot
/Users/thun/Desktop/cauliflower_training/cali/Downy Mildew/downy_mildew_0120.png,Downy Mildew
/Users/thun/Desktop/cauliflower_training/cali/Black Rot/black_rot_056.png,Black Rot
/Users/thun/Desktop/cauliflower_training/cali/Healthy/healthy_3057.jpg,Healthy
/Users/thun/Desktop/cauliflower_training/cali/Bacterial Soft Rot/bacterial_soft_rot_0960.jpg,Bacterial Soft Rot
/Users/thun/Desktop/cauliflower_training/cali/Healthy/healthy_0347.png,Healthy
/Users/thun/Desktop/cauliflower_training/cali/Black Rot/black_rot_533.png,Black Rot
/Users/thun/Desktop/cauliflower_training/cali/Bacterial Soft Rot/bacterial_soft_rot_0951.jpg,Bacterial Soft Rot
/Users/thun/Desktop/cauliflower_training/cali/Healthy/healthy_1141.jpg,Healthy
/Users/thun/Desktop/cauliflower_training/cali/Black Rot/black_rot_380.png,Black Rot
/Users/thun/Desktop/cauliflower_training/cali/Alternaria Leaf Spot/alternaria_leaf_spot_0562.jpg,Alternaria Leaf Spot
/Users/thun/Desktop/cauliflower_training/cali/Bacterial Soft Rot/bacterial_soft_rot_1179.jpg,Bacterial Soft Rot
/Users/thun/Desktop/cauliflower_training/cali/Healthy/healthy_2147.jpg,Healthy
/Users/thun/Desktop/cauliflower_training/cali/Alternaria Leaf Spot/alternaria_leaf_spot_0870.jpg,Alternaria Leaf Spot
/Users/thun/Desktop/cauliflower_training/cali/Healthy/healthy_0555.png,Healthy
/Users/thun/Desktop/cauliflower_training/cali/Alternaria Leaf Spot/alternaria_leaf_spot_0635.jpg,Alternaria Leaf Spot
/Users/thun/Desktop/cauliflower_training/cali/Bacterial Soft Rot/bacterial_soft_rot_0527.jpg,Bacterial Soft Rot
/Users/thun/Desktop/cauliflower_training/cali/Healthy/healthy_3027.jpg,Healthy
/Users/thun/Desktop/cauliflower_training/cali/Downy Mildew/downy_mildew_0515.png,Downy Mildew
/Users/thun/Desktop/cauliflower_training/cali/Healthy/healthy_0212.png,Healthy
/Users/thun/Desktop/cauliflower_training/cali/Healthy/healthy_0484.png,Healthy
/Users/thun/Desktop/cauliflower_training/cali/Healthy/healthy_0880.jpeg,Healthy
/Users/thun/Desktop/cauliflower_training/cali/Healthy/healthy_2573.jpg,Healthy
/Users/thun/Desktop/cauliflower_training/cali/Black Rot/black_rot_444.png,Black Rot
/Users/thun/Desktop/cauliflower_training/cali/Downy Mildew/downy_mildew_0420.png,Downy Mildew
/Users/thun/Desktop/cauliflower_training/cali/Healthy/healthy_1201.jpg,Healthy
/Users/thun/Desktop/cauliflower_training/cali/Healthy/healthy_0619.png,Healthy
/Users/thun/Desktop/cauliflower_training/cali/Black Rot/black_rot_417.png,Black Rot
/Users/thun/Desktop/cauliflower_training/cali/Healthy/healthy_2093.jpg,Healthy
/Users/thun/Desktop/cauliflower_training/cali/Bacterial Soft Rot/bacterial_soft_rot_0067.jpeg,Bacterial Soft Rot
/Users/thun/Desktop/cauliflower_training/cali/Downy Mildew/downy_mildew_0181.png,Downy Mildew
/Users/thun/Desktop/cauliflower_training/cali/Bacterial Soft Rot/bacterial_soft_rot_1266.jpg,Bacterial Soft Rot
/Users/thun/Desktop/cauliflower_training/cali/Black Rot/black_rot_776.jpeg,Black Rot
/Users/thun/Desktop/cauliflower_training/cali/Alternaria Leaf Spot/alternaria_leaf_spot_1219.jpg,Alternaria Leaf Spot
/Users/thun/Desktop/cauliflower_training/cali/Downy Mildew/downy_mildew_0456.png,Downy Mildew
/Users/thun/Desktop/cauliflower_training/cali/Downy Mildew/downy_mildew_1114.jpeg,Downy Mildew
/Users/thun/Desktop/cauliflower_training/cali/Alternaria Leaf Spot/alternaria_leaf_spot_1306.jpg,Alternaria Leaf Spot
/Users/thun/Desktop/cauliflower_training/cali/Bacterial Soft Rot/bacterial_soft_rot_0952.jpg,Bacterial Soft Rot
/Users/thun/Desktop/cauliflower_training/cali/Alternaria Leaf Spot/alternaria_leaf_spot_0069.jpeg,Alternaria Leaf Spot
/Users/thun/Desktop/cauliflower_training/cali/Healthy/healthy_1180.jpg,Healthy
/Users/thun/Desktop/cauliflower_training/cali/Alternaria Leaf Spot/alternaria_leaf_spot_0550.jpg,Alternaria Leaf Spot
/Users/thun/Desktop/cauliflower_training/cali/Healthy/healthy_0012.png,Healthy
/Users/thun/Desktop/cauliflower_training/cali/Healthy/healthy_2581.jpg,Healthy
/Users/thun/Desktop/cauliflower_training/cali/Alternaria Leaf Spot/alternaria_leaf_spot_0664.jpg,Alternaria Leaf Spot
/Users/thun/Desktop/cauliflower_training/cali/Healthy/healthy_0410.png,Healthy
/Users/thun/Desktop/cauliflower_training/cali/Bacterial Soft Rot/bacterial_soft_rot_0054.jpeg,Bacterial Soft Rot
/Users/thun/Desktop/cauliflower_training/cali/Healthy/healthy_1649.jpg,Healthy
/Users/thun/Desktop/cauliflower_training/cali/Bacterial Soft Rot/bacterial_soft_rot_0304.jpg,Bacterial Soft Rot
/Users/thun/Desktop/cauliflower_training/cali/Healthy/healthy_0636.png,Healthy
/Users/thun/Desktop/cauliflower_training/cali/Bacterial Soft Rot/bacterial_soft_rot_0362.jpg,Bacterial Soft Rot
/Users/thun/Desktop/cauliflower_training/cali/Alternaria Leaf Spot/alternaria_leaf_spot_0279.jpeg,Alternaria Leaf Spot
/Users/thun/Desktop/cauliflower_training/cali/Bacterial Soft Rot/bacterial_soft_rot_0089.jpeg,Bacterial Soft Rot
/Users/thun/Desktop/cauliflower_training/cali/Healthy/healthy_2512.jpg,Healthy
/Users/thun/Desktop/cauliflower_training/cali/Black Rot/black_rot_272.png,Black Rot
/Users/thun/Desktop/cauliflower_training/cali/Alternaria Leaf Spot/alternaria_leaf_spot_1031.jpg,Alternaria Leaf Spot
/Users/thun/Desktop/cauliflower_training/cali/Healthy/healthy_1228.jpg,Healthy
/Users/thun/Desktop/cauliflower_training/cali/Alternaria Leaf Spot/alternaria_leaf_spot_0155.jpeg,Alternaria Leaf Spot
/Users/thun/Desktop/cauliflower_training/cali/Black Rot/black_rot_473.png,Black Rot
/Users/thun/Desktop/cauliflower_training/cali/Alternaria Leaf Spot/alternaria_leaf_spot_0650.jpg,Alternaria Leaf Spot
/Users/thun/Desktop/cauliflower_training/cali/Healthy/healthy_1698.jpg,Healthy
/Users/thun/Desktop/cauliflower_training/cali/Healthy/healthy_2840.jpg,Healthy
/Users/thun/Desktop/cauliflower_training/cali/Bacterial Soft Rot/bacterial_soft_rot_0485.jpg,Bacterial Soft Rot
/Users/thun/Desktop/cauliflower_training/cali/Healthy/healthy_1685.jpg,Healthy
/Users/thun/Desktop/cauliflower_training/cali/Alternaria Leaf Spot/alternaria_leaf_spot_0036.jpeg,Alternaria Leaf Spot
/Users/thun/Desktop/cauliflower_training/cali/Healthy/healthy_2085.jpg,Healthy
/Users/thun/Desktop/cauliflower_training/cali/Bacterial Soft Rot/bacterial_soft_rot_1069.jpg,Bacterial Soft Rot
/Users/thun/Desktop/cauliflower_training/cali/Downy Mildew/downy_mildew_0904.jpeg,Downy Mildew
/Users/thun/Desktop/cauliflower_training/cali/Bacterial Soft Rot/bacterial_soft_rot_0018.jpg,Bacterial Soft Rot
/Users/thun/Desktop/cauliflower_training/cali/Bacterial Soft Rot/bacterial_soft_rot_0551.jpg,Bacterial Soft Rot
/Users/thun/Desktop/cauliflower_training/cali/Bacterial Soft Rot/bacterial_soft_rot_0447.jpg,Bacterial Soft Rot
/Users/thun/Desktop/cauliflower_training/cali/Bacterial Soft Rot/bacterial_soft_rot_0991.jpg,Bacterial Soft Rot
/Users/thun/Desktop/cauliflower_training/cali/Bacterial Soft Rot/bacterial_soft_rot_0319.jpg,Bacterial Soft Rot
/Users/thun/Desktop/cauliflower_training/cali/Healthy/healthy_0397.png,Healthy
/Users/thun/Desktop/cauliflower_training/cali/Black Rot/black_rot_089.png,Black Rot
/Users/thun/Desktop/cauliflower_training/cali/Alternaria Leaf Spot/alternaria_leaf_spot_0817.jpg,Alternaria Leaf Spot
/Users/thun/Desktop/cauliflower_training/cali/Healthy/healthy_2336.jpg,Healthy
/Users/thun/Desktop/cauliflower_training/cali/Alternaria Leaf Spot/alternaria_leaf_spot_1491.jpg,Alternaria Leaf Spot
/Users/thun/Desktop/cauliflower_training/cali/Downy Mildew/downy_mildew_0438.png,Downy Mildew
/Users/thun/Desktop/cauliflower_training/cali/Bacterial Soft Rot/bacterial_soft_rot_1249.jpg,Bacterial Soft Rot
/Users/thun/Desktop/cauliflower_training/cali/Healthy/healthy_1456.jpg,Healthy
/Users/thun/Desktop/cauliflower_training/cali/Healthy/healthy_3044.jpg,Healthy
/Users/thun/Desktop/cauliflower_training/cali/Healthy/healthy_0796.jpeg,Healthy
/Users/thun/Desktop/cauliflower_training/cali/Downy Mildew/downy_mildew_0672.png,Downy Mildew
/Users/thun/Desktop/cauliflower_training/cali/Black Rot/black_rot_244.png,Black Rot
/Users/thun/Desktop/cauliflower_training/cali/Healthy/healthy_2342.jpg,Healthy
/Users/thun/Desktop/cauliflower_training/cali/Bacterial Soft Rot/bacterial_soft_rot_1228.jpg,Bacterial Soft Rot
/Users/thun/Desktop/cauliflower_training/cali/Black Rot/black_rot_239.png,Black Rot
/Users/thun/Desktop/cauliflower_training/cali/Healthy/healthy_2619.jpg,Healthy
/Users/thun/Desktop/cauliflower_training/cali/Healthy/healthy_1573.jpg,Healthy
/Users/thun/Desktop/cauliflower_training/cali/Downy Mildew/downy_mildew_0632.png,Downy Mildew
/Users/thun/Desktop/cauliflower_training/cali/Healthy/healthy_1027.jpeg,Healthy
/Users/thun/Desktop/cauliflower_training/cali/Bacterial Soft Rot/bacterial_soft_rot_0593.jpg,Bacterial Soft Rot
/Users/thun/Desktop/cauliflower_training/cali/Healthy/healthy_0255.png,Healthy
/Users/thun/Desktop/cauliflower_training/cali/Downy Mildew/downy_mildew_1213.jpg,Downy Mildew
/Users/thun/Desktop/cauliflower_training/cali/Bacterial Soft Rot/bacterial_soft_rot_0326.jpg,Bacterial Soft Rot
/Users/thun/Desktop/cauliflower_training/cali/Downy Mildew/downy_mildew_0565.png,Downy Mildew
/Users/thun/Desktop/cauliflower_training/cali/Healthy/healthy_0815.jpeg,Healthy
/Users/thun/Desktop/cauliflower_training/cali/Healthy/healthy_0068.png,Healthy
/Users/thun/Desktop/cauliflower_training/cali/Downy Mildew/downy_mildew_0547.png,Downy Mildew
/Users/thun/Desktop/cauliflower_training/cali/Alternaria Leaf Spot/alternaria_leaf_spot_1499.jpg,Alternaria Leaf Spot
/Users/thun/Desktop/cauliflower_training/cali/Healthy/healthy_0736.jpeg,Healthy
/Users/thun/Desktop/cauliflower_training/cali/Alternaria Leaf Spot/alternaria_leaf_spot_1436.jpg,Alternaria Leaf Spot
/Users/thun/Desktop/cauliflower_training/cali/Healthy/healthy_1385.jpg,Healthy
/Users/thun/Desktop/cauliflower_training/cali/Alternaria Leaf Spot/alternaria_leaf_spot_0485.jpg,Alternaria Leaf Spot
/Users/thun/Desktop/cauliflower_training/cali/Bacterial Soft Rot/bacterial_soft_rot_0162.jpeg,Bacterial Soft Rot
/Users/thun/Desktop/cauliflower_training/cali/Alternaria Leaf Spot/alternaria_leaf_spot_1010.jpg,Alternaria Leaf Spot
/Users/thun/Desktop/cauliflower_training/cali/Healthy/healthy_0694.png,Healthy
/Users/thun/Desktop/cauliflower_training/cali/Healthy/healthy_0170.png,Healthy
/Users/thun/Desktop/cauliflower_training/cali/Healthy/healthy_3014.jpg,Healthy
/Users/thun/Desktop/cauliflower_training/cali/Bacterial Soft Rot/bacterial_soft_rot_0777.jpg,Bacterial Soft Rot
/Users/thun/Desktop/cauliflower_training/cali/Healthy/healthy_0568.png,Healthy
/Users/thun/Desktop/cauliflower_training/cali/Healthy/healthy_1383.jpg,Healthy
/Users/thun/Desktop/cauliflower_training/cali/Healthy/healthy_1127.jpg,Healthy
/Users/thun/Desktop/cauliflower_training/cali/Black Rot/black_rot_573.png,Black Rot
/Users/thun/Desktop/cauliflower_training/cali/Healthy/healthy_0004.png,Healthy
/Users/thun/Desktop/cauliflower_training/cali/Healthy/healthy_1797.jpg,Healthy
/Users/thun/Desktop/cauliflower_training/cali/Healthy/healthy_1845.jpg,Healthy
/Users/thun/Desktop/cauliflower_training/cali/Healthy/healthy_0002.png,Healthy
/Users/thun/Desktop/cauliflower_training/cali/Bacterial Soft Rot/bacterial_soft_rot_0246.jpg,Bacterial Soft Rot
/Users/thun/Desktop/cauliflower_training/cali/Bacterial Soft Rot/bacterial_soft_rot_0543.jpg,Bacterial Soft Rot
/Users/thun/Desktop/cauliflower_training/cali/Downy Mildew/downy_mildew_0692.png,Downy Mildew
/Users/thun/Desktop/cauliflower_training/cali/Black Rot/black_rot_482.png,Black Rot
/Users/thun/Desktop/cauliflower_training/cali/Bacterial Soft Rot/bacterial_soft_rot_0179.jpeg,Bacterial Soft Rot
/Users/thun/Desktop/cauliflower_training/cali/Bacterial Soft Rot/bacterial_soft_rot_0139.jpeg,Bacterial Soft Rot
/Users/thun/Desktop/cauliflower_training/cali/Bacterial Soft Rot/bacterial_soft_rot_1057.jpg,Bacterial Soft Rot
/Users/thun/Desktop/cauliflower_training/cali/Healthy/healthy_1905.jpg,Healthy
/Users/thun/Desktop/cauliflower_training/cali/Bacterial Soft Rot/bacterial_soft_rot_0170.jpeg,Bacterial Soft Rot
/Users/thun/Desktop/cauliflower_training/cali/Alternaria Leaf Spot/alternaria_leaf_spot_1284.jpg,Alternaria Leaf Spot
/Users/thun/Desktop/cauliflower_training/cali/Black Rot/black_rot_528.png,Black Rot
/Users/thun/Desktop/cauliflower_training/cali/Healthy/healthy_1517.png,Healthy
/Users/thun/Desktop/cauliflower_training/cali/Downy Mildew/downy_mildew_1131.jpg,Downy Mildew
/Users/thun/Desktop/cauliflower_training/cali/Downy Mildew/downy_mildew_0356.png,Downy Mildew
/Users/thun/Desktop/cauliflower_training/cali/Healthy/healthy_0888.jpg,Healthy
/Users/thun/Desktop/cauliflower_training/cali/Downy Mildew/downy_mildew_0860.jpg,Downy Mildew
/Users/thun/Desktop/cauliflower_training/cali/Alternaria Leaf Spot/alternaria_leaf_spot_0555.jpg,Alternaria Leaf Spot
/Users/thun/Desktop/cauliflower_training/cali/Bacterial Soft Rot/bacterial_soft_rot_1026.jpg,Bacterial Soft Rot
/Users/thun/Desktop/cauliflower_training/cali/Healthy/healthy_2531.jpg,Healthy
/Users/thun/Desktop/cauliflower_training/cali/Alternaria Leaf Spot/alternaria_leaf_spot_0693.jpg,Alternaria Leaf Spot
/Users/thun/Desktop/cauliflower_training/cali/Healthy/healthy_3052.jpg,Healthy
/Users/thun/Desktop/cauliflower_training/cali/Bacterial Soft Rot/bacterial_soft_rot_1012.jpg,Bacterial Soft Rot
/Users/thun/Desktop/cauliflower_training/cali/Downy Mildew/downy_mildew_0642.png,Downy Mildew
/Users/thun/Desktop/cauliflower_training/cali/Healthy/healthy_2966.jpg,Healthy
/Users/thun/Desktop/cauliflower_training/cali/Healthy/healthy_0345.png,Healthy
/Users/thun/Desktop/cauliflower_training/cali/Healthy/healthy_2426.jpg,Healthy
/Users/thun/Desktop/cauliflower_training/cali/Black Rot/black_rot_494.png,Black Rot
/Users/thun/Desktop/cauliflower_training/cali/Healthy/healthy_1952.jpg,Healthy
/Users/thun/Desktop/cauliflower_training/cali/Healthy/healthy_0500.png,Healthy
/Users/thun/Desktop/cauliflower_training/cali/Healthy/healthy_2452.jpg,Healthy
/Users/thun/Desktop/cauliflower_training/cali/Black Rot/black_rot_231.png,Black Rot
/Users/thun/Desktop/cauliflower_training/cali/Healthy/healthy_2260.jpg,Healthy
/Users/thun/Desktop/cauliflower_training/cali/Downy Mildew/downy_mildew_1230.jpeg,Downy Mildew
/Users/thun/Desktop/cauliflower_training/cali/Downy Mildew/downy_mildew_1127.jpg,Downy Mildew
/Users/thun/Desktop/cauliflower_training/cali/Bacterial Soft Rot/bacterial_soft_rot_0855.jpg,Bacterial Soft Rot
/Users/thun/Desktop/cauliflower_training/cali/Healthy/healthy_0122.png,Healthy
/Users/thun/Desktop/cauliflower_training/cali/Alternaria Leaf Spot/alternaria_leaf_spot_0467.jpg,Alternaria Leaf Spot
/Users/thun/Desktop/cauliflower_training/cali/Healthy/healthy_2171.jpg,Healthy
/Users/thun/Desktop/cauliflower_training/cali/Black Rot/black_rot_794.jpeg,Black Rot
/Users/thun/Desktop/cauliflower_training/cali/Bacterial Soft Rot/bacterial_soft_rot_0445.jpg,Bacterial Soft Rot
/Users/thun/Desktop/cauliflower_training/cali/Healthy/healthy_2325.jpg,Healthy
/Users/thun/Desktop/cauliflower_training/cali/Bacterial Soft Rot/bacterial_soft_rot_0981.jpg,Bacterial Soft Rot
/Users/thun/Desktop/cauliflower_training/cali/Downy Mildew/downy_mildew_1248.jpeg,Downy Mildew
/Users/thun/Desktop/cauliflower_training/cali/Alternaria Leaf Spot/alternaria_leaf_spot_0792.jpg,Alternaria Leaf Spot
/Users/thun/Desktop/cauliflower_training/cali/Bacterial Soft Rot/bacterial_soft_rot_0812.jpg,Bacterial Soft Rot
/Users/thun/Desktop/cauliflower_training/cali/Black Rot/black_rot_361.png,Black Rot
/Users/thun/Desktop/cauliflower_training/cali/Alternaria Leaf Spot/alternaria_leaf_spot_1407.jpg,Alternaria Leaf Spot
/Users/thun/Desktop/cauliflower_training/cali/Healthy/healthy_1160.jpg,Healthy
/Users/thun/Desktop/cauliflower_training/cali/Black Rot/black_rot_565.png,Black Rot
/Users/thun/Desktop/cauliflower_training/cali/Bacterial Soft Rot/bacterial_soft_rot_1268.jpg,Bacterial Soft Rot
/Users/thun/Desktop/cauliflower_training/cali/Alternaria Leaf Spot/alternaria_leaf_spot_0622.jpg,Alternaria Leaf Spot
/Users/thun/Desktop/cauliflower_training/cali/Healthy/healthy_2034.jpg,Healthy
/Users/thun/Desktop/cauliflower_training/cali/Bacterial Soft Rot/bacterial_soft_rot_0279.jpg,Bacterial Soft Rot
/Users/thun/Desktop/cauliflower_training/cali/Healthy/healthy_3134.jpg,Healthy
/Users/thun/Desktop/cauliflower_training/cali/Bacterial Soft Rot/bacterial_soft_rot_1312.jpg,Bacterial Soft Rot
/Users/thun/Desktop/cauliflower_training/cali/Healthy/healthy_2060.jpg,Healthy
/Users/thun/Desktop/cauliflower_training/cali/Healthy/healthy_0686.png,Healthy
/Users/thun/Desktop/cauliflower_training/cali/Bacterial Soft Rot/bacterial_soft_rot_0129.jpeg,Bacterial Soft Rot
/Users/thun/Desktop/cauliflower_training/cali/Healthy/healthy_0924.jpg,Healthy
/Users/thun/Desktop/cauliflower_training/cali/Alternaria Leaf Spot/alternaria_leaf_spot_0927.jpg,Alternaria Leaf Spot
/Users/thun/Desktop/cauliflower_training/cali/Healthy/healthy_1261.jpg,Healthy
/Users/thun/Desktop/cauliflower_training/cali/Alternaria Leaf Spot/alternaria_leaf_spot_0258.jpeg,Alternaria Leaf Spot
/Users/thun/Desktop/cauliflower_training/cali/Healthy/healthy_2251.jpg,Healthy
/Users/thun/Desktop/cauliflower_training/cali/Downy Mildew/downy_mildew_1031.jpeg,Downy Mildew
/Users/thun/Desktop/cauliflower_training/cali/Healthy/healthy_2897.jpg,Healthy
